text,label_name,label
"Omg, there is a wallet made out of a dead squirrel on that sub! *SUBSCRIBED*",surprise,6
>it tasted horrible to use. Eating some of that right now. No regrets.,disgust,1
"Wow, never knew about [NAME] and I thought I was well-read!",surprise,6
YOU SHUT YOUR MOUTH WHEN YOU’RE TALKIN’ TO ME!,anger,0
"Hi, [NAME]! I hope you have the best day ever! -HappyFriendlyBot",joy,3
"Only when they have dirt underneath them, now that’s disgusting.",disgust,1
Makes us wonder what its going to be like for my children's generation..,surprise,6
ITS MAM!,anger,0
Hello! Happy new years my friend!,joy,3
So THIS is the Bad Place!,disgust,1
Having sex with a child in the room is often difficult and boring.,disgust,1
That was intentional as fuck. I don’t know how anyone could argue that after that insane contortionist layup over [NAME] last week.,anger,0
But that jumper looks hella cosy,joy,3
More than half the US states have them on the books. AIPAC is one hell of a cancerous institution.,neutral,4
My biggest fear is catching feelings. I got dangerously close once lol. It’s just about self control.,fear,2
I'm so delighted that my boyfriend has found this community.,joy,3
Is that a little poot at :09?,surprise,6
That was twenty years ago now though.,neutral,4
[NAME] winning a ball would be...... surprising,surprise,6
honestly surprised i havent lost power,surprise,6
I couldn’t believe my ears. she’s unbelievable.,surprise,6
so painful to watch,sadness,5
Thats pretty lewd.,disgust,1
**I can't believe she held out for a full 24 hours before flip-flopping**,surprise,6
"This shit had me howling, which I can't say happens too often. Didn't expect to see comedic gold in that sub.",anger,0
This guy should go to HELL,anger,0
This is my fiancé and I hate it,disgust,1
They killed me [NAME]. They killed me with schlock,anger,0
Very scary.,fear,2
"When it gushed out I caught myself saying ""ooof"" out loud",surprise,6
You took a HUGE risk. He paid....now be ready for payback time!,anger,0
"Welp. That sucks. I always check left and right when crossing an intersection, getting T-boned is one of my biggest fears.",fear,2
The one in WA state. For some reason Vancouver BC is really close to Vancouver WA. It's weird,disgust,1
"as a woman, I can tell ya it’s not uncommon for that to happen, haha. [NAME] make it extra sad though.",sadness,5
"Can we ban posts about him now he's a predator? It just makes me sad now, Idk about anyone else",sadness,5
But what if that's the only job I would enjoy?,joy,3
It hurts to snap out of that denial and face the truth your loved ones are dead... I guess.,sadness,5
"as a Ducks fan, this thread makes me sad...",sadness,5
[NAME] i feel personally attacked,sadness,5
I was worried about that too honestly,fear,2
"Been spamming [NAME] in gold/plat elo, nashors into lich bane then hourglass is disgusting if you play it right.",disgust,1
"I was honestly shocked when they denied an overpayment, especially since after the charges cleared it would have been a $0 balance.",surprise,6
Poor [NAME] she just broke her back,sadness,5
World politics you ARE the media,neutral,4
"I got a weird vibe when he was placed on Colliton's staff, so I'm really glad it's turned out the way it did. ",joy,3
The orange man angers me and I do not like him.,anger,0
Hate those ~~things~~ Tweets.,anger,0
I wonder why you're sitting at -2 for that comment. Very strange.,surprise,6
"Troo, troo....worse eban dan eat pizza wif aht a ferk. ",disgust,1
FWIW I had a terrible series of experiences at CFA and would never recommend anyone with anxiety go there.,fear,2
"You do you, man. ",neutral,4
"I'm sorry you had a bad experience, that's horrible. But that number saved one of my friends lives. Different for everyone",fear,2
But milk is beta food! Who wants that girly ass shit from a boob? My child will drink bone broth and the tears of broken women!!,anger,0
Shut up [NAME] we’ve had enough of experts,anger,0
This sent shivers down my spine,fear,2
"It’s all the anger, it ages her terribly ",anger,0
Or In my blood by [NAME]😅,neutral,4
"yes, please do I'm worried about her D:",fear,2
"For as long as she’s been gone, I’m terrified to think why she was kept alive that long.",fear,2
“I hate rich people” - people using website made by rich person on a device made by a rich person.,anger,0
That thigh gap not cute at all,disgust,1
Aghh bacon is actually the worst. The smell of it is soo disgusting you can smell the dirtiness,disgust,1
[NAME]! You made me the happiest girl that could eva be!,joy,3
and how does that person's notoriety make the other kids who are treated the same way feel any better?,neutral,4
That was so disgusting. VWP,disgust,1
"If they did, they wouldn't be LURKERS LURKIN'",neutral,4
"They hated him, because he told them the truth",sadness,5
This is the noise I make in my girlfriend’s ear while y’all are still scared to moan,fear,2
> so much misinformation > No hazing or violence tolerated whatsoever Lmao wut,anger,0
You are oddly defensive about a random chef. Did you come to /r/wewantplates just to insult people and build up this chef? [NAME],anger,0
Was expecting a horrifically broken ankle. You have posted the actually unexpected,surprise,6
Oh my gooooooooood,surprise,6
Oh yeah its that other chick who looked way to young to be in highschool,surprise,6
Fuck this team,anger,0
That is incredibly disheartening.,sadness,5
"I'd be surprised if mosques make the girls on school trips cover their hair, hence my question.",surprise,6
What a horrible person,fear,2
>tries to insult [NAME] for wasting time in a stupid thread >is only other person in thread,neutral,4
Laws don’t apply when you’ve got money. Sad but true.,sadness,5
So many? I’d be amazed if it was more than 0.1% of active players at any time,surprise,6
"the trajectory of that is really weird! But [NAME], that guys arm, hand, possibly head is not liking the next .01 second!",disgust,1
I feel bad for these guys. I'd like to be able to help ex-mos in trouble.,sadness,5
My favourite goes back to one of the first battles ever on YouTube:,joy,3
They’re disgusting people inside and out,disgust,1
Literally all of them have said and done MUCH worse than anything [NAME] has.,disgust,1
"I'm more than sure we [NAME] lovers feel the same way, her outfits are awful",disgust,1
it really do be like that sometimes,neutral,4
I’m in one of those schools now got offered weed yesterday almost bullied into smoking,neutral,4
"I've been trying to as well, but the game is so scary :/",fear,2
"Just a minute, don't hang up!",neutral,4
"I have seen some terrible minion stuff, I thought I've seen the worst of the worst. I was wrong...I was horribly wrong.",disgust,1
It's a perfect loop,neutral,4
"Didn’t know if you knew, so I was just trying to give context to your statement. Sorry. ",sadness,5
"If it's Fttn, then not much, maybe worse, because it's still using that shitty old rusted copper running through that same old leaky pit",anger,0
It only gets worse kiddo. Someone call [NAME] and get this girl an upgrade.,disgust,1
"Don't cry for me, Argentina.",sadness,5
Wow this team has no clue what to do against this right now. There has to be 15 turnovers already.,surprise,6
I wonder how [NAME] prepares his food.,surprise,6
Which is weird because it also looks like dog treats,disgust,1
The bourgeoisie elected courts were going to backtrack on all [NAME] economic reforms. Fuck those guys.,anger,0
You know nothing about the country if America.,neutral,4
He had been so worried that the stepmom would have a hard time integrating into the family.,fear,2
"I do actually, everytime I buy vegetable or sunflower oil I get that massive plastic jug thing that the supermarket sells its only like £2.50/£3.50 depending where you go",neutral,4
It's also cruel how noone is informed about the execution at all. Relatives are left completely in the dark and likely never find out about their execution.,disgust,1
RIP. Sad for his family and the bull riding community.,sadness,5
Disclaimer: This is r/television not r/news. Sorry for the mistake.,sadness,5
That ladies and gentleman is an individual who has or will self-fellatio. So that’s neat.,neutral,4
If your dog is an arctic breed they will go crazy with joy and be sad that you don’t share in their happiness for the bitter cold.,joy,3
Look at this [NAME].,neutral,4
[NAME] what the hell is going on at hq,anger,0
I'm amazed people read BuzzFeed articles.,surprise,6
"That was a hell of a tip, that happens",anger,0
Yeah no one is gonna do that and get reported to HR for bigotry.,anger,0
Just what I need; a video of my commute to work so I can enjoy the experience in my free time.,joy,3
That is absolutely terrifying to me. Oh my god. The idea that she was trapped as a toddler her entire life is just... wow.,fear,2
"Look what time it is. It's Fuck You, It's January!",surprise,6
"Not to be critical, but “rethuglican” is an awful one ",disgust,1
Super Bowls are overrated anyways. s. I'm more angry about back-to-back seasons ending on a fade to Crabtree in the endzone.,anger,0
"This picture is a prime example that [NAME] are intolerant douchebags who will always demonize wealth, fame, and entertainment.",disgust,1
I want to clarify that I am NOT scared. I punched the mirror because it looked at me wrong.,anger,0
I'm leaving to go get some more motherfucking jokes MOM [NAME],anger,0
"I don’t know who [NAME] is and, at this point, I’m too afraid to ask.",fear,2
"Debunked as in proven wrong. Again, he is a well known fool. Do yourself a favor and never take anything he says remotely seriously. ",anger,0
"I should say to you that it's ok but at the cancer thing my mind changed Asshole, also get help",anger,0
Did that with an oven pizza at 3am in my underwear. Got burns all over my stomach,sadness,5
I had to mute cause the sound was making me cry.,sadness,5
Wait for real? That's how they met? lol that's both terrifying and completely fitting considering how nuts they both are,fear,2
Wow now I know there's a twist. Why even watch it?,surprise,6
I think they’re gonna keep her a surprise.,surprise,6
Go on a group vacation!! Or a concert weekend that’d be fun!,joy,3
"I am so glad they didn't have this attendance in my day, skipping class would be impossible.",joy,3
"While [NAME] lighter take on [NAME] in Justice League was questionable, I enjoyed him in BvS. Excited to see who takes on the cowl next.",joy,3
I miss big daddy buff,sadness,5
Eh so much easier to drug her and do what he wants.,neutral,4
Jersey Shore: Dubai Edition,neutral,4
It's a song reference. The lyrics were awkward so one of my FB friends made a meme,disgust,1
[NAME] BREAK THE GAME. WHY HAVE YOU GIVEN ALL THE KILLERS A FUCKTON OF THEM. ITS SO DAMN STUPID.,anger,0
I feel like this anime will make me cry in the end. Damn even its opening is full of drama. Am I correct in this?,sadness,5
"Gangster as fuck bruh, that's why i fly a green bandana.",neutral,4
"This is the worst meme format in the history of meme formats, maybe ever",disgust,1
Tell him he needs to go to rehab or he’ll be kicked out.,anger,0
Nah not today,neutral,4
This game is actually worse than I was anticipating and I knew it was gonna be bad,disgust,1
It was on a washed out road in the at 2am. Which makes it even worse. They never should have been towing that vic.,disgust,1
"I know, pain in the asses.",sadness,5
"You’re right, republicans are worse because they have nukes.",disgust,1
YOU DON'T GET TO JUDGE ME!,anger,0
Can you imagine the amount of backlash she’d get if it was ANOTHER [NAME] collab? Omg.,surprise,6
That's disgusting. Apt.,disgust,1
He has a kid that he pays child support and my 2 younger siblings that he also calls leeches,neutral,4
I report these every time they appear on the buy/swap/sell groups.,neutral,4
"Just remember we’re all silly looking, gangly monkey things living on a rock floating through nothing, all trying to be cool. Have fun",joy,3
"Don't read, it just gets worse! ",disgust,1
This thread is one of worst things I've ever read,disgust,1
"[NAME]? Yeah, that one hurts.",sadness,5
[NAME] here...that guac looks horrible,fear,2
Disgusting making [NAME] talk to this fat moron,disgust,1
[NAME] fucking christ. When [NAME] came into the league he was pretty much as skinny as [NAME] is now. And look at the dude now.,surprise,6
Because learning another language is cultural appropriation. This people are pathetic.,sadness,5
"Disturbing =/= awful. Its incredibly well done by a professional. I feel like this sub is more for unintentional awfulness, not purposeful shock value/ theatrical makeup.",disgust,1
"Sadly, it looks like there are a ton of [NAME] in this sub",sadness,5
He gave his 20 year old ex herpies dumped her and she killed herself. He’s an awful person,disgust,1
One of the more disgusting virtue signals I've seen,disgust,1
Smoking is nasty.,disgust,1
How aren’t you in fucking school,anger,0
You have no right to be there waiting to be nudged.,anger,0
Yeah but you're not anymore I'm afraid.,fear,2
Probably but we kind of need a lefty though to pair with caleb. Maybe [NAME] steps up again but you know we need more options.,neutral,4
Problem is that picture is there before you ever set foot in the cabin; [NAME] put it there. Just makes it creepy.,fear,2
Awful taste hmmmmm,disgust,1
"I’m surprised nyxl hasn’t done that with their overloaded dps roster, but a possible upcoming import limit might be the issue",surprise,6
It's tasty. Had one on bone marrow once. I've had weirder things before,fear,2
"I can hear [NAME] now: ""Why don't I have a mic why don't I have a mic FUCK I need a mic""",anger,0
"I was pleasantly surprised that I couldn’t think of anything I broke at my last retail job but... you’re right, that was it",surprise,6
no its amazing.,surprise,6
I’ve never cringed so hard,fear,2
"Important part of this, surprising it's not there. ",surprise,6
Wow so glad [NAME] is getting it done quicker. Better for later in tourney,joy,3
I miss the Scottish [NAME].,sadness,5
"Oh [NAME]. someone finally posted something I can't bring myself to finish reading, it's too much",surprise,6
I hate these cakes so much.,disgust,1
"The snapchat news feed on the stories page is horrendous, its entirely just celebs, porn and hookup culture shit. ",disgust,1
I hate fags,anger,0
that was an awful open shot....,disgust,1
"For you, the day the bison frolicked in the snow was the cutest time in your life, but for me...it was Tuesday. ",joy,3
Huh. Weird.,disgust,1
Break ups are painful and there’s no way to avoid that. Be honest with your current girl and end it.,sadness,5
I usually see tweets like this for girls but it feels nice to have it directed at boys,joy,3
Pretty sure I’ve seen this. He swings away with the harness he is wearing. Still looks painful but I think he lives,sadness,5
Stupidly stubborn / stubbornly stupid,anger,0
I wonder if Belpedio will get a chance up here at some point.,surprise,6
But shouldn't that money go *back to Connecticut*. We don't lack problems.,neutral,4
Something would go terribly wrong for [NAME] causing him to have to leave. It’s how his ability works.,fear,2
"Late-stage Reddit. I'm afraid it's malignant, there are only palliative care options available at this point.",fear,2
>Most FTFY,neutral,4
Theres the link I use you stupid fuck get the fuck off my post you fucking shill,anger,0
"Sometimes, I am amazed that they are able to fit into a car.",surprise,6
"Just when I thought I was burnt out on comic book movies! Hell yes, let’s go! ",neutral,4
What is with the pet worship? Should be more worried about your elderly relatives.,fear,2
"I'm surprised not to see whining about [NAME] books more often, speaking of children.",surprise,6
A derogatory term.,disgust,1
"Wow, this is terrifying.",fear,2
Lindt don’t fuck about,anger,0
Don’t tell me what to do.,anger,0
What the fuck are you talking about,anger,0
"""Everyone knows the [NAME] make good stuff!"" - Sham-Wow guy. ",neutral,4
"Translation: ""I have no argument so here's a rude comment"".",anger,0
I gagged at unwashed zebra hoodie.,disgust,1
I'm sorry I imagine that was devastating.,sadness,5
This hurts my brain,sadness,5
The whole post reeks of troll.,disgust,1
I hate poetry,disgust,1
No. It’s creepy.,fear,2
"""Didn't know you can predict the future""",surprise,6
I like how he wrote many of the TRUE [NAME]. I wonder what a fake [NAME] believes in.,surprise,6
I'm sorry. Now my entire bad pun looks even worse than it did when I started.,disgust,1
I almost feel bad for China.... but the culture has a major problem with having 0 morals.,sadness,5
"This is what I assumed, but I haven't seen any confirmation of this anywhere.",neutral,4
Wow calm down,surprise,6
These disgusting old hags are literally old school flesh-consuming ghouls. Like [NAME] or [NAME].,disgust,1
That is beyond disgusting.,disgust,1
"It's a Falling In Reverse song, which makes it even more terrifying",fear,2
"If calling someone “retarded” is perma-bannable, then I should have been perma banned from /r/nfl like 100 times over. ",neutral,4
what a shame that online sellers have made malls obsolete,disgust,1
HHahah. Right? I’m scared,fear,2
Yeah it’s fine. Some supplements contain Ashwagandha which affects the gaba receptors so be cautious if you’re already on gabapentin or a beta blocker,fear,2
"That sounds like it was an absolute nightmare, I'm sorry you had to go through that, anesthetic failing is a horrifying experience. ",fear,2
His left hand is mightily fucked.,sadness,5
"supernova AOC <3, the lies the media gets away with. Glad someone is talking back with real umph",joy,3
Oh [NAME]....,neutral,4
"Honestly, this would creep me out a bit.",disgust,1
That doesn't make the kid stupid though. That makes him a baby.,neutral,4
But...but...I just bought a new gun in Fallout '76.....and America is the centre of the universe!! :'(,sadness,5
what an idiot,anger,0
He's transcended fuck-you-money to fuck-me-money territory,anger,0
Racism. They're talking about racism. The hate is the new KKK sheet.,disgust,1
"You see benevolent, I see cynical and morally bankrupt.",neutral,4
Still waiting on [NAME] to tell me how GIFs are terrible and I can’t afford to watch anymore of them.,fear,2
They are. Primates (humans being the exception) dont hug like that when they're happy.,neutral,4
"Threaten to release....welp , nothing coming from this.",fear,2
YUP. I’ve been healthier since the new year FINALLY smh,joy,3
Glad you got to see a good one!,joy,3
This is horrible,fear,2
OH MY [NAME],surprise,6
"Oh no, her eyebrows",disgust,1
You conveniently forgot nearly killing a toddler by throwing furniture out of a 14 story window.,anger,0
"""Yeah look"" like a toddler being surprised by his own genitals",surprise,6
That scene traumatized me the first time I watched it,fear,2
Fire the ux designers and yes also our beloved [NAME],anger,0
"I FFed it too and reading that comment, I am sooooooooo glad I did!",joy,3
At first I thought it was [NAME] and [NAME] lmfao,neutral,4
I hate that you've forced me to deal with a reality I've been blissfully ignoring.,anger,0
That literally doesn’t even look like her omg,surprise,6
"Think you're pretty funny, don't you, freak?",joy,3
"Time to go back to rolling your own, folks.",neutral,4
That looks like total garbage.,disgust,1
now I kinda wish [NAME] wasn't an imaginary cartoon character because this would actually be fun.,joy,3
I did not downvote Mate :) In fact I just gave you two upvotes :) Cheers :),joy,3
Don't do that i think its dangerous,fear,2
OMG I totally forgot about that episode. What a nightmare,surprise,6
"Please no, I have a family!!!",fear,2
If you just slam on the brakes and accommodate these assholes they usually don't even realize they've done anything wrong,anger,0
Don't forget colors. They panic at the sight of a chess board.,fear,2
"Trolling cat lovers used to be funny, 24 years ago.",joy,3
I feel his pain. Bad dxm trips are the most terrifying thing in the moment but they're way more forgiving than bad psych trips,sadness,5
"I’m glad you do feel genuine, unconditional love for your own child :,)",joy,3
I’m surprised the comments and views on that channel haven’t gone crazy.,surprise,6
Sometimes people that are around each other a lot just get to be friends. Sometimes people ignore that their friends are actually terrible people.,disgust,1
"dude, thats grave danger for sure. thats terrifying. he was a predator for young men interested in sports cars. luring in for diabolic purposes!!",fear,2
My partner told them subtly no thank you. They won't let go.,neutral,4
"I believe that show scared straight was actually a massive failure, it got viewers but concept of it never resulted in the kids actually being 'scared straight'.",fear,2
"That's not the point. It's not supposed to be unexpected, this subreddit simply is dedicated to the memorial today.",neutral,4
After reading a lot of replies you should bee ashamed of yourself. This thread is a hive of bad puns and references.,anger,0
This shirt is directly aimed at some very ugly individuals,disgust,1
"I know, that's why I said one of the reasons. The main reason is his uselessness when your team is bad",disgust,1
Oh my god. Don't you know it's illegal to share memes if you don't have an IQ of 16 trillion?,surprise,6
It worries me that there are people that miss the meaning of a subject by so much. Your critical thinking skills sadden me.,sadness,5
Imagine my shock,neutral,4
Oh baby a triple!,surprise,6
I HAVE EYE PROBLEMS NOW IM REALLY YELLING,sadness,5
"Yeah. It didn't even work, that's why nobody went crazy. ",neutral,4
If [NAME] gave me pizza I'd still be annoyed but I'd eat it.,neutral,4
I miss him on our pp,sadness,5
And even worse after 40 years!,disgust,1
I hate roundabouts. For some reason road designers have a fetish for them as more and more are popping up. For cyclist they are rings of death,anger,0
fuck the caps!,anger,0
Oh wow!!!,surprise,6
"In that case, I’m appalled. ",fear,2
I’m pregnant and my dog is with my parents across the country while we renovate. The feels were too much 😭,sadness,5
And what a fuckton of karma it was. It’s fake stories like this that really prove that communism is the far superior economic system.,anger,0
[NAME] was only OP when it came out. [NAME] was OP for so long. I'm still happy they finally did something to her.,joy,3
Im glad your out too! Im glad you found joy in camping =),joy,3
"[NAME] i love this ""no one can be THIS happy, what a horrible person he must be""",fear,2
omg ;; my boy heavy,surprise,6
Wow. Racists are really coming out of the woodwork to excuse and defend racism. How sad.,sadness,5
Dear lord this woman is awful,disgust,1
100% scam,anger,0
> Then and only then might you receive ~~a tip~~ **whatever change we have leftover from our grand expenses.**” FTFY. Sadly.,sadness,5
"Wow, didn't expect this thread to get philosophical.",surprise,6
Oh fuck off. Soooo...... when is [NAME] and the gang going to un mask [NAME] as President [NAME]?,anger,0
What?! I am level 20 and I already had 4. I did 5 hide outs in total not counting the tutorial hide out.,surprise,6
"Holy fuck that stop, good shit [NAME]",anger,0
It would be hilarious if it was a pasta place too,joy,3
Tell that to r/Polygrumps (very *VERY* NSFW) dude. They scare me more than this sub.,fear,2
"Yeah I've been finding it so hard to not eat everything in sight since Christmas. I'm still staying under my TDEE, but I feel nasty. ",disgust,1
There’s at least a thousand hallways that look exactly like that with people that look exactly like that in America,neutral,4
"This can’t be the end of the back, garbage TV! I’ll miss you!",sadness,5
did not know she speaks fluent Ukrainian.,surprise,6
"Oh, it’s you again. Here: ",surprise,6
I'm not on it I was just wondering for the sake of knowing.,surprise,6
"yes, i fucking hate that.",anger,0
Everything should be there from the Cash homepage... Is there something specific you can put your finger on that you don't like as much?,neutral,4
Freedom? Not in New 2013 and it’s gotten a lot worse since,disgust,1
You cant.Its the idiot civilian drivers fault for probably just staying behind him like a zombie. Unless they come out with heated trailers soon.,anger,0
"The walls are repainted anyway every few years, so if you buy the paint you want, they will even do it for you with that.",neutral,4
"see im on here having fun meming on all yall basement dwellers, stay salty ",joy,3
I always thought [NAME] purposefully was tanking her lip syncs on All Stars because she didn't want to send people home.,neutral,4
I miss [NAME],sadness,5
Yes I really miss his streams...the ONLY reason I chose adc as my main role was because of how chill chaox was.,sadness,5
"Spending my first day ever in Europe. In Oslo, with an amazing girl I met visiting Texas from Norway about a year ago. ",joy,3
Just imagine Disney characters without gloves. Yes it's that horrifying,fear,2
Hugs hugs hugs. So many big hugs and good vibes. That's the only thing I know how to say right now.,joy,3
I have a moronphobia. I'm going to need to ask you to step away as I have an irrational fear and distaste of you.,fear,2
I feel bad for laughing at this now that the creator of Spongebob passed away a month ago.,sadness,5
She might just be bitter over her own relationship and this is a painful reminder in some way.,sadness,5
Wtf did I just read? That was painful,sadness,5
Reminds me of [NAME] from the documentary THIN who purged food through a feeding tube in her stomach. This sounds dangerous.,fear,2
ah Yuk!,disgust,1
[NAME] 12 min long? That other 1 min video spoiled me.,surprise,6
That’s not a fucking card?!,anger,0
Tkachuk - Pageau - Stone is going to be our second line. Absolutely filthy.,disgust,1
That's really interesting! I've seen that happen before too,surprise,6
"Even if you were a woman, your personality is so vile and yuck I would happily do 20 years in prison for murdering you.",disgust,1
"wow, here in Brazil people say the opposite of this phrase, also makes me mad",surprise,6
A guy that size could very easily kill a petite woman with a direct punch,neutral,4
I’m stuck at work tonight so I missed it 😢😢,sadness,5
I can’t tell who’s wooshing who but I’m afraid to ask by this point,fear,2
Srs glad she's going to stop cancering herself,joy,3
"Fuck you, tincan. *reads username* Wait ignore the tin can part, fuck *specifically you* in general. ",anger,0
I miss him so much during the NCAA tournament.,sadness,5
"Omg, the hands touch the chicken, go off screen and then touch the salt. My mind is contaminated with Salmonella. ",surprise,6
This is something I try to do every day and it makes me feel so at peace,joy,3
Oh nice I was wondering if you could mix flavours. I'll still stick to mint though 🤷‍♂️,surprise,6
"Last event went well, 40+ signups. Looking forward to some new faces this time. Special surprise for the winner!",surprise,6
This makes me happy. Happy new year everyone,joy,3
NEXT TIME! ON THE CURSE OF OAK ISLAND!,fear,2
It's the worst when it's something you are passionate about,disgust,1
I was just joking...,joy,3
It’s the comment about smelling her that makes it pure cringe.,fear,2
How DARE you!,anger,0
Why hello there,neutral,4
Spam this dude with happy birthdays,neutral,4
"*Dread it, run from it* *[NAME] still arrives*",fear,2
"Downtown is inconvenient, look like you've gone full county, enjoy your strip mall ",joy,3
This happened to me in the same hour of the discard! Went from shouting to supportive friend within 45 mins.,neutral,4
Yawn. They’re toxic together and their only trait seemed to be getting naked together.,disgust,1
It’s crazy how many people don’t know the difference between fluid ounces and weight lol,surprise,6
Because you deserve to live and be happy,joy,3
This kills the country.,fear,2
Long straight hair on the face is going to look quite odd I would guess.,disgust,1
Getting tougher to make those mortgage **and** car payments.,sadness,5
"Right now I'm listening to Stand By Me, I'm liking it ",joy,3
I would be so pissed if I was part of that coaching staff. That was unbelievable.,surprise,6
"She is smiling in the picture and, to add insult to injury, seems pregnant in the video.... ",joy,3
is this sub scared to talk about [NAME] getting arrested,fear,2
I'll miss [NAME],sadness,5
">more money than you I seriously, *seriously* doubt that. >doing something before this guys are outta the country Prove it.",anger,0
I'm scared because we don't really have any isolation scorers right now.,fear,2
He already sucks. Let’s just nerf him some more.,anger,0
Omg this is repulsive,disgust,1
Wouldn't have it any other way. Fuck my DNA. Fuck nucleotides.,anger,0
"This is like the third repost of this. But yes, very sad indeed.",sadness,5
One my favorite seasons to rewatch. All the glorious fights. [NAME] is forever a queen,joy,3
"Me, too. Was shocked to say the least.",surprise,6
"That does suck. I’m sorry. Having recently been ghosted by someone who I thought was a very close friend, it’s a terrible feeling",fear,2
"Yeah he was going like ""YOOOO"" and his boy was like yo chill man tf this aint no club keep yo voice down lmao",joy,3
Good riddance. I'm surprised it lasted that long. [NAME] is trash.,surprise,6
The sister?,neutral,4
"Sure, sorry for late response.",sadness,5
Same. Ugh,disgust,1
Stuff of nightmares imo,neutral,4
*[NAME] playing the world's saddest tune on the world's biggest violin.*,sadness,5
"It's hard for me to switch between english and spanish in the same sentence, sorry I'll try to improve in the future",sadness,5
If that mask could talk it would beg someone to end it's suffering.,sadness,5
"Not surprised, damn that sucks. Concussions are awful.",disgust,1
I am pleased to report that my 5 win streak was broken.,sadness,5
[NAME] looked terrible that game. I was really hoping to be wrong but he came just as advertised by Hawks fans,fear,2
I miss you [NAME] 😢😭,sadness,5
My name is [NAME] too. It's so strange hearing my favorite bravolebs say it on TV.,surprise,6
Mama [NAME] is not gonna be happy,neutral,4
"Dude, wtf is this?",anger,0
It's sad that nearly everything seems ok as long as [NAME] told you to do it.,sadness,5
"All mutations are potentially harmful. Especially if they replicate. But we can't control random mutations, so why not worry about what we can control.",neutral,4
"Also the reason for last year, playing him as a cb was necessary but proven to be a terrible position to be in.",fear,2
Idiots gonna idiot.,anger,0
That was your saddest shortest story yet,sadness,5
"Newsflash: Ugly people cheat, too. Cheaters cheat. Cheating is a behavior, not a look. ",disgust,1
"Hey [NAME], I'm [NAME] ! :) ",joy,3
I wouldn't mind seeing a discussion with her and [NAME] about their experiences being millennials in Congress. Just having AOC doesn't interest me at all.,neutral,4
I usually find it is something like a balloon and wait for them to have saved more often lol.,neutral,4
"[NAME] lives. Obviously you can quote me on that, because i just said it. [NAME] dies. [NAME] dies. Fuck [NAME]. ",anger,0
I suppose. It was just weird how they went on a NASCAR tangent for like 3 minutes lol.,disgust,1
"Strangely enough, the student debt still counts. Yet another sign civilization is doomed. ",neutral,4
For a second I didn’t see the t in “stack.” Was wondering how you did that but nvm.,surprise,6
Kid looks like he's about to cry,sadness,5
I'm 34 and disappointing my mother is still my greatest fear.,fear,2
She's just going to suck you back in.,anger,0
Nice-full circle! Leaving [NAME] for dust- I love it.,joy,3
Wasn’t there a video of the exact same dude kicking down a fucking tree????,anger,0
"We had a clown banging on dorm windows, on campus, with a knife in 2016. Was terrifying. ",fear,2
Damn... that’s another thing I didn’t even think about it. Probably the biggest reason why people shouldn’t steal food,disgust,1
This would make me sick.Getting cucked by bayern on and off the field.,neutral,4
"Exactly, or they thought he was saying it jokingly. The delusion these men live with continues to amaze me",surprise,6
"I don't wish abortions on any woman. It's a terrible thing to endure. Necessary, sure, but it's still grim.",fear,2
Yasssss. I loathed Harry Potter. Book? Movie? Toy? Board game? Costume?,disgust,1
"Sometimes I think it's like the movie *Shallow Hal*. You see the person for who they really are on the inside, and it's terrifying.",fear,2
Please don't think the way they're trolling represents us [NAME]. I'm sorry this happened.,sadness,5
Things did not go well on Eros Station...,sadness,5
"Sad thing is, I wanted to, but I’m stupidly awkward...",sadness,5
"At least you get sunny on Netflix, they took it off in Canada :(",sadness,5
Too bad =(,sadness,5
"Oh look, it's alive. Who here secretly fed it?",surprise,6
That'd be fun! Meet at a bar and watch the show!,joy,3
What a methy situation!,surprise,6
The only life that needs to be ended here is the life of the guy that raped your daughter. Abortion is just medicine,anger,0
Happy New year!,joy,3
I make all my coffee at home because I don't like wasting money unless it's free at the bank,neutral,4
Name one thing this person in power has said or done that’s racist. This should be fun..,joy,3
I’m an NA boy and Rival/Dig were my two favorite orgs. Glad to see at least one of them is returning.,joy,3
Why the hell do we sit trae in crunch time we probably won't win. Give him the XP. Very frustrating.,anger,0
Holy shit I think I see cheekbones.,surprise,6
You admit to discrimination based on your personal criteria. Say no more.,anger,0
This sounds like borderline mental health issues. Scary.,fear,2
Wonder how the iPhones working out,surprise,6
If Ww3 breaks out in northern Asia as people expect. It will make things worse for you guys in the states - not better,disgust,1
You can do that here dude. got a story? just tell it man,neutral,4
"Well, it wasnt by 31.... So im still mad.",anger,0
Then he stabbed like five cops and hid in a haystack,fear,2
Can't just GA it but can do A LOT more than pretend it doesn't exist and take it yourself. What a cop-out argument that is.,neutral,4
"Which sucks, because it's a *bitch* to find replacements for those.",anger,0
"I don't care, [NAME] tweets make me uncomfortable and I hate him!!! - Liberals",anger,0
[NAME] saved by the very compassion in society that he is trying to destroy.,disgust,1
I was so scared to click that. Yet I did.,fear,2
"[NAME] “ I’m afraid if I don’t have money she’ll leave me”. Yuh, you’re exactly right [NAME].",fear,2
"That's what I thought (landlord myself). Even if you rent a room to someone, still that's a bit extreme.",neutral,4
He was horrible,disgust,1
I'm crying.,sadness,5
"Not a [NAME] fan myself, but there's no reason to comment on his weight or appearance. It only makes your side look bad.",neutral,4
Everyday for the last year and a half has been very hard and I should be glad she's gone. I'm almost there.,joy,3
I am an atheist and the idea of a god makes me disgusted and angry so I prefer not to be religious,disgust,1
Hell yeah. Enjoy your new bachelor life son!,joy,3
Yes what the fuck is going on here,anger,0
Arghh! There's a dinosaur loose in your house! A dinosaur with Tippex eyes.,fear,2
Absolute woo-woo.,neutral,4
Sounds dreadful.,fear,2
"Don’t worry, he’s more afraid of you than you are of him. Just act tough, it’ll work...maybe...",fear,2
I've got six aces,neutral,4
Happy Birthday!! It was great seeing her at the Royal Rumble and SmackDown.,joy,3
Mine was apparently [NAME] and the giant peach!,neutral,4
Happy one week anniversary,joy,3
"Not related, but now I wonder how Delta would have done on the hair ball challenge",surprise,6
"How stupid are you, if you dont réalize it’s staged ",anger,0
I’m scared for y’all saying Undone.,fear,2
Nah no one can help me,sadness,5
It is. Something I've wondered about many times,surprise,6
I’ve been hurt too many times for it all to have been for nothing,sadness,5
Ah yes three of my ~~best friends~~ worst enemies,anger,0
Why am I gonna do? Stop the ant? I’m scared of him too,fear,2
I'm scared to do these cuz the S.A.G.E. told me I was a transvestite,fear,2
Fucking Synths. -[NAME],anger,0
"Wow, now I am sad",sadness,5
I sure hope so! Smug bastards!,anger,0
The [NAME] of horror!,fear,2
"Or maybe he does, and that’s why he scared of people thinking that; he’s afraid of people finding them out.",fear,2
"I am only sharing what my friends said, what their experience was. I found that a bit surprising.",surprise,6
You forgot evolution,neutral,4
Dude nsfw this damn,anger,0
Not up in UK yet,neutral,4
Come back here and fight me m8,anger,0
"our enemy, the state ",anger,0
This country is an absolute shithole. Our police are no better than the filth they should be catching!,anger,0
It was a commercial. Do a lot of conservatives have this problem?,neutral,4
"It was a bad one, and you should feel bad. ",disgust,1
> and no one but angry community fanboys have pushed back against his statements.,anger,0
Seems like you're another guy who hates legion ;D,anger,0
A fuckin men,disgust,1
I Can't Believe It's Not Butter.,surprise,6
It's not a murder or a cringe. Just seems like two friends joking around.,joy,3
I'm getting old. :/,sadness,5
" a thing, and I’ve had my share of Whistle Pig Pie. I hate me ",anger,0
"Jitter mod SG12 has been a thing for awhile now, it's a wonder you're just now seeing it. ",surprise,6
I'm glad you're safe - but don't feel sorry for him. He knows what he is doing.,joy,3
*Hey just noticed..* it's your **1st Cakeday** SirVortivask! ^(hug),joy,3
Shameless karma whoring.,disgust,1
It was stupidmancostume,anger,0
Now this is poke choking!,disgust,1
Wow. Of COURSE this happened,surprise,6
"I sould have assissted in the stabbing, even ceasar would have been surprised by the amount of stab wounds on that little shit",surprise,6
Her husband is disgusting. I can’t even look at the cute baby when his face is in the shot.,disgust,1
Surprising you choose to believe things that aren’t true 🤔,surprise,6
no way I have never heard of that! wow!,surprise,6
"Personally, I assume that those who claim NOT to be deprived in this way are just adept liars. That's how deprived I am.",sadness,5
Who gives a shit. Stay in your fucking car.,anger,0
Rape kit test from six year old migrant girl revealed DNA from 30 men.,sadness,5
"Someone will actually spend their money on this too, that’s the sad part",sadness,5
Levels mate. Absolutely obsessed with our dominance.,sadness,5
Ahh you must be speaking of M & W Industries! I know it well I'll never forget the smell of pickles.,joy,3
Take the compliment you good egg x,neutral,4
"His! Watch out! That cars coming straight for you! Omg guys she’s arguing with ferrah, she can’t hear us help!",surprise,6
HAHAHAHA I'M AN ASSHOLE,anger,0
I miss being practically jello as a kid,sadness,5
This wasn't him forcing her to get an abortion or breast implants dude like seriously you are being pretty ridiculous.,disgust,1
That ice is dangerously thin for such a hot take.,fear,2
It's a shame that so many experimental psychology studies are still using such dubious statistical practices.,disgust,1
that this ridiculous comparison is this detailed and explicit makes me think the whole beating-a-little-girl-thing is part of his disgusting sexual fantasies.,disgust,1
I'm surprised [NAME] didn't bust that dress open when she bent down to high [NAME],surprise,6
Wow fuk I'm watching that right now,surprise,6
Can't help but feel that going down 3-0 is nerves and fear of playing someone with [NAME] mythology. AO to [NAME] is like RG to [NAME],fear,2
"By ranting aimlessly on the internet about it, obviously ;)",anger,0
Looks like they did it to scare everyone else on the road as a dominance game.,fear,2
I’m not. Do your research.,neutral,4
"Just in case you weren’t sure he’s an [NAME], he decided to obstruct 20% of his windshield to remind you. ",neutral,4
I just saw a snot nosed brat eat a croissant on the subway and got crumbs all over and the snobby rude mom left like nothing happened .,disgust,1
Unfortunately not. 😏,sadness,5
Luckily he is not.,joy,3
Sadly it happens randomly and I wouldn't want to lie to someone for money if the thoughts didn't appear.,sadness,5
Who doesn't have unlimited calls???,neutral,4
When it’s read this way it’s way more badass. The way people normally quote it just sounds stupid.,disgust,1
It's sad that we have to think of it as a miracle and not a regular occurrence :/,sadness,5
"You fucking got this bb, one step at a time. The DD is here for you.",anger,0
"[NAME] is a terrible writer, a raging narcissist, and not an actual friend to anyone. ",disgust,1
Its almost as if everyone is too afraid to be politically incorrect to admit that height and race are a factor.,fear,2
"I freakin’ love doing this, too!!! Makes me happy for a second or two!",joy,3
Yup if you’re ahead and just want to spam actives I enjoy it with an upgraded cursed ankh to really hurt healing based teams,joy,3
"Wow, you must've never been on /pol/ or like dozens of anti [NAME] subreddits.",surprise,6
Oh I never knew you could do that,surprise,6
I'm gonna say that I hate Randazzo's because of their terrible icing. Haydel's is decent and ships.,disgust,1
Grandmas knees are burning up,sadness,5
Occupation badges are dumb and I’m sad they made the transition to OCP.,sadness,5
"It's a statistically slightly worse ICR, take that as you will.",disgust,1
I wonder if that child puts it on his resume.,surprise,6
"And yet, it’s bad to manipulate people. Which is what the in laws are doing. ",disgust,1
I am scared that I would lose potential study time by seeing him. And worse if I end up liking him too much... :(,fear,2
[NAME] that is frightening...,fear,2
Self confidence I think and the fact that I’m scared if I do give all of myself to some that they won’t reciprocate.,fear,2
Fucking Instagram normies,anger,0
"Say it louder! I'm sick of these leeches, too.",sadness,5
That's bad,disgust,1
That is so beautiful. It makes my heart hurt that humans can be cruel to animals when they're aware of having so much emotion.,sadness,5
I skipped the Oilers game for a birthday party for a cat. I’m glad I did that instead.,joy,3
>[NAME] One of the most horrifying stories I've ever heard of: the mom should be in psychiatric care and the doctor thrown in jail IMO.,fear,2
Wasn't expecting these feels man. I'm so sorry for your loss!,sadness,5
I'm honestly surprised you haven't been banned yet.,surprise,6
And religion isn't displayed on uber page. She saw a brown person and refused to interact with them solely based on race. She's a racist.,anger,0
"I've honestly looked at mine and thought, I wonder if it'd keep my cup of coffee hot.",surprise,6
I always cry when [NAME] is on screen.,sadness,5
It’s not so much that I enjoy money and more that I do enjoy scamming people.,joy,3
Could or couldn't?,neutral,4
HOLY MOTHER DUCKER,anger,0
We did it guys! We’re the real heroes!,joy,3
"Bruh this the magic, we shouldn't have to have a big comeback",neutral,4
"Hey, good to see ya here!",joy,3
gO LiVe iN tHe SoMaLiAn WoOdS,neutral,4
Oh dear [NAME]!,surprise,6
"All the things you've been thinking about, fangirls, make me sad.",sadness,5
>recommending Elite mode to first time players My stomach turns in disgust,disgust,1
I do enjoy my lawn. 😁,joy,3
I second that motion...with A VENGEANCE!!,anger,0
Weird flex but ok,neutral,4
Dogs can go on the internet?,neutral,4
Just throw them into a pool of needles. That'll teach them not to steal ever again.,anger,0
There’s a special place in hell for u,anger,0
poor little dude! Glad he's okay. He and his brother have a story to tell now.,sadness,5
"You know when I typed ""legal tender"" I had a horrible feeling I was going down a rabbit hole.",fear,2
Wouldn’t be surprised,neutral,4
"My childhood horse died due to twisted intestines. Very traumatizing, since he crawled over and put his head in my lap at the end.",sadness,5
You are so ugly even tears wont show up near you,disgust,1
"People who WANT a border wall: idiots, racists.",anger,0
Yes! A 1000 times,neutral,4
A place I used to work had this blown up about twelve feet wide. I'd get physically nauseated looking at it,neutral,4
"I was so scared, I thought the kid was going to backpedal into a street.",fear,2
Wow really? I watched a fair bit of KR Contenders. I guess I just wasn’t paying that much attention.,surprise,6
"omg, poor little bean ",sadness,5
Because it was a terrible idea.,fear,2
This will either be a classic or a complete shitshow,anger,0
"I'm on the receiving end of a breakup, and i'm not handling it well. So cheers from Germany!",joy,3
I've never been there before so I can't confirm or deny but I would be really surprised if a casino only had limit holdem,surprise,6
You are disgusting.,disgust,1
"Hi, female prostitute for sex work here. Can you not with this angry and condescending attitude? Not good camaraderie, comrade.",anger,0
I tried doing this for my son but he was afraid of it.,fear,2
Man you'd be shocked to know some women still remain passive even when married.,surprise,6
No. Going to a competitive high school was harder and more stressful than all my adult endeavors combined.,sadness,5
me too it really b like that sometimes,neutral,4
Don't you fucken do it,anger,0
"I hate to sound like we're in a Santa Monica coffee shop, but keto diets are incredibly effective if you can stick to it",anger,0
So why did [NAME] leave? They were predictable and mostly tolerable. Three wings is absolutely intolerable. I hate him.,anger,0
"I think that was [NAME], but I'll see if I can confirm that.",neutral,4
Poor wee thing is probably terrified somewhere.,fear,2
"""Get the fuck out of the fucking chair"", or something to that avail.",anger,0
Ladies and Gentlemen........We got him,joy,3
"Friend of the younger sister of girl who was killed. She told me it was a bad acid trip. Very sad, family is holding a vigil tomorrow night. ",sadness,5
I think that’s what she expects too.,neutral,4
I'm just happy anybody's talking to me. I'll listen again :-),joy,3
I feel like I'm in a yoghurt advertisement announcing how my digestive system is all rejuvenated. Its that wholesome.,joy,3
Pls end me,sadness,5
"Wow, that was insane",surprise,6
So glad to hear they got banned. Can't believe adults can still behave like that.,surprise,6
"I was actually looking in to this game, glad they did this now so I can avoid it, yeesh",joy,3
Somebody reverse this please I would be so happy.,joy,3
"I mean I still attend regular school, this is just a Saturday school. I'm just frustrated that I have to waste Saturday on this",anger,0
I joined the casuals on the couch and curled up in horror while watching this,fear,2
The nfl has been the outcome of ref interpretation and flag throwing for years. Why are we surprised this continues?,surprise,6
Man being unattractive in appearance has pretty much taken any joy out of my life,sadness,5
That movie really scared me when I was a kid.,fear,2
That's sad. You can be acquaintances with women. Not like you are driving them to the nail salon or something .,sadness,5
Some additional background the robo-voice on that video is horrible.,fear,2
Fuck Up would be more appropriate. Fuckin marketing wankers.,anger,0
That logo looks cool in the morning lol almost cyperpunk,joy,3
Watch Dortmund sign the better player in [NAME] to replace him...,neutral,4
Cray to the crazy,joy,3
I was afraid of that .,fear,2
This is going to be a disaster,disgust,1
Report her to the police. Physical threats are a no-no.,fear,2
I didn’t know [NAME] was in middle school! Is she really say crap like that as a grown woman? TLC created this monster!!,neutral,4
I'm surprised no one posted a Meat thread yet...,surprise,6
oh thats nasty!,disgust,1
He probably enjoyed it so much with his frat brothers that he's willing to buck his own party for good weed.,joy,3
"I work from home and live with my daughters. It's so serene, but also a lot of fun because we have great times together.",joy,3
"Woah, woah, woah. You're trying to tell me that elites have a stranglehold in a country with an *actual* aristocracy?! ",surprise,6
"Oh god, [NAME] is terrible. My kid loves it though, and Dr [NAME]",fear,2
Sorry man [NAME] doesnt care about hard working [NAME]. Sad,sadness,5
"People have made money off it. Belle Delphine was hit with a $60,000 fine recently",neutral,4
**You are breaking the car!**,anger,0
all the more reason to not give a fuck about CFF,anger,0
"That's still a fucking insane number. 70% is goddamn insanity, and the only reason you're alright with it is because you're unaffected.",surprise,6
"Man, she must really hate infertile women. ",anger,0
There's a bus to Windsor that I walk by after every game and it appears full. S/o our Windsor fans!,neutral,4
Just got back from Orlando to Chicago yesterday. I have a good feeling about this one!,joy,3
At least you can admit you value one innocent person's life over another. What a shock it's the rich politician over the security guard.,surprise,6
>he definitely doesn't value my pleasure this is very sad,sadness,5
I cant’t stand mint flavored toothpaste. That’s how much I hate mint.,disgust,1
I’d be afraid to get high after that yo,fear,2
lol @ the dude lying down in the hut at 2:12,joy,3
The absolute worst!,disgust,1
He told you that he hates your friends because they don't beat you up? That is so disgusting!,disgust,1
I'm glad :),joy,3
"""I'm not arrogant""",neutral,4
I feel like that’s the least disgusting option. Imagine a penis or vaginal canal made out of fingers.,disgust,1
"What? They all look entirely different. Yes, they are all handsome, masculine men, but that's it.",surprise,6
What a garbage post,disgust,1
Confirmation sounds really scary and sketchy. I can not not think about cults and rituals everytime...,fear,2
Doctor charged 400 bucks for a blood pressure check before renewing my wife's high BP medication. She HAS been acting a little weird la,disgust,1
I think this is the first time I’ve ever seen this joke.,surprise,6
He also owes [NAME]. a little payback.,neutral,4
it looks like American Ninja Warrior but more strength focused instead of agility focused. I'll probably catch an episode or two.,neutral,4
Surprised there isn’t more of this lol,surprise,6
"Death treats are for immature people, I'm sorry you received them. Comparing you to flat earthers is not far off though.",sadness,5
Watch [NAME] left arm and hand as he's on the floor. Scary.,fear,2
The fact that the passenger gives a thumbs up drives me crazy,joy,3
"was i replying to you, you fucking degenerate? off yourself ( in game ofc )",anger,0
Oh god [NAME] has a fucking gun oh fuck,surprise,6
No youre a cunt,anger,0
"Wow, well I think that game just aged me 5 years...",surprise,6
N00b account tosses insults - how surprising.,surprise,6
Looks like its straight outta Napoleon Dynamite,neutral,4
"Only thing TO know is that this motherfucker is obviously living his best birdy life and good for him. Fly high little buddy, fly high. ",anger,0
Holy shit this speaks to me.,surprise,6
Not to mention there was a HUGE EXPLOSION only moments ago. The whole area could've been rigged with bombs for all they knew.,neutral,4
"I’m actually not! From USA, sadly. 🙃 Edited to add: unless you didn’t mean me, then I apologize! ",sadness,5
I’m afraid I just blue myself,fear,2
wow even the buildings on the poster haven't loaded in,surprise,6
Animal Crossing made my wife into a vicious and abusive murderer.,sadness,5
> I know I should feel happy why,joy,3
Oh god no!!! I was gonna get some shipped out to save you some money. Never mind.,surprise,6
I'm most amazed by implicit suggestion that you still aren't showing any signs. i mean coming out should be sign enough right?,surprise,6
Shocked basement leaking got you freakin lady,surprise,6
I feel this but I also sympathize with mentalcels because I’m mentally ill and it makes me feel even worse.,sadness,5
You like [NAME] but dislike [NAME]? That is weird considering that they both are on the same low level of intelligence.,disgust,1
You're gross,disgust,1
A the_donald poster trying to pass as a human being has to be one of the saddest things I've ever seen.,sadness,5
"Possibly. He spent time in the crypts, but he was told in no uncertain terms that, as a bastard, he didn't belong there.",neutral,4
Much more badass than the union suit.,anger,0
"They usually do hoss, hence the steak and beer hard to be sad with good food. ",sadness,5
[NAME] that bottom picture. the brows mixed with the hair terrify me 😰,fear,2
I am he does suck,neutral,4
"It's a self-identifying group, and they have killed quite a bit of people in their crusade for revenge. It's both absolutely pathetic and absolutely terrifying.",disgust,1
And then in a weird twist her family tries him for murder. Haha!,disgust,1
I feel like I'm watching a scene in an action movie but with penguins,surprise,6
"I'm surprised they play the national anthem at derby bouts there, been to many bouts in Minnesota and haven't once heard the national anthem performed.",surprise,6
Sweet [NAME]. Yes. He. We are men. We are married. Stare if you want.,neutral,4
That was the worst power play I’ve ever seen,disgust,1
Damn this guy just had a bad day!,sadness,5
This is extremely dangerous. And would completely marginalize anyone without a chip. Making it an absolute necessity for everyone to have a chip.,fear,2
"Oh, sweet. It's the gaming guy who hasn't uploaded any gaming videos yet! /s (I like him and am just poking fun)",joy,3
I BELIEVE! I am sad that likely no one else will see it besides me...,sadness,5
"This is the sad truth for the exact reason he mentioned, they want a short fix to avoid doing this type of hard work.",sadness,5
It scares me that left to right is also possible for anyone,fear,2
"I made my own sauce for chicken dishes this week, I am happy, LGD",joy,3
I'll take the Akot 3 but man that shot is ugly,disgust,1
Healthier and more disgusting.,disgust,1
Happy cake day man,joy,3
I'm surprised [NAME] hasn't had a chance to be called up,surprise,6
They used it as a political insult. Nothing about his sexual life.,neutral,4
I'm a guy and it's the same for me! I'm glad I'm not the only one who feels this way. 😊,joy,3
This is painfully fake,sadness,5
"Yeah that’s one of the things I’m most worried about, still hopeful!",fear,2
Extremely painful to watch,sadness,5
"Yeah, he knows about my mental health and how bad it cam get, we've tried all the things that have worked in the past ",sadness,5
Had to pause for a sec to properly cringe when [NAME] says why he got sent to the school. Whyyyyy would you *announce* that oh my [NAME],surprise,6
That was fun,joy,3
I'm kinda afraid to ask but did anyone reply?,fear,2
"This is a person who has clearly danced a lot, I wonder what happened ",surprise,6
To each their own. I enjoy it for what it is,joy,3
10/10 reading. I don't care if it happened this way or not. I was sufficiently entertained!,joy,3
He’s bad,disgust,1
"Welcome to The World of... Mobile MMOs. Where power can be yours, for a price.",joy,3
Get outta here and delete your post cause you're sure gonna look dumb in front of a lot of people other than me.,anger,0
Wow! There's no reason for this comment!,surprise,6
Mom.......MOTHERFUCKING CRACK,anger,0
Definitely surprised we took out [NAME] there. We needed to finish the quarter strong and it went straight to shit when he left.,surprise,6
"If someone has tithed 10% their entire life, fuck off with requests like this.",anger,0
Fuuuuuuuuuck that.,anger,0
"I hate the argument too. It betrays and exposes the violent, primitive ape amygdala response that is most Human social interaction. ",anger,0
"I'm 'old school' Manual; left arm (unless contraindicated), straightened, relaxed breathing, no talking, slow release.",neutral,4
"Oh my goodness it's like a happy little cloud! What breed is it? Either way, omg enjoy petting that super soft puppy coat for me! ",joy,3
I was wondering the same thing,surprise,6
"in the words of [NAME]: As big as you're gonna get, so enjoy it. Had to give you a career to destroy it ",joy,3
"Not really, they can do what they've been doing and force a no deal brexit pretty soon...",neutral,4
"Tie em up and shoot em in the head, gets a real bad guy vibe flowing lol",neutral,4
BUT 3 MILLION VOTES!,surprise,6
Mom will get sad. [NAME] still good. Hanging out with friends still good. Money buying foodie exp is still good.,sadness,5
This is scary to know that you went through. People like this are one step away from coming home with a gun or knife.,fear,2
*Hey just noticed..* it's your **8th Cakeday** jama211! ^(hug),joy,3
I had so many avatars named after Star Wars characters on Millsbury. I miss it 😭😭😭,sadness,5
Because I want to be with someone but no one wants to be with me.,sadness,5
BP can bulwark counter A good number of deflects and even drop attacks We have more than that to worry about,fear,2
"Dude I don’t even know what that guys deal is, but honestly, I feel bad for him",sadness,5
"The menzingers are sick, good luck out there bud",disgust,1
It makes me feel good. Wholesome is a very subjective thing.,joy,3
"Cheers, I enjoyed your announcers. Sucks we don't get to play again until next year",joy,3
Fuck that guy for game 2,anger,0
They are both lame.,neutral,4
"It's been deleted, we can't even see what it was now (unfortunately). ",sadness,5
Yeah this angle is nauseating.,disgust,1
This makes me wanna die,sadness,5
My life is complete,joy,3
It's none of your business. Stay out of it.,anger,0
Haven't heard that it has to be under the stars (ie at nighttime) specifically. And that one happens to be only a few centuries old.,neutral,4
"This was posted at the exact same time as another guy posted it on here, and that scares me.",fear,2
"[NAME] and [NAME] were the ones I had in mind, but I'm not surprised they're not the only ones from what I've heard.",neutral,4
What the fuck is wrong with this?!?!?!??? FUCKKKKKKKK!!!!!,anger,0
[NAME] on a pretzel. That is just...fucked up. Those comments are absolutely...I can’t think of anything awful enough to describe them.,anger,0
Damn. Your bed must stink,disgust,1
"I'm glad you can relate. I'm glad in a really alienated, empty way. But glad, still. Probably.",joy,3
"I'm so happy that this worked for you! Go forth, and have unashamed sex in my honour.",joy,3
"i had all of those. checked myself with a GP and found out i had low iron, migraines and needed to visit the therapist re my anxiety.",fear,2
WILL YOU TWO SHUT UP? PEOPLE ARE TRYING TO SLEEP,anger,0
"wow it’s literally disgusting that you’re getting downvoted for pointing out that she abuses her kids. this is the society we live in, eugh",disgust,1
By [NAME]! That’s [NAME] music!,joy,3
*snerk* People like this kill me. Idiots.,anger,0
In my opinion is that any different according to this from here.,neutral,4
I'm afraid you have your terms mixed up -,fear,2
This happened to me recently. She was doing her thing and I was watching Rick and Morty. Wubalubadubdub,neutral,4
You're pointing at me You pointed first I'm signaling that's not pointing Stop pointing at me!,anger,0
After hearing weights drop - I can't imagine they're that good for the floor....,surprise,6
Glad to hear it :) definitely more on the way!,joy,3
"My friend on PS4 said that if you don’t stay to kill the bear, you can’t kill it.",anger,0
What’s the clip from? I’m scared to put “teen boy good kisser 900 number” into YouTube,fear,2
"Hey. As long as the person I help is better off than when I first saw them, I’m happy.",joy,3
This is the worst thing I've ever seen. Take my upvote.,disgust,1
Omg creepy!,fear,2
Being disgusted at disgusting things is grown up.,disgust,1
[NAME] is worse.. [NAME] is really bad as well..,disgust,1
SO FAR I couldn’t even listen to all of zombie bastards and ckth was mediocre,neutral,4
Oh they should also mount a shelfie stick on the pike wall to capture all the action!,neutral,4
I'm so glad the Ontario government sold off that money pit. /s,joy,3
"I'm so sad for you, I'm so so sorry. 💔",sadness,5
oh [NAME] this is horrible,disgust,1
It's practically non existent. Im mostly afraid to initiate a hug because I'm afraid I don't know/forgot how to hug.,fear,2
I read fuck and not tuck. Was wondering how the hell it wasn't creepy....,surprise,6
"He was an awful HC, is in his 70s and has repeatedly said he doesn’t want to do it again. ",disgust,1
Bad news dude. You're almost 100 years past that.,sadness,5
"Sadly, I’m younger. 15.",sadness,5
It took a surprisingly long time for this to be seen by me on this sub.,surprise,6
Wonder where all the shit is.,surprise,6
For some people its about not wanting to look cheap.,neutral,4
Its hard to look at. Its just gross.,disgust,1
"So in other words, he wooooshed",neutral,4
Brings back so many memories from the Guitar Hero 3 days.,neutral,4
Damn it.,anger,0
its disgusting where our society is. free tube sites need to be banned,disgust,1
I’m worried about [NAME] too,fear,2
"[NAME] fucking [NAME], that man is enormous.",surprise,6
"Not out of a trash can though, surely? That'd be disgusting.",disgust,1
"Damn, I need to find this trade school which lets you make your personal animals",anger,0
Burn it!,anger,0
Surely a regime that would kill millions of people wouldn't *dare* tell a lie.,neutral,4
That hurt too much to watch twice.,sadness,5
Could have been worse if a piece of metal exploded into him instead harmlessly on the beach,disgust,1
Why does it matter? Isn't this just 2 oppressive systems of control fighting against each other?,neutral,4
I always thought filet mignon had bacon and garlic butter. Colour me surprised Deliberately ignoring anything to do with the minion,surprise,6
nah man im just shook and dead™️,surprise,6
"Wow, hearing him swear, thats gonna be something ",surprise,6
When has the Alt-Right ever been working class? Its always the richest white guys who are horribly socially inept.,fear,2
Paws come flying out from the dark,neutral,4
the older me would be scared shirtless knowing all the fireworks that exploded nearly in my hand as a kid,fear,2
Punchy is Life <3,joy,3
"To be fair, it is worse than staying in the EU, but good grief it's better than a no deal.",disgust,1
Damn that was ugly,disgust,1
I'll try that but I'm thinking about going outside when it is unbearable to sleep. Also I'm scared of cold making me more sleepy.,fear,2
That opening is quite terrible tbh,fear,2
imagine being engaged to someone and then finding out he has been hiding that he is a MLP fan,neutral,4
Wow. Good thing [NAME] are known for having ample savings since our country treats the average worker so well.,joy,3
Yeah I'm glad he got caught. What a piece of crap.well at least he won't be a virgin in jail anymore haha,joy,3
:( im sorry,sadness,5
Sex is gross and gross things are immoral to conservatives unless they are doing them.,disgust,1
"But the poster, on the other hand...",neutral,4
Not available in my country. Can't believe this has to be a thing in the modern age.,surprise,6
I really hate ginger ale. With a passion. The scenario in that scene makes me sick to my stomach.,sadness,5
Never said that. Not once. Punishment isn’t slavery. Unless you’d rather just kill lawbreakers,anger,0
Yeah keep filming your kid kicking a dog in the face. I'm suprised this isn't on r/funny,surprise,6
"I find it sadly ironic that a man's job is to protect his family, yet if he's alone with his children they question their safety.",sadness,5
"You know damn well they'd say ""Narudo"" and ""Assault on Titan 13""",neutral,4
“How dare you use your breasts for their biological function instead of my enjoyment!”,anger,0
Yes - sometimes I see amazingly detailed little faces. It's so weird.,joy,3
"Screw DBs swill, their creepy Children of God (cult) employees, and the traffic mess it creates on Rural in Tempe",anger,0
The Tommy Gun as a crate weapon! Just the worst feeling.,disgust,1
BREAKING NEWS: The new girl had to shred/chip a 6lb entire chub of Kentucky Gold ham today. Poor girl's arm ached the rest of the day.,sadness,5
When that intro drops I get so into it and scare my cat,fear,2
"Joseph Vincent is the goat when it comes to highlights, I’m so happy he made a Saquads video",joy,3
2005? I think we might be the same person lol. What a terrible year. I go back to that one a lot.,fear,2
RemindMe! 7 days,neutral,4
The fact [NAME] met her at the airport should tell you all you need to know about why they did it. What a farce.,joy,3
"Dig up, stupid! ",anger,0
Yuuuuuuuuuup. It's horrible.,fear,2
Nope. You're a weirdo.,disgust,1
You’d be surprised how often that works though,surprise,6
"The real villains are those aware of the cruelty of life, but then reproduce anyway.",disgust,1
"Speaking of the weddings, [NAME] straight up stole [NAME] and [NAME] wedding. Not exactly wholesome. ",neutral,4
[NAME] fucking dammit,anger,0
"Even if you think me and him aren't soulmates, youve gotta be pretty sad to think soulmates don't exist. ",sadness,5
If they take on Crabbe it could be alright. We should try to get [NAME] and [NAME] from Chicago while dumping Crabbe.,neutral,4
"Wow, the menacing head shake...(shivers) ",surprise,6
I remember writing on them was horrible. Slight delay which threw me off combined with the letters ending up looking like crap. Whiteboard was so much easier.,fear,2
Happy cakeday your username is fun,joy,3
"Lucky, when I did it my nickname ended up being [NAME]",joy,3
It seems strange to me that [NAME] is still unsigned this close to the season.,surprise,6
terrifying every time.,fear,2
What have I watched ?! My eyes!!! Mom!!!,surprise,6
"Either way, I am afraid his marriage is over. She doesn't respect him anymore...",fear,2
"creepy, the only way to make it more creepy is to leave it on her bed stand table to find it in the morning. ",disgust,1
LETS FUCKING GOOOOO,anger,0
Your just killing time now.,anger,0
..and it's awful. What a waste of money.,disgust,1
Happy Daily Peko #270! Source couldn’t be found I think it’s from the manga.,joy,3
[NAME] will be proud of people who share links from conspiracy websites in order to “defend” him. Hahahahaha,neutral,4
Yeah this is definitely a wooosh.,neutral,4
I'm glad to see I'm not the only one who snorted at it!,joy,3
Wow I never noticed that either before you pointed it out,surprise,6
I'm sad that I gave that shit article a page view.,sadness,5
"“Jinkies, unmasking the monster is such a pain... Nyeeeeeeeeh~.”",sadness,5
This sounds like the kind of comment my weird uncle would leave on my Facebook post.,disgust,1
"Turn off your phone, computer or even the internet. It is scary to do but just for now when the urges hits.",fear,2
this off season is dark and full of terrors,fear,2
"Whoa whoa whoa, dont go firing him into the rest of us. He is your alien being",surprise,6
Oh my [NAME].,surprise,6
TBH she kind of brought it on herself. I'm glad the GM came to his senses.,joy,3
Who is bored? I happily entertain myself.,joy,3
"Weird, FBI did an investigation and proved that never happened. White knights make me cringe.",fear,2
Quite surprised I wasn’t on there,surprise,6
Stotts raising Nurk's usage rate is making me a happy fan,joy,3
"[NAME] is bae, how dare you.",anger,0
Glad you liked it!,joy,3
Welp these were my happy tears of the days. :’),joy,3
me too! a guy a few posts up as well... I wonder how many of us we need for a class action lawsuit,surprise,6
"That’s not munchausen. She has a diagnosed illness that’s a terrible, terrible one to suffer from. This is a pretty shitty reply.",fear,2
I’m glad not too much time was put into this,joy,3
Lakers running an awful lineup and [NAME] was too dumb to change it after the timeout. Thibs levels of Stubbornness,disgust,1
Vancouver is even more ridiculous.,disgust,1
Please ruin my wedding,neutral,4
The more you wind me up the worse it gets for her later on,disgust,1
"Ooooof, that’s annoying. I’m sorry.",sadness,5
Pure unadulterated hatred. It’s disgusting.,disgust,1
I really don't think healthy people with no other emotional issues regret having their kids.,sadness,5
Oooo too soon man,surprise,6
"You're saying some surprisingly stupid things for someone named ""[NAME].""",surprise,6
Hulu is awful for this. The volume on their commercials is deafening.,disgust,1
"You can't be worse than [NAME], your hired!",disgust,1
Same. Not being hateful to the op but I don't see the connection.,anger,0
21 year old here! I had always wondered when I would feel like an adult... according to this thread looks like it never happens,surprise,6
Oh....yuck,disgust,1
hmm... it didnt work for me when i posted it but now it does... weird af,disgust,1
I look forward to him posing for photos with his new mole-wife.,neutral,4
~~Comrade~~ [NAME] I'm appalled that you would accuse me of using performance enhancing drugs. Neigh! Neigh I say!,fear,2
"It’s been good, made me able to function much much better. ",joy,3
And Meteor Man Edit: Hancock was a superhero movie too even though it was terrible.,disgust,1
"Pretty terrifying. Imagine if you went on a school trip, did nothing, and came home to this.",fear,2
That's definitely way over the top. He's not anywhere near that bad.,neutral,4
Oh my god Del Monico. Horrific. Even the ambient smell in the hallways makes me gag.,fear,2
"Yeah, the big thing I'm glad is he hasn't ballooned up. ",joy,3
Yeah I don’t think [NAME] wants you to fuck my wife/his girlfriend anymore you cuck,disgust,1
I like to be scared actually!,joy,3
"Don’t rush it .... it will eventually all fall into place, Enjoy today ",joy,3
My soul twin must be [NAME] because I’m terrified of water!,fear,2
> [NAME]. You disgust me. But seriously when do we get a real show and skip the constant ad teases.,disgust,1
"Penguins on a 7 game heater, big game here boys",neutral,4
"This was the one post that truly frightened me about the insane left. They are a cult, and not on our side.",fear,2
If I died I've always wondered who will be at my funeral. I imagine only my mom. Maybe one of these days I'll find out.,sadness,5
[NAME] made me like a sleep walker.. I did things I didn't remember doing. Scary.,fear,2
"Just gonna be mean here, those are all hideous :(",disgust,1
Keep going in this way and help me to control my dreams before in 30 years.,neutral,4
I have his signature on my jersey. Lined up at Canadian Tire for it when I was younger. Happy retirement!,joy,3
"[NAME] hears bible verses and is like ""fuck this shit""",disgust,1
"I say it every day, buddy. I'd rather pay more at the pumps than be so selfish that I'd sell out our children's futures.",neutral,4
FUCKING NORMIES REEEEEEEEE,anger,0
"Stop, your hurting me!",anger,0
He has the maturity of a 2 year old and you are right...ugly in his soul.,disgust,1
There is nothing more disgusting than those who put children in danger unless it is the people who allow them to do more harm.,disgust,1
"To my knowledge, Blizzard doesn't have problem with ppl having more than one account. ",neutral,4
Sucks that [NAME] won't get to play [NAME],anger,0
Rusty you the bomb! I'm okish now but just knowing you are out there makes me smile! Cheers! xoxo,joy,3
Omg saucepan what a daring and unconventional look!!!11,surprise,6
Weird headline. 2 children per mother would be expected to shrink the population.,disgust,1
Thats beyond shockingly bad. A new level of terrible. Wow...,surprise,6
I CAN DOWNLOAD ADS BUT NOT THE THING ITSELF FFS,anger,0
It’s ugly. Bye bye and good riddance.,disgust,1
In my few years playing I never knew this ... I feel so lost now,sadness,5
This has to be made as a satire of terrible memes . Like r/okbuddyretard material,fear,2
"I'd be extremely shocked if we don't get [NAME]. As for [NAME], I don't know much about him",surprise,6
"I will let my nonexistent child die, thats all right with me!",sadness,5
"I feel you, names are the worst. ",disgust,1
Woo hoo!,surprise,6
"ultimately, you want a pitcher that is better than average at pitching.",neutral,4
Pretend it's a multiplication table. Memorize a bit at a time.,neutral,4
"Omg the etsy side hustle. I have time to do that, and it fulfills me so much",joy,3
"22 points in 41 games with a pretty shitty Utica squad, first full year in NA... yeah I don’t want another Dahlen debacle ",anger,0
"Im at the game,somebody please put me out of my misery ",sadness,5
it really sucks how absolutely fucked some of us got genetically in the chest department,anger,0
Congrats to you,joy,3
Suck really hard and hope it ends soon? And don't swallow!!! Bleck - sex is so much better with a woman.,anger,0
I’m crying omfg,sadness,5
So happy for you both!,joy,3
Most people buy them new because the risk of them being involved in some sort of accident is just too high.,neutral,4
"The happiest of birthdays to you, [NAME]!",joy,3
When I drove refers I was always afraid this would happen to me. I always shut my doors I'm just a worrier,fear,2
Reddit is losing their heads on /r/worldnews and suddenly they're a huge fan of [NAME].,neutral,4
I could crush him like a bug right now.,anger,0
This looks like don't hug me I'm scared,fear,2
"Happiness is not earned, it is a choice that can be made once your basic needs are met.",joy,3
I think they were just doing their job. Reporting what they saw. And yea that was the happiest I have seen [NAME]. Weird.,surprise,6
this makes me miss my girflriend,sadness,5
"Mate just go out and get yourself a steak dinner, you will enjoy it much more than Artifact.",joy,3
"So it *was* you I saw in the window in De Wallen, then? :D",neutral,4
Ha me too. I’m afraid we’ve been called out,fear,2
I do that when I don't do my hair and I don't want anyone to see me looking like that,neutral,4
That...felt good...can I cry on your shoulder?,sadness,5
With those pieces I’d be surprised 😒,surprise,6
You sound fun at parties,joy,3
[NAME] fucking [NAME] please no,anger,0
This grammar is horrible. Discovering something is a fixed single point in history which should have been simple past “was” instead of “had been.”,fear,2
"Nah, black bears are big scaredy cats Now brown ones on the other hand...",fear,2
"Dude, y'all anti American scum don't even believe in science. Fuck off with your generic bullshit because you can't list a specific example. ",anger,0
"weirdly enough drug addicts are still human beings, shocking I know ",surprise,6
"I am afraid to look, but my morbid curiosity draws me to ask.",fear,2
"ick! That makes me feel gross. I have ""Addison's Disease"". ",disgust,1
"Guys help I can’t stop playing it, my hands are in so much pain!",sadness,5
this literally made me sick to my stomach,sadness,5
"OK sweaty, have fun in ur collapsing Union while I'm restoring the Empire xoxx",joy,3
He happily accepts the hugs. He hugs me now and again. He also has no problem accepting hugs from his mum.,joy,3
Crazy how before the offseason everyone was talking 350-400 mill deals for [NAME] and [NAME] as if that was all but inevitable,surprise,6
Man this sucks. Hope you’re enjoying life in a big house with lambs!,anger,0
This is so aesthetically pleasing. Wow. And yum!,surprise,6
"Aha! This is my fear, that the gloss over key elements because they want to target a wider audience!",fear,2
Go fuck yourself.,anger,0
That's the reason I am terrified to wear contacts on duty. I'm afraid it'll get stuck between my contacts and eyes and destroy my pupils.,fear,2
"Completely correct. But he Might have lost control, blown a tire, etc., or maybe just panicked human error. ",fear,2
I hate that. PC is way better for using the internet. I also hate how all the important features for the website missing on phone version.,disgust,1
"You live for it, it's the only reason you're here. ",neutral,4
I got mine a few months ago and honestly apprehensive to wear it out to a game in fear of staining it.,fear,2
And they wonder why they don't seem trustworthy. Maybe someone should tweet about it and they'd notice.,surprise,6
I would of taken a shit in the woods real quick,disgust,1
"Wow, this is my trashy goals in life. This woman is living out my dreams.",surprise,6
My parents are going to kill me when they find out.,fear,2
Sadly this is not a new issue for Ukraine. Please take a moment to remember Babi Yar :(,sadness,5
I feel your pain...,sadness,5
"Oh so you're being a troll, good to know.. I actually thought for a second that disgusting, freak couples like y'all actually existed",disgust,1
"I would think terrible, awful things.",fear,2
Baby mama was a comedy about this- but with a much happier ending,joy,3
She seems like such a happy kid too!,joy,3
I'm so glad you're annoyed.,joy,3
I hope this is better than The Middle I mean it's [NAME] so it's going to be decent at worst.,disgust,1
Talk to your grandparents... you will be surprised on how much general knowledge they have to share.,surprise,6
Can’t believe we’re letting [NAME] go. So much energy since he’s come on.,surprise,6
another one of those chicks sacrificing her children for a man and 'happiness',sadness,5
"I would be unfulfilled and unhappy. I enjoy meat, thankfully I own my own plot of land and can hunt on it at will.",joy,3
I am interested if still available. This would be way more fun then my smith center season!,joy,3
Last refuge of serous fluids and the dreaded endometriotic nasties.,neutral,4
"We're worse to animals than we were 100 years ago, js.",disgust,1
"*She. This was posted by a woman, apparently. Its just as disgusting either way though.",disgust,1
Omg lol at least now you Will be more careful before throwing out words like that. I would die.,surprise,6
"THIS IS NOT DETROIT, MAN! THIS IS THE SUPERBOWL!",anger,0
The Square. The gross pretentious privilege in this film made me want to puke.,disgust,1
"""We lost good people on both sides""",sadness,5
"I'm with you, pulju has been looking dangerous lately",fear,2
You have been rewarded my friend.,neutral,4
"Because bullying is a way to enforce social conformity, and discourage people from being different. ",disgust,1
Well.... it’s even more weird to drink the milk of other species..so...,disgust,1
"Tool fan from the U.S. here. Something seems off about this question. Cheers, mate!",joy,3
I hope you survive this. Losing a friend is a heavy loss,sadness,5
Fuck that. Anyone who makes a career out of spreading bullshit to morons is worthless trash.,anger,0
"[NAME] is killing it! I really like her, she's got a future me thinks.",neutral,4
This guy footballs,neutral,4
"The third was fun with the [NAME] & [NAME] banter, but my vote still goes to S1 for being mostly faithful.",joy,3
"Such a shame. Her butt was pert, cute and perfect in her Vogue days. Yes, I am showing my age.",disgust,1
You sure its not just the host quitting which disconnects everybody? Happens all the time and its incredibly frustrating.,anger,0
This is hilarious,joy,3
I was just in shock when she answered the door for devoin.,surprise,6
How many gallons do we need is my favorite so far. The sad part is that it was always pleasant.,sadness,5
Sadly I don't think even half the people who watched the game are gonna hear about that.,sadness,5
"So good to see [NAME] back, looks like he hasn't lost a step.",joy,3
The scorpion one on the swing set looked so bad. I think I heard her back break/crack.,disgust,1
"Mushroom is the most objective recounter we have, he makes pretty clear [NAME] preferred fucking around in flea bottom over any sort of responsibility.",neutral,4
[NAME] damn it,anger,0
What I know is you seem perfectly comfortable being a hypocrite but utterly outraged at the idea of admitting to it.,anger,0
"Wow City all of a sudden not so invincible anymore, have as many defeats as us now...",surprise,6
"Sadly no, but I hear it comes with a sweet bottle opener! And you can't spell Bottle Opener without Lebron.",sadness,5
"That's awful. If I were a celebrity, I would probably do the same.",disgust,1
this is such a happy video,joy,3
>hasn't been any form of arrested development Well fuck,anger,0
Funny how it do,joy,3
"What an obnoxious, drunk girl. ",disgust,1
"Keep spreading the word fellas. Wishing you all a great 2019, love you guys and the whole community.",joy,3
Gratzy-Gratzy. You have a brought a great joy to this old Italian stereotype.,joy,3
"we have a ""righty"" complaining about ""lefties"" making up BS, while they make up BS... sad.",sadness,5
Oh what a day! What a lovely day!,joy,3
stupid science bitches,anger,0
"That's just....sorry, but stupid is the only correct word.",sadness,5
"I feel terrible but I do this too, or watch obese people doing mukbangs",fear,2
Me too! I got scared that I've been laundry inpaired my whole life and never even realized it!,fear,2
The way colt talks in that weird calm voice is like a psychopath. I hate it. It’s so condescending and creepy.,disgust,1
“What a bummer. He ded. I look at sky. Maybe bird make me happy.”,joy,3
oh my [NAME] is this real,surprise,6
"i ended up crying and breaking down once i got to my friends house, i'm so sorry that happened to you as well :~( ",sadness,5
I wonder if the formal letter from the psychiatrist will help if cops just decide to shoot her first :(,surprise,6
I can guarantee you for many the hate for this administration started much before the election results were in.,anger,0
seems like an odd time to post this,neutral,4
The sad part is that we are not trying to tank,sadness,5
Sports are fucking garbage. Basically just religion but with jerseys and beer in public.,disgust,1
> The defunct club still sit third in the overall NI league roll of honour despite not having competed for 70 years. Wow,surprise,6
he is a very dangerous man,fear,2
plumlee is such a bully. i love it,joy,3
Well first I need a girl friend. Multiple personalities are the next step.,neutral,4
"oops, my bad.",sadness,5
"Happy Birthday I hope this means anything, the little things matter sometimes.",joy,3
> it. Just because they're not vertebrates doesn't mean we get to kill them for amusement. It literally does though,disgust,1
Sad but true,sadness,5
I live an hour from one but was afraid of driving all the way there and them telling me that I have to order one.,fear,2
"[NAME] is the only one of those 4 to win a playoff game as a HC Keep in mind it was on a last second play, still counts",neutral,4
TRENDY PEOPLE DANCING WITH PRODUCTS,anger,0
Ultra Despair Girls 2 >!We get Monaca back from space.!<,neutral,4
"Apologies, got a little carried away. ",sadness,5
What does Clemson give pride stickers for? Snaps played?,neutral,4
Yet another clown whining about discussions about bitcoin in a bitcoin sub.,neutral,4
Don't make me cry...P.S. Happy cake day!,joy,3
I'm so sorry. That's awful.,sadness,5
Conservatives now hate dancing... anybody surprised?,surprise,6
Of course. Queen!,neutral,4
I feel terrible for their daughter. I wouldnt want to grow up in between the middle of that.,sadness,5
As lad she comin,neutral,4
i hate furries,anger,0
My 1 year old ate TWENTY TWO broccoli tots for lunch. And he still wanted a cookie afterwards. Like...what?!,surprise,6
"American conservatism has been stolen by the neo Nazi, bigoted crowd. [NAME], [NAME], et al would vilify these hacks.",neutral,4
I am glad your okay.,joy,3
What the hell,anger,0
I feel personally attacked.,fear,2
[NAME] is scared out there. Didnt want the ball,fear,2
My first thought,neutral,4
"Man, this analogy is frighteningly spot on. Makes me sad for the province.",sadness,5
She actually did,neutral,4
Idk how to use any.... the 5th one looks scary,fear,2
I can't believe he told that story. I'm sure the minister that released the water is now so totally regretting not asking for a bj!,surprise,6
What in the fuck was [NAME] doing there,anger,0
I unfortunately can not afford a lawyer. Luckily the only thing that we shared is our daughter,sadness,5
"Malevolent as I've ever been, head is spinnin'",disgust,1
Could you imagine? That would be so terrible for viewers. 😂,fear,2
I'm just here to say fuck [NAME],anger,0
[NAME].,neutral,4
I'm moving to the UK in 2 weeks. This terrifies me.,fear,2
Beyond nightmare!!,fear,2
That is insane,neutral,4
You're an idiot,anger,0
wat u fecker,anger,0
"Peeps poisoned our water supply, burned our crops, and delivered a plague unto our houses!",sadness,5
"""Figured you might like to learn something.""",neutral,4
VUC YOU IDIOT!!!!,anger,0
Yikes. She sounds like she's one bad grade away from shooting up a synagogue.,disgust,1
I was wondering that as well....,surprise,6
What a pathetic reply. I know we’re all supposed to be nice here but c’mon.,sadness,5
I am so very sorry that you are dealing with all of this,sadness,5
"Ah yes, my apologies!",sadness,5
A bit of storybook now and again never hurt anyone :D So happy for the both of you!,joy,3
Who the hell is that. I only got my account 2 months ago,anger,0
Out of all the seasons I definitely feel the worst for her,disgust,1
Goosebumps had the same take on those too. Those books used to scare the shit out of me,fear,2
Anyone else not like optics logo this year. The 2 greens look awful,disgust,1
"I'm glad for that. Once that check comes in, I only have about $3000 to work with.",joy,3
This made me incredibly happy and incredibly sad. Sometimes this universe robs us of the wrong people.,sadness,5
Imagine being scared of a black bear,fear,2
... and no one seemed to care Except that lonely woman with white hair,sadness,5
The top half of the dress looks perfect. It’s the bottom that’s bad.,neutral,4
Maybe check the song title one more time chief. Love the song tho. Also today’s a Scared of the Dark kind of day for me,fear,2
9. Some of us just don’t like fucking dogs. Fuck off. Stay away from me.,anger,0
But [NAME],neutral,4
That looks like a fun group,joy,3
"[NAME]: ""WTF, it's just a prank bro!""",anger,0
oh [NAME] what did i do,surprise,6
I high key thought this same thing then it was sad boy hours when I broke things up,sadness,5
Misogynist! Anti-women! Bigot!,neutral,4
I haven't had class in three years and yet I've literally had this nightmare dozens of times.,fear,2
Imagine if we dont trade [NAME] and [NAME] fans just kill all of us.,fear,2
Glad your a Liberal supporter.,joy,3
"I was wondering what that was and now, I need to go get some brain bleach.",surprise,6
[NAME] is a moron. Why take the ball away from your best player and give arguably the best RB in the nation the chance to run it out.,anger,0
"No, some of us thought it was gross back then too.",neutral,4
"Yes! I play both, because I like the combat of one and everything else in the other.",joy,3
It is so refreshing to have [NAME] gone.,joy,3
Right before that he called [NAME] for getting barged in the back and nearly kicked in the face. Weird performance. Didn't change the result mind,disgust,1
"I have no advice, but I can commiserate, and offer hugs.",neutral,4
I wasn’t even expecting the reply that’s why I’m literally bamboozled.,surprise,6
This is the most Boomer thing i've ever seen,surprise,6
I’m still waiting for 4 EBT withdrawals marked complete on Dec 7th 2018. Later date EBT withdrawals were paid oddly.,neutral,4
"Ah, alt right thinking. Afraid of people who have anything 'upstairs,' or 'between their ears.'",fear,2
He is just awful enough to do something like that.,disgust,1
that was a horrible fix,fear,2
Terrible... children are innocent and precious. This is so barbaric.,anger,0
Right?? It makes no sense she’s horrible,disgust,1
Yo this [NAME] was literally pulling moves out of the Hitman games jumping over to your balcony. Thats terrifying.,fear,2
I hate waking up. Being asleep doesn’t last long enough. Being asleep is so peaceful.,anger,0
Well they called and said there was a pricing discrepancy and they could not honor it. 😭 sad day.,sadness,5
"Such a sad, angry person. Take a break from reddit and go take up cycling or something.",anger,0
"Not sensitive, just scared that a sub I enjoy will become divided and will have in-fighting.",joy,3
damn this comment history is something else did Willy kill your dog or something,neutral,4
Ive seen that move no less than 5 times and I still get irrationally angry at the Harvard rich kid,anger,0
You die > mom will be sad,sadness,5
Stumbling out of a closet in full [NAME] outfit... I'm afraid it's not,fear,2
An online poll that the Berners didn't manage to swarm? Color me shocked.,surprise,6
Thats why i sleep with 4,neutral,4
It's the hard R that'll get you in trouble.,fear,2
If you had to think of a way to survive this how the hell would you. Damn,anger,0
A better description would be she got a nasty fright rather than it being terrifying.,disgust,1
"Well I'm scared as shit let's hope for the best, benz should be back(?)",fear,2
*Hey just noticed..* it's your **5th Cakeday** [NAME]! ^(hug),joy,3
"come on, Redwings won, Knights need to win. give me another 2-fer, baby!",joy,3
yeh and the new ones just feel like reskin cod games sadly,sadness,5
This is a terrible idea,fear,2
No I've been here for 5 years :( it's just gotten worse and worse,disgust,1
Omg I’d happily live in Cape Town instead of the US!! It’s literally one of my favorite cities on earth!!,joy,3
"Oh, fuck off. It’s no one’s fault but yours that you think every mention of the word ‘men’ means you specifically. ",anger,0
[NAME] combat is terrible and the only reason I don’t play it anymore,fear,2
"ah that explains things. people have brought him up a few times to me, I run all the pig subreddits and my name is also [NAME]. ",neutral,4
"Sure, but no reason to assume that person has only ever heard ""polyam"" and not ""poly"" and would use one over the other.",neutral,4
So much for [NAME] being [NAME] shadow,neutral,4
"""there should not be capitol and a period on you previous"" yeah ok bud also, instramentals btw ",neutral,4
Reddit culture is truly the worst.,disgust,1
Yes that was abuse.,anger,0
"This screwball is an anti-semite [NAME] supporter, no point in engaging it. ",neutral,4
[NAME] was the same in Crestwood. Scary as hell.,fear,2
Its natural to fear what is unknown. Especially when someone is trying to force you to open a sketchy box while probably grinning the whole time.,fear,2
remind me of this kid. Young people just being innocent on the internet,neutral,4
>testing teenagers for four mystery roles Oh good lord. This is going to be even worse.,disgust,1
Those are some pissed off lookin Nucks,disgust,1
Technically it’s the abdomen. Stomach and belly are just informal synonyms. That girl is a racist and an idiot.,anger,0
"so basically, there’s a rumor that there’s a rumor that [NAME] trilogy might take place after the ST?",neutral,4
Oh she dead,sadness,5
"Philanthropy really scares some people, doesn't it? People did this to [NAME] too. ",fear,2
"[NAME] woke up, it was all a dream, he was really looking forward to King [NAME] visiting Winterfell. They had a good time",joy,3
"You know I never thought I'd celebrate someone's death, but once she goes I'm going to have to try very hard to not enjoy it...",sadness,5
Read in the news yesterday that 3.6 million have lost their insurance since the rump took office. I wonder how many of them died because of it?,surprise,6
Hooray! ...But I'll still never be able to afford a home.,sadness,5
The lips imo,neutral,4
But it’s so hideous,disgust,1
How did this not get marked as meta? Tried posting something similar here and it was instantly flagged as “meta commentary about the sub” and blocked.,surprise,6
your character's so broken!,anger,0
As opposed to?,neutral,4
Low ^hanging ^^fruit,neutral,4
I woke up drunk and mouthy,disgust,1
I think the popularity of Alliance confirms my point about radical centrism on here,neutral,4
That blows. Glad you're doing better.,joy,3
I'm with you. Would this news surprise me? Absolutely not. But I'm not believing anything regarding this subject unless it comes from [NAME] himself,surprise,6
"I literally, like, hate people like that.",anger,0
We’re all bible on this blessed day,joy,3
3:32 excuse me what the fuck.,anger,0
Please don’t murder me,fear,2
[NAME] shitting the bed like a 4 year old with diarrhea,fear,2
Is this [NAME]?,surprise,6
sad that the Euphoric tipbot is no more,sadness,5
Weird flex but ok,disgust,1
Omg! An attentive parent actually teaching their children to safely handle guns! The horror!,surprise,6
There are worse things!!!:,disgust,1
[NAME] and [NAME] for [NAME] then sign [NAME] afraid this battle station is fully operational,fear,2
"Oh, how I miss real spicy Chinese food. Day after, not so much.",surprise,6
sorry. I don't want to put words in your mouth.,sadness,5
How the fuck is that not ticketable.,anger,0
This is disgusting.,disgust,1
And what guns you like to use?,neutral,4
I feel sorry for her son that must have been super cringe,sadness,5
The only thing keeping me warm in this subzero temperature is my fucking hate for [NAME].,anger,0
US labor laws are fucked up,anger,0
He likes an old song and is young DISGUSTING,disgust,1
I’m tired of these stupid posts. Stop trying to become a meme. You’re ruining this sub!,anger,0
So juicy i'm surprised the man from Del Monte isn't knocking at his door.,surprise,6
Why is she the absolute worst,disgust,1
"I was shocked. They were talking earlier on the news about her losing by less than 100 being a victory, of sorts.",surprise,6
"Hear, hear. I'm just lucky my career field is relatively un-fuckerized. Truer words have never been spoken.",joy,3
RED ALERT RED ALERT,fear,2
Wait wait wait... did [NAME] go 61-27??,surprise,6
Sad because you don't get any women?,sadness,5
Happy for you!,joy,3
"It's so sad that people don't vaccinate their children. For every upvote to this post, I'll vaccinate my child in protest. ",sadness,5
"Those refs were terrible, god damn. GG Buckeyes, it was much closer than the score suggests.",fear,2
"And a hell of a lot better receivers. [NAME], [NAME], prime [NAME], [NAME]. ",anger,0
Those ears...those horrible ears,fear,2
You’re an awful troll...,disgust,1
Wow random irrelevant internet person has the secret goods on [NAME]. Maybe we’ll finally get to the bottom of this birth certificate thing...,surprise,6
I hate people who have the blinders on when it is one of their friends,disgust,1
I was thinking it’s sad that a team that hasn’t had a FRP for what seems like a decade has a better record than us.,sadness,5
"Agreed, rarely get mad at ones like hun or darl. Being called boy by an old man however is infuriating.",anger,0
I was AF enlisted too hahaha,joy,3
This is so true cause I always think “are they just using me for sex?”,sadness,5
Thats right. Source- violated probation once. Sat inside.,neutral,4
"I was afraid things would if we kept seeing each other, which is why I brought this up to her now rather than later. ",fear,2
...what? You're far more concerned with the o line than signing [NAME].,surprise,6
Grats man. I hit my second live one today coincidentally! Feels good :),joy,3
[NAME] so much hate.,anger,0
I'm glad he's still watching,joy,3
my soul has long been destroyed :( it’s over for us nosoulcels,sadness,5
That's crazy. Glad you got your money back though!,joy,3
"On this blessed day, we are all KQLY.",joy,3
Sticking his tongue out.... ugh,disgust,1
Fuck ya boys let’s go,anger,0
I learned that recently driving into SLC for the first time in the rain/snow. I couldn't see shit. 1/10 Was scary.,fear,2
"Really? Edit: Ah yea, I saw the original one. It still reminds me of Wind Maker.",surprise,6
"""If you don't support no go zones, you are racist!""",anger,0
Oh a cat !,surprise,6
Of course. Just know that I know that you know you're a liar.,anger,0
I'd argue they are advocating not fighting the fire in your house when the entire neighborhood is engulfed in flames.,anger,0
Feels good to be a Nets fan right now,joy,3
Same pigs who bombed a mosque full of kids learning Quran. In Shaa'Allah those terrorists will burn in hell,anger,0
I'd be happy with a Goff win too. And you can't hate Brees. Rams vs. Chargers would be perfect. final score 72-70.,joy,3
[NAME]’ ego has turned him into such a bully. He seems to get off lately on witch-hunting and encouraging his “sisters” to harass people.,anger,0
We needed some way to torture a guy so a religion can be created.,anger,0
I kiss the shade all dude. His username was trewdat. I miss that guy.,sadness,5
"No, just act surprised if anything comes of it. ",surprise,6
I'm now scared to post this link]( I guess I should [stop.,fear,2
* No flaming or insults,neutral,4
Wow I didn't know it changed your face so it doesn't break rule 1 and 2? /s,surprise,6
Favorite color.,neutral,4
Because it's not mildlyinfuriating that you have to ask strangers to not be assholes?,anger,0
That beat slaps. Good memories,joy,3
Omg!! They are kinda turning [NAME] into new [NAME].,surprise,6
Sadly the minimum wage in Virginia is only $7.25 an hour so that definitely would not be enough.,sadness,5
Im surprised those ebrats who tried to steal your step daughter's board didn't complain to the mom about it.,surprise,6
22 years to the day. It was uncanny.,surprise,6
Glad to see you guys are treating him well,joy,3
"And judging from *this* comment, I think you should know you sound like a troll.",neutral,4
"Lifesite “News” doxxed him. That website is just pure hatred distilled, it’s disgusting.",disgust,1
happy cake day.,joy,3
Luckily my wages are rising faster to compensate. Oh wait...,joy,3
I like the new colors significantly better. Old ones might have been some of the worst in OWL.,disgust,1
You are unfortunately far and few between.,sadness,5
I'm too scared to start Black Mirror because it honestly seems like we might not be that far off from some of it.,fear,2
My [NAME]! This isnt a vaccine! It's a jello shot!,surprise,6
Cheers!!,joy,3
A too little too late comeback in the 4th. Where have I seen this before,neutral,4
What an immature response. With a little passive agressive racism to boot. Classy.,anger,0
I’m doing my part!,neutral,4
Wimbledon’s instagram posted about [NAME] and his relationship with the Open and I ended up crying. Not ready for him to hang it up,sadness,5
"Basic translation ""I'd rape you if I weren't a virgin!"" Super creepy.",disgust,1
That's one of the only times I've ever felt bad for [NAME]. He was relentless and would not let it go!,sadness,5
"Cheers, [NAME]!",joy,3
This is so sad. #playdespacito,sadness,5
I wonder how many tries it took to get the spacing right,surprise,6
Wow. You don't have any self control?,surprise,6
How so? How do you keep stupid people from voting?,anger,0
[NAME] freaking [NAME] all the people down range just staring. -_- GO INSIDE DUMBASSES.,anger,0
"i heard it was like 300,000 german pows he just sprayed down after shooting his 30 round mag into them.",neutral,4
Fear mongering.,fear,2
"I feel like [NAME] was impossibly bad enough to warrant memes about him. [NAME] is just bad, boring, and too invisible to really hate.",anger,0
I’ve lived in Florida. Hurricanes are *much* worse.,disgust,1
I didn't know [NAME] was in a j rock band,surprise,6
"Due to work, gotta stay legal. Edibles aren’t legal yet sadly. Fortunately not taking it for cancer though, just pain.",sadness,5
That is disgusting. And not one parent thought that was a *bit* inappropriate? smh,disgust,1
I mean I guess they don't get health insurance,neutral,4
I stopped worrying about showing vulnerability years ago but there's still nobody there.,sadness,5
r/rareinsults also i’m surprised this guy isn’t fussing over the “it’s” instead of “its”,surprise,6
That sounds intelligent. Wonder why you don’t have a job you have to interview for.,surprise,6
The shocking conclusion.,surprise,6
this is my worst fear,fear,2
We could cure child cancer and pictures like this would still make me happier,joy,3
You mean me? Said the same thing as you did lol,neutral,4
Agreed. Everything she did was bad. She didn't anything good at all. Edit: Grammar.,anger,0
That was truly disgusting,disgust,1
"There's nothing strange about a lawyer with a neo-Nazi client, but a lawyer who takes on multiple neo-Nazi clients makes me suspicious",neutral,4
You are retarded,disgust,1
delusion hits hard,neutral,4
"yeah, there's even more registered online. scary.",fear,2
The fucking worst game in the world.,anger,0
Sounds like you work for a terrible company,neutral,4
i was there in october and i was shocked at the amount of people on the interstate just casually browsing facebook while driving.,surprise,6
It really is. I didn't know a thing about the feud and it caught me off guard how brutal it was. Enjoyed it a lot though.,joy,3
>both parties are dumb >stupid tribalism 🤔🤔🤔,anger,0
"Guys, even worse: He *paid* someone to set it up. Wow. ",anger,0
After all that i expected it to not look terrible. Oh well.,fear,2
Disgusting. Truly disgusting.,disgust,1
"They understand alright, they just don't give a shit. Bunch of fucking scum.",disgust,1
Down to 4 defencemen including pouliot. So really 3 defencemen and a pile of garbage.,neutral,4
"I hate it when the suits call our oncology program a ""service line""",anger,0
"indeed, but im worried that this matchup will end up as the biggest bait since years and rookie will crush him badly",fear,2
"Unfriend this kid in all ways possible. Sucks for both of you, but this could be much worse. ",anger,0
Their numbers seem large because they get so much publicity. But I suspect that even most young people find that ludicrous.,disgust,1
she looks so happy and well rested,joy,3
Omg I had to crank my tv because I thought it was just low volume,surprise,6
"Yeah, it’d be weird to have two green arrows running around. ",disgust,1
*LGBTs for [NAME]!*,neutral,4
"Gonna warn you, that path is a lot more dangerous than you would think...",fear,2
"As a closing TM, that’s terrifying. ",fear,2
She might be a [NAME] but she ain't my Waifu ARTEMIS FOREVER SUCKERS,neutral,4
Let people enjoy things,joy,3
*All I want is to be left alone* *In my average home* *But why do I always feel* *Like I'm in the Twilight Zone?*,sadness,5
"These stupid fucking cunts don’t even use “shade” correctly, [NAME] would toss them off the pier.",anger,0
I was so sad when they took SG1 off of Netflix. I guess it’s on Prime now? I need to rewatch that show.,sadness,5
The poor car.,sadness,5
"Yes but iy also makes complete sense that morty woild want it gone too, so i hate how he instantly assumes it was rick",anger,0
This made me sad,sadness,5
I watch it because I enjoy it,joy,3
They were nice in the PMs just wanted me to be aware that my tone was kind of callus about mental illness,neutral,4
I’m surprised they find toothpaste still,surprise,6
Now that you live alone you don't have money left to buy a dishwasher,neutral,4
we are scared on /r/bengals rn,fear,2
oh my good,surprise,6
What a terrible list,fear,2
Bonus: her infamous bizarre introduction video. Truly frightening,fear,2
I'm thinking he ment [NAME] but he's still a karma stealing whore.,anger,0
Sorry I failed to mention I'm relatively new to the scene . Last 2 years only,sadness,5
"THERE'S A WAR COMING, NED. I DON'T KNOW WHEN, I DON'T KNOW WHO WE'LL BE FIGHTING...BUT IT'S COMING!",fear,2
Most likely shock that had him so comatose.,surprise,6
"Hi! :) Because I am broke, I guess.",sadness,5
What the hell. Poor [NAME]. Poor you. Wow.,surprise,6
I love how the dog is just happy the cat is giving him attention.,joy,3
Guilty :( I was ready to cry and everything >:(,sadness,5
The nerve of that [NAME] album on his wall. I still can’t believe he has a child.,surprise,6
OMG the ones they sometimes sell that are just one giant piece. LOVE,surprise,6
Wow misleading title.. Ffs,surprise,6
There must be some awful things happening right at this second,disgust,1
No love for [NAME]. Team MVP is [NAME] but [NAME] deserves the offensive MVP he was a game changer when healthy and was electric.,neutral,4
what the fuck,anger,0
"Oh no, my secret identity as a neurosurgeon/entomologist/radiologist/anesthetist/dentist has been discovered! I knew I should have given less detailed medical advice online! D: ",surprise,6
I took a picture of a farmer treating his crops with roundup yesterday.. it was horrifying,fear,2
Only children are scared to take trains by themselves ...oh wait.,fear,2
Go to Happiest Hour before/after the game. Walking distance b/w AA center. It's a fun spot!,joy,3
i also cried,sadness,5
I always wondered why that never happened with the “muscles from Brussels” in any of his movies.,surprise,6
Can [NAME] just shut up and appreciate her dog?,anger,0
Exactly right? That's when I thought she was really really horrible.,fear,2
"Looks like your typical blurry picture to me, but I’m no doctor.",neutral,4
What a poor woman who only wanted to tell someone what to do.,sadness,5
I watch his YouTube stuff. It's gross!,disgust,1
2009 kpop stays legendary.,neutral,4
An attractive woman falling down and exposing her butt. It's weird that he'd go so 0 to 60 on such a thing.,disgust,1
I can hardly hear you over those goal posts moving! Ahhhh the facts! They hurt! They hurt so bad mama!,sadness,5
I prefer console and most of my friends play cod. I still enjoy gbs every year,joy,3
"[NAME], that fucking sucks.",anger,0
You will also be removed from a jury if you utter anything about it.,anger,0
The real tips are always in the comments :D,joy,3
"Had a baby before, those movements should be the last of your worries",sadness,5
The cheerfulness of the “hail satan” text overlay was unexpected.,surprise,6
I think someone else should open a drive through so I can enjoy the flavours without the dishes aha,joy,3
The dryer sounds like a fire hazard to me.,fear,2
"Living here. Now my daughters biggest aspiration is to leave this place, and I can’t say I blame her. ",sadness,5
Tear all of it down - that place is such a horrific example of trash civil engineering,fear,2
Hate to see him go. The only thing I’m complaining about besides this was the hagelin trade back in November. Both hit home,sadness,5
That’s my luck. Lol,joy,3
Who the hell has reddit in anything other than dark mode ??,anger,0
I must be getting old. Much more likely to be horny at 2 pm.,sadness,5
A thousand year old institution that is hundreds of years old and has remained largely unchanged for almost a decade.,neutral,4
I’m dreading when it happens during our games for the title,fear,2
This is his worst season since his rookie year,disgust,1
"Ah sorry [NAME], I was going to join. But your desperate posts scared me away!",fear,2
"Omg, the kitty bites the knee and then looks at the human to gauge reaction.",surprise,6
Especially that “Australia ain’t gonna cop it” ad on TV god I hate [NAME],anger,0
Not even polite if they're driving. The road rage here is terrifying.,fear,2
"No problem at all, glad I could help :) Cheers!",joy,3
Not sure....but there's a cream for that.,neutral,4
For fun!,joy,3
my little abomination,disgust,1
The third picture is creepy.,fear,2
"Somebody should make this a smaller video to share it around, this poor kid is going through a lot.",sadness,5
"All fair enough, but you should start just cleaning your dishes straight after you use them. You'll be much happier.",joy,3
Is it weird that I was practically drooling while watching this,disgust,1
"Oh [NAME], oh no, no no no",surprise,6
Oh [NAME]... now you’re stealing my lines.,surprise,6
"Dude, you made my day. ",joy,3
Like what?,neutral,4
You were inebriated and eating ratshit.,disgust,1
I still can't believe [NAME] actually gonna be in Smash.,surprise,6
[NAME] said it best. Un-fuckin-believable bro,disgust,1
What's worse is using self destruct without the pilot DLC. You just die :(,disgust,1
"No worries, glad I could help. Just pleased I started learning to read!",joy,3
That face in 0:18. That's the face of happiness,joy,3
Sounds painful man,sadness,5
"Not one bit surprising, yet also not really a men’s rights issue",surprise,6
I find this sooooo strange,surprise,6
It’s sad that some parents can’t accept some simple mistakes.,sadness,5
Has it really been 10 years since brown saved the world. Now I feel old.,neutral,4
I can’t believe he’s playing the live action sonic the hedgehog,surprise,6
This is dangerous.,fear,2
"[NAME]? He's an absolute fool. If we need a coach to destroy our organization from top to bottom, he's the man.",anger,0
"As someone who went through school before the internet existed, yes, weird creepy kids existed. Although it was more in your face. ",disgust,1
I graduated in 2002 and had history books that ended with [NAME] 2nd term. I had great teachers but terrible materials.,fear,2
[NAME] thats real? I'm so glad i unsubbed from pics,joy,3
"It would be quite difficult, considering that I don't actually have any to begin with, hence the question. ",neutral,4
Nope. No joke. Also happy cake day,joy,3
Oops! The lack of free trade caused the death of 20 Million proletariat!,sadness,5
She has at least 12 elbows and all of them are happy. You get it gurl,joy,3
[NAME] looking like his fucking controller disconnected,anger,0
Your age difference is incredibly creepy.,disgust,1
"He may have, I was more worried about the ""running and shooting the AR one handed, off to the side"".",fear,2
Last year was our worst defensive performance since 1995 and the manager lost his job as a result. It shouldn't take much to give even a slight improvement,neutral,4
You know I’m sad the [NAME] hype is over because I actually think he’s been really good for us overall. I still trust him.,sadness,5
I just can't believe she had the nerve to call both [NAME] and [NAME] low ability,surprise,6
U.S. are going to fuck this [NAME] guy so hard...he's going to need help to remove all the stars from his rectum,anger,0
"No it's propaganda we because r/politics only presents info, true or (usually) or otherwise info that is designed to hurts conservatives and help liberals. Propaganda",sadness,5
His DBPM as well as his OBPM is better than Embiid's,neutral,4
Fuck your shitty ass title,anger,0
I'm surprised she could operate a suitcase.,surprise,6
Big game tonight,neutral,4
Happy birthday!,joy,3
Let me just say that your posts over the past twelve days have brought me so much joy,joy,3
just awful I'm gonna throw a barbeque to get back at them,disgust,1
[NAME] is a bitch,neutral,4
Yep. 30ish middle class white fairly fit. Just started CrossFit!,neutral,4
"wow, there really is “somethin” for everyone ...",surprise,6
Worst deal on the leafs right now easily,disgust,1
Fuck why didn’t I think of that,anger,0
That sucks. Learn to check your ping like everyone else.,anger,0
but it's the music that really sets the mood,neutral,4
I saw your missing post and hoped you found your baby! I'm sorry for your heartache,sadness,5
I'm scared for her. The Saudi government has proven to be very brazen in its disrespect for international law.,fear,2
I like how they roll,joy,3
Being so gullible is the frightening part. durr da durr he downvote me,fear,2
That's pretty much what you signed up for when you had kids.,joy,3
"That's the key- minor corrections, little improvements, something slightly different.",neutral,4
"That's just sad and depressing. Was the race closing before she finished? Well, at least she did it.",sadness,5
I was jumping the same gun but decided to do some googling just in case. Glad I did :),joy,3
What was the original post? If it was as awful as this one my comment would still apply!,disgust,1
Or you just get rejected and then not murdered and your anxiety worsens until you can no longer approach women or even men.,sadness,5
In the worst of the anger phase I took up running. It’s hard to stay in that state while your legs are burning that much.,anger,0
I remember being three years old and feeling mortified and frustrated that my preschool teacher and classmates were freely dancing to ridiculous music.,sadness,5
"As a [NAME], I would like to extend an apology to anyone freezing in the polar vortex. ",sadness,5
"I swear, this is the most brutal one of this year yet. ",sadness,5
World has Turned and Left Me Here.,sadness,5
[NAME] has gotta he replaced or that was just terrible writing,fear,2
I was putting my comment on why and when PC players (like yourself) will complaine. Seems I wasn't too far off,neutral,4
Or at least a couple more visits to the booth. I enjoyed hearing him adding to the banter.,joy,3
Omg lala a housewife I can’t even imagine!,surprise,6
If it’s fan made they deserve an award. Or money. Something. The score is strange though,surprise,6
This makes me smile!,joy,3
That game hurt.,sadness,5
You're an awful human being.,disgust,1
To make her feel threatened,fear,2
Super creepy. And leaving the note is out of line,fear,2
That was a fluid motion and it scared me,fear,2
I have cried in hotel rooms before thinking about the loss from discovering it is a lie. It's tragic and wonderful at the same time.,sadness,5
Yet here you are mad about [NAME] being apathetic.,anger,0
Same thing happened to me last year ended horribly,fear,2
"Wait so you can get an acre of rainforest for $35? I mean, it would be way cheaper at that volume but still that's real cheap",surprise,6
"Same here man, terrible feeling",fear,2
You too! Yay to a family of choice!,neutral,4
"Ok I'm pro-vax and totally uninformed, but 7 shots in a 2-day span seems like a lot, is that normal?",neutral,4
Just be glad you’re not his wife,joy,3
What a weird and slightly creepy thing to come to mind as a reaction to this video. /s Edit: apparently indicating my sarcasm was necessary here.,fear,2
The emoji at the end just made me want to slap her,anger,0
This is sheikh [NAME],neutral,4
Motherfucker!!,anger,0
"I'm happy however those two don't get a ring. Would be overjoyed if it was at the hands of [NAME], [NAME], and [NAME].",joy,3
1) I think my least favorite thing our kid has done would be spit up in my mouth. 2) Vomit is worse than spit up,disgust,1
"It's gonna be the next ""live, laugh, love"" with everyone running around talking about if things ""spark joy""",joy,3
"Wow, are you me? No one is a fan of season 1 but I definitely do this. There are little gems despite [NAME].",surprise,6
"Ah yes, crafting their proof using the Convington School [NAME] techniques.",neutral,4
Perfect example of the disgusting misuse of ‘Orwellian’ on this website,disgust,1
I have no idea how we are down by ONLY 13. Its truly a miracle.,surprise,6
"Yes. His name is [NAME]. He was good friends with [NAME] and used to make YouTube videos with [NAME], another rapper.",neutral,4
I switched to Ally and love it. 2.2% interest is awesome,joy,3
my favorite moment in the history of the show is when he thrashed that woman.,joy,3
Vans are ugly as hell. You just cant make a Minivan look mean. Also why are they trying?,disgust,1
I'd also report to the post office... and next time these nasty neighbors come-give them the number to call and complain.,anger,0
"Funny, coming from the tool circle jerk reddit.",joy,3
Yikes. That sounds terrible 😢,fear,2
"[NAME], old friend",neutral,4
"I feel awful posting it, but I couldn’t not share :|",disgust,1
Do you fucken mind,anger,0
That feels nice.,joy,3
I died a little inside watching all of that champagne go to waste.,sadness,5
I watched the Lego thing with my 7 year old cousin and I was surprised at how quickly I became invested in it.,surprise,6
"Fuck people that don't like pbr, only cheap bear I'll drink next to natty boh",anger,0
(apparenlty) a lawyer sending incriminating text message to a paralegal. this has to be really bad lawyer...,disgust,1
"Except, they do.",neutral,4
I'll be shocked if humanity makes it to 2100. But yeah. It's a miracle I'm alive since I had the toe on the trigger.,surprise,6
"I had a nightmare about something similar, the combination of high walls and water is truly scary",fear,2
Omg this.. completely relatable and depressing.. yay for us.,sadness,5
"We're not a cult, so long as he apologizes and sees the fault in his actions, I see no reason to ban him.",neutral,4
Hang on so Im not allowed to stroke your dog? Thats sad.,sadness,5
"Not the right sub, I'm afraid.",fear,2
NO BOY! NO MORE FREEDOMS TO GO AROUND HERE! Now go back to your room and give me your toy guns immediately,anger,0
She got the death penalty...? fck me.,anger,0
[NAME] these things were terrible. i presume they still are. #teamlemoncreams,disgust,1
Women don't want their own shit. They want our shit. ---- [NAME],disgust,1
How can you tell,neutral,4
Hated her. And that was honestly a more offensive reaction than everyone laughing at her IMHO,anger,0
[NAME] has only missed a couple games and WCJ hasn't missed any. Not sure how you rank their top 4.,neutral,4
"Since I was a kid I knew I preferred funny, smart, interesting girls to conventionally attractive ones. Really tore me up the feeling wasn't mutual.",sadness,5
Oh wow I didn't know this policy was in place in the 70s!,surprise,6
I actually want to die rn. I don't want to watch the SB but I know I'm going to.,sadness,5
Happy new years!!!!,joy,3
Better late than never sadly I can see another label scooping him up,sadness,5
Trial by jury of my peers is honestly my worst fear,fear,2
Oh that’s so sad that she thinks anyone cares about her opinion,sadness,5
Actually a carrot,neutral,4
"Tfw when not only is it tiny, but it’s damn ugly too. :( ",disgust,1
Woah Dude!!! I would be freaking out,surprise,6
This dudes basically [NAME],neutral,4
"Omg I really thought it was a new word for me, not debacle 😂😂😂 she didn’t even try ",surprise,6
Maybe it's as dangerous for [NAME] to whip people up talking about treason and betrayal and all that as it is when [NAME] do it. Fancy that.,fear,2
You know I asked once and he was livid. But sometimes I wonder.,surprise,6
Ugh her mind!,neutral,4
"[NAME], but they all seem to be genuinely happy with their lives and supporting each other, so I’m happy for them too",joy,3
WHOSE READY TO PLAY A WILD CARD GAME AT THE TROP,neutral,4
I enjoyed the 1:50 seconds of this person going about their day uneventfully,joy,3
man remember when it was 1996 and I was zero years old? good times,neutral,4
Glad to see that [NAME] no more is a fellow r/Atheist user and anti-Peterson,joy,3
He has like a million jobs though,neutral,4
I'm also enjoying it I like mixing the colors the most.,joy,3
It was such a strange error.,surprise,6
you’re gonna do just fine,neutral,4
It's seriously terrifying!,fear,2
That’s horrible. Only religion could make an otherwise normal person want to show a torture and murder video to a child.,fear,2
Omg its hannibal cooper,surprise,6
In shock and was more concerned about my kid tbh. Now off course I wish I'd sued the arse off her for emotional distress.,surprise,6
Yeah but they actully had/have shit to be mad about. Their board is incapable.,anger,0
That’s beyond disgusting in every way.,disgust,1
That sounds terrible.,fear,2
"Once again if you base your worth/purpose on some base primal act, you're pathetic",disgust,1
Because [NAME] was playing awful in the first two sets. Absolutely terrible.,disgust,1
Worse. They told us to mind our own business,anger,0
Damn that’s a big F from me :(,anger,0
Oh fuck off already.,anger,0
"I'm 27. I've been thinking about joining the club, just to avoid this inevitability ",neutral,4
"I felt a great disturbance in the Force, as if millions of voices suddenly cried out in terror and were suddenly silenced.",fear,2
I’m also glad I’m not the only one that swears a lot at the bastard objects.,joy,3
Who’s fucking a shark !?,anger,0
I get all the deja smells and it's terrible.,disgust,1
Every time one of our players enter top form they get injured.,sadness,5
FUCK LES BRUNS,anger,0
"Wow, you weren't instantly downvoted hundreds of times. The omniscum must have had a salad once and got a protein deficancy.",surprise,6
or just more competent.,neutral,4
It still seems dangerous,fear,2
"They were not really messing around, just more frustrated. They genuinely were trying to move specialists around to get the best out of people.",anger,0
you beat me to it. Take your fucking upvote,anger,0
"Yeah, you’re just delusional. It’s ok to admit you’re wrong every now and then.",neutral,4
"Ah yes. Recursion. The backbone of Marxist theory. Glad you brought it up, chap",joy,3
“Touch me again and I’ll kill you.” I’m low key blown away that The Last Boy Scout even *made* it to Australia.,anger,0
Same. All other map on OG with SSD were fine. [NAME] drops and it's terrible.,disgust,1
Unexpected Funhaus?,surprise,6
How dare you hate [NAME],anger,0
"Considering you are also a child, I can't say I'm surprised by your edgy hot take.",surprise,6
"Self defense should be, and this man sexually assaulted this woman.",disgust,1
Happy to be able to help.,joy,3
They were bad times.,neutral,4
And to think all along I was wondering if it was left hand turn day or just me!,surprise,6
No worries. Glad you like it,joy,3
HAHA so sorry. I've had a very slow day at work. Been hitting F5 repeatedly. Was surprised it wasn't already posted.,surprise,6
Guess I hit a triple,surprise,6
"It's not better or worse, just different. ",neutral,4
Don't get your hopes up; apparently car seats also cause autism:,neutral,4
"Damn, politics *does* make strange bedfellows.",anger,0
"The last book feels like a dream. It's ridiculously bad, imo ",anger,0
And I thought they smelled bad on the outside!,disgust,1
Oh true I remember seeing it on Spotify’s charts for weeks. It’s terrible.,fear,2
"Yeah, all the stun cannonballs are horrible. ",disgust,1
"When the gov shut down under [NAME] many were calling for his resignation. This is similar, but people already hate [NAME] so obviously people are more angry.",anger,0
So pure I'm smiling :),joy,3
> 333 Brothers and sisters are here now So much cringe.,fear,2
"I have seen this gif like once a week for a year, and I still cringe every time. ",fear,2
"Not one single figure anywhere to be seen. Reminds me of auld Soviet propaganda. ""The harvest is up"" ""People happier than ever""",joy,3
"Breaking news, husband borrows wife's car and should lose their job because of this",surprise,6
Fuck you my fortnite k/d is better bitch,anger,0
That has no bearing whatsoever on [NAME] fitness for office.,neutral,4
"It's not something i'm proud of, but I definitely fucked up that day.",disgust,1
Luckily I don’t like beer so I don’t have to worry about that.. but my love for bread more than makes up for that!,joy,3
No joke. Physics or chemistry I can see but comp 101? I’m surprised he has the ability to find the internet,surprise,6
I'm REALLY glad the guy saved him but seeing him so pitiful and scared really lingers with me. :(,fear,2
Hey! Have any work that I can see or listen to?,neutral,4
"I really enjoyed Fractured But Whole, but I don't remember the meals being significant (it's been like a year). Can you explain?",joy,3
>the satisfaction of knowing how bent out of shape you're getting What a sad existence.,sadness,5
I HEAVILY VIBE WITH THIS,joy,3
Still saddened by the fact that we never got to see prime [NAME] vs prime [NAME].,sadness,5
yesterday was a fucking travesty to the game of basketball,anger,0
But did [NAME] watch sports bra test videos when he was picking out fernandas ^boobies,neutral,4
"Easy, stop men from fucking them. Cant be a slut if no one fucking ya right?",anger,0
Honestly scared to see what happens,fear,2
"Wow either [NAME] misspoke or I didn't hear correctly. I swear he said chainsaw, that is totally different from knife or cooking accident.",surprise,6
oh [NAME] I unleashed the beast,fear,2
Id rather have native tribes have the opportunities than big business. And we really don't need anymore casinos anyways. Edit: in my opinion,neutral,4
"Meanwhile, I was literally saying to myself ""*I like rusty spoons*"" earlier this morning RIGHT BEFORE logging onto Reddit. Kinda strange",neutral,4
>it is fleshy I am horrified to learn that my flesh is fleshy,fear,2
"[NAME] damn, she must fuckin’ STINK.",anger,0
Praise [NAME] your taste is bad /s,disgust,1
This inspiring.,joy,3
For the night is dark and full of terrors!,fear,2
I understand it but still can't ask questions. I am too afraid,fear,2
It's a miracle,surprise,6
Yeah! We should have given him justice by believing in claims with no merit! Yeah. Btw. [NAME] raped me 30 years ago! Get him!,sadness,5
This offense is just painful to watch.,disgust,1
Correct. I just enjoy debating them.,joy,3
Congratulations fellow lobster!!,joy,3
I've been playing for years and it's still a bitch for me to lay off balls.,anger,0
thats terrifying. how can people do that to their own citizens?,fear,2
"To be fair, they did call it a horror. ",fear,2
"I was, and it's not. He's mad that someone posts articles he disagrees with. Pathetic and his fury is deranged ",anger,0
You mean the trip advisor era.,neutral,4
When my [NAME] is crying...,sadness,5
Also the fishing has been terrible for a month now. I am about to take the 5 story jump my friends.,disgust,1
I know I would take a [NAME] with his numbers any day of the week regardless of how many of his points are secondary.,neutral,4
"True, but it all started under [NAME] and will get even worse if Labour manages to get into government. ",disgust,1
It doesn’t surprise me given that this is the kind of establishment where staff rape the coma patients.,disgust,1
I can't tell you how happy I am that [NAME] and [NAME] are Polynesian Sauce guys.,joy,3
I would agree. It's unfortunate and brutal in its content and in the responses in the thread,disgust,1
">For those of us who stay, there may be more unhappiness than happiness. Probably the saddest thing I ever heard. ",sadness,5
I hate having to take my shoes off!,anger,0
How sad that you think because [NAME] wants something we should no longer want it. Grow up you child. Life does not revolve around you or [NAME].,sadness,5
I can’t believe you’re comparing drug use to interracial marriage. Racists like you disgust me.,disgust,1
Show me where jokes about (real) murdered children was acceptable in the past.,anger,0
What the hell are you talking about?,anger,0
Going through the same thing and I feel the same way. Sadness. I hope it'll pass!,sadness,5
Absolutely horrible.,fear,2
Same.. I wonder why we catastrophize over these minor things so much and others seem to be able to forget them..,surprise,6
I was surprised too,surprise,6
"He wants to make excuses for his affair and I doubt you'll feel better after listening to him. In fact, you may actually feel worse. ",disgust,1
that's horrifying,fear,2
It was more just “where did all these airpods come from?!” It was weird to me.,surprise,6
His head bounced on the hardwood. Damn.,sadness,5
"wow, there's no way [NAME] should 'er scored that",surprise,6
Ew yes I’m glad you brought that up.,joy,3
I wonder if these little creatures with their big bulgy eyes ever poke themselves in the eyes accidentally.,surprise,6
No need for pity! It was a happy moment. Tears of joy not sadness,joy,3
"Yea but I hate existing, it’s nothing but sadness ",sadness,5
dude stop your gonna make me cry. This is horrible please don't do this STOP right now. Dont it's just not worth it,fear,2
You look like 1 of those ISIS fighters got shot in the head,disgust,1
I would think I was in a horror movie and lock the doors. Lol,joy,3
Your coaching is terrible.... be ready and see how [NAME] uses [NAME],fear,2
I’m saving this.,neutral,4
The wow at the end without an ! really had not emthamused!,surprise,6
My [NAME] accuses me of cheating all the time too when I’ve been nothing but loyal. Makes me wonder if she was cheating on me too...,sadness,5
Well I am happy you believe that.,joy,3
I never used an escalator until I was about 16 and I still remember moving stairs scaring the hell out of me,fear,2
"[NAME], how old are you? Before [NAME]?, thats a hella long time.",neutral,4
>How do you know I didn't Because you posted this dumbass post. And only someone who didn't would say that,anger,0
I related to [NAME] so much in this moment. I hate that [NAME] gone when he reaches for him.,anger,0
"I don't find it awkward, it's relaxing and I want to enjoy having some else wash and cut my hair.",joy,3
"Well, it feels like the other truths would be more pertinent. If they don’t know what it is, then what is it?",neutral,4
"Poor lady, she was the mother of a friend of my wife, and she went to school with my father in law :(",sadness,5
"I'll admit that's a bit surprising, since it's such a massive international hub. But beggars can't be choosers I guess. ",surprise,6
The only clown that make me laugh.,joy,3
Yep. She stopped wanting it after she got pregnant with #2,neutral,4
I wouldn't be surprised if their confidence is so shot that they lose this control and lose 3-0,surprise,6
He did get 3 stars bro😭,sadness,5
What I find disgusting is thinking you can be a liberal and a ecologist. Anyone has its own ideas I guess.,disgust,1
i didnt realize i was avoiding a question. i am afraid to talk to cops to be honest. even my own mother doesnt know what i saw,fear,2
"Nah dude, cats care about you more than anything, they just don't like to show it because they're tsundere",neutral,4
"Man, fuck that shit. He lost us the Sonics, he has no business running for public office.",anger,0
Sad truth is you cant run away from who you are no matter how hard you try :(,sadness,5
"Oh no, the horror. Look, a pause! Let's start CPR! Those nurses, probably",fear,2
"People are gonna end up hating Deus Ex because of this, and that's just a travesty",anger,0
Yep.... Have fun,joy,3
Wow so you really are pro-abuse huh,surprise,6
Why the fuck are you smiling for? Fuck you.,anger,0
*what the fuck*,anger,0
" Luckily from him, there is no death penalty in Brazil and the maximum a person can serve in a Brazilian jail is 20 consecutive years. ",neutral,4
Makes me very happy indeed.,joy,3
"...oh goddamn it, that's in my sales territory.",surprise,6
One day I was really desperate and tried putting warming balms that are intended for sore muscles on my lower tummy and it helps so much!,sadness,5
Reminds me of this short.,neutral,4
I mean you should stay subbed to Pewds for obvious reasons.,neutral,4
"I'm shocked you still have service. Mine doesn't play, they are cold. ",surprise,6
IT'S MA'AM!!!!,neutral,4
Every time I think about how close we were to getting [NAME] it hurts a little bit more...,sadness,5
Imagine ur mom doing that I’m crying,sadness,5
He was in a state of shock lol,surprise,6
"I actually rooted for you guys that Seahawks game, but now I feel the true pain. ",sadness,5
WHAT THE HELL IS THAT?!?!?!,anger,0
There would be a lot of sexual tension in faze...,disgust,1
"Troll, bro. They know they're saying stupid shit. The motherfucker does nothing but stink up libertarian subs talking shit",anger,0
"No he was given a bad team to work with unfortunately, and never got the final shot he deserved :(",sadness,5
I cried more here than in Star Wars.,sadness,5
Its all good until that episode where [NAME] traps the bat on [NAME] head comes on and she screams bloody murder and wakes us up.,sadness,5
[NAME] why are there so many guendouzi haters?,surprise,6
It *feels* unethical?,disgust,1
"It saddens me that [NAME] legacy has become ""Posterboy for edgy manchilds""",sadness,5
"I don't filter it out because I enjoy my daily cringe from the constant open letters. ""To the ____ who ____""",joy,3
"I've had such bad memories, I remember when I remember bad times now! Haha",sadness,5
I am so so happy for you. <3,joy,3
Doesn't look like any 12 year old I've ever seen.,surprise,6
these people are holding our country back. Im happy natural selection is taking its course.,joy,3
You seem horrible,fear,2
it made me cry too when [NAME] return to her older self😢,sadness,5
Wolf and her dog ❤️,neutral,4
"Since you seem to have posted this twice, I would recommend you take this down.",neutral,4
stop making me cry man,sadness,5
The amount of hate that [RELIGION] people get in the world is absolutely staggering.,surprise,6
"Ya know, I hate lying but I guess I'd make an exception for this. ",anger,0
So prison isn't enough? You want him raped? That's disgusting.,disgust,1
"same, if you breath oxygen you only deserve to get shot and raped.",neutral,4
Can’t believe they actually got married. What a joke,surprise,6
"I think you’d the one who’s a stranger to these here parts, *pardner*.",neutral,4
"She took the fucking kids, huh?",anger,0
"""So long, [NAME]""",joy,3
"This is so sad. [NAME], play 'bitch lasagna'",sadness,5
"[NAME] also slept with his dads mistress, [NAME] is weird",disgust,1
"Disgusting, but fascinating.",disgust,1
Shocked we didn't take him back and plunk him in the minors.,surprise,6
"He doesn’t have to say anything, [NAME] needs to keep these things private.",neutral,4
"Gnarly ballsack is the technical term, I believe. Sadly, it's just a face beard.",sadness,5
Happy cake day !,joy,3
I'm speechless.,surprise,6
[NAME] can play a round of golf in 18 shots. He's definitely a starter cause he can make [NAME] look like an amateur,neutral,4
Shut up 15 year-old,anger,0
oh shitttt. it’s upside down,surprise,6
It was [NAME] and [NAME] that started them. [NAME] left OS even earlier than [NAME] did.,neutral,4
Gotta get up by 2 so you can be up by 5,neutral,4
Welcome to the hype train. hahhaha,joy,3
one of them shotting 22lr if I recall? Heck most the worst used a pistol ether exclusively or with a shotty too,disgust,1
Honestly I’ve seen kids that age do really gross stuff,disgust,1
"[NAME], people always forget about him but he has saved Madrid countless times in so many different ways.",neutral,4
Lmfao. Tax refunds. Must be nice to get one of those.,joy,3
This really hurts my feelings.,sadness,5
Not sure which area you visited but the water is still super clear near the cliffs.,neutral,4
Made my day!,joy,3
Pilots omg... you are not alone there!,surprise,6
"Yeah, I was very sad to read that!",sadness,5
Seahawks fans are very bad at just taking the L.,disgust,1
Huh. Siege is still a thing. I miss the old days. :(,sadness,5
I’m surprised they arnt argonians,surprise,6
Bedside report is terrible.,fear,2
"Nah, some cake sniffers were enjoying the books way before.",joy,3
And pizza. Don't forget pizza. The roof of my mouth feels like a battlefield after I have eaten a hot pizza.,joy,3
"Oh, the horror! We must defend the honor of Lord [NAME] against the scum of r/NFL!!",fear,2
"The foul, smelly dump I just took > fallout 76",disgust,1
So that's how people get their cars sideways in those crazy pictures. I'd always wondered.,surprise,6
I reported an old man for terrible driving and the police actually took it seriously (pleasantly surprised). It's worth a try!,surprise,6
Icing on a cake of sadness.,sadness,5
"Mental games. Take a (mental) shot everytime the teacher mispronounces a word,or messes up grammatically",anger,0
This is unironically the worst trade I've ever seen.,disgust,1
"you are correct, but now it is over. and i cry",sadness,5
Cool have fun,joy,3
"Thats just dumb, u are stealing from people that just want to live a good life cuz other were unlucky, they were also unlucky by being born.",anger,0
"> Wonder why centrism was basically nonexistent like a decade ago. Moderates existed even before that, so not really",neutral,4
Happy Cake day.,joy,3
"This is a huge stretch, but I would enjoy seeing some tweets from her hubby about it...",joy,3
But OP said her life is ruined because 'muricans are bad.,disgust,1
Spilled sperm and allowances are non returnable.,neutral,4
"It’s horrible for me, way worse than your situation. Be Glad that you aren’t me",fear,2
I’m scared.,fear,2
I once got flowers from a girl... idk why but it just feels good,joy,3
Sir that is a popular opinion. I'm too afraid of what sort of trade will happen to want one.,fear,2
An angry old person yelling at a retail worker will never listen to reason.,anger,0
I hate it when mom and dad fight.,sadness,5
Right there with you. 20 years together and suddenly its over. I'm tired of crying and hurting. We'll get through this.,sadness,5
Glad to see Mrs. [NAME] is still alive and well!,joy,3
Those are female toes. Busted!,anger,0
Seriously? I couldn't even remember the dude's name until about halfway through the season honestly.,surprise,6
Some people have no shame or sense of self-worth. It’s sad.,sadness,5
Simon's or the bay. [NAME] makes some merino ones that are unbelievable. They are not cheap though.,surprise,6
Randall's always needs people.,neutral,4
QUARANTINE! QUARANTINE!,neutral,4
Attention Bajoran Workers: Your videos our now ours.,neutral,4
That looks disgusting.,disgust,1
I'm so afraid to weigh myself. I'm gonna have to do it soon though 😭,fear,2
I would like to see the after justice of idiots like this,anger,0
The main reason I left is a hidden mmr used to influence matchmaking in a mode that requires a paid entry. That's disgusting,disgust,1
I expected the windows to burst. Definitely not expected THAT.,neutral,4
I'm nauseous,sadness,5
[NAME] they need a union so badly.,disgust,1
Ahhh [NAME] its in my eye.,fear,2
And happy cake day.,joy,3
It’s definitely a massive problem for both of us. Attributing blame does nothing to solve the problem.,sadness,5
"Yeah, this is always my first thought when I read this kind of stuff, kinda sad to be honest ",sadness,5
Glad to see I'm not the only one with that bug. Maybe someone will report it some day.,joy,3
"She’s just not that into you, that’s what I think. You need to find an HL girlfriend and go have fun. ",joy,3
"Because you didn't realize MEPS was an acronym? Yeah, definitely taking anything you say to heart. Piss off depper. ",anger,0
[NAME] was such a nasty POS. In his dirty wifebeaters with his malt liquor. “Men have needs...” He disgusts me.,disgust,1
This is a weird thing to be concerned about.,disgust,1
Poor crack baby 😥,sadness,5
The fact that this being brought up makes it a real scary feeling.,fear,2
that day humanity received a grim reminder,fear,2
I had to put Bird Box because it's the only direct to streaming movie I saw. I feel dirty.,disgust,1
Not the fact that it's a terrible comparison?,disgust,1
Ohhhhh that couple!,surprise,6
"I do not think it is 'wrong', I just see that the Pluses outweigh the Minuses. ",neutral,4
U dumb.,anger,0
Disgusting amount of oil.,disgust,1
"I mean it makes sense, they're into [NAME] because they totally dig the horribly socially stunted types so they love [NAME] for horribly traumatizing her.",fear,2
he’s not happy with me,sadness,5
This team needs to tighten up in the third. Absolutely brutal.,disgust,1
Close game but glad to see we came back in the end,joy,3
saved... i'll enjoy this video,joy,3
I wonder what a hug would feel like a lot too.,surprise,6
"Doctor is Spy! ~Grunt, too late.",surprise,6
Absolute slime ball. There’s zero justification for it. Gorgeous [NAME] wouldn’t have got a picture with someone so hate filled.,neutral,4
Well that’s horrific,fear,2
hahaha. I was/am honestly surprised that is the only time I've heard of a parent calling a rapid.,surprise,6
Yeah but scary brown people. Ever thought of that libtard? /s ^just ^^in ^^^case,fear,2
Probably. Government contracts are already terrible as they rarely pay on time,fear,2
I won't stop crying 😭,sadness,5
Life is Strange is terrible. Absolutely zero gameplay...,fear,2
I read it on NRK as well. Brought tears to my eyes.,sadness,5
Wow holy shit I didn't realize Reddit has become main stream media great analogy bud,surprise,6
"Oh no, [NAME] baby! WHAT is you doing?",surprise,6
Tell him congrats. And that he srsly needs to work on his bunting; it's just painful to watch.,sadness,5
Maybe you were depressed because your place was a mess.,sadness,5
This is terrible,fear,2
. The only thing that matters is that [NAME] was murdered and those responsible must pay.,sadness,5
"Ha, I just saw that highlight. nasty",disgust,1
Wow did you really just scam me😔,surprise,6
this video made me feel like screaming,fear,2
"Thats awful, I'm so sorry for your loss",disgust,1
It's all fun and games until your crush turns into a spaceship.,joy,3
I would suffer a heat stroke or die of diarrhea,sadness,5
*Whispers* ... ‘they are everywhere.’,neutral,4
Upon reading I find this to be fake news and I'm disgusted to learn she writes for the age,disgust,1
"Fuck it, maybe the faceless men worship the great other AND assassinated the fire warlocks in valyria, hwo knows?",anger,0
"Kinda surprised he listed [NAME] and [NAME] in particular, but not [NAME]. I guess this is the Leafs spotlight working in real time here.",surprise,6
I was expecting this to go MUCH worse than it did and I’m so glad my imagination wasn’t right.,joy,3
Sorry to say OP but it seems his IQ is indeed higher than yours.,sadness,5
"Guess we don't need to be afraid of hell, then, 'cause we can easily get out.",fear,2
This meme describes how I feel about 2018 pretty accurately. Cheers to a golden 2019!,joy,3
"One of the greatest moments of my life, to date",joy,3
Wow that is the exact armor combo i used to use,surprise,6
I might be in trouble in this case. I have 7 years going on 8 :(,fear,2
"Take your upvote, you no good bastard.",anger,0
Because his reconnaissance is not unique in any way. Literally everyone who saw that movie thought that was surprising.,surprise,6
Oh [NAME] how awful,disgust,1
BANG motherfucker!,anger,0
"Fuck me, that is good. ",anger,0
Even more so. It would only make our prison (this world) even more diabolical.,fear,2
WHAT A DISGUSTING START,disgust,1
Ugh. People are the worst!,disgust,1
That [NAME] missed layup is haunting me right now.,fear,2
Makes me want to go shit on the doorstep of 540 Hampshire Street (Good2go HQ),disgust,1
"Just like you can't underestimate the capacity for evil, you can't underestimate the capacity for stupidity ",anger,0
Y'all taking this way too seriously...the point is they're both fierce.,anger,0
Ya got a good life... *ya got a good life...*,joy,3
"those pictures of [NAME] are real, he's on Crashing and the way he looked in the premiere was just awful.",disgust,1
Whoa this is really creepy,disgust,1
"Most of them keep it on the down-low, but, yeah, they voted and support [NAME]. Only one of the brother-in-laws didn't vote for him. ",neutral,4
Coming from [NAME] even though it’s a hypothetical question it’s still gotta feel scary,fear,2
I'm so happy this post blew up because this is so true,joy,3
"Sometimes it even feels pathetic which I know I should be trying not to be so hard on myself but, yknow, evidence is hard to ignore",sadness,5
I’m about to have a heart attack tonight,fear,2
Ain’t that the truth. August is Hell!!,surprise,6
"Was broken up with, still live together 2 months later, and probably will for another month. Studio apartment, 1 bed.",neutral,4
Happy cake day!,joy,3
That poor janitor.,sadness,5
"I'm terrible sorry, /u/bookluvr83, but I'm afraid I must join up with the giving-you-crap-for-not-liking-brownies bandwagon. ^kidding ^^^kinda",fear,2
"Finally, one win for the war on drugs!",joy,3
"Haha, then i am in... :)",joy,3
nearly choked on my chicken breast,fear,2
This is awful.,disgust,1
You are wrong but people shouldn’t downvote you for that. Downvoting people for trying to become more informed is what leads to an ignorant community.,neutral,4
Wow! This got far more real than I was anticipating.,surprise,6
I just get sad when I see people commenting on articles and videos about him that they think he's on drugs.,sadness,5
Yeah that was my bad. I was just heated after that loss and was being an ass. My b,sadness,5
Because people hate freedom,anger,0
That’s what they get for being greedy 🙃,neutral,4
also a harsh NOOOO when disgusted,disgust,1
It’s halftime so I turned it on LivePD and this is the first thing I see...,neutral,4
From one eating disorder to another. That's not recovery that's just sad.,sadness,5
Go exercise together. Eat healthy. Drink plenty of water. Time.,neutral,4
Imagine thinking this comment was ok to post. Shame on you.,disgust,1
"No she does not, not alone and not during sex(sadly) ",sadness,5
"6 minutes to deadline, [NAME]! We need page 1!",neutral,4
"I wasn’t a fan of theirs on the show, but I am very happy for them both and wish them the best of luck in life ",joy,3
That arena is so ugly I’d be scared too,fear,2
Sadly they aren't in control. [NAME] is and he'll always do the worst possible thing.,sadness,5
Well it was just an educated shot in the dark but glad to help 😊,joy,3
"That's really the only standard of your life, whether or not it makes liberals furious? Sad.",sadness,5
OH [NAME] I CAN'T TELL ANYMORE!,anger,0
I mean… yeah? So glad to be at that age where the conversation would be more uncomfortable for them than for me.,joy,3
"It is honestly just garbage, I'm surprised they're allowed to be ads",surprise,6
"""A lion never stretches before it hunts."" ... Glad to see he's already on board with Green Bays injury first mindset. ",joy,3
She sounds hideous.,disgust,1
The worst is working with dealerships,disgust,1
I might get to phaneuf traded levels of joy.,joy,3
Everyone thinks they are middle class.,neutral,4
She's a pro-Assad piece of shit.,anger,0
Scotland aren’t the best team to compare against. On their day the could debatably beat NZ on a bad day they lose to America,sadness,5
Oh my gosh! That light house!! Its terrifying!!,fear,2
How much time you got? I enjoy *The Spirit of Redemption* but it's a bit long.,joy,3
I wonder how it's still tagged questionable...,surprise,6
"Normally yeah but that was my friends first match ever and to encounter such a killer, who was running noed too is kinda disheartening for him",sadness,5
I love how all these suspects greet [NAME] like an old friend.,joy,3
Phone calls are the ultimate nightmare !!,fear,2
I don’t fucking care,anger,0
Holy shit I didn’t realize he didn’t fumble all season that’s wild,surprise,6
"That is so creepy and scary. Imagine if he really was a Dr, and the only one available in your hmo.",fear,2
This is the worst advice I've ever read. You should be ashamed for posting it.,disgust,1
"Actually made me feel worse. Kids are always back there, death would have been guaranteed had they any.",sadness,5
I was scared of my room and even when I fell asleep in my bed I would sleep walk into my mom's room,fear,2
"No, no, please don’t make me see [NAME], please!",fear,2
Yeah lets celebrate that only one guy (well maybe put dirk and [NAME] up with him) has come to play.,joy,3
How disgusting. Those vile people can burn in hell!,disgust,1
God [NAME] is awful,disgust,1
don’t curse mmeEEEE !,anger,0
[NAME] man..... I hope this is just one of his overdramatic moments on the floor... He's scared me like 5 times this year....,fear,2
One of the 7 dwarfs is called happy,joy,3
I have no friends.,sadness,5
"If it's used as an excuse to fuck the onchain throughput, it is.",anger,0
Ah ha!,surprise,6
Fucking and being a boy,anger,0
Luckiest I’ve been is getting the toy I actually wanted from a McDonald’s happy meal.,joy,3
Girl gets pregnant. Start selling my services to infertile couples. It’s a miracle. Profit.,neutral,4
"I pirated this movie last night and can confirm: it's truly awful. Not just lacking in good, but *aggressively* bad.",disgust,1
Looks like a plate to me. A stupid plate. But a plate nonetheless.,anger,0
I think you're right. She has oodles of cash and young grandchildren to enjoy. Going through that hideous gauntlet again probably isn't that appealing.,joy,3
"Seriously? That’s so frustrating. It was [NAME] time to go, some of these “fans” are disgusting.",disgust,1
That live snail got me freaked,fear,2
There’s no wrong way to do an enema.,neutral,4
I can't believe you won!,surprise,6
"Yes, is there any way we can do this? Cos fuck that POS.",anger,0
#OMG TERRIFYING!!!!,fear,2
I'm afraid I'm gonna have to go with what he said about an hour ago. Unicorns. He just ruled out any sort of,fear,2
I was wondering what that was!,surprise,6
"This is just sad. So, so sad.",sadness,5
I would smash both,anger,0
Benzos do not help anxiety long term. they make it worse,disgust,1
"A joke is subjective pal, second of all you need to mature/grow up and get a taste of the real world before giving your political opinions.",joy,3
Do you want a people's army? because that's how you get a people's army,neutral,4
"Oh, the ""Thomas the nuclear bomb""? That scarred me.",fear,2
I feel sorry for him. He gotta be an awkward guy who has no friends.,sadness,5
[NAME] I hate Twitter,anger,0
What’s the reference matter if it’s still insulting? Glad your degree is coming in handy for something.,joy,3
Calm down. What the hell. I just tryed to tell you that there MEIGHT be a different side to that story.,anger,0
"We, the fans, are the losers here.",sadness,5
Fingerprints not [NAME] or [NAME] red is [NAME] don’t just make things up now that is sad !,sadness,5
How incredibly dangerous,fear,2
[NAME],disgust,1
Yeah it’s the opponents club that should be scared of us! We are REAL MADRID!,fear,2
because you are in danger of appropriating methhead culture.,fear,2
Cant you tell how sad she is from her face?,sadness,5
"Well you find a love for glue, cat food and whoores you life is gonna go places. ",neutral,4
This genuinely made me angry. He and his sociopath of a wife deserve each other.,anger,0
"Minor league team names are often embarrassing...Biscuits, Rumble Ponies, Sand Gnats. Baby Cakes is particularly awful though, I’ll grant you that.",disgust,1
"At the time, pregnancy out of wedlock was a stoning for having extra marital sex. ",disgust,1
Must be a terrible swim team. The only thing that your neck beard does is accentuates your double chin.,fear,2
"Im color blind, i usually see blue as purple and red as green soo...",sadness,5
Oh my [NAME] your desk is fucked.,surprise,6
Get the fuck out,anger,0
I can’t believe I’m agreeing with [NAME].,surprise,6
I'M A FIVE STAR MAN!!! *as [NAME] clicks one star over and over,neutral,4
"I’m a crybaby now, but I’m so happy to see happiness",joy,3
Oh my [NAME]...,surprise,6
"Definitely accurate, lasted about a month total in a Disney “internship” program... was more like slavery. Terrible experience that ruined Disney for me",fear,2
"[NAME] is huge fucking liar, but you seem to like him.",anger,0
I wonder how many didn't get the joke,surprise,6
"But some people are not on that subreddit, he is just reminding all the people in the [NAME] faction",neutral,4
"Hawaiian pizza to the maximum, shout out to Caffe La Via @ Malvern lmao",neutral,4
"Sorry, I’m just so hungry right now ",sadness,5
"I know I should be worried, but I am not, which makes me very worried. ",fear,2
"Surprised, Playtest isn't mentioned. The ending is just god damn!",surprise,6
Those things still haunt my dreams to this day.,fear,2
Absolutely no one was surprised at her choice to run in 2016...,surprise,6
lol..You're not getting [NAME] or any of the young core..,joy,3
She would be devastated! Whatever you're going through won't last forever... this will pass!! Ask for help - find someone to talk to!,anger,0
Reality is often disappointing,sadness,5
I am more than pleasantly surprised I clicked this link,surprise,6
That was a terrible pass regardless. Wasn’t close,fear,2
If only we were in that conference room to hear the answer!,neutral,4
Makes it even weirder that she now hates America,anger,0
This could have been way worse.... the bottom pic could have been [NAME] and [NAME] ughhh,neutral,4
"Trust me, if its a person you have feelings for and she/ he just wants your body, thats really painful.",sadness,5
She was carrying all my burdens >:((,sadness,5
Sorry for your loss. My bestfriend is turning 13 soon and I'm trying to cherish every minute we still have.,sadness,5
This is cursed,anger,0
By the way the dogs also alerted at kuss road but will just ignore that much like [NAME] did lol ciao,neutral,4
You do eat off them in very special situations,neutral,4
Probably scared they’re gonna get flashed by a camera.,fear,2
Pity because I enjoyed Max Normal.,joy,3
really thought he'd hit a bird for the longest time.,surprise,6
??? Where the hell is this article getting it's data from...,anger,0
happy cake day!,joy,3
"Wait, what? You're a gamer who's never even heard of TB?",surprise,6
I suppose [NAME] listens to the screams of his mother before she gets shot(?),neutral,4
good to see your story had a happy ending!,joy,3
" I'm scared to even ask my mom ,I might get yelled at 😟",fear,2
I’m glad I’m not the only one who thought that.,joy,3
"Got boarded, ejected, and ship damaged... very poor tactic.",disgust,1
"""Assault Weapons""",neutral,4
People tremble in fear of the name Rupple Poopels 😂,fear,2
You crush them up,anger,0
Pepsi tastes better in the UK than Coke but US/Canada coke is pure diabetes and Pepsi is disgusting.,disgust,1
yes but how many new characters were there? Checkmate atheists. :),neutral,4
"Yes honey, now go get the mop.",neutral,4
My greatest fears are getting wooshed and not getting the joke.,fear,2
Everybody betrayed [NAME] [NAME]. I'm fed up with this world.,disgust,1
I'm working on it. But there is always the fear lurking around....,fear,2
"No one to blame here, bad luck is what it is.",sadness,5
"Sadly, he seems immune to bans. He also dodges them with alts like [NAME]",sadness,5
happy to help,joy,3
Oh same! But with [NAME]!,surprise,6
"I dont mind these people dying, what bothers me is that some random bystander could be smashed by this guy should he fall",sadness,5
Must be nice my seats were in that area... sadly I decided to go to the bathroom. #PTSD,sadness,5
"Hi from a former [NAME]! Enjoy all the snow this weekend, we're barely getting anything in Iowa, which is frankly ridiculous. ",disgust,1
"You know, when I think of democracy, the first thing that comes to mind is best 2:3... Errr... 3:5.….. uhmm... I mean 5:7... /**S**",neutral,4
That was honestly my first thought I’m so glad someone else went there too,joy,3
She reminds me if [NAME]. Half haked pictures with vague sayings. Ugh,disgust,1
Minke whale have never been endangered and are delicious imo. Particularly minke whale carpaccio,neutral,4
My girlfriend ordered Chipotle. Have fun with that 15 mile drive bud.,joy,3
*Gives popcorn* I mean it's eleven hours old but I still got some.,neutral,4
Oh no! That’s my favorite! Nothing like losing an organ to get you to eat healthier.,surprise,6
They come to your house and rob you at gun point. Be honest. What are some ways that this could be resolved?,fear,2
Same here. It’s very hard. I really feel for you.,sadness,5
Yepp. I've struggled to hold a job so I'd be in trouble without it.,fear,2
Could be between [NAME] and [NAME] based on Twitter followers,neutral,4
You're in for a treat- enjoy :),joy,3
It’s objectively a lie. Prove me wrong,neutral,4
"Pet-sitting is over, didn't know I was lonely without a doggo until now. ",sadness,5
My son told me he hates me,sadness,5
"I’d kind of be kind of shocked if Chili wants us to hit mostly ground balls, especially with how hard the shifts are nowadays. ",surprise,6
I know a dozen local school administrators. What the hell are you talking about?,anger,0
She looks like [NAME] as a baby but still as an old man at the same time,neutral,4
Missing this roster 😢😢😢,sadness,5
"It was a few years ago now, I’m afraid I don’t have it or I would.",fear,2
If it makes you feel better im gonna be scrubbing out hard for a while so maybe ill see you round to give me another loss,sadness,5
"""We should be happy that we moved from 4th to 5th""",joy,3
She is a horrible person and that is what makes her so relatable in real life.,fear,2
What the hell is going on at Getty Images?,anger,0
"CREEP FACTOR MIDNIGHT ""virgins gonna be scared""",fear,2
You were used as a weapon to inflict pain on your father. Glad you reconnected and found a good parent.,joy,3
I watched a video about fake makeup having rat piss in it. No thank you,disgust,1
"But tbh, i dont think i am disgusting, but my feet still get smelly after a while ",disgust,1
Buying Bitcoin at it's peak is the equivalent of people buy Fyre festival tickets. I'm glad I did neither,joy,3
I would stay away from [NAME]. Apparently his injury got infected and will require more surgery/surgeries,fear,2
"Racism is as racism does - so yeah, goin' out and willfully doing racist shit is indeed racist. Not too hard to grasp.",anger,0
"They're not ""likes"" you fucking moron.",anger,0
Really? Cuz hella 18 year olds with bad grades from my high school seemed to do it with ease.,surprise,6
That's such a selfish mentality to have.,disgust,1
I can't believe he came in and 4 seasons in he managed to turn the team into this.,surprise,6
"Instant fucking turn off, ugh. Fuck us for wanting equality across the spectrum",anger,0
"Agreed. Sadly, it's not uncommon enough, and it makes me sad because of the implications about mutual respect or the lack thereof.",sadness,5
MAGA morons don't travel outside their state so they don't care about this.,neutral,4
Her comments are disgusting. Reminds me of my mother. I'm so sorry.,disgust,1
5 hours late!!!!!!!!! omg.,surprise,6
I'm appalled that your roommate straight up destroyed perfectly good leftovers that way,anger,0
FBI OPEN UP!!!!,anger,0
Pretty normal! I have a friend who is exactly the same :),surprise,6
What's [NAME] day job because I know it can't be a therapist or talkshow host.,neutral,4
"Oh wow, I feel bad for the parents, they had no idea",sadness,5
[NAME] looks rushed on his 3's tonight for no reason,neutral,4
you are pathetic.,sadness,5
"Sure does bud. You now belong in a racialized group. Your membership to the ""historically oppressed minority club"" is in the mail.",neutral,4
What's it matter where this came from? It fits every content guideline and we're enjoying it.,joy,3
Franz Ferdinand are awful too,disgust,1
If you are still trying to lose weight you could post it with a comment about how you found it an inspiration to drive you forward.,neutral,4
Thought i was already there with the terrible title.,fear,2
That sounds a little paranoid,fear,2
"Ahhh, I see. I thought you were saying they made you afraid of the sessions.",fear,2
"Fuck right off, it was illegal at the time so the law was being broken. Learn to live with your actions and their consequences you whiny socialists.",anger,0
"I'm scared that they would turn out like me, even if I tried really hard to make them nice. ",fear,2
"As a fellow browns fan, unfortunate enough to be born into a browns family and in ohio... Hello sharer of a lifetime of heartbreak.",sadness,5
Opposing ethnonationalism and private property is hardly a weird hill for an anarchism to defend,disgust,1
"I don't see how a NBC journalist's departure is relevant to the SCW, especially since he didn't cover Syria on the ground.",neutral,4
"True, and so sad to see. Somewhere along the way, the governing of a country my mutual consensus turned into a national sport with 2 teams.",sadness,5
... Still laughed!,joy,3
Nope. Sadly early 30s,sadness,5
Well I'm glad I decided to go to McD's instead of doing those lines!,joy,3
that looks like a nightmare.,fear,2
old school from back when we won the cup,joy,3
[NAME] didn't finish the LPs!? Wow. I am in episode 20 something and was expecting him to finish :(,surprise,6
They had courts. You sue people who wronged you.,neutral,4
dae [NAME] IS MOMMY FUCK MY ASS WITH A BACKHOE MOTHER YES GAWD *tongue pop* WHAT A TALENTED ACTRESS BUT ALSO PARENTAL FIGURE,disgust,1
Story of my life,neutral,4
Wow she still hasn't helped even though you recognize it?,surprise,6
"I'm more worried about him scamming children than ""oNLY"" scamming them into thinking they'll get $100.",fear,2
Wow no wonder everyone is driving mopeds around. That's all there's room for.,surprise,6
"And when the 4th Quarter needed it most, it vanished!",surprise,6
Why did she get married if she did not love him? Aren't you afraid the same thing wil happen to you?,fear,2
"Oh is this the ""not real burgers"" argument? Just cause you don't like them doesn't mean they're not burgers",neutral,4
Sucks that [NAME] was a straight positive in important minutes and hasn’t seen the floor since..,disgust,1
"Me too! And he was so happy to get that out of her back, he seems like he really cares.",joy,3
Oh my [NAME]. The hand mixer instead of forks. Shredding poultry is like my least favorite thing on Earth,surprise,6
That was painful.,sadness,5
Being ugly at some point in your life doesn't mean you deserve death.,neutral,4
How she used the entire video without any editing.... that’s copyright,surprise,6
"Fuck you, that's how",anger,0
Stupid pipe ruined a pretty good debut,anger,0
You are all a bunch of losers. Nuclear weapons will accomplish this faster and more efficiently than any other means.,neutral,4
What the fuck [NAME]! Are you easy to talk to? 29 years and you didn't see it coming?,disgust,1
She's a piece of work. I'm glad you're reporting your account issues.,joy,3
Just do it!,neutral,4
my brain hurts...,sadness,5
i’m sorry i don’t have the box with me,sadness,5
"enjoy that vodka, [NAME]",joy,3
*Hey just noticed..* it's your **10th Cakeday** likebigbuttons! ^(hug),neutral,4
I had a feeling...crazy what that guy can do to his body.,joy,3
Or take it further: Try showering with just hot water. You might be surprised at how clean you get.,surprise,6
I still miss the north hills bottom dollar :(,sadness,5
It kind of blew my mind to see that after reading some of the most generic advices in that post. Who the f* upvote these posts?,anger,0
So nothing. Nothing happened.,neutral,4
Nothing. Fuck the environment so people can think they saved a few bucks. People are fucking stupid.,anger,0
I’m so sorry you are going through this. Sounds like an awful experience.,sadness,5
I did not even realize he was injured...,sadness,5
I mean if my wife looks like that when I get married then I’ll be quite happy.,joy,3
The original Halloween movie is still the scariest film I have ever seen. Being chased by [NAME] in this game is terrifying.,fear,2
"Of all the people in the world, I honestly can't believe that Reddit hates [NAME].",surprise,6
I think you can find it in pieces on YouTube. But CW seed should work. It’s odd that it isn’t.,neutral,4
Me thinks this crosses the line of dignity. Makes me sad. It’s one thing to expose things but another to mock it.,sadness,5
Sorry. Bad day.,sadness,5
"I, too, am a lot of fun at parties. We can stand together in the corner! ",joy,3
You told me it was pointless to point it out. You're the idiot,anger,0
"the sky, living a happy and amazing life in the clouds.",joy,3
"According to the filmmakers, it was the same Brachiosaurus that awed the characters in the first movie. ;_;",surprise,6
"All the time, and the excuse I get is that I need to visit more often otherwise I wouldn't have found out at all.",neutral,4
Here's my [NAME]. and [NAME] in front of our tree :),joy,3
"Find yourself another pretty, nice girl that doesn’t have cheating tendencies. They exist ",neutral,4
i hate this,anger,0
"Hmm surprised that went on for as long as it did, at some point there must have been some redeeming qualities. ",surprise,6
[NAME] plays with [NAME] for 2 minutes and he's already doing outlet passes lmao,neutral,4
[NAME] clan needs some fucking therapy.,disgust,1
I’m to scared to tell them :(,fear,2
Anyone else think [NAME] kind of reminds them of [NAME]?,neutral,4
I really hate this family. Nothing but snake-oil salesmen who's negative influence will reverberate for a new generation of young women who deserve better role models.,anger,0
"It's ok he was back running in training this weekend, he should be grand for the England game",neutral,4
Satire account.,neutral,4
I'm always happy to have you in my box.,joy,3
Lmao what's the difference neither one is refrigerated. People are fucking stupid,anger,0
Weird way to type YYYY-MM-DD,disgust,1
"Oh, because his sideburns were shaped like stars!",neutral,4
"""We're sorry, all circuits are busy now due [NAME] lost keys, try your call again""",sadness,5
We cant even get sexually assaulted without them claiming we're gross fetishists,disgust,1
DAMN!!!,anger,0
It's the top comment. How weird.,disgust,1
"It's rape after they've both consented? You're what's wrong with society today, try to be less of a dipshit going forward.",anger,0
"Then there you have it. From everything I have seen thus far, this game is doomed. I hate saying that.",disgust,1
What a coincidence. I also had a Bort.,surprise,6
I know and that made me sad!,sadness,5
HEY! NO OC IN r/ComedyCemetery,joy,3
"Oh damn, is that who made that up?",surprise,6
He will rest easy knowing how happy he made all of us,joy,3
"Wow,29 turnovers. Something to talk about",surprise,6
That’s part of why I hate porn so much - other than the exploitation of women,disgust,1
Hey man. A lot of people have criminals in their family. That doesn’t mean they are I think you need to take a step back,anger,0
And she would would enjoy wearing,joy,3
Wall St is scared of the 2020 Democratic primary.. Good!,fear,2
Liquor stores around me used to be closed on Sundays for outdated reason but it never stopped me from going,neutral,4
You'd think people who have this high an opinion of themselves would be more open to taking advice on how to beat certain matchups. Enjoy being a scrub.,joy,3
SHE DESERVES TO BE TRULY HAPPY. LEAVE HER [NAME].,anger,0
"They're all bad enough to be lumped in to the same category? You either have very high standards, or none at all.",disgust,1
Oh you mean [NAME]?,neutral,4
[NAME]!,anger,0
**GET OUT NORMIES! OUT!**,anger,0
In that case clench! Clench for all you’re worth!!,neutral,4
"2 is washed out, 6 and 10 are too dark. Also imgur showed me a bald naked chimpanzee right after your last picture and I nearly choked. ",disgust,1
This is dank what the hell,anger,0
Worrying about [NAME] during a game is ridiculous. Especially when he's currently 6-11 from the field.,fear,2
"ah, ok! i'm afraid i do, i just didn't realise that's what it meant (so old i am going stupid....)",fear,2
He hates the Falcon because his dad would leave him all the time on it as a kid,anger,0
"Yes,on top of that feel like vomitting,can't breathe and thinking I will faint.",fear,2
What an ass. I almost downvoted this out of anger.,anger,0
toy has lost its value,sadness,5
Imagine your daughter running away from home. I think that's a pretty terrifying idea without some murderer or mystic horror,fear,2
Is this a real thing!?! (I am clearly very sheltered),surprise,6
Sooooo happy for you.,joy,3
Sometimes I just go on the YouTube video for any song older than like 20 years and these comments never disappoint,joy,3
"Wow, so that means common tongue isn’t English!?!",surprise,6
I can’t stand [NAME] but that was heartbreaking,sadness,5
My heart is breaking for that little girl.,sadness,5
"I remember being a kid, 5-9 years old range, and constantly being subjected to this line when my mother ran errands. This is so dead on. ",neutral,4
WHAT. It says due date 12/31/18. Did she have the kid yet? Oh [NAME] I feel so bad for her and that child...... nooooooo,sadness,5
Let's go [NAME],neutral,4
Isn’t /politicalhumor a sub that barely has any real activity though...?,neutral,4
Swordfish is my go to gun. Used my first unlock token it given how much I enjoyed it.,joy,3
I'm so glad you weren't physically hurt,joy,3
"First thought: OHHH FUCK FUCK FUCK!!! Okay, time for me to submerge and introduce this MOTHAFUCKAS EYE BALLS to these hands",disgust,1
I never used the word mean. Chill. I said weak and it is. Its sad aswell.,sadness,5
oh! I have more ships this time! Niice!,joy,3
His 2 point shooting has been bad this season atleast he is still staying aggressive,anger,0
And unfortunately videos like this act as a constant reminder that most people are complete dumbasses. Sad really.,sadness,5
"I have. Here, its implying he wants to fuck the dog. The original the dog is just scared of him.",fear,2
I feel your pain 😪 i got scammed $1400 in November. I felt like a dumbass for falling for it too.,sadness,5
Poor poor poor bastard,anger,0
"What, again? This stupid country!",anger,0
"Well, I bought cheese when I went, and was shocked at the great variety and lower prices. That probably skewed my view.",surprise,6
I’m not crying! You’re crying!,neutral,4
I was sad to see emails from multiple downtown restaurants offering free delivery through grubhub. Deliveries are going to be brutal.,sadness,5
*Ugh..* You are 23 and not married - leave.,disgust,1
Today on someone flamed me in chat,anger,0
VODKA!! YOU ARE THE REAL MAN!!,neutral,4
"Kind of wish they recorded a video of the shard of glass moving through the heart, we would all pee a little in our pants.",fear,2
Doesn't suck nearly as bad as Metropolitan Grill. I'm surprised that place is still open.,surprise,6
"yeah, a little bit.",neutral,4
He is warped by porn. He's got a problem,sadness,5
Will that's what that poor child was just taught. Some parents have no idea,sadness,5
A) at first it looked like sex doll B) aren't the staples gonna sting you in the ass at some point?,neutral,4
That might’ve been the worst pass he’s ever thrown. Yikes,disgust,1
"Enjoy a weekend of eating ice cream 100% guilt free. (That's standard practice for wisdom teeth still, right?)",joy,3
I knew a guy named [NAME]. Always wondered what his middle name was.,surprise,6
"I can't pluck it, hurts too much. So every few days I shave a strand of hair on my chin.",sadness,5
And there I was blaming the poor black lads,sadness,5
"I have a TKL so no numpad, bummer.",neutral,4
Shock collars are horrible. They poor pup. 😫,fear,2
I think it was a one time thing because they still go for a lot more. I got lucky.,joy,3
"Says millennials are afraid of hard work, dismisses the hard work required to get a fit body.",fear,2
"[NAME] no, these are horrid on anyone.",fear,2
I’m as terrified of Mr. [NAME] just as much as any sane person but I don’t think we should *burn* him...,fear,2
i used to do this a lot when i was younger lmao glad to see my vision wasnt just mine,joy,3
"But something is extremely wrong if people are getting sick. Might not be a sonic wave, but it definitely is *something*",sadness,5
I will call the police if you dont stop harassing me,anger,0
Lets see who all has been interested in talking about medschoolgate since the top mind in question took his cause up with Stormfront and,neutral,4
I accidentally swiped. I don't have time right now I swiped for ego and got it so I don't actually want to talk to anyone.,anger,0
Don't forget the awkward tomboys.,disgust,1
It’s disgusting,disgust,1
I think it it would have been even worse if that was the case,disgust,1
[NAME] and his supporters are the dumbest humans in the fucking galaxy. They should be locked up for their own safety.,anger,0
His hair looks fucking horrible 😂,disgust,1
"Don't just distance yourself, BLOCK them",anger,0
"I DON'T BELIEVE, WHAT I JUST SAW",surprise,6
"Wow. AP should find that video and flag whoever did that...deep, scary issues at play",fear,2
"Wow, I might actually watch this weirdo movie this time. ",surprise,6
He drinks all coffee with cream. We already know he’s not above disgusting liquids.,disgust,1
Financial security and the happiness of close family.,neutral,4
Well this is terrifying.,fear,2
What the fuck is that horrifying picture,fear,2
"Shut up, or you'll be tossed off the roof!",anger,0
Kindly shut your pie hole.,anger,0
Burn through ALL THE DATA,anger,0
I know 😢 it’s one of my life’s goals to see a moose in real life despite how terrified I will be lol!!,fear,2
Looks like the next level of a horror character,fear,2
Wow. Some people are so stupid. But if it was me I would have opened the door and at least put it inside the doorway.,surprise,6
So many freakin' softies dude.,neutral,4
It had a rough start but it really came around.,neutral,4
My worst fear when I finally get over someone Those damn what ifs,fear,2
- read the linked,neutral,4
Yea I guess I did. I forget how popular the bulls brand is overall. I just hate when people call others dumb because they talk/tweet in slang.,disgust,1
[NAME] Wednesday’s 😎 Good to know he’s enjoying the retirement life. ,joy,3
I've never seen a more adorable tumble,surprise,6
I feel like they're blaming the school for them doing exactly the right thing.,disgust,1
Always a pleasure to have our board of directors pay us a little visit.,joy,3
"More like 11 feet up, but still painful. ",sadness,5
"The last thing I want on my team are former Eagles players. Fuck that team, the organization, and the shitty fanbase ",anger,0
Wow. Instant retirement money...,surprise,6
The Internet is a weird place.,disgust,1
excuse me what the *fuck* was that,anger,0
SHUT THAT SOFT ASS SHIT UP,disgust,1
You too thirsty,neutral,4
This guy fucking gets it.,anger,0
i love all harper news because i love the shit storm that ensues on here.,joy,3
Shame on you,anger,0
Damn! You were so close! Scary. Damn damn!,fear,2
"I'd say ""[NAME] retire binch"", but I'm a little late for that.",neutral,4
Read this in the voice of that baclground janitor guy who [NAME] loves from rick and morty.,neutral,4
I miss SFist's Apartment Sadness column.,sadness,5
oh gosh i heard about that and though it was absolutely disgusting,disgust,1
"Man I'm sad, he was my favorite [NAME] when he left ([NAME] heir apparent) and I was ecstatic when he returned",sadness,5
"Wait, WHAT?!?!",surprise,6
I hate [NAME] but this dude has already lied to Congress. How can you believe anything he says,anger,0
True Story! That's the sad Part of it...,sadness,5
"Can't speak for that dude, but I'd say hell yeah they're a hate sub. ",anger,0
"Enjoyed pulling moves, if you can find it. Was a comedy very Belfast centric though. ",joy,3
"Yeah, I have made it clear to most or all of my friends that I am not available instantly, lol",neutral,4
What's the fucking point of this post? Is just baseless claims with no proof to back them up.,anger,0
I was born in caul but my psychic powers haven't come in yet. :(,neutral,4
Welcome to the depressed group,sadness,5
"Poor cat got his ass kicked by a crab, rope and broom.",sadness,5
Fuck these calls,anger,0
"Genitals in general are just kinda creepy, fleshy bits.",disgust,1
>The ABC’s hard-hitting investigation :/ Such a sad article.,sadness,5
I'll be right back!,neutral,4
It seemed weird to me as well. It's just 10mcg of cyanocobalamin with some fillers like corn starch and celulose.,disgust,1
But really Vanilla Ice is scum RIP [NAME] and [NAME],disgust,1
Horrible night for dodo,fear,2
Is the Queen movie bad? That makes me sad. I'm still watch it anyway.,sadness,5
This is as subtle as the 2nd choice is the MP telling you to go and fuck yourself.,anger,0
This sounds like a toxic relationship for the both of you. Seems miserable... I’d hate to be in that relationship,anger,0
Have fun in the farmer's league.,joy,3
>Popular >Secret Choose one.,neutral,4
"I could go, but honestly, it is the worst place on earth. I have 0 desire to do it.",disgust,1
We were playing bots for 30 mins... Not fun but i am happy i finally did it,joy,3
Don’t eat snickers on shrooms the taste was so intense and salty I was convinced I’d thrown up,neutral,4
"Which totally makes it less funny for a person like me who has never seen this before, and laughed. ",joy,3
Omg lmfao!!,surprise,6
"I’ll miss you, [NAME] Today is a sad day for our high sock loving brethren [NAME]",sadness,5
I didn't think it was that bad ><,disgust,1
The demon's still fighting!!,neutral,4
"Damn, that was dirty.",disgust,1
Imagine being born in 1987 and not having been invited to a party since your friend's birthday party in 1999 though :(,sadness,5
I'm surprised everyone seems to think there will be a season 2.,surprise,6
Lips are the key to crumb containment.,neutral,4
"If you are as ugly as you say you are, you're already a statistical outlier.",disgust,1
"I'm from Buenos Aires, and I say kill 'em all!",anger,0
You die.,anger,0
Dude couldn’t see he had a spool of hair growing on his face?!,surprise,6
Calm down.,neutral,4
What an idiot.,anger,0
It's weird because sometimes I care and sometimes I don't. Although I wouldn't call myself an asexual I could be leaning more towards demisexual.,disgust,1
Ahem. There are those who think that life Has nothing left to chance A host of holy horrors To direct our aimless dance,sadness,5
This is nasty NSFW,disgust,1
I'm sorry. That's awful,disgust,1
How is one not amused by that? I can't imagine being angry even if it was my lunch. lmao...,anger,0
Sadly I had to scroll through the story to read this,sadness,5
Happy birthday!,joy,3
i still remember by my first dodger game in 2001,neutral,4
The NCAA doesn't just decide whatever they want. They are bound by the laws of the United States just like everyone else.,neutral,4
[NAME]? Rape? I am shocked I tell you! SHOCKED!,surprise,6
Oops! The bottle was so oily it slipped outta my hand and into the trash!,sadness,5
HELL YEAH!!! And in only 7 months?? That’s such an achievement!,surprise,6
Some bioshock shit right here.,disgust,1
We don’t “know” but it was reported he is expected to stay on. Really glad about it,joy,3
Did I say he was a scammer? I said he's disgusting and there's nothing endearing about him at all. Not surprised this subreddit is defending him,disgust,1
Dude. Same. That would just be... Devastating.,sadness,5
Wow I had no idea all of this transpired. Crazy!,surprise,6
"I have yet to see a single reasonable person supporting [NAME]. Not on Reddit, not on Twitter, nowhere. ",neutral,4
Trading game items for crypto without middleman xdd,neutral,4
She clearly was too afraid to speak up.,fear,2
"I'm a Broncos fan. I'll never, ever root for the Chargers, Chiefs or Raiders. Who the fuck would? ",anger,0
Sorry for your loss 😣,sadness,5
This is my favorite wild memory,joy,3
I'll bite. What's your story?,neutral,4
Happy cake day :),joy,3
Rewatching the game since I was in transit during the 4th quarter... You weren't kidding. [NAME] was a monster defensively.,neutral,4
"The dad is like ARE YOU FUCKING SORRY Jokes aside, good on the dad and the 2nd pissed off dude Tryin to make a change :-",disgust,1
I was thinking that as well after I posted. Some nasty stuff settles on ceiling tiles.,disgust,1
shut your deregulating lying mouth bill,anger,0
I arbitrarily hate poo-lice Get OUT OF MY POO,anger,0
"I went through that phase, I was quite depressed. ",sadness,5
I feel a tad lost without it now that my drive for football has vanished and basketball and hockey simmer one. The show's every night after all.,sadness,5
Ducks just happy. Hadn’t had a shit for days,joy,3
I would be surprised if she's doesn't have at least 1 kid,surprise,6
There is an actual subreddit for cheating. It's disgusting.,disgust,1
"What scares me is that now that this happened, they're going to try and find ways to take women's phones away from them.",fear,2
"I hate from the bottom of my heart, when animals behave like this..",anger,0
Sitting down and wiping is disgusting. Especislly when using a public toilet. Fucking savages up in this thread.,disgust,1
"Damn, for real? I'm 250 and drink regularly, if I pound two beers in under a minute I'm good for a little while.",surprise,6
Go pursue that education. Let [NAME] wallow in her own sadness.,sadness,5
It’s pretty cringe,fear,2
PARENTS: VACCINATE YOUR FUCKING KIDS OR THE NEXT NAP THEY TAKE WILL BE IN A COFFIN OMFG,anger,0
I’m so sorry to hear that! 😂😂😂,sadness,5
Try reading up. Not going to play these stupid games with a butt hurt Meltzer fan boy.,anger,0
I assumed that came from him brandishing a firearm at the kids after they egged his car.,neutral,4
"Yeah I was super surprised by how good Trench was, probably my top album from last year",surprise,6
"Oh look, someone who doesn't understand how living languages work.",surprise,6
I'm honestly surprised. We should have fallen much farther,surprise,6
Surprises me how a dude that let his keyboard get to this point even cares enough to clip his nails in the first place.,surprise,6
"MOTHERFUCKING FLYING MONKEYS, AHHHHHHHHGHGHHH!!!!!!!!!!!!",anger,0
Shes thicc... gigiddy,neutral,4
Even if it does and they win a tourney [NAME] is gone after this year LOL,neutral,4
"What a disgusting pair of human beings, if you can even call them that",disgust,1
It's a photograph with one of our greatest ever defender and captain. What's your problem?,anger,0
Happy birthday [NAME]!,joy,3
"The shipping container are my friends, damnit",anger,0
This is about as close as I can get to singing IRL. It's fun.,joy,3
"That sounds terrible! I get hay fever some years, I also have eczema and anxiety, all at once sounds like pure hell.",fear,2
Didn't you get the PM? Post to /r/CatsWithJobs instead. Edit: It's already been posted there actually.,neutral,4
"I think the saddest thing here is that he thinks ""by-my-self"" is how to write that.",sadness,5
"He doesn’t, he’s terrified, cries and hugs you. Basically one of the scariest scenes in TWD.",fear,2
They dont build up unless you get points though do they?,neutral,4
"Bidets are disgusting. In america, we use toilet paper because our plumbing systems can take it",disgust,1
Fuck shit bitch,anger,0
All of season 6 is terrible,fear,2
Predatory towing is getting ridiculous. I have up to date stickers for all the properties I maintain and have been towed twice. Fuck em.,disgust,1
"When he said, ""IT'S CALLED RESPECT"" and gritted through his teeth-- wow, he is just waiting to let his hands fly.",surprise,6
Tears of happiness rolls down the eyes,joy,3
Oh my [NAME] I saw the rocks below the dog and feared the worst!,fear,2
"Your imaginary boyfriend is kinda creepy. Although, if he's kinky then he may be for keeps. *wink ",fear,2
"Are you implying that I can not determine guilt by seeing a person's skin color and tense smile, you fucking racist?",anger,0
"thats the future right there, robots trying to help but destroying your whole home in the process. ",disgust,1
WHY THE FUCK IS BAYLESS ISOING,anger,0
> Sleeping next to someone I knew my wife is trying to kill me!,fear,2
Yesterday I remembered that this game existed and was happy that I waited and didn't buy into a game that would be dead in a month.,joy,3
I thought this was a torb skin and I was about to die,fear,2
Can’t be worse than last week,disgust,1
I'm also happy you're still here!!,joy,3
Wow! You are close to me in age. I would never do that.,surprise,6
I turned the news on around 6 this morning and have never been so happy to have a commute of 4 miles to my job,joy,3
"The 5 days got an audible ""[NAME]"" out of me. That's terrifying. ",fear,2
And the USMC get their crayons in a basket.,neutral,4
"There's having fun and being a hoe, OP seem to assume what she is, so ni worries for her. ",joy,3
okay I just checked and OMG IT's SO TRUE (mostly) I really am a [NAME] <3,surprise,6
You sound scared,fear,2
I cheered for the Superbowl to be canceled,joy,3
"It sounds like you’re the one who is afraid of the internet. Relax, bud. You’re on r/cringe ",fear,2
I know North America is a big place but I wonder what it will take to see similar crowds in cities over here.,surprise,6
Fuck your husband,anger,0
"Those are horrible things to say to a child, let alone a 3 yr old. I would be pissed!",fear,2
I swear these people would try to sell shoes to someone without feet.,disgust,1
5.5C is the actual temperature in there??,neutral,4
>![NAME]. Apologies to the Hiyoko Best Girl gang but I could never get myself to like her...!<,sadness,5
Omg the face,surprise,6
Perhaps they did and downvoted the quality of the article. Maybe you're just trying to insert your own bias here?,neutral,4
"fuck lacy evens, she has not been impressive at all",anger,0
Conversion to make gay people straight. It's horrifying,fear,2
I’m afraid it will eventually go that way.,fear,2
"[NAME] looks too creepy,but it's a very nice drawing.",fear,2
Oh thats weird. It opens the google maps app installed on my phone so i dont have that problem.,disgust,1
Man at this point I'd be happy with just a few non-sweeps.,joy,3
Mine once went 6 hours overdue. It was horrible. Big hugs to you. Drink all the wine you can find!,fear,2
Talking about scary foreign people spreading disease is a classic xenophobic trope. Vile.,disgust,1
I wonder if your mother is proud of the person you became,surprise,6
My wife with BPD hasn't even kissed me in over a year. Get used to it if you're sticking around.,sadness,5
"""Smile Dude""",neutral,4
Yes....youtube new rule is now...u have to do commentary on every video u uploaded or show yourself in the video.....check their guidelines..u will see..,neutral,4
I amlooking to adopt from there! This makes me happy!,joy,3
He was afraid of flying,fear,2
FYI your boyfriends fucking her too.,disgust,1
"Considering that the majority of people who play poker still open limp, I'm surprised these posts aren't more common.",surprise,6
No we're getting Kinsler and be happy with it,joy,3
Omg the hockey god’s actually helped us !?,surprise,6
The “sad [NAME]” tops it off,sadness,5
Predicted almost exactly what was going to happen. Still got me.,surprise,6
"Man, and I thought the princess and the toad was an odd story",disgust,1
I still hated the system though. I felt penalized for using anything that wasn't the power beam the entire game.,anger,0
You're an uneducated twat.,anger,0
Gotta wonder how a fake BC could possibly result from a 'mixup'.,surprise,6
"The finest example of an egotistical, ignorant and racist piece of trash. Humans like this disgust me.",disgust,1
I hate that I like them...,anger,0
With punctuation like that I'm surprised you're not from Jordanhill,surprise,6
> ...he was afraid for his life... I see he has mastered the magic incantation.,fear,2
"Even after achieving 100% in this game, his performance still amazes me.",surprise,6
some caps fans *really* love jumping to conclusions without any basis whatsoever,neutral,4
He said this awhile ago. His splits away from coors scares me.,fear,2
I’m just glad that the academy is FINALLY progressive enough to nominate a mediocre [NAME] biopic directed by a pedophile.,joy,3
same but with cats. Puppies are really high maintenance and make me angry when i have to take care of them.,anger,0
"Ugh, [NAME]. Gross. ",disgust,1
Ngl the entire first order feels like a joke...,joy,3
Yeah this whole thread is gross. Calling a little kid trashy or misogynistic or sexualized for liking to play dress up is just creepy and weird.,disgust,1
that number 3 is soooo familiar and sad.,sadness,5
I audibly gasped,neutral,4
I’m happy I could help. Let me know if it works,joy,3
Happy New Year.,joy,3
Sorry but this is too rad to be cringe for me. This is like if [NAME] was a general.,sadness,5
Look at the size of those shorts!,surprise,6
Glad that you have the courage to make the call.,neutral,4
Oh boy you’re in for a treat. Make sure you visit Austin if you move,joy,3
I'm afraid that will leave Britain no better. Can't imagine the ruckus if remain wins.,fear,2
Im so glad I grew up killing infants at hospitals instead of being on my nokia,joy,3
"[RELIGION] is what produces these people, there are plenty of them and a beheading has even occured in the streets of LONDON.",sadness,5
felt that so hard too,sadness,5
I'm glad we agree.,joy,3
"But terrible people is my ""type""",fear,2
"Now that you're saying it, it actually makes sense. I'll be really hurt, but if she makes him happy I can't stop him.",joy,3
Scary times we live in.,fear,2
yea so disgusting,disgust,1
I hate when MoonWolf1-799 is taken.,anger,0
"That looks absolutely awful. On the good side, whoever made it, can only get better.",disgust,1
"We know Verb. Wait a minute, you’re not Verb!",surprise,6
"> So basically, if you're responsible with guns, you have nothing to worry about. I'm worried about *other people* not being responsible with guns.",fear,2
Oh look a player breaking out of a slump against Dallas. Haven't seen this one before,surprise,6
Such a sad way to think of life all because these people believe there's something greater than this.,sadness,5
We knows mumps immunity wanes; is it possible for measles immunity to do the same thing? I'm kinda scared to try Googling it too.,fear,2
They're so scared,fear,2
How about breaking into tears whenever one of your friends tells you they trust you because you never understood what trust meant,sadness,5
How scary! She loves you! I hope you are ok.,fear,2
I was petrified...,fear,2
This is a really lovely ends to a crappy means. I’m glad you enjoyed yourself and got something out of it.,joy,3
There is no way around it :(,sadness,5
"Man, dropping is rather dreadful but nothing’s more dreadful when you can reach into your pockets expecting it to be there and it isn’t ",fear,2
How dare they ask me to be a good person! I'll show em!,anger,0
I genuinely cannot believe [NAME] didn't get fired years ago. It shocks me more than [NAME].,surprise,6
Some graffiti can turn that really bad,disgust,1
"Take a shower brother, i can smell you through my phone",disgust,1
>This weird exploding ice [NAME] I haven't seen before? Wow. I... that's some ick right there.,surprise,6
Stop saying that ? Makes my tummy upset 🤢🤮,anger,0
Shrug. Cant blame anyone other than your parents.,anger,0
Fuck taking the high road. If I’m [NAME] I’m blasting the officials when I speak to the media.,anger,0
"Enough already. I'm sorry that the breakup is going to be painful, but you can do much better. ",sadness,5
"Kinda reminds me of my Uncle, [NAME].",sadness,5
Wow.,surprise,6
"He can’t do that! Shoot him, or something!",anger,0
He's been cheered for years now.,joy,3
I feel bad for him and [NAME] i hate seeing the OGs fall #UNITEGAMING,sadness,5
What u/Goyteamsix said.,neutral,4
And that wig is awful,disgust,1
"what did you put for second is my real question, everybody knows what at number 1, just like everybody knows [NAME] verse on monster",neutral,4
> busy blasting stuff with plasma Sound like more fun.,joy,3
My brother looks like [NAME] and I look like [NAME],neutral,4
We will never survive with 5% unemployment with moderate growth and a continued house building program to correct supply. Sounds horrendous,fear,2
"The baby photos, holy fucking shit there's so many baby photos now.",surprise,6
"You're just lonely, dude. Don't mix that feeling with love.",sadness,5
I'm glad you liked it :D,joy,3
70 year old me doesn't give a fuck just piss or get off the pot!,anger,0
Why am I crying rn...,sadness,5
"Calm down, [NAME]. ",neutral,4
I'm a danger to myself,sadness,5
The word nourish makes me cringe now tbh,fear,2
I'm so happy for you !,joy,3
The biggest cringe is actually all the people commenting she's a man,fear,2
I remember that one. It was so painful to watch,sadness,5
I get migraines too and I’m sooo tired the first two days of my period,sadness,5
"Whatever keeps your inflated ego going strong, Captain.",neutral,4
Oh boy I was wide awake when I lost my under 51.5. [NAME] can go fuck his ugly self,disgust,1
"That sounds awful. Glad its from 4Chan, so I know its fake.",disgust,1
"YEAAAAHH!!!!YEAAAAHHH!!!!...oh, here ya go, doom-di-doom...",anger,0
"Ah man, so many memories of those skits",joy,3
As someone who is dairy intolerant (milk is in _everything _!!) this veganuary is awesome :D,joy,3
Do your worst. The tag just describes your views. Could have been much more vicious.,disgust,1
"it only flatters them when they’re posed a certain way. but other than that, it looks awful and uncomfortable",disgust,1
Fucking Real Madrid,anger,0
Fuck. That.,anger,0
my parents got engaged in the courtyard of [NAME] back in the 70s,joy,3
> super model strange Oh man,surprise,6
Shut yer mouth libtard and get yer MAGA on! /s,anger,0
[NAME] looked bad pre release. Post release she was touched up and tweaked. Relax.,neutral,4
I’d say this is spot on. He’s not sorry he hurt me. He just wants me to shut up.,disgust,1
Ditto this. Happy hour after work is nice and low-commitment.,joy,3
[NAME] damn it,anger,0
Definite Fridge Horror moment for that movie. That poor man.,sadness,5
Just shut up dude,anger,0
I friggin choked scrolling up to this,fear,2
FEAR THE TURTLE,fear,2
4! The sweetest year.,joy,3
"Shockingly, some people continue to educate and improve themselves. You might benefit from it.",surprise,6
Surprise! That fat woman you see on the bus every day is actually this generation's [NAME].,surprise,6
Breaking News: Man Write Op-Ed About What’s Bad For Women,surprise,6
There's an Arby's/Long John Silvers near where I live. I'm glad they don't cross menu items.,joy,3
I'm so sorry,sadness,5
I can’t believe that’s real,surprise,6
"Day one of new job official duties on the books. I survived! One day down, 35 years to go... :]",joy,3
"Dear [NAME], please help [NAME] be less disgusting. Amen.",disgust,1
Because ridiculously attractive people also have self esteem issues and depression Guess what honey The world sucks for everyone There’s no escape We will all die in misery and alone,sadness,5
This is horrific,fear,2
tobaccy is nasty,disgust,1
I’m not crying.. You’re crying!,sadness,5
So many abrupt and unnecessary transitions with undefined lane guides to make space for ...nothing.,neutral,4
This fuck needs to sthaaaaap,anger,0
No. It’s not. This is disgusting behavior and anyone who supports it is a fool.,disgust,1
“Enjoy your dinner”,joy,3
Now my mental image is narrowed down to a big imposing woman or a spidery woman that scares me just to be around.,fear,2
Holy shit!!,surprise,6
"Wow after that [NAME] turnover, I've never turned off a game so fast",surprise,6
hey this isnt too far from me on sheridan. i never see anyone in it really.,neutral,4
Let’s try and convert this home momentum to some road success!,neutral,4
I've never seen anyone in a political discussion admit to being Russian though. [NAME] has made no secret that she is Canadian.,neutral,4
"Well, supposedly [NAME] wrote TPM in only a couple days, and people hated it.",anger,0
There is a surprisingly large number of [NAME] who play.,surprise,6
My mom signed me up when I was 15. Wow that was a fun weekend. /s,joy,3
It’s fun until you’re looking back,joy,3
Holy shit they fornicate like rabbits!!,disgust,1
Oi he got stabbed in the eye,sadness,5
I'm kinda the opposite. I always look dour and sad even when I'm not...,sadness,5
My condolences.,sadness,5
for me it was def the egg yolk. i’m pouting as i reluctantly eat it.,sadness,5
It is an absolutely horrible ultimate I agree after 400 hours on doom I still hate it,fear,2
Oh no.,surprise,6
[NAME] is pretty fucking scary,fear,2
"And then there's ""having to listen to parents bragging about how hard they have it"" tired.",neutral,4
It is liver toxic but this was given in a hospital. Liver toxicity usually results from taking too much to often.,neutral,4
"Couldn't really fit this as a ""how to,"" does that mean I have to go to jail now? Source: ",fear,2
The faces in that drawing are kinda horrifying,fear,2
Oh and now vini is down,surprise,6
The fact that you think like this is terrifying.,fear,2
You’re welcome! It’ll absolutely be worth it. And it’ll be fun! :D,joy,3
How dare you assume my mortality! >:O,anger,0
"“Wow. Just .. wow. Read a book, sweatie!”",surprise,6
That's the worst possible outcome,disgust,1
Happy cake day bro... or ma'am. You have to see this to really take it in.,joy,3
"You poor, hideous creature. ",disgust,1
"First I was afraid, I was petrified...",fear,2
>very creepy horror-themed Very accurate description and only from a few second piece of an audio recording,fear,2
worst is when people with dogs think they know what it's like to be a parent omg like you dont even know YOU DONT EVEN KNOW,disgust,1
It was the worst cinemax porn I've ever seen.,disgust,1
"For us to be able to do that now, they would proably make us pay for it. ",fear,2
The biggest Nightmare,fear,2
This might be the worst FO in Orlando magic history,disgust,1
A new mattress if you can swing it. Company provided mattresses are typically pretty garbage.,disgust,1
what a bizarre post omg,surprise,6
1 is spot on. Anxiety completely disappears. I like when that happens. One less issue,joy,3
Watching it deteriorate into a horrific dystopia. Healthcare costs. Dental. Low wages.,fear,2
AND they kept in Trinity's spiel about how Manila deserved the top in ep 7 i.e. 4 wins in a row...,neutral,4
OH [NAME] THAT'S TERRIFYING SOMEBODY SAVE US ^/s,fear,2
OmG pEyToN iSn'T gOoD eNoUgH tO hElP uS iN tHe PlAyOfFs! Dumbass Broncos fans circa December 2015.,surprise,6
"My girlfriend barely tolerates me showering in the morning, she'd be furious if I'd let an alarm ring while I'm away. And rightfully so. ",anger,0
"When are you and dad going to pop out a few baby-mammas for us boys, huh? And that's the *less* disgusting alternative. Blech!",disgust,1
That helps. I would've never guessed you'd style mannequins.,surprise,6
"This one has been around longer than you, buddy.",neutral,4
scared for sure... scared of how much money we're gonna have to pay him it's gonna be all the moneys,fear,2
They should get checked for everything. No reason not to.,neutral,4
"Even with their new location around the corner, they are still incredibly awful. By far the worst [NAME]. ",disgust,1
Find a new doctor. If he isn't willing to treat people because of political affiliation then he's a horrible doctor and an even worse person.,anger,0
Omfg the worst!! want to pull my hair out!!,disgust,1
Wow. So I figure you two are both at least considerably older than me (24) and ...wow his response,surprise,6
Wow are you saying political agitators will drum up a controlled crisis and disseminate the edited video through a foreign fake twitter account,surprise,6
The white thing high up in the yellow square is my uncle [NAME] glass eye. Wonder how it got there.,surprise,6
"Ew her text is touching her photo, what a slut",disgust,1
"Why the fuck would you go for pizza, subs or pork rolls in texas?",anger,0
I hate y'all too,anger,0
fucking seriously.,anger,0
">Some ~~drugs~~ people are just... Scary... Some drugs tend to bring out what's bubbling under the surface, so in that way, yeah. ",fear,2
I will not being awkward if I am being myself but I just scared,fear,2
Huh? Mutts are usually healthier than pure-breds. It's the pure-bred dogs that have weird genetic issues.,disgust,1
"Oh, those dreadful things. I gave those away.",fear,2
Cheese Most of my friends love cheese so much that I’m scared to tell them that I can barely even bring myself to eat it,fear,2
"The state should kill them yes, you seem to have a very low IQ and can’t grasp [RELIGION]. No wonder you took up Reddit Atheism",anger,0
"The double fist bump made me smile, her happiness was contagious",joy,3
"Do You Realize, by The Flaming Lips. But it's not really ruined because we ended/still are on good terms. It just kinda makes my heart feel heavy.",sadness,5
The sad thing is his is still glitched. Just a couple days ago I died from [NAME] lightsaber about 5 seconds after someone else killed him.,sadness,5
The cruise boat one (similar) where the water goes WELL over the porthole scares the everloving shit out of me every time,fear,2
I'd say the guy who was going beat [NAME] face in is the worst character on the show.,disgust,1
That was nasty... but also the most real thing I’ve seen on the show lately.. lol,disgust,1
Honestly- live your life as a person who can love what others hate- because that’s just a little more joy in your life versus their hate.,joy,3
And..the reality of it hurts,sadness,5
"I CANT BELIEVE HER WIG STAYED ON WITH ALL THAT CAKE!!!! [NAME] tape really does hold back all, y'all. Alaska who?",surprise,6
I really felt for this mother. You could tell how frustrated and exasperated she was. Glad she was there to stand up for her kids.,sadness,5
"That’s sad, although I’m aware they historically haven’t been weaned off of authoritarianism.",sadness,5
I’m scared to fall asleep——-,fear,2
Such a nasty woman,disgust,1
Fuck her... don’t live to make your parents happy,anger,0
oh my [NAME] that first post 🤢🤢,disgust,1
> saving the children Because this will save a tiny of fraction of what could be saved with a cell phone ban.,neutral,4
> 420 blaze it!! wasn't that the red sox payroll doe? they got their ring.....,neutral,4
> traffic through there in the summer is awful because that’s where everyone wants to be. your life starts to revolve around bridge time.,disgust,1
So edgy.,fear,2
what are you scared of!,fear,2
I was under the impression that [NAME] also has some pretty rough health problems.,sadness,5
Absolutely. 100%.,neutral,4
I would have tactically thrown dynamite and blown my self up about 2 seconds in.,fear,2
They’re so angry!,anger,0
She refuses them by inhaling them [I'm sorry if that sounded bad plz no downvite],sadness,5
I’m that skinny and have so much trouble gaining weight,sadness,5
Victimless crime? Fuck you! Sounds like your unrepentant for being a crippling alchoholic.,anger,0
If she is an INFJ they can be quite caustic and verbally abusive at times.,disgust,1
"""UGH FEMINISM!!! SURELY THATS THE REASON I CANT GET LAID!!!"" see you in hell ",anger,0
I'm honestly shocked that the Bucks have more subs than us. I was surprised the Wolves had more too.,surprise,6
"i swear i've seen this on a poster somewhere at my school, it's awful",disgust,1
"I actually feel bad for your roommate, poor guy.",sadness,5
or a horrible night of 15/4/4,fear,2
So clamshell and do massage and x-clamp? Right sided injuries are not a contraindication to resuscitative thoracotomy.,neutral,4
"Liberal circlejerk “ o ya those conservatives suck” 10,000 upvotes",neutral,4
"Weird! Also in Winnipeg, no issues. Do you have a VPN?",disgust,1
Royals can be prosecuted. Princess [NAME] was charged under the dangerous dogs act many years back the monarch enjoys sovereign immunity.,joy,3
I still can't believe that dude in Whangarei is still allowed to run his business. I wonder how much longer he will keep it up.,surprise,6
"No, this is not polyamory. It's assholery.",anger,0
"I may have awful taste, i would want this cake",disgust,1
Hmm I thought I was playing the game for fun and excitement and unlocking skins was just an added bonus,joy,3
How can you look at that. it hurts.,sadness,5
"Fuck the White House, fuck McDonald’s and fuck this post.",anger,0
I'm so happy this whole group of lines was poster. It made my day...,joy,3
This joke is disgusting and offensive. Dictionaries don't contain proper nouns!,disgust,1
Omgz rite?!!1 updoots!,surprise,6
Finally something nice,joy,3
you just use the word weird like that's all there is to it. weird isn't the issue. the issue is garbage,disgust,1
"Really? In real life, she's wearing comfortable clothes with no makeup. Other than that she looks the same.",surprise,6
If your host stand has a register that isn’t locked securely you have bigger problems than this lady I think,neutral,4
Feed her poetry. But in a metaphorical way not in a weird way,neutral,4
Your friend rich af,neutral,4
Its like the worlds most infuriating reality show.,anger,0
Company car? Oh boy he’s in trouble now.,surprise,6
Known conman shares stage with scorned racist and accuses Labour leader of anti semitism whilst invoking shadowy [NAME] running the world trope,neutral,4
This is truly terrifying.,fear,2
I’m surprised I had to scroll this far down,surprise,6
"Short answer, fuck no, don't ever fall for it. Don't make the same mistake Canada has.",anger,0
yeah see some of us come from youtube it's a horrible place never go there,fear,2
This is scary.,fear,2
"r/mildlyinteresting's stupid ""guys look at this thing I made aren't I cool??"" posts are the absolute worst",disgust,1
That is disgusting. No one should act like that to you. I'm so sorry that happened.,disgust,1
Where in that sentence did I mention US backed CIA coups? You're fucking shameless.,anger,0
"Would breaking her jaw and hands be out of line? She couldn’t call or text, what a shame. ",anger,0
I feel personally attacked.,sadness,5
I was surprised to see [NAME] towing the line on his show.,surprise,6
General population are scared of press,fear,2
Stunning considering you have the exact same opinion.,surprise,6
"Oh, wow, I didn't know my Dad had a Reddit account.",surprise,6
My inevitable famine is when I run out of pop tarts and get sad,sadness,5
Right!? I'm glad someone else noticed. I was horrified when she trespassed into a stranger's home. So violating!,fear,2
You had a tough childhood :(,sadness,5
sadly it is ;-;,sadness,5
"I'd say the bigger potential problem is getting reported for public indecency, that goes on your criminal record.",fear,2
I regret this post so hard so much debate and anger lol,anger,0
Surprised he didn’t get hit with a random drug test,surprise,6
That's awful. But I am proud of you for calling him out.,disgust,1
that sounds disgustingly sweet and yet i want to try it,disgust,1
I'm beginning to wonder how I lived before without these daily posts.,surprise,6
And you wonder why Labour get's a bad name for anti-Semitism with statements like that. Ok hun.,surprise,6
I lived across the street from it as a child. Used to swim in it as a kid...Ignorance is bliss.,joy,3
"Which is odd, he was terrible on Sunday",fear,2
Outdoor cats have a lifespan of about 5 years so allowing them outside is basically a prolonged death sentence.,sadness,5
Who is your least hated and absolute worst? (Outfit based only),disgust,1
I'd punt her to another planet if she said that about my dog. Wtf is wrong with people. 😠,anger,0
I just got a shirt made that says “I can’t have kids my dog is allergic”,neutral,4
Constitutional protections are our best bet. They're the hardest to overturn.,neutral,4
"I worry about throwing draft picks around, but a guy like that is worth it IMO.",sadness,5
> The headline writers are misrepresenting her words (second publication I have seen in minutes that has done so). Oh wow I wonder why,surprise,6
"sorry this happened to you. id be sad and angry too if i worked hard on something, and someone took that away",sadness,5
"Nah man, name the kid the entire Bee Movie script",neutral,4
"Haha yeah, apparently their ringleader just got banned on Twitter. ",joy,3
These are some of the lamest threatening letters I’ve ever seen. She’s a metahuman who can you murder people with her voice.,fear,2
Jurassic world fallen kingdom was awful after they left the island,disgust,1
That hop/shuffle is scary,fear,2
I really can't imagine someone saying that if the gender was reversed.,surprise,6
FINISH ON HER!! Seems way more appropriate for a sex doll,disgust,1
Omg! There's one in every family. And every classroom.,surprise,6
I miss mass Rez her new ult is horrendous,fear,2
> Crab Rave Ayyy I've never seen this before I kinda wanna go but seems scary.,fear,2
I shower with the lights off. The first time felt really unnatural but now it's actually really comforting.,joy,3
I’m wondering the same; something seems weird about that interpretation of the law,surprise,6
"Happy birthday, [NAME]!",joy,3
I'm more surprised the dash cam was functioning properly. Usually around these incidents 3 of them were not recording and one had the lens cap on...,surprise,6
I get through a pack of tennis biscuits a week at work. Coconut bliss,joy,3
Wow. Yes. But here I am. On my phone. Responding.,surprise,6
I'm happy to hear all that.,joy,3
"Uncle [NAME], you dirty old man.",anger,0
Winning is fun,joy,3
"If you are really so dead set against shoveling sidewalks, perhaps you should move to a warmer climate. ",fear,2
I think Judge came in a little too late so he’ll need to be amazing for the next 8 years,surprise,6
I watched a really bad horror movie she starred in but I think it predated VPR.,fear,2
Boys this team is 🔥🚒,neutral,4
He also does not care much for his mother because she knew Dr. [NAME] was lying. Just your typical leftist bully who hates his family.,neutral,4
[NAME] is getting very unhinged I almost feel bad for him at this point,sadness,5
Fuck me daddy,anger,0
There are so many posts from [NAME] on here it makes me wonder what people think wholesome means.,surprise,6
"True, but I meant he has no holiday themed skin from any of those events and all his skins (volsksya included) are pretty bland sadly...",sadness,5
"yeah guys, stop complaining about violent mobs and join one!",anger,0
But I hate trannies and feminsts owo,anger,0
"I stoped telling story because ''[NAME]""*. Drawing makes me look intensely people to measure their ratio and understand their shapes. That's my new fun",joy,3
I'm so glad Mercy's have to actually try now.,joy,3
I also love this decline in bch prices. Cheers.,joy,3
"Wow your sister is in abusive relationship, cool. ",disgust,1
What a load of crap !!,disgust,1
And I laughed,joy,3
"Will do bud 5>4 Celtics have one of the youngest rosters in the NBA, Sox just won a series over your southern folk",neutral,4
"Yea feel sad for that kid, that native guy is an anti [NAME] activist who destroyed his life ",sadness,5
Stupid sexy squidward,anger,0
This is terrifying,fear,2
That's far from what happened and there is overwhelming evidence to the contrary of the circumstances of her death that it leaves no room for debate really.,sadness,5
The frankness of this comment made me giggle,joy,3
But then I never would have gotten to see the double doink!,neutral,4
The comment was so terrible. I can’t believe it made the final cut.,surprise,6
Btc is a shite coin,disgust,1
The fact someone could read your post and literally go and do this saddens me.,sadness,5
Yay! (Tech will be improved. Eeeek.),joy,3
he didnt miss that,neutral,4
I have a bad feeling about this.,fear,2
"I'm shocked, shocked, to find that redditors don't read sources and stay with the info they get from the misleading titles. ",surprise,6
Mark it nsfw just to mess with people. Worst title I have seen all week.,disgust,1
That guy is gonna regret losing you the rest of his life. You know why i know this? Because i am him 30 years ago.,sadness,5
Looks weirdly fake Edit: turns out it’s real,surprise,6
I have an older set by what looks like the same artist. They look identical just with a few different players.,neutral,4
Shithole universe i mean.,anger,0
Glad to see [NAME] are finally admitting they are babies who are unable to take care of themselves.,joy,3
"Funny enough, I'm a Braves fan from CT whose main football team is the saints... So I don't like this post one bit. ",joy,3
"His base is too large to knock him off. Unless he gets impeached/indicted/god knows what, he’ll probably be it (sadly). ",sadness,5
Oh there goes gravity,neutral,4
No stop. One Red and yellow team had to be sacrificed for the fortunes of the other. I’m sorry,sadness,5
The nature of the flex spot makes it so whoever gets it is almost guaranteed to make both teams,neutral,4
"There has been the odd occasion without condoms. No deep penetration, but never the less. Some. I feel awful.",disgust,1
"Based on her other post she's young, pregnant and possibly homeless. Looking for help and advice.",sadness,5
*Poop hole* Oooohwee!,surprise,6
i can't believe i havent seen this before. well i was going to watch nosferatu tonight but change of plan,surprise,6
"The fact that people are still governed by tribal taboos from 2,500 years ago is insane. ",neutral,4
"No more [NAME] from Georgia. Suck it you old, ugly hag.",disgust,1
Guess we gotta wash our clothes with some good ol Vancomycin,neutral,4
gross.,neutral,4
Weather forecast for Minnesota area. Wednesday -15 to -33. Sunday 43 to 29 and rain. What the fuck?,anger,0
Just think of the awesome stories though!,joy,3
He looks like he was crying already about something and hes reacting to realizing hes on camera crying probably not his proudest moment,neutral,4
"Cheers, I will do ",joy,3
So true it hurts.,sadness,5
It’s a wonder [NAME] didn’t get more duis with the amount he needed to drink,surprise,6
The double standard. Taking pictures of women without their permission is taboo and creepy.,disgust,1
Dude I was done with my last comment how didn’t you get that,neutral,4
These leaks are actually very credible. It's sad that you guys let Hate and anger blind you from enjoying the experience.,sadness,5
shucci a lil BITCH,anger,0
Ireland because Ireland. Not me but i did something pretty scary.,fear,2
What a disgusting person she is,disgust,1
i'm so poor i don't even know any horse girls,sadness,5
"Date women! (Honestly tho, it's better.)",neutral,4
Why was nobody driving the damn thing? They were all in the backseat. :/,anger,0
"All that interesting information and you get 3 upvotes , feels bad man ",sadness,5
Is the wooosh on us cause there’s no fuckin wooosh to begin with or,anger,0
You dirty scavenger,disgust,1
I KILL YOU SCUM,anger,0
Who the fuck leaves a hot iron on the couch,anger,0
whats it like being this stupid?,anger,0
I’m a big Spider-Man fan and this looks terrible compared to Spider-verse and the PS4 game.,disgust,1
I am 33 and I still regret things I said in the 5th grade.,sadness,5
Your passion for [NAME] literally put a big smile on my face. Stay wavy!,joy,3
"No, and I think someone would have to do some serious mental gymnastics to convince themselves it is. It'd be taking advantage of an incapacitated person.",neutral,4
Pointless but fun,joy,3
I’m surprised alcohol isn’t entirely sold by the state like it is in many states in the East.,surprise,6
Very happy with this !,joy,3
Just wondering why they called the cops but not an ambulance seeing as how he was covered in blood and disoriented.,surprise,6
This picture really drives home that the CIS can be super terrifying when they want to.,fear,2
Feeling good in the gayborhood.,joy,3
Broke and jealous,sadness,5
Alright guys I got next on the repost,neutral,4
This is disgusting.,disgust,1
He remains the only serve bot I enjoy watching.,joy,3
I once looked at the I-95 and was hospitalised for weeks.,sadness,5
"Apparently, he can't just have sex with anyone because he needed to rape someone.",disgust,1
I see a 14 day old reddit account angry at liberals.,anger,0
The truly sad thing is she's getting burned to legitimize Russiagate. It's a shame she wasn't a legit whistleblower.,sadness,5
"That was such a bad yellow, he had the height and positional advantage such a bad challenge",disgust,1
Pleased to meet you. Hope you guess my name.,joy,3
This makes me so happy for you ♥️ I am glad you are getting the right kind of support you need!,joy,3
Wow [NAME] retained NO combat skills from the time he was [NAME] to help him fight Cicada at that bar,surprise,6
"I feel personally attacked. Every time one little thing happens, part of me just collapses inside.",sadness,5
I loved it so much more than I thought I would! [NAME] does an amazing job with quite a bizarre concept!,joy,3
This is turtle thing,neutral,4
I discovered this show on the cnn docuseries about the nineties. What a terrible idea for a show 😂😂,fear,2
"Holy shit, if my siblings had roomates i wouldnt be shocked if you were talking about them.",surprise,6
No problem. I'm happy to know it's not what you meant.,joy,3
"Prove he harassed them. If there was actual evidence, I would imagine at least one of the kids would’ve put up a video. ",neutral,4
"Like the poor redhead in True Blood that got vampired as a virgin, but worse.",disgust,1
"Really didn't like. I thought it was nasty and mean-spirited. ""[NAME]"" on ice it isn't.",disgust,1
"yikes, as someone who dislocates things often ([NAME]), this scares me!",fear,2
aww hell no. This fucking ad,anger,0
HYS is the worst Internet comments section. It makes Youtube comments look like Gardeners Question Time.,disgust,1
well guys it was fun. [NAME] passed up the open three ffs,joy,3
because it's fun,joy,3
"Yeah, 16 yearolds being attracted to other 16 yearolds sure is creepy... ",disgust,1
"Yah, totally. It's just kind of scary when all you hear are loud extremes on both sides. ",fear,2
its treason then,neutral,4
[NAME] was horribly inconsistent this year,fear,2
I’m shocked that no one got whooshed by this comment,surprise,6
I’m the most surprised that [NAME] is 35. Seems like just yesterday he was plotting with [NAME] on how to get booze for the party,surprise,6
I didn’t say for how long I’d been in it. :) Maybe it was made of ply board and garbage!,joy,3
I was so happy for cowboy,joy,3
Hahaha good point!,joy,3
"You've been a sad boi around here for the last week straight, you'd do well to take a break.",sadness,5
I enjoyed that [NAME] kept saying [NAME] last name wrong over and over.,joy,3
>For someone that has never really watched the show or read the books that much What?,neutral,4
Some people enjoy their music and their fans for the sake of others opinions.,joy,3
Lucky bastard the cool change came 5 minutes into the wedding,joy,3
How could you ever get bored of place that is getting more and more enjoyable as you are there,joy,3
A surprise to be sure! But a welcome one,surprise,6
I always flew out from Edinburgh. First time flying out from Glasgow and I was shocked at how small and... dingy it felt in comparison.,surprise,6
Enjoy the ahuahuasca,joy,3
"It's crazy, the first day with icy, snowy roads it's scary but within a few days, grip and visibility sound like fantasy",fear,2
"Oh that's disgusting, this man should be sent to priso- ohh, it's America, ok then, feel free. ",disgust,1
I'm so surprised they haven't done it yet tbh!,surprise,6
That sounds wonderful.,joy,3
A bag of pita chips is really $8?,surprise,6
Wow 40 years at 18 wow how unfortunate.,surprise,6
Oh really? I didn’t know someone else posted it haha Edit: just looked and someone posted it right after me,surprise,6
Got home from helping my friend move and turned it on literally just in time to see [NAME] score. Let's go Knights!,neutral,4
Yep. That's what made me kiss my SO for the first time. Those eyes. I don't think I'll ever forget.,neutral,4
"The history of horrible things the federal government has done is well documented. The same way the federal government does it, with income taxes.",fear,2
My entire body aches now,sadness,5
It's weird. You might be right to worry.,fear,2
"It's like Guatemala, but instead of the US it's Mexico... disgusting ",disgust,1
You seem fun,joy,3
Wow so much younger but he sounds mature,surprise,6
...holy crap.,surprise,6
I'm literally in tears right now. Everything you said is true oh my godddddddddddddd.,sadness,5
I know a guy who knows a guy who gets things.,neutral,4
This was happening to me in my relationship. My boyfriend was later diagnosed with BPD and now talks about his trouble with intimacy and sharing feelings.,neutral,4
Greasy bastards are getting part of what they deserve. Some fines just don’t seem to be enough sometimes,anger,0
this take can get the fuck out. that bulge is sacred,fear,2
Worst case scenario here is he dodged a psychopathic bullet.,disgust,1
Wow! It's dead af here,surprise,6
Both consenting adults so nope not creepy,fear,2
I’m so glad I have my own car,joy,3
"I have run into a few clients when I was out doing stuff. Sometimes I would run away, unless they were cool.",neutral,4
"Freaky, more like creepy",fear,2
Yeeesss...... let the anger flow through you...,anger,0
Burn it! er uh give it to your priest to burn it!,anger,0
WOW HOLY SHIT,surprise,6
"Yeah, I’m at the dh store. so it’s far but not that far. People really are horrible. ",fear,2
Don't you even dare try to put any blame on [NAME],anger,0
What an unbelievable coward,surprise,6
I was flabbergasted when I saw it.,surprise,6
You're a horrible person.,fear,2
this is a thing? oh no,surprise,6
"Oh my goodness, I'm so glad you were there too. You made his day suck a little less. ",joy,3
"I haven't seen a sign like that on mine. Not that it would carry the force of law, anyway, in Florida.",surprise,6
All of their Saints are psychotic idiot who died for nothing. People remember them as horrible people in death as they were in life.,fear,2
Doing a happy dance! Yay!,joy,3
Oh I missed that part. So the cheeky poster was referring to that crash. ;0,surprise,6
He is too quiet in games too often. Not to good at mid and deep catches,neutral,4
I remember hearing a story about this type of highway camaraderie once from a trucker who helped a woman escape a man... wonder if it was your mom,surprise,6
Can Diggle put a bullet in him already,neutral,4
"This one is the worst, by far",disgust,1
Oh hi there stereotypical psycho right-wing tabloid sound bite.,neutral,4
"For crying out loud, all they had to do was use the smegging wipers!",sadness,5
This is why I clean my belly button every day. That’s disgusting,disgust,1
I went there once and was like “yeah neat I guess” around the same time. Totally forgot about it until I saw the pic of the door,disgust,1
"We all were. Because we’re the responsible people watching the show, and not the glorious train wrecks starring in it :)",neutral,4
She should be FIRED,anger,0
Damn i am sad that got deleted,sadness,5
You Libs. alhave you heads so far up you arses it isn't even funny.,neutral,4
I actually feel assaulted by this video.,sadness,5
"Don't worry, it's the internet so that angle has already been well covered: ",neutral,4
ITS TO THE POINT WHERE I LOVE AND I HATE YOU,anger,0
I'll second this notion. One of the first things to go is texting when I start getting sad.,sadness,5
Sexual frustration.,anger,0
This is why im happy [NAME] is our owner. I don’t see him being a cheapskate,joy,3
Allow me to describe the shock and awe I experienced seeing this: **Fuck no why u do this?**,anger,0
I'm actually surprised none of his wives have stabbed him in his sleep already. Now he has secret service protection 😋,surprise,6
I'm glad none of you are GM,joy,3
Seeing that knife on this subreddit put the fear of [NAME] in me,fear,2
I love how a few words can turn a post from believable bragging to complete bullshit.,joy,3
I wonder why they're single?,surprise,6
Ya ikr. I’m tired and idk how to take what’s goin on.,neutral,4
You've aged horribly',fear,2
"...it was a corgi, and that dog looked happy as hell.",joy,3
"correct me if i’m wrong but when [NAME] eliminates [NAME], she technically has a better track record than [NAME]?? i’ll fucking cry",sadness,5
i hate that it's over an interstate bridge so people traveling from the west from other states have to look at it edit* because it's fucking corny,anger,0
">However, we're leaving waswas and inmoral behaviour with it! Amin and amin. ",neutral,4
You are not wrong. I have learned about myself alot while on drugs. Sometimes it's scarry when i find out how limited my mind is.,fear,2
I don't think eating 4chan pizza is a good idea. Unless you're into some weird shit.,disgust,1
Bloody Peasant!,anger,0
I am sorry but you have to accept your reality. Thare ain’t nobody here who can help you on this problem. Just call 병무청 ASAP,sadness,5
This is disgusting. *secretly gets horny* I've had it with this sub. *opens new incognito tab*,disgust,1
You are one pathetic human being.,sadness,5
Yup those are the two worst tasting out of my cocktail!,disgust,1
"They’re honestly a cult at this point. It’s not just sad, but incredibly scary.",fear,2
Kotaku never ceases to amaze me with the horrible decisions they make in posting stories that can ruin people's lives with no confirmation or validity.,fear,2
"You sure are outraged about some people making fun of [NAME]. Gee, that's easy!",anger,0
what a surprise i never saw coming,surprise,6
It's not cool that so many are going without pay and unable to make rent or buy groceries. Is a travesty that a manufactured crisis has come to this,sadness,5
"Well, since everything in Australia wants to kill you, I'd say it is quite healthy to be afraid of Australian spiders, and other flora and fauna ",fear,2
"I mean this in the least creepy way possible, tell me how it works out NO DETAILS PLEASE GOD NO",fear,2
[NAME] fuckin sucks,disgust,1
"This is really disgusting, the 4x4 community is one of the nicest around, Shame that a few c*nts gotta do shit like this.",disgust,1
"The fact that ""TrueChristian"" and ""TrueChristianity"" are so [RELIGION] is extremely telling. The faith is dishearteningly fractured...",sadness,5
It just never got weird enough..,fear,2
And I’m not going to wait for League Play cause these clowns at Treyarch think seeker drones and razor wire are competitive.,neutral,4
It makes being ugly even more pathetic. All that work just to create suffering.,anger,0
I'm just salty man. I hate playing Houston. I'm sure it's a nice place to live.,anger,0
I'd be more than happy to indulge this toothache.,joy,3
" ### A surprise, to be sure, but a welcome one ",surprise,6
I feel a little sad for her. That she thinks the only options or something to do is having kids. Fuck her tho.,sadness,5
"“WTF, He helped me? ...I’ll eat him last :)”",disgust,1
I was in Buckhead waiting to celebrate in the streets. Ugh. [NAME] freakin [NAME].,joy,3
I had a similar fear last month after exceeding the two hours in a Homebase car park.,fear,2
"wow, you guys have a body language now?",surprise,6
"Same here, i hope my upcoming trip is gonna kill me",fear,2
Shared misery *always* makes me feel better :D,joy,3
Because wealthy people have the time and money to go on weird diets...,neutral,4
"[NAME] this is so true, sometimes i will remember it like 5 years later and still regret it",sadness,5
I'll kill you.,anger,0
Being a [NAME] is no different from being a [NAME]. Both have caused genocides. I hate how our society only focuses on one though!,disgust,1
"I'm sorry, no. The hostess was 15. I was 24. At the steakhouse, only hostess girls answered phones.",sadness,5
They all clapped.,joy,3
"I would never tell anyone stick is better than pad, but speaking personally, it's way more fun",joy,3
Basketball is more entertaining than football,neutral,4
It was funny until they started to diss on chick fil a,joy,3
That's what I was wondering too.,surprise,6
There's a surprising amount of [NAME] in this thread.,surprise,6
didn’t know [NAME] was still alive,surprise,6
Not a single comment from a journo about [NAME] has now successfully integrated RLC.,neutral,4
"All good man, I don't get the college football hate I see on here, and I hate the big ten disrespect I see everywhere. ",anger,0
"Just file and have her served, she'll get the message. You've tried to talk with her but she's being difficult. ",neutral,4
I think it's even sadder to go through someone's Reddit account looking for stuff like this to post.,sadness,5
There’s a weird [NAME] version of this where the person falls and finds [NAME],disgust,1
Even [NAME] got sick of grunge,sadness,5
True. I just always enjoyed the atmosphere of that place. And a couple of the sandwiches weren't bad at all.,joy,3
"Oh, sorry bud. Didnt mean to be rude",sadness,5
I'm still a little surprised at how god awful that defense was. The Bengals definitely have some talent to work with.,surprise,6
"Integrated, Antwaarps speaking, second generation, not already wearing a scarf back then... unlikely. ",neutral,4
I eat crayons I shit crayons,disgust,1
"I enjoy it as well, there's dozens of us!",joy,3
Holy shit! No way in hell I'd get that close to DFW in a Cessna!,surprise,6
"Blizzard was working with Activision long before Hots. I'm afraid its too late now, to divorce.",fear,2
The people I have heard from say [NAME] was a [NAME]. They will miss him but are still not willing to speak poorly of [NAME].,neutral,4
You are BOTH awful people.,disgust,1
"Oh, did you not know [NAME] is the highest graded overall passrusher in this class? At any position!",surprise,6
Fuck yea!,anger,0
"Well let’s research it. Apocalypse started 2003. [NAME] was 8 then. [NAME] is 11 in S2, so around 2005-2006.",neutral,4
[NAME] is scary,fear,2
Ooooh wow. 😆,surprise,6
Boy I hope someone got fired for that blunder. (honestly I thought of messing up this quote just to screw with you too),neutral,4
My nuts hurt watching that second part,sadness,5
It would be terrible if he died and they put his head in a jar or something,fear,2
youre a disgusting piece of filth.,disgust,1
"I wonder if, as an added bonus, [NAME] ended the cameo with a dic pic. ",surprise,6
>+. I’m in my early 3 Exactly This. It's the worst.,disgust,1
A lack of the romantic partner is the stressful situation in my life.,sadness,5
"Yes please. Take the cheeto too, fuck it.",anger,0
Laziest team I've ever seen.,disgust,1
I would be creeped out.,fear,2
That's just sad if it's for a game,sadness,5
"This is the most scary [NAME] can ever be to me, cause it’s also the most real he could ever be 😂",fear,2
GF is false; I saw Mayor get transported and I was stabbed by an SK,fear,2
It’s one of my worst nightmares to have skin like that...I hope that person gets actual help,sadness,5
I wonder if we will get to actually see the demise of their relationship. I doubt they will do it on the show though.,surprise,6
Glad you found it!,joy,3
"[NAME] passing is worse than usual. It's alright, but god damn is it painful to watch.",sadness,5
Good [NAME] we look horrible,disgust,1
It happened and I'm very happy,joy,3
I just don’t like him 😂,anger,0
I still can't believe those guys got nominated.,surprise,6
"OK, so I still primarily blame the US. What's your point?",neutral,4
Happy just came out,joy,3
I hate text speak . Do you really want to dumb down your argument more than you need to?,anger,0
"Can confirm as my first time commuting by motorcycle in the rain there was hail, then lots of thunder bolts and lightning , found it very very frightening. ",fear,2
i once dipped a raw hot dog in chocolate pudding when i was dared too. it was dreadful.,disgust,1
That ESPN intro made me emotional 😭,sadness,5
Happy Cake day!,joy,3
I hope this guy got found and fired. That's way too dangerous. He could have easily killed someone.,fear,2
Yeah until the last one has creepily wed and reproduced.,fear,2
"If one day I have daughters, I want them to be so badass that these kids! Nice to see them enjoying metal! ",joy,3
"My darling, have you bowed down to worship the ancient one yet? We are very worried. ",fear,2
