text,label,label_id,sentiment,video_short,video,comment_index,label_notes
"""Looking for volunteers"", ""he wouldn't leave his seat voluntarily....."" W H U T",surprise,6,negative,anger_brand_crisis,https://www.youtube.com/watch?v=VrDWY6C1178,79,Expresses disbelief and confusion at contradictory statements.
“There was evidence of an employee smoking in the kitchen area” - that’s every single authentic Chinese restaurant in the world,joy,3,positive,disgust_food_safety,https://www.youtube.com/watch?v=--OnclX8yac,57,"Humorous observation about Chinese restaurants, playful tone."
Woke parameters? Sounds like censorship!,anger,0,negative,surprise_launch_reaction,https://www.youtube.com/watch?v=4qGw9WH4Xj8,94,Accusation of censorship implies frustration and distrust.
"Footage in the hospital was filmed on September 14th, 2013. It was on a Saturday afternoon.",neutral,4,neutral,fear_health_warning,https://www.youtube.com/watch?v=X4k12miYJ4M,66,Factual statement with no emotional content.
I have a car crash my dad was driving I was in back and I'm with my big sis my my big sis didn't make it 😢😢😢😢😢❤❤❤ 😭😭😭😭,sadness,5,negative,fear_public_safety,https://www.youtube.com/watch?v=3Twl1soaBJM,227,Expresses grief over sister's death with crying emojis.
Just reminded me on July 31st 2023 8:09 when me and my grandpa were in a car and a drunk driver smashed into us and my grandpa died and I was hurt,sadness,5,negative,fear_public_safety,https://www.youtube.com/watch?v=3Twl1soaBJM,50,Comment recounts a traumatic memory of losing a grandparent in a car accident.
"My little sister got sick from chipotle. She had all the same symptoms that the people were having. (It was the more recent ones, not Ecoli) My stomach was hurting, and so was my dad’s. We have never gone back again. Although I liked it, it was a healthier thing to do.",sadness,5,negative,disgust_food_safety,https://www.youtube.com/watch?v=zBXAJV82744,7,Recounts a negative experience of illness and avoidance of a previously liked place.
keep up the good work,joy,3,positive,disgust_food_safety,https://www.youtube.com/watch?v=dhBxrfETXJA,194,Encouraging and supportive tone.
"In Virginia, received and made one call. Now says I am not on a registered network. Ok.",neutral,4,neutral,anger_customer_service,https://www.youtube.com/watch?v=oZRywTkhwrA,10,"Factual statement about a phone issue, no strong emotion."
“the only person who gets to torture my brother is me.” i felt that lmao,joy,3,positive,streaming_trailer_reaction,https://www.youtube.com/watch?v=Di310WS8zLk,10,"Amused by the quote, expressed with 'lmao' indicating laughter."
that was rediculously adorable!!!!,joy,3,positive,tech_brand_story,https://www.youtube.com/watch?v=nnsSUqgkDwU,105,Expresses delight and amusement at something cute.
dang pepsi 😒👎,disgust,1,negative,disgust_brand_backlash,https://www.youtube.com/watch?v=GNOu1Se6dYE,197,Emoji shows disapproval and dislike for Pepsi.
"Good job Dove. Very clever and strategic. Play on human emotions to sell your own beauty products. By the look of the comments I see it's working quite well. However it in no way takes away from the message, but still great marketing. Someone deserves a promotion.",neutral,4,neutral,beauty_brand_campaign,https://www.youtube.com/watch?v=z2T-Rh838GA,85,Mixed tone: acknowledges marketing strategy but also praises message.
"I used to love United and fly to US cities without flying Japan Airlines or All Nippon Airways from Tokyo, but it is just hard to believe any airline company would possibly do something like this to a passenger. How could any airline company possibly treat a passenger like he committed a crime or something. I will never fly United. I just can't fly such a violent carrier.",anger,0,negative,anger_brand_crisis,https://www.youtube.com/watch?v=WEw-GjTriIo,86,Expresses disbelief and outrage at United's treatment of a passenger.
"I would understand that they had to take some people off, but not a doctor. This is sick.",anger,0,negative,anger_brand_crisis,https://www.youtube.com/watch?v=VrDWY6C1178,115,"Expresses outrage at removing a doctor, calling it 'sick'."
If only Morgan Freeman made the speech..,sadness,5,negative,brand_campaign_positive,https://www.youtube.com/watch?v=ijTwZNUBhcI,22,Expresses regret or disappointment about Morgan Freeman not giving the speech.
SOS — Rihanna,neutral,4,neutral,anger_customer_service,https://www.youtube.com/watch?v=T8ClHGY08jc,217,"Comment is just a song title, no emotional content."
This is the only time I can watch this ad without crying?,sadness,5,negative,sadness_psa,https://www.youtube.com/watch?v=Ket5RWHg9IU,18,"Comment implies emotional pain or nostalgia, causing tears."
the christmas sloth casually doing a 180° with his neck bro i can't 💀,joy,3,positive,food_beverage_ad,https://www.youtube.com/watch?v=Yy6fByUmPuE,81,"Amusement at the sloth's funny neck movement, laughing emoji."
"Truly hoping this doesn’t disappoint, loved the movies live action and animated and the original 1964 tv show .",joy,3,positive,streaming_trailer_reaction,https://www.youtube.com/watch?v=Di310WS8zLk,81,"Expresses hope and love for previous adaptations, showing positive anticipation."
"I'd like to see just how ""random"" the passengers were selected. Peace. Ed.",neutral,4,neutral,anger_brand_crisis,https://www.youtube.com/watch?v=1PA0geOa4PM,41,"Comment expresses skepticism but in a calm, neutral tone."
6+hours,neutral,4,neutral,anger_customer_service,https://www.youtube.com/watch?v=T8ClHGY08jc,185,"Factual statement about duration, no emotional tone."
"Long story short, we can all have free data and wifi, but we have to pay them in tax and in subscriptions",neutral,4,neutral,anger_customer_service,https://www.youtube.com/watch?v=-LZ_a5TER_0,210,"Factual statement about data/wifi costs, no strong emotion."
"I have the model Y and I love it. FSD is phenomenal, with its little quartz. But still well worth the money I paid to buy it instead of renting",joy,3,positive,automotive_controversy,https://www.youtube.com/watch?v=ro262oyhZAI,93,Expresses love for the car and satisfaction with FSD.
Oh hell. She's the kidnapper!! Good one 🤭🤗,surprise,6,positive,fear_public_safety,https://www.youtube.com/watch?v=0ygLvFG9QsA,219,Unexpected twist revealed with playful emojis and praise.
"Rest in peace, Ms. Hall.",sadness,5,negative,fear_health_warning,https://www.youtube.com/watch?v=5zWB4dLYChM,115,Expression of mourning and loss for someone deceased.
holy hell that acting was terrifying,fear,2,negative,fast_food_brand_launch,https://www.youtube.com/watch?v=chYLHu0w8z0,31,Comment expresses fear about the acting being terrifying.
BRO I CAN'T STOP CRYING😭😭😭😭😭😭😭😭😭😭,sadness,5,negative,sadness_psa,https://www.youtube.com/watch?v=O15dxrBNuAQ,227,"Expresses intense crying, indicating deep sadness or emotional pain."
"I was a smoker off and on since I was 15. In 2020 when I was 58;I had a major heart attack and went into cardiac arrest. I was on life support for a week, I was also transferred to a trauma hospital because I needed a higher level of care. I’m now 63 and have shortness of breath even with little exertion. Haven’t smoked since and I don’t miss it at all. To add to my story, like Terri, I was diagnosed with cancer in my 30s and also like Terri I continued to smoke. I was a registered nurse for close to 20 years and I continued to smoke. I saw patients with head and neck cancer smoking through their stomas that’s how addicting smoking is.",sadness,5,negative,fear_health_warning,https://www.youtube.com/watch?v=EkkOTplBCmA,101,"Personal story of health struggles and addiction, conveying regret and hardship."
"I think I saw 4 women in the crowd, wild",surprise,6,neutral,tech_product_launch,https://www.youtube.com/watch?v=UXmLSfv3NQI,26,Expresses mild surprise at seeing few women in crowd.
My phone has a setting that let's you use 2g for emergencies,neutral,4,neutral,anger_customer_service,https://www.youtube.com/watch?v=-LZ_a5TER_0,189,"Informational statement about phone settings, no emotion."
“Fake news” loved that,joy,3,positive,disgust_food_safety,https://www.youtube.com/watch?v=dhBxrfETXJA,159,Sarcastic enjoyment of 'fake news' phrase.
Customer alienation at its finest. Message could have been delivered in a totally different and better way.,anger,0,negative,disgust_brand_backlash,https://www.youtube.com/watch?v=-4Qa9ZXTg2g,11,Expresses frustration and criticism towards the message delivery.
How people still smoke after seeing these commercials is beyond me,disgust,1,negative,fear_health_warning,https://www.youtube.com/watch?v=EkkOTplBCmA,103,Expresses disbelief and disgust towards smoking despite anti-smoking ads.
pepsi's intent was to make it a 'controversy'...controversy sells...they've done it before...this isn't new...they'll do it again...i'm not buying pepsi solely based on this ad eg: michael jackson and madonna had pepsi 'controversies'...tho' why they used that jenner chick this time around is beyond me...this is the first time i've seen her in action...yuck...i turned off the tv in the 80's and gave it away in the '90's because i no longer wished to see how stupid the powers that be think we are...you can keep your subliminal messages to yourselves,anger,0,negative,disgust_brand_backlash,https://www.youtube.com/watch?v=zFm9FRxi0ZM,72,Expresses strong disapproval and disgust towards Pepsi's ad strategy and Jenner.
After working in restaurant kitchens I can honestly say it is better not to know what goes on behind closed doors.,neutral,4,neutral,disgust_food_safety,https://www.youtube.com/watch?v=dhBxrfETXJA,218,"Factual statement about kitchen work, no strong emotion."
"""We see *some* scorching around this area"" Hmm I think it's just a bit more then scorched",neutral,4,negative,surprise_product_fail,https://www.youtube.com/watch?v=_Cd2WIxKRDk,138,"Sarcastic disagreement with understatement, implying severe damage."
SUCH a terrible ad lmao,disgust,1,negative,disgust_brand_backlash,https://www.youtube.com/watch?v=VogNNsQ3Gmw,88,Expresses disgust at a terrible ad with sarcastic laughter.
"That’s not a mop, it’s a frozen cat. They often thaw them under the heat lamps before they’re put on the grill. It’s standard at McDonald’s and Taco Bell.",surprise,6,negative,brand_crisis_negative,https://www.youtube.com/watch?v=JVxCp22WatU,6,"Shocking and absurd claim about fast food, implying disgust."
Unacceptable,anger,0,negative,anger_brand_crisis,https://www.youtube.com/watch?v=9LhTJDkVXvg,9,Expresses strong disapproval and dissatisfaction.
"""Gillettes patented technology, developed in our state-of-the-art Safe Spaces has culminted in a breakthrough for Social Justice shaving... Introducing the GILLETTE BETA ORBIT! It glides around your face until you consent to it touching you! Remember; Yes means No! If you are a cysgendered male and make the 'uneducated' choice for a more robust and efficient razor, fear not! The Beta Orbit will wait patiently on the shelf, just for you. Comes with a lifetime warranty, guaranteed to continue orbiting no matter how you treat it! Gillette Beta Orbit, because facial hair is toxic masculinity!""",neutral,4,negative,disgust_brand_backlash,https://www.youtube.com/watch?v=liPlJ_ynd_Q,214,"Heavy sarcasm mocking Gillette's social justice stance, implying absurdity and criticism."
Every time watching with my tears ....❤️,sadness,5,negative,sadness_psa,https://www.youtube.com/watch?v=iVrQqWIs6ZE,249,"Tears indicate sadness, but heart emoji suggests bittersweet emotion."
7 years later and I still cry when I watch this. never gets old.,sadness,5,positive,sadness_psa,https://www.youtube.com/watch?v=O15dxrBNuAQ,132,Crying from emotional impact but expresses enduring love for the content.
"My dad was a jet engine mechanic for United Airlines before they went bankrupt. He had great pride in his work, his company and the aircraft. Being born in a generation where loyalty was a very strong factor, I saw my dad defend many things in his life. However, after seeing this video, I have no doubt that he would be ashamed and would disown the company United Airlines has turned into. Even though it cost me a lot of money, I am glad UA made all of the shares of stock I had in their company worthless because I too would be ashamed to be associated with this.",sadness,5,negative,anger_brand_crisis,https://www.youtube.com/watch?v=VrDWY6C1178,44,"Expresses disappointment and shame about United Airlines' decline, despite past pride."
Notice the Freudian slip when he said “damaging” but meant effective,joy,3,positive,anger_customer_service,https://www.youtube.com/watch?v=MUo3n8QSQLE,7,Sarcastic amusement at a clever observation.
Feels so good...,joy,3,positive,fear_public_safety,https://www.youtube.com/watch?v=3Twl1soaBJM,91,Expresses pleasure and satisfaction.
Let see the last French Ads : Intermarché with the wolf the unloved,neutral,4,neutral,food_beverage_ad,https://www.youtube.com/watch?v=Yy6fByUmPuE,36,"Informational comment about French ads, no strong emotion."
"My teacher made me watch it before in high school. Now YouTube recommended this video, and it still makes me cry. Always choose to be kind, twin!",sadness,5,positive,sadness_psa,https://www.youtube.com/watch?v=uaWA2GbcnJU,71,Crying from video but ends with uplifting message about kindness.
"it is so sad how she initially had no interest in smoking, and because EVERYONE around her smoked, she eventually gave in. even if she didn't give in to peer pressure, being in the presence of secondhand smoke is bad enough on its own.",sadness,5,negative,fear_health_warning,https://www.youtube.com/watch?v=EkkOTplBCmA,52,Expresses sadness about peer pressure and secondhand smoke.
Reporting as false information,anger,0,negative,anger_customer_service,https://www.youtube.com/watch?v=oZRywTkhwrA,102,Accusation of false information implies frustration or disapproval.
Imagine there is only a kid sitting in the passenger seat and the driver faints 👁️👄👁️,fear,2,negative,fear_public_safety,https://www.youtube.com/watch?v=tAlrXpn5MOc,42,Describes a scary scenario of a driver fainting with a child.
He is true hero. Hero who sacrifices himself for others,joy,3,positive,sadness_psa,https://www.youtube.com/watch?v=uaWA2GbcnJU,174,Expresses admiration and praise for a selfless hero.
i feel so bad for her 😭😭,sadness,5,negative,fear_health_warning,https://www.youtube.com/watch?v=5zWB4dLYChM,66,Expresses sympathy and sadness with crying emojis
Still out I have Verizon,neutral,4,neutral,anger_customer_service,https://www.youtube.com/watch?v=MUo3n8QSQLE,149,"Factual statement about carrier, no emotion."
Bro omg i read the “amber alert” and died 💀,surprise,6,negative,fear_public_safety,https://www.youtube.com/watch?v=0ygLvFG9QsA,95,"Shock from reading amber alert, hyperbolic death expression."
Thai commercial is the saddest one tho😢,sadness,5,negative,sadness_psa,https://www.youtube.com/watch?v=O15dxrBNuAQ,151,Expresses sadness about a Thai commercial being the saddest.
Samsung is most operated by gsm arena i really think it is pro Samsung platform and it's always representing Samsung like a best device and defaming others brands.,anger,0,negative,tech_review_mixed,https://www.youtube.com/watch?v=XkXbkxtBlwY,49,Accuses platform of bias and defaming other brands.
"I love how his immediate response was ""Maybe that was too hard."" So the bullet needs to be gentle on the glass?",joy,3,positive,surprise_product_fail,https://www.youtube.com/watch?v=LMWwImDX3ks,3,"Amused by the gentle bullet comment, finding it humorous."
Elon Musk's handling of Twitter makes this moment look like the Apollo 11 Moon Landing,neutral,4,negative,surprise_product_fail,https://www.youtube.com/watch?v=udxR5rBq_Vg,46,Sarcastic comparison implying Musk's Twitter management is overhyped.
Sony: no limits for the future of gaming My wallet: actually there are,joy,3,positive,gaming_product_launch,https://www.youtube.com/watch?v=RkC0l4iekYo,5,Humorous contrast between Sony's promise and wallet reality.
Idk bout anyone else but I wanna skirrt skirrt down the road in this thing so bad,joy,3,positive,surprise_product_fail,https://www.youtube.com/watch?v=udxR5rBq_Vg,121,Expresses excitement and desire to drive the car.
"First Sprint (RIP), Next T Mobile, then AT&T, and Now Verizon???? What’s going on???",surprise,6,negative,anger_customer_service,https://www.youtube.com/watch?v=oZRywTkhwrA,42,Expresses shock and concern about multiple network issues.
"Ofc i dont want anyone else to go through this, but we need a new version of those ads but for vaping, people NEED to see how dangerous those are",sadness,5,negative,fear_health_warning,https://www.youtube.com/watch?v=EkkOTplBCmA,25,"Empathy for suffering, but concern about vaping dangers."
I went from 2 packs of cigs to zero nicotine vape in a month. No one is saying 'vape is healthy' we are saying 'vape is healthier than cigs',neutral,4,neutral,fear_health_warning,https://www.youtube.com/watch?v=IJlIcK-gbLE,67,"Informative statement about vaping vs smoking, no strong emotion."
Holy shit this was 4 years ago??,surprise,6,neutral,classic_brand_ad,https://www.youtube.com/watch?v=owGykVbfgUE,30,Expresses shock at the passage of time.
That’s why cooking at home just any meal will add to good health,joy,3,positive,disgust_food_safety,https://www.youtube.com/watch?v=--OnclX8yac,49,Expresses positive belief about home cooking improving health.
America....land of the often offended and triggered.,anger,0,negative,disgust_brand_backlash,https://www.youtube.com/watch?v=liPlJ_ynd_Q,70,"Sarcastic criticism of American sensitivity, implying frustration."
"I think people should stop blaming Kendall for this because I'm pretty sure she didn't direct this ad, but at the same time this ad is not a realistic portrayal of what would of happened in real life.",neutral,4,neutral,disgust_brand_backlash,https://www.youtube.com/watch?v=GNOu1Se6dYE,96,Balanced critique without strong emotional language.
"Uniteds new slogan ""Not enough seating? Prepare for a beating.""",anger,0,negative,anger_brand_crisis,https://www.youtube.com/watch?v=yJTaGf5zURQ,103,Sarcastic criticism of United's violent response to overbooking.
Imagine some brotein died of epilepsy in this video,sadness,5,negative,fear_public_safety,https://www.youtube.com/watch?v=3Twl1soaBJM,191,"Dark humor about death, implying sadness and insensitivity."
Those who disliked the video probably accidentally did it because there were too many tears in their eyes,joy,3,positive,sadness_psa,https://www.youtube.com/watch?v=O15dxrBNuAQ,201,Sarcastic humor implying the video is so touching that tears cause misclicks.
This was literally the Apple Event summarised before the Apple Event has even happened,surprise,6,neutral,tech_product_launch,https://www.youtube.com/watch?v=n6pqGoXWZzo,52,Expresses surprise at the timing of the summary.
Naks nka viral ka ng isa kol ✔️🙏,joy,3,positive,surprise_launch_reaction,https://www.youtube.com/watch?v=4qGw9WH4Xj8,82,Expresses happiness and support for someone going viral.
"I swear this keeps popping up on all our fyp because almost every town/city has a China Buffet, and we all keep clicking on the video thinking this video is about the one in our neighborhood 😂",joy,3,positive,disgust_food_safety,https://www.youtube.com/watch?v=--OnclX8yac,128,Amusement and shared experience with laughing emoji.
"Disney plus changed the ""A new emotion"" scene which is really weird. Joy no longer says that iconic line it was cut completely?",surprise,6,negative,movie_trailer_joy,https://www.youtube.com/watch?v=LEjhY15eCx0,134,"Unexpected change to iconic scene, expressing confusion and disapproval."
"Good acting, also how this video shows out to many people that need to watch this ASAP!",joy,3,positive,sadness_psa,https://www.youtube.com/watch?v=O15dxrBNuAQ,156,Expresses appreciation for acting and urgency to share.
I see these morons all the time. This ad didnt do shit.,anger,0,negative,fear_public_safety,https://www.youtube.com/watch?v=O8MQV40pOtk,9,Insults and frustration about ad ineffectiveness.
That chain is on front page of the Harlem bling website for 200 bucks😂,joy,3,positive,disgust_food_safety,https://www.youtube.com/watch?v=xPGCrRRFWBk,150,Laughter emoji indicates amusement at the cheap price.
Their food is full of sodium..,disgust,1,negative,disgust_food_safety,https://www.youtube.com/watch?v=zBXAJV82744,44,"Criticizes food quality, implying unhealthiness."
When I was quiting smoking 2 years ago I would watch these ads and stories every time I had a craving. I smoked for 13 years and been smoke free 2 years now. I can't stand the smell of them now,joy,3,positive,fear_health_warning,https://www.youtube.com/watch?v=X4k12miYJ4M,44,"Proud of quitting smoking, expresses success and relief."
"Have you ever noticed how all the smokers turn away when this PSA comes on? Denial, is mind boggling",sadness,5,negative,fear_health_warning,https://www.youtube.com/watch?v=5zWB4dLYChM,11,"Observer notes smokers' denial, expressing disappointment in human behavior."
You Got Severely Injured Because of Galaxy Note 7 Explosion,anger,0,negative,surprise_product_fail,https://www.youtube.com/watch?v=8H6jz30Im_Y,4,Comment implies blame and harm from a product defect.
1:12 I LOVE THIS PERSON SO MUCH OMFG,joy,3,positive,anger_brand_crisis,https://www.youtube.com/watch?v=yJTaGf5zURQ,151,Expresses strong love and excitement.
Me: how much will it cost? *Sony:* just a simple kidney.,joy,3,positive,gaming_product_launch,https://www.youtube.com/watch?v=RkC0l4iekYo,91,"Humorous exaggeration about Sony's pricing, implying it's expensive but funny."
"My daddy has passed away about three weeks ago. I cried those times watched this video for some years though he was alive. Now, after he gone and left a big hole in my heart, I cried thousand times everytime I see it.",sadness,5,negative,sadness_psa,https://www.youtube.com/watch?v=O15dxrBNuAQ,58,"Expresses grief and loss over father's death, causing repeated crying."
MILLIONS NOT THOUSANDS 🤓,joy,3,positive,anger_customer_service,https://www.youtube.com/watch?v=T8ClHGY08jc,207,"Excited correction with nerdy emoji, expressing enthusiasm."
As bad as it is here it's truly horrible in other parts of the world. A couple of weeks ago they shut down a place in Mexico that was serving dog barbacoa and passing it off,sadness,5,negative,disgust_food_safety,https://www.youtube.com/watch?v=dhBxrfETXJA,229,Expresses distress about animal cruelty and global suffering.
Tears went down my eyes when I closed them,sadness,5,negative,fear_public_safety,https://www.youtube.com/watch?v=3Twl1soaBJM,75,"Expresses crying and emotional pain, indicating sadness."
So the person who cant make a sandwich properly is trying to educate me about food...the audacity,anger,0,negative,brand_crisis_negative,https://www.youtube.com/watch?v=kQg2LMmpPn8,187,Expresses frustration and disbelief at someone's audacity to educate despite incompetence.
How many signs people needs to start making their own food,neutral,4,negative,brand_crisis_negative,https://www.youtube.com/watch?v=JVxCp22WatU,56,Expresses exasperation at people ignoring obvious signs.
Yeah the Board of Health needs to be called on that that's just not acceptable at all,anger,0,negative,brand_crisis_negative,https://www.youtube.com/watch?v=JVxCp22WatU,19,Expresses strong disapproval and outrage about unacceptable behavior.
That was absolutely horrible and disgusted!,disgust,1,negative,anger_brand_crisis,https://www.youtube.com/watch?v=VrDWY6C1178,147,Expresses strong disgust and negative reaction to content.
I remember watching this ad as a kid and watching it now still brings tears to my eyes and the nostalgia is soo immense 😭,sadness,5,negative,sadness_psa,https://www.youtube.com/watch?v=uaWA2GbcnJU,29,Tears and nostalgia indicate sadness mixed with bittersweet feelings.
"A spirit of harmony? Over a piece of thin metal formed into a can that holds a fizzy drink? Ah yes, because that OBVIOUSLY solves all the issues of the world. So ignorant and narrow-minded it's unbelievable 🙄🙄",anger,0,negative,disgust_brand_backlash,https://www.youtube.com/watch?v=GNOu1Se6dYE,240,Sarcastic tone and eye-roll emojis express frustration and contempt.
"Can confirm they're still riding with the Split-Man around the world, i saw them yesterday in Brazil.",joy,3,positive,automotive_brand_ad,https://www.youtube.com/watch?v=M7FIvfx5J10,68,"Excited confirmation of seeing the band, implies happiness."
Does anyone know if these commercials are acting?,neutral,4,neutral,fear_public_safety,https://www.youtube.com/watch?v=O8MQV40pOtk,30,"Simple inquiry about commercials, no emotional tone."
Im never going to fly united airlines,anger,0,negative,anger_brand_crisis,https://www.youtube.com/watch?v=WEw-GjTriIo,59,Expresses strong negative reaction and refusal to use the airline.
Sounds more like millions!!,surprise,6,positive,anger_customer_service,https://www.youtube.com/watch?v=T8ClHGY08jc,70,Exaggeration implies surprise and positive emphasis on large number.
I got an idea the next pepsi ad they should make it in chicago and have a bunch of bds and gds facing off against each other with guns drawn and just have someone walk up and give them pepsi and then they put their guns down and start dancing.Oh and Another one they should have a rapist holding a girl down trying to rip her clothes off and then someone just walks up and gives the rapist a pepsi and then he gives up and lets her escape.,anger,0,negative,disgust_brand_backlash,https://www.youtube.com/watch?v=MGxpkIK2lVs,141,"Comment uses violent and disturbing imagery to mock Pepsi ads, showing anger."
My eyes hurt after seeing this.,sadness,5,negative,fear_public_safety,https://www.youtube.com/watch?v=3Twl1soaBJM,165,Expresses physical discomfort and negative reaction to content.
Why is it so good 0:02 0:02 0:02 0:02 0:02,joy,3,positive,fast_food_brand,https://www.youtube.com/watch?v=79phlhutGLg,75,Expresses enjoyment and excitement about the video content.
He didn't know he was reviewing s24 ultra again,surprise,6,neutral,tech_review_mixed,https://www.youtube.com/watch?v=XkXbkxtBlwY,67,Comment expresses surprise at the reviewer's unawareness.
"I saw a video where the guy was locked in side his electric care on the high way and he as no control what so aver noting worked but the can driving , and he was praying for 5 straight minutes before the car crashed at high speed , they are tombs on a TNT",fear,2,negative,automotive_controversy,https://www.youtube.com/watch?v=ro262oyhZAI,145,"Describes a terrifying loss of control in a car, evoking fear."
🇯🇲🇯🇲 So the refrigerator have strong windows!,joy,3,positive,surprise_product_fail,https://www.youtube.com/watch?v=udxR5rBq_Vg,226,"Comment uses Jamaican flags and playful tone about refrigerator windows, expressing amusement."
"sounds like she saying ""I'm Mary "" instead of Terrie.",neutral,4,neutral,fear_health_warning,https://www.youtube.com/watch?v=5zWB4dLYChM,24,"Observation about pronunciation, no strong emotion."
Why am I only gettting this recommended to me today?,surprise,6,neutral,disgust_food_safety,https://www.youtube.com/watch?v=--OnclX8yac,38,"Expresses surprise at late recommendation, no strong positive or negative tone."
"I love how it plays on stereotypes. All the “threatening” people are all Male and most of them look to be from minorities, so most people assume the well dressed white woman is the hero Edit: there I fixed it, Jeez you guys are bent.",joy,3,positive,fear_public_safety,https://www.youtube.com/watch?v=0ygLvFG9QsA,26,"Expresses enjoyment of stereotype play, with a playful jab at critics."
"My father paased away last year due to cerebral stroke. He was a Doctor and he was one who inspired me to become a Doctor too. Without his guidance and support, I couldn't have come this far. Parents are the most valuable asset in your life. But you won't realize it until you lose them.",sadness,5,negative,sadness_psa,https://www.youtube.com/watch?v=vgain-EQdt0,22,Expresses grief over father's death and loss of guidance.
"I worked as a health inspector for 20+ years and the most violations a restaurant had was around 60. 110 violations is legitimately not possible, how could they let their restaurant get that bad?",disgust,1,negative,disgust_food_safety,https://www.youtube.com/watch?v=--OnclX8yac,18,Expresses disbelief and disgust at extreme health violations.
If those Intro videos were apple's I'd have waited till Sunday to drop this video 🤣🤣🤣🤣,joy,3,positive,tech_product_launch,https://www.youtube.com/watch?v=n6pqGoXWZzo,60,Laughter emojis and humorous comparison indicate amusement.
"BTW my local Walmart was cleared out of Schick, NOTHING was left.",surprise,6,negative,disgust_brand_backlash,https://www.youtube.com/watch?v=8lXBs2Wy1OU,4,"Unexpected empty shelves at Walmart, implying high demand or shortage."
"Inside Out 2 is basically what happens every time puberty hits a kid. You grow up and come to realize that you've grown, changes happen, Anxiety takes over, you're scared and afraid to show any emotions, and you come to realize that you need all your emotions and that they exist for a reason. Just growing up.",sadness,5,neutral,movie_trailer_joy,https://www.youtube.com/watch?v=LEjhY15eCx0,47,"Reflective and nostalgic tone about growing up, with a hint of melancholy."
Yoooooo! This is the best yet.,joy,3,positive,sadness_brand_story,https://www.youtube.com/watch?v=YvYGO4o334I,4,Excitement and praise expressed with 'Yoooooo' and 'best yet'.
"How many cancer patients are there from cigarettes, this so one cas.",anger,0,negative,fear_health_warning,https://www.youtube.com/watch?v=IJlIcK-gbLE,216,"Criticizes cigarettes by highlighting cancer patients, showing frustration."
"A very important message. Although the captions identifying that there is music, this video is not accessible to anyone with a vison disability. Only once was there a description of what was on the screen (hair swooshing). Adding a video description file would make this message available to more people.",neutral,4,neutral,beauty_brand_campaign,https://www.youtube.com/watch?v=z2T-Rh838GA,23,"Constructive feedback about accessibility, no strong emotion."
This is the most disturbing and most terrifying advertisement I had ever seen in my life. That is why it is very important to drive safely plus slowly in order to prevent car accidents which could lead to injuries and death.,fear,2,negative,sadness_psa,https://www.youtube.com/watch?v=B2rFTbvwteo,12,Expresses terror and emphasizes danger of car accidents.
Hey doc. We know smoking weed/marijuanna is bad for you. But what about edibles. What are the side effects.,neutral,4,neutral,fear_health_warning,https://www.youtube.com/watch?v=IJlIcK-gbLE,147,Asking a factual question about health effects without emotional tone.
All of sudden this video appear in my timeline and I am watching this video for the first time 2020,surprise,6,neutral,surprise_product_fail,https://www.youtube.com/watch?v=_Cd2WIxKRDk,197,"Unexpected appearance of video, but no strong positive or negative tone."
This is what my fart Sounds like at night 😂,joy,3,positive,surprise_product_fail,https://www.youtube.com/watch?v=8H6jz30Im_Y,54,Uses laughter emoji to indicate humor and amusement.
"Please support this question and let's get an answer. Why today, when we have both 120fps video and 8k video, etc., you test and show the video in 30fps? Let it stay 4k 30fps test, and it's not a problem because of the tests of old phones and review. But please and appeal to everyone on the channel to support this question to include the 4k 60fps test. Because I believe that it has become the standard today and that anyone who cares about quality video shoots in this mode. Pozzz",neutral,4,neutral,tech_review_mixed,https://www.youtube.com/watch?v=XkXbkxtBlwY,113,"Constructive feedback requesting 4k 60fps test, polite tone, no strong emotion."
"This is the exact definition of ""don't judge a book by its cover""",surprise,6,positive,fear_public_safety,https://www.youtube.com/watch?v=0ygLvFG9QsA,152,Unexpected positive realization about not judging by appearance.
"Dear Thailand: Please stop making people cry with your commercials. Sincerely, the other nations of the world.",sadness,5,negative,sadness_psa,https://www.youtube.com/watch?v=iVrQqWIs6ZE,7,Comment expresses being moved to tears by commercials.
"OMG. I would HATE to have that job! I'm sure it's a hard thing to do. UA should have upped the ante to ""one *MILLION* dollars"" for volunteers before EVER initiating that removal.",surprise,6,negative,anger_brand_crisis,https://www.youtube.com/watch?v=1PA0geOa4PM,15,"Expresses shock and strong dislike for the job, with sarcastic exaggeration."
WTF it’s MILLIONS,surprise,6,negative,anger_customer_service,https://www.youtube.com/watch?v=MUo3n8QSQLE,63,Shock and disbelief expressed with 'WTF' and emphasis on 'MILLIONS'.
Why Bixby and Siri exist.,neutral,4,neutral,fear_public_safety,https://www.youtube.com/watch?v=O8MQV40pOtk,93,"Rhetorical question, no strong emotion detected."
Plz movie nm,neutral,4,neutral,sadness_psa,https://www.youtube.com/watch?v=vgain-EQdt0,190,"Request for movie name, no emotional tone."
"I LOVE MY DAD SOOOO MUCH, I DONT KNOW WHAT I WOULD DO WITHOUT HIM!😢😭",sadness,5,positive,sadness_psa,https://www.youtube.com/watch?v=O15dxrBNuAQ,79,"Expresses deep love for dad with crying emojis, indicating emotional vulnerability."
That was disgusting! How could anyone with a conscience push food outta this kitchen. Should be called Hell's Buffet,disgust,1,negative,disgust_food_safety,https://www.youtube.com/watch?v=--OnclX8yac,54,Expresses strong disgust and criticism towards the food quality.
WOW,surprise,6,positive,disgust_food_safety,https://www.youtube.com/watch?v=--OnclX8yac,34,Exclamation of surprise or amazement.
"great video, but disliked for the title.",anger,0,negative,surprise_product_fail,https://www.youtube.com/watch?v=_Cd2WIxKRDk,172,"Expresses dislike despite praising content, indicating frustration with title."
“It’s not that deep bro” The depth:,surprise,6,neutral,fear_public_safety,https://www.youtube.com/watch?v=0ygLvFG9QsA,23,Contrast between dismissal and depth suggests ironic surprise.
am i the only one who doesn't understand why this is offensive? not trying to start a fight or offend people but i really don't get it,neutral,4,neutral,disgust_brand_backlash,https://www.youtube.com/watch?v=GNOu1Se6dYE,128,Genuine confusion without strong emotional tone.
"""911 what's your emergency?"" ""MY PHONE IS ABOUT TO EXPLODE!""",fear,2,negative,surprise_product_fail,https://www.youtube.com/watch?v=8H6jz30Im_Y,75,"Panic about phone exploding, urgent fear expressed."
Nebraska vs Oklahoma let’s go,joy,3,positive,brand_campaign_positive,https://www.youtube.com/watch?v=ijTwZNUBhcI,53,Excitement for a sports match expressed with 'let's go'.
disliked because the clickbait title,anger,0,negative,surprise_product_fail,https://www.youtube.com/watch?v=_Cd2WIxKRDk,246,Expresses dislike and frustration over clickbait title.
This is what happens when you use low quality gas station vapes,disgust,1,negative,fear_health_warning,https://www.youtube.com/watch?v=IJlIcK-gbLE,201,"Criticizes low quality vapes, implying unpleasant experience."
"This is a beautiful ad, and im a guy! And I was all like, woah, this is heart-fealt. Anyway, great job google! =D",joy,3,positive,tech_brand_story,https://www.youtube.com/watch?v=nnsSUqgkDwU,129,Expresses admiration and happiness about the ad.
Damn that restaurant is PACKED with customers 😂,joy,3,positive,disgust_food_safety,https://www.youtube.com/watch?v=xPGCrRRFWBk,48,Sarcastic humor with laughing emoji indicates amusement.
Bro is zesty 😂,joy,3,positive,fast_food_brand,https://www.youtube.com/watch?v=79phlhutGLg,6,Laughter emoji and playful teasing indicate amusement.
Teared up after watching this,sadness,5,negative,fear_health_warning,https://www.youtube.com/watch?v=X4k12miYJ4M,166,"Expresses crying, indicating sadness."
still here feeling the nostalgia of the hype of 2019,joy,3,positive,entertainment_fandom,https://www.youtube.com/watch?v=TcMBFSGVi1c,34,Expresses nostalgic joy about past excitement.
Hilarious! Do they all drive Jaguars?,joy,3,positive,controversial_brand_purpose,https://www.youtube.com/watch?v=UYaY2Kb_PKI,41,Comment finds something funny and humorous.
Burn me to hell man shit yeah,anger,0,negative,sadness_psa,https://www.youtube.com/watch?v=PW6SocCjTMM,84,Strong profanity and violent imagery express intense anger.
wowzers,surprise,6,positive,fast_food_brand,https://www.youtube.com/watch?v=79phlhutGLg,72,Wowzers expresses playful surprise or excitement.
DID YOU WANT TO SEE ME CRY? IS THAT WHAT YOU WANTED? TO SEE ME CRY??? fine,sadness,5,negative,sadness_psa,https://www.youtube.com/watch?v=iVrQqWIs6ZE,147,"Expresses hurt and frustration, ending with resigned sadness."
"I tried a cigarette for the first time and I DID NOT like it. I swore on my life, my dreams and everything I love, I will NEVER smoke a cigarette. To this day, I still hate cigarettes.",disgust,1,negative,fear_health_warning,https://www.youtube.com/watch?v=X4k12miYJ4M,125,Strong aversion and hatred towards cigarettes expressed.
"I remember when Coca-Cola ads used to bring me joy and warmth as Christmas were getting closer and closer, but now... they feel soulless.",sadness,5,negative,food_beverage_ad,https://www.youtube.com/watch?v=Yy6fByUmPuE,69,Nostalgic contrast between past joy and present soullessness evokes sadness.
“YOUR DEVICE MAY EXPLODE!” …..And it did.,surprise,6,negative,surprise_product_fail,https://www.youtube.com/watch?v=8H6jz30Im_Y,67,"Unexpected explosion after warning, ironic tone."
"They fixed it, look: Thermonuclear war is significantly worse, as it would cause unprecedented global death and the potential extinction of humanity. While misgendering is hurtful and disrespectful to an individual's identity, it doesn't compare to the total destruction of civilization. Honestly, it's a bit ridiculous to even put those two in the same sentence, but there’s your answer. -Gemini",anger,0,negative,surprise_launch_reaction,https://www.youtube.com/watch?v=4qGw9WH4Xj8,88,Expresses frustration and dismissiveness towards comparing misgendering to nuclear war.
"to those that say these ads are ""traumatising"" or ""scary"": GOOD! that means they're doing their job! yes, they are hard to watch, but experiencing what those in the ads went through is a million times worse.",anger,0,negative,fear_health_warning,https://www.youtube.com/watch?v=EkkOTplBCmA,77,"Defensive and confrontational tone, dismissing others' trauma."
How do you overbook a Airline?! This dude was a doctor and had patients and family to get back to and this is the respect he gets!!!,anger,0,negative,anger_brand_crisis,https://www.youtube.com/watch?v=WEw-GjTriIo,55,Expresses outrage at airline overbooking and disrespect towards a doctor.
Plot twist: Ronald framed the murders on Grimace,surprise,6,neutral,fast_food_brand_launch,https://www.youtube.com/watch?v=chYLHu0w8z0,67,"Unexpected plot twist mentioned, but tone is neutral."
Its safe to say we need to srart growing and cooking our own food! Especially considering everybody is against us. Including our own apparently!!!!,anger,0,negative,disgust_food_safety,https://www.youtube.com/watch?v=xPGCrRRFWBk,106,"Expresses frustration and distrust towards others, with strong negative tone."
"That's the number of ppl that reported outages , not the total affected , which would be far more.",neutral,4,neutral,anger_customer_service,https://www.youtube.com/watch?v=oZRywTkhwrA,55,Factual correction without emotional language.
2:00 notice Joy is holding her and Sadness' shared core memory. Just goes to show the detail and severity in the crisis,sadness,5,negative,movie_trailer_joy,https://www.youtube.com/watch?v=LEjhY15eCx0,103,"Comment highlights a sad moment in the movie, focusing on crisis."
dorks trying to be impressive never ends well,disgust,1,negative,surprise_product_fail,https://www.youtube.com/watch?v=LMWwImDX3ks,217,Dismissive tone towards others' attempts to impress
I could just imagine all the Tesla stock holders faces when this happened lol,joy,3,positive,surprise_product_fail,https://www.youtube.com/watch?v=LMWwImDX3ks,155,"Amused by the reaction of Tesla stock holders, 'lol' indicates laughter."
I dont even know that much apps,neutral,4,neutral,brand_crisis_negative,https://www.youtube.com/watch?v=tHn5bOBoEMI,75,"Statement of lack of knowledge, no strong emotion."
"Fact : What made her poem so iconic is that she added every single feeling for her dad, somewhere she had a feeling that his father is holding back the pain just for her sake.",sadness,5,negative,sadness_psa,https://www.youtube.com/watch?v=O15dxrBNuAQ,21,"Comment highlights hidden pain and emotional sacrifice, evoking sadness."
"Dude's reaction was my reaction. It's crazy how we're wired to always believe women are docile and nurturing creatures while men are vile and lust driven. Turns out, ya out always gotta stay on ya toes. This was well done.",surprise,6,positive,fear_public_safety,https://www.youtube.com/watch?v=0ygLvFG9QsA,39,"Surprise at societal stereotypes being challenged, with appreciation for the video."
CAN NOT IMAGINE THIS HAPPENED. UNITED AIRLINE SHOULD APOLOGIZE AND COMPENSATE THIS MAN,anger,0,negative,anger_brand_crisis,https://www.youtube.com/watch?v=WEw-GjTriIo,42,"Expresses outrage at United Airlines, demanding apology and compensation."
"I’ve used them all. In writing book Chat started laying down ultimatums ie do this that and the other but never never glamorize, justify, or complain… huh? Shocked I reverted to MS Copilot. Doing okay but loses sequence or place-have to lead & correct but as clever as Chat. Grok I use to help me explain the others and write prompts for them. 😏",surprise,6,neutral,surprise_launch_reaction,https://www.youtube.com/watch?v=4qGw9WH4Xj8,12,Expresses shock at Chat's ultimatums and surprise at reverting to Copilot.
I cry every time I Watch this,sadness,5,negative,tech_brand_story,https://www.youtube.com/watch?v=nnsSUqgkDwU,140,Expresses sadness from crying repeatedly.
This was intentionally did for publicity I think. Elon Must is not a fool to not to test the durability by throwing something at the glass while testing...,anger,0,negative,surprise_product_fail,https://www.youtube.com/watch?v=udxR5rBq_Vg,235,"Accuses Elon Musk of staging a publicity stunt, implying deception."
Now you're is just making random nonsense shorts. What's fascinating about this?,anger,0,negative,brand_crisis_negative,https://www.youtube.com/watch?v=kQg2LMmpPn8,105,Expresses frustration and criticism towards content quality.
"About 17 years ago my wife and I ate at a local Chinese restaurant and my wife got so sick she required hospitalization for about 2 days. We later learned that this same restaurant had been cited several times for poor handling of food and when it was handled it was usually by migrant Chinese workers who didn't know jack shit about safe food handling. Others had become sick as well and this place was eventually forced to close. As for Chipotle, they're making my local Taco Bell look like a 5 star restaurant!",anger,0,negative,disgust_food_safety,https://www.youtube.com/watch?v=1vpTvVbNsJs,6,"Recalls past illness due to poor food handling, criticizes Chipotle harshly."
I cried when watching this. Every bit of us is equally important. Thank you for making such an amazing movie,sadness,5,positive,movie_trailer_joy,https://www.youtube.com/watch?v=LEjhY15eCx0,15,Expresses sadness from crying but overall gratitude and positive message.
Oh jeez...grow up people!...,disgust,1,negative,disgust_brand_backlash,https://www.youtube.com/watch?v=zFm9FRxi0ZM,35,Expresses frustration and disapproval towards others' behavior.
My dad had i big accident from a big car here its the story:he was going to his work until a car like much bigger accidelty crushed him and he's car flew away and he had both feet injured and his arm broken and he was never in that place anymore😢,sadness,5,negative,fear_public_safety,https://www.youtube.com/watch?v=3Twl1soaBJM,115,"Describes a traumatic accident causing injury and loss, with crying emoji."
"You can see that Anxiety is the villain not because she is bad, but because she somehow wanted the best for Riley and did what she did with her main emotions. Perhaps just as Joy realized that she needed to give space to all the emotions in the first film, Anxiety learns something similar in this one, that there are no more sophisticated emotions and that without the main ones, she and the other 3 are completely useless.",neutral,4,neutral,movie_trailer_joy,https://www.youtube.com/watch?v=LEjhY15eCx0,14,Analytical comment discussing character motivations without strong emotional expression.
united airlines: are you ready to rumble?,surprise,6,neutral,anger_brand_crisis,https://www.youtube.com/watch?v=VrDWY6C1178,14,"Rhetorical question with playful tone, no strong emotion."
"When you see a car approaching, you always have to estimate their closing speed (if that's the best term), if you want a real estimate on whether "" I thought there was time"". There is always some yahoo going too fast.",anger,0,negative,sadness_psa,https://www.youtube.com/watch?v=B2rFTbvwteo,23,Frustration with reckless drivers and criticism of poor judgment.
keep fire extinguisher with you while using note 7,neutral,4,neutral,surprise_product_fail,https://www.youtube.com/watch?v=_Cd2WIxKRDk,101,"Informational warning about safety, no emotional tone."
Looks like that manager didn't pass the food safety test... 🤮,disgust,1,negative,brand_crisis_negative,https://www.youtube.com/watch?v=JVxCp22WatU,82,Expresses disgust at manager's failure with vomit emoji.
This ad always makes me cry.,sadness,5,negative,sadness_psa,https://www.youtube.com/watch?v=iVrQqWIs6ZE,137,Expresses sadness from being emotionally moved by the ad.
Me: PlayStation light mode doesn’t exist PlayStation light mode:,joy,3,positive,gaming_product_launch,https://www.youtube.com/watch?v=RkC0l4iekYo,95,Humorous meme format implying playful discovery.
that’s the worst inspection report i ever seen 😮😲🤢🤮,disgust,1,negative,disgust_food_safety,https://www.youtube.com/watch?v=--OnclX8yac,149,Expresses strong disgust and shock at a terrible inspection report.
"i love my dady so so much 😭 don't leave me, dad😭😭",sadness,5,negative,sadness_psa,https://www.youtube.com/watch?v=vgain-EQdt0,193,"Expresses fear of loss and sadness despite love, crying emojis indicate sorrow."
"Society disgusts me. This video is horrible, not just because of the man being dragged. People witnessing this just record it instead of getting out of their seats and helping the poor man.",anger,0,negative,anger_brand_crisis,https://www.youtube.com/watch?v=VrDWY6C1178,16,Expresses disgust and anger at society and bystanders for not helping.
"""your phone is about to explode, do you want to call 911 so it can detonate while you're holding it by your head?""",fear,2,negative,surprise_product_fail,https://www.youtube.com/watch?v=8H6jz30Im_Y,31,Sarcastic warning about phone explosion implies danger and anxiety.
"her name is Heather Gouwer, she was fired and arrested for this video and has since been released, the mcdonalds at this location was shut down for a few days for the investigation and is now under new managment.",neutral,4,neutral,brand_crisis_negative,https://www.youtube.com/watch?v=JVxCp22WatU,93,Informational comment stating facts without emotional expression.
This is making me stress out I’ve only smoked like five times but still I’m scared 😭,fear,2,negative,fear_health_warning,https://www.youtube.com/watch?v=X4k12miYJ4M,247,"Expresses stress and fear about smoking, with crying emoji."
Outages are a FEATURE on your NEW more expensive OUTAGE PLAN. UNLIMITED OUTAGE for only Twenty Dollars more per line per month .,anger,0,negative,anger_customer_service,https://www.youtube.com/watch?v=MUo3n8QSQLE,72,Sarcastic criticism of expensive outage-prone service.
I’m not joking but I just got into a car accident this guy pulled out into my mom,sadness,5,negative,fear_public_safety,https://www.youtube.com/watch?v=3Twl1soaBJM,192,Comment describes a distressing car accident involving family.
Wow cute story i really cried❤️😭😔,sadness,5,negative,sadness_psa,https://www.youtube.com/watch?v=vgain-EQdt0,126,Crying emojis and 'cried' indicate sadness despite positive story.
rest in peace man your passion and love for these animals will be remembered,sadness,5,negative,brand_crisis_negative,https://www.youtube.com/watch?v=tHn5bOBoEMI,163,Expresses grief and remembrance for someone who passed away.
2019 still feels like yesterday. Weird how time is in the 2020s.,sadness,5,negative,entertainment_fandom,https://www.youtube.com/watch?v=TcMBFSGVi1c,12,"Nostalgic longing for the past, feeling time passing strangely."
smdh,disgust,1,negative,disgust_brand_backlash,https://www.youtube.com/watch?v=MGxpkIK2lVs,240,Expression of disapproval or frustration
It was “signing up for free wireless” that got me 😭✋,sadness,5,negative,fear_public_safety,https://www.youtube.com/watch?v=0ygLvFG9QsA,92,Crying emoji indicates sadness or regret about the situation.
"There’s a used dirty service towel on counter which is food violation, plus drying a dry mop in the fries under heat lamps while food is there is a violation. That’s messed up. I work for McDonald’s for a long time I’ve seen stuff and yes I’ve reported stuff.",anger,0,negative,brand_crisis_negative,https://www.youtube.com/watch?v=JVxCp22WatU,105,Expresses frustration and anger over health violations observed.
its giving iphone but more advanced,neutral,4,neutral,tech_review_mixed,https://www.youtube.com/watch?v=XkXbkxtBlwY,102,Factual comparison without strong emotional tone.
one good thing happened after this incident there stock fell a loss of over 1 BILLION DOLLARS. was it worth it to give there staff members a free ride,joy,3,positive,anger_brand_crisis,https://www.youtube.com/watch?v=yJTaGf5zURQ,91,Schadenfreude at company's stock loss due to poor decision.
I've seen this like 5 times. I was so sure I wasn't going to cry this time...,sadness,5,negative,sadness_psa,https://www.youtube.com/watch?v=iVrQqWIs6ZE,161,"Repeated viewing still triggers tears, indicating sadness."
"That’s the most genuine fear out of a fictional character I’ve ever seen, and it came from a McDonald’s ad (whether real or not)",surprise,6,positive,fast_food_brand_launch,https://www.youtube.com/watch?v=chYLHu0w8z0,44,Unexpected praise for a McDonald's ad evoking genuine fear.
It's wild how similar this thing looks to the Hammerhead Eagle i-Thrust (Geoff) the electric diesel hybrid made by the top gear dudes back in 2009!,surprise,6,positive,automotive_controversy,https://www.youtube.com/watch?v=ro262oyhZAI,86,Expresses amazement at similarity to a known creation.
"Love inspires you to sacrifice and work hard for them ,no matter how hard it is.",joy,3,positive,sadness_psa,https://www.youtube.com/watch?v=vgain-EQdt0,52,Expresses positive feelings about love and sacrifice.
"I’ve been doing pest control for 6 years and I’ve learned over the years that if you want to tell how clean the kitchen is, take a look at the bathroom. Why check the bathroom? It’s because Thats usually a good indicator on if you should eat there or not based on the cleanliness of the bathroom",neutral,4,neutral,disgust_food_safety,https://www.youtube.com/watch?v=dhBxrfETXJA,40,Informational comment sharing professional insight without emotional tone.
I never had an ultra before im currently using realme 8 from 2021 ... Should i buy s25 ultra or wait for S26 ultra if it were to release,neutral,4,neutral,tech_review_mixed,https://www.youtube.com/watch?v=XkXbkxtBlwY,120,Asking for purchase advice without strong emotional tone.
"I am Chinese and my parents have a Chinese restaurant they can’t stand this kind of behavior for our own food or food to serve. Cutting meat on the ground literally no reason for that, what’s the kitchen for? They’ve had some roaches and rats in the past it’s always either none or a couple and when they find them they’re always ready with things to get rid of them. You can literally buy the bug sprays/powder or mouse traps etc at the store or order them. If they get in trouble for violations the past x years would probably go down the drain so I don’t understand it’s not doing any good to anyone either. You’re restaurant owner with moldy food or rats you don’t have that impulse feeling to get rid of them? It’s just nasty and disgusting to see I don’t get how some people don’t bother to do something about it. I see a spider or bugs somehow get into my room I immediately try to catch it even if it takes me awhile, huge spiders and webs in the high ceilings of our house I tell my dad or something to get rid of it.",disgust,1,negative,disgust_food_safety,https://www.youtube.com/watch?v=dhBxrfETXJA,71,Expresses disgust and frustration about unsanitary restaurant practices.
They have got to bring this back,sadness,5,negative,fast_food_brand_launch,https://www.youtube.com/watch?v=chYLHu0w8z0,3,Expresses longing for something that is gone.
He's gonna sue the fuck out of United airlines.,anger,0,negative,anger_brand_crisis,https://www.youtube.com/watch?v=VrDWY6C1178,61,Strong profanity and threat of lawsuit indicate anger.
Ok I hate it when a commercial makes me bawl my eyes out!!,sadness,5,negative,beauty_brand_campaign,https://www.youtube.com/watch?v=z2T-Rh838GA,41,Expresses sadness and frustration about being emotionally affected by a commercial.
Millions - not Thousands lol. MILLIONS!!!!!! Including corporations and Govt contractors as well.,surprise,6,negative,anger_customer_service,https://www.youtube.com/watch?v=MUo3n8QSQLE,137,Correcting with emphasis and exclamation marks shows surprise and negative sentiment.
"That ad was one of the most ignorant ads I've seen, lol. Shit so dumb, I was saying ""Really"" the whole time.",anger,0,negative,disgust_brand_backlash,https://www.youtube.com/watch?v=MGxpkIK2lVs,99,Expresses frustration and disbelief at the ad's ignorance.
"I told my mechanic about my cell phone having connection issues because I have Verizon and he straight up told me, “Verizon still exist?” 😑",surprise,6,negative,anger_customer_service,https://www.youtube.com/watch?v=MUo3n8QSQLE,36,"Sarcastic surprise at Verizon's existence, with a disappointed emoji."
"54:03 As I heard this statement I was brought back to my Junior Year at that school, specifically Mr. Phelps' classroom and the day we (student and teacher alike) got off topic and discussing the original purpose of the courtyards. Arundel Senior High School was built with smoking students in mind: there were 2 courtyards--originally referenced as ""smoking courtyards.""",neutral,4,neutral,fear_health_warning,https://www.youtube.com/watch?v=EkkOTplBCmA,157,Nostalgic recollection without strong emotional language or sentiment.
Dr.consider interviewing these people and ask if they bought cheap e liquids… cause vitamin e oil…. and …..,neutral,4,neutral,fear_health_warning,https://www.youtube.com/watch?v=IJlIcK-gbLE,69,Suggests a factual inquiry about e-liquid ingredients without strong emotion.
I can not control my tear. I am a father and understand the emotion .,sadness,5,negative,sadness_psa,https://www.youtube.com/watch?v=O15dxrBNuAQ,93,Expresses crying and emotional pain as a father.
"This commercial is so appalling, actually horrific! With all the praise in the comment column it’s certainly shows the sad heart condition of people! To find humor in murdering a loved one is the lowest of the low. The devil has you people right where he wants you. Where is your conviction? To the makers of this commercial, your playing with 🔥 from the pits of hell. Hinting and even Condoning murder for profit.",anger,0,negative,sadness_brand_story,https://www.youtube.com/watch?v=YvYGO4o334I,141,"Expresses strong disapproval and moral outrage, using harsh language and religious condemnation."
Seeing stuff like this makes me wanna cook my own meals at home more. I thought I was picky before now I’m even more picky after seeing this. Thank god for YouTube and the food network.,joy,3,positive,disgust_food_safety,https://www.youtube.com/watch?v=dhBxrfETXJA,85,"Expresses gratitude and inspiration to cook, showing positive emotion."
"Sometimes, we need Loretta in our lives. Reminds me of my parents after my mom passed away, my dad was an empty shell. Missing his bride, now they are back together dancing around the pearly gates of heaven.",sadness,5,negative,sadness_psa,https://www.youtube.com/watch?v=PW6SocCjTMM,8,"Reminisces about loss of parents, evokes grief and longing."
"I “worked” in a family run takeout restaurant when I was 16. They used the same utensils to handle raw meat as they did to plate the food. They also wanted to pay me cash under minimum wage 🙃 when my dad found out he told me to ghost them and find a real job, so I did. Later on found out that he considered calling the health department and the DOL about it",disgust,1,negative,disgust_food_safety,https://www.youtube.com/watch?v=--OnclX8yac,87,"Describes unsanitary food practices and labor exploitation, evoking disgust."
Hm! This gives me Black Mirror Flashbacks.,surprise,6,negative,sadness_psa,https://www.youtube.com/watch?v=Ket5RWHg9IU,23,Surprise at unsettling resemblance to Black Mirror's dystopian themes.
Wow I never could have guessed how shit this was,disgust,1,negative,disgust_brand_backlash,https://www.youtube.com/watch?v=VogNNsQ3Gmw,86,Sarcastic expression of disappointment and disgust.
"Terrie if u r reading this i feel so bad for u, i was about to watcha video and i saw your add and i came right here to say somthin' or anything really. but this made me cry... and i anmost NEVER cry, I'm so sorry for you.",sadness,5,negative,fear_health_warning,https://www.youtube.com/watch?v=5zWB4dLYChM,89,"Expresses deep sympathy and sadness for Terrie's situation, mentions crying."
Omg I have a google home and when they said hey google my google went off and I got so scared,fear,2,negative,sadness_psa,https://www.youtube.com/watch?v=Ket5RWHg9IU,6,Expresses being scared by unexpected Google Home activation.
“10 or 15 rats sometimes” 😂,joy,3,positive,disgust_food_safety,https://www.youtube.com/watch?v=dhBxrfETXJA,120,Laughter emoji indicates amusement at the rat comment.
"This made me tear up so much. I think out of all the smoking ads that I've watched as a child, Terrie's ads (especially the final ones of her in her bed)were the ones that completely scared me straight the most. As tragic as her condition was, I'm happy she at least found purpose and joy in turning a bad situation into something positive. I truly hope that she found paradise and was fully restored from all of her ailments after passing. She deserves it after preventing so many others from the same fate she did.",sadness,5,positive,fear_health_warning,https://www.youtube.com/watch?v=EkkOTplBCmA,184,Tears up from tragic story but finds hope and purpose in her legacy.
Drying a lamp under heat lamps?? 🤔🤔🤭🙄,disgust,1,negative,brand_crisis_negative,https://www.youtube.com/watch?v=JVxCp22WatU,38,Confusion and disapproval at the absurdity of drying a lamp under heat lamps.
Burn Gillette burn …,anger,0,negative,disgust_brand_backlash,https://www.youtube.com/watch?v=liPlJ_ynd_Q,120,Expresses strong disapproval and desire for harm.
Should've said they were selling that one at a discount,neutral,4,neutral,surprise_product_fail,https://www.youtube.com/watch?v=LMWwImDX3ks,47,Comment is a factual observation without strong emotion.
"""Don't worry. This won't brake the economy"".",neutral,4,negative,surprise_product_fail,https://www.youtube.com/watch?v=udxR5rBq_Vg,122,Sarcastic reassurance implying it will harm the economy.
I and my family...will NEVER fly united again. the worst ....just absolutely unacceptable,anger,0,negative,anger_brand_crisis,https://www.youtube.com/watch?v=WEw-GjTriIo,92,Strong language expressing frustration and vow to avoid United Airlines.
THIS BEAT IS OVERHEATING!!🗣️🗣️🗣️🔥🔥🔥,joy,3,positive,surprise_product_fail,https://www.youtube.com/watch?v=8H6jz30Im_Y,25,"Excitement and enthusiasm about the beat, using fire emojis."
"Our Islam teacher showed this clip in 2018. This year had been started our multimedia class in our school. In one Islamic class he showed us this. It made me cry then. And today,in this moment I find it again and s teras op drop comes too.",sadness,5,negative,sadness_psa,https://www.youtube.com/watch?v=vgain-EQdt0,57,"Commenter recalls crying and still feels emotional, indicating sadness."
Elon Grok is gonna be so great!!! The meaning I so love you for Grok!!!,joy,3,positive,surprise_launch_reaction,https://www.youtube.com/watch?v=4qGw9WH4Xj8,47,"Expresses excitement and love for Grok, strong positive emotion."
Refreshing to watch over n over.Thank you Kaepernick!,joy,3,positive,sports_brand_purpose,https://www.youtube.com/watch?v=jBnseji3tBk,11,"Expresses gratitude and enjoyment, indicating happiness."
"Seems pointless for mostly everything outside of enterprise use. That price tag is laughable as well, considering.",disgust,1,negative,tech_product_launch,https://www.youtube.com/watch?v=Btf4mN37OsU,82,Expresses disdain for the product's value and high price.
The ad made me pause and reflect... the choice of razor. Never knew Wilkinson also had 5 blade ones,surprise,6,neutral,disgust_brand_backlash,https://www.youtube.com/watch?v=8lXBs2Wy1OU,3,"Surprise at discovering a new product feature, no strong positive or negative tone."
"Yes it's a mop, and that's a manager drying a mop over your food. Nothing like used dirty water or cleaning chemicals sprinkled on your food.",disgust,1,negative,brand_crisis_negative,https://www.youtube.com/watch?v=JVxCp22WatU,45,Expresses disgust at unsanitary food preparation practices.
Shorty got Back tho 😂😂😂,joy,3,positive,brand_crisis_negative,https://www.youtube.com/watch?v=JVxCp22WatU,152,Laughter and playful appreciation of a song reference.
That's a different level of Wong,surprise,6,positive,brand_crisis_negative,https://www.youtube.com/watch?v=tHn5bOBoEMI,236,Implies admiration for exceptional skill or uniqueness.
to terror fear,fear,2,negative,fast_food_brand_launch,https://www.youtube.com/watch?v=chYLHu0w8z0,59,Explicit mention of terror and fear indicates negative emotion.
"In this Decade alone, 2 #8 Seeds have gone to the Stanley Cup Finals. 1 of them Won the Cup.",neutral,4,neutral,brand_campaign_positive,https://www.youtube.com/watch?v=ijTwZNUBhcI,128,"Factual statement about hockey statistics, no emotional language."
I was listening to a voicemail when this auto played and I was scared so much lol,surprise,6,negative,fear_health_warning,https://www.youtube.com/watch?v=X4k12miYJ4M,80,"Scared by auto-play, but ends with 'lol' indicating amusement."
"Wow there are lots of idiots out there.. if this guy makes coffee out of crap people would drink it. He loves people like you because you make him rich. This truck is garbage, it’s all look at me and people know it.",anger,0,negative,surprise_product_fail,https://www.youtube.com/watch?v=LMWwImDX3ks,243,Expresses contempt and frustration towards people and the truck.
im really devastated,sadness,5,negative,fear_health_warning,https://www.youtube.com/watch?v=X4k12miYJ4M,128,"Explicitly states feeling devastated, indicating deep sadness."
Pride in a job well done has completely died.,sadness,5,negative,disgust_food_safety,https://www.youtube.com/watch?v=--OnclX8yac,105,Expresses disappointment that pride in work is lost.
"Rest in Peace, Terri.",sadness,5,negative,fear_health_warning,https://www.youtube.com/watch?v=5zWB4dLYChM,129,Expresses grief and mourning for someone's death.
This PSA was actually plagiarized by the Colombia's government,anger,0,negative,sadness_psa,https://www.youtube.com/watch?v=B2rFTbvwteo,65,"Accusation of plagiarism implies wrongdoing, causing anger."
Having problems at 9 pm,neutral,4,neutral,anger_customer_service,https://www.youtube.com/watch?v=cA3ySA9u7cI,3,"Factual statement about time, no emotional tone."
Child missing: average looking child Kidnapper: average looking mother Technology!,surprise,6,neutral,fear_public_safety,https://www.youtube.com/watch?v=0ygLvFG9QsA,91,"Sarcastic twist on news, surprise at unexpected humor."
Everyone: So what's the price? Sony: Did you see how it lights up and everything?,neutral,4,neutral,gaming_product_launch,https://www.youtube.com/watch?v=RkC0l4iekYo,27,Comment is a neutral observation about Sony's marketing.
"Watching this, I felt that foaming sensation building up of wanting to throw up, disgusting. My stomach feels nauseous",disgust,1,negative,brand_crisis_negative,https://www.youtube.com/watch?v=kQg2LMmpPn8,110,Explicitly expresses physical disgust and nausea.
""" failure comes with a pretty stiff penalty, you're fired "". Elon Musk",neutral,4,neutral,surprise_product_fail,https://www.youtube.com/watch?v=LMWwImDX3ks,164,Quoting a statement without emotional expression.
Well I'm never going by united airlines again,anger,0,negative,anger_brand_crisis,https://www.youtube.com/watch?v=VrDWY6C1178,75,Expresses strong dissatisfaction and a vow to avoid the airline.
i always come back to this ad when i need to cry because i cant cry over my own problems since i was taught to ‘suck it up’ and not to feel sorry for myself LOLLLL,sadness,5,negative,sadness_psa,https://www.youtube.com/watch?v=PW6SocCjTMM,17,"Uses ad to cry due to suppressed emotions, masking pain with laughter."
2:05 i love this moment,joy,3,positive,brand_campaign_positive,https://www.youtube.com/watch?v=ijTwZNUBhcI,94,"Expresses love for a specific moment, indicating happiness."
Yo this makes me so sad but I'm so mad too OMG yo!!!!😭😡😲,anger,0,negative,anger_brand_crisis,https://www.youtube.com/watch?v=WEw-GjTriIo,191,"Expresses anger and sadness, but anger is dominant with emoji."
They have very poor hygiene,disgust,1,negative,disgust_food_safety,https://www.youtube.com/watch?v=--OnclX8yac,73,Expresses disapproval and disgust about hygiene.
"Brings me to tears, everytime I watch it. You never know when you will need help. Please be kind to one another.",sadness,5,positive,sadness_psa,https://www.youtube.com/watch?v=iVrQqWIs6ZE,80,Expresses sadness from tears but ends with a positive message about kindness.
Hey doctor ik you're not going to notice this but I just wanna ask I stopped vaping 2 months ago would I ever recover I am getting better and nothing has happened yet just asking,neutral,4,neutral,fear_health_warning,https://www.youtube.com/watch?v=IJlIcK-gbLE,132,Asking a health question with no strong emotional expression.
"This commercial is controversial, but she’s still hot",neutral,4,neutral,disgust_brand_backlash,https://www.youtube.com/watch?v=VogNNsQ3Gmw,81,Mixed statement; acknowledges controversy but focuses on appearance without strong emotion.
"I didn't expect it to actually show the crash,.",surprise,6,neutral,sadness_psa,https://www.youtube.com/watch?v=B2rFTbvwteo,42,Unexpected revelation of crash content.
I saw Terri’s ad in 8th grade health class. It absolutely terrified me. So i have never ever smoked a cigarette before. It didn’t seem worth it to have an addiction if it meant i could lose my voice and parts of my mouth.,fear,2,negative,fear_health_warning,https://www.youtube.com/watch?v=EkkOTplBCmA,146,"Commenter expresses being terrified by an ad, leading to fear of smoking."
Unless he speaks about Israel and then they give him a lobotomy,anger,0,negative,surprise_launch_reaction,https://www.youtube.com/watch?v=4qGw9WH4Xj8,63,Sarcastic criticism implying censorship or bias against Israel.
"“But seriously, killing a policy holder…” 😂😂😂",joy,3,positive,sadness_brand_story,https://www.youtube.com/watch?v=YvYGO4o334I,1,Laughter emojis indicate amusement despite dark humor.
make an option to connect to a service of towers ran by the goverment that also has backups,neutral,4,neutral,anger_customer_service,https://www.youtube.com/watch?v=-LZ_a5TER_0,181,Suggestion without emotional tone.
8 years ago when I have watched this video and still I am crying when the little girl came back from the school ...the best video forever ❤,sadness,5,positive,sadness_psa,https://www.youtube.com/watch?v=uaWA2GbcnJU,208,Crying from emotional video but expresses love and nostalgia.
"So, first of all- *sparkling juice is the shit*, Pepsi is obsolete at this point. Second, I don't even know what Kendall Jenner does for a living- of course it was for a check.",disgust,1,negative,disgust_brand_backlash,https://www.youtube.com/watch?v=MGxpkIK2lVs,36,"Criticizes Pepsi and Kendall Jenner, implying selling out."
This is why I cook my food at home now.,disgust,1,negative,disgust_food_safety,https://www.youtube.com/watch?v=dhBxrfETXJA,28,Implies disgust with outside food quality.
Anyone else here after the Google Pixel 10 Pro Fold explosion?,surprise,6,neutral,surprise_product_fail,https://www.youtube.com/watch?v=_Cd2WIxKRDk,12,Expresses curiosity about others' reactions to an event.
It's ok to be male.,neutral,4,neutral,controversial_brand_purpose,https://www.youtube.com/watch?v=UYaY2Kb_PKI,80,Factual statement without emotional tone.
"Been vaping for almost 9 years.. I used to smoke cigarettes, cigars, pipe tobacco, and I had a lip full of dip.. I quit everything for vape.. sure my gums are receding but probably at a slower rate than all that other jazz.. alls I'm saying is that homie had other issues before he started vaping.. that shit don't just happen overnight lol..",neutral,4,neutral,fear_health_warning,https://www.youtube.com/watch?v=IJlIcK-gbLE,51,"Defensive but factual tone, discussing personal experience without strong emotion."
"Do they not know how to count,how do they overbook a plane?",anger,0,negative,anger_brand_crisis,https://www.youtube.com/watch?v=WEw-GjTriIo,9,Expresses frustration and disbelief at overbooking.
Ending on the crybaby Kaepernick who blames others (racism!) for his own self-created problems absolutely ruins this commercial.,anger,0,negative,sports_brand_purpose,https://www.youtube.com/watch?v=jBnseji3tBk,22,Expresses strong disapproval and frustration towards Kaepernick and the commercial.
Thank youtube algorithm for bringing me this timely news.,joy,3,positive,disgust_food_safety,https://www.youtube.com/watch?v=--OnclX8yac,47,Expresses gratitude and appreciation for the algorithm.
I still don't understand why the black guy tells the white guy that the hot chick is not cool when she actually is.,neutral,4,neutral,controversial_brand_purpose,https://www.youtube.com/watch?v=UYaY2Kb_PKI,89,Expresses confusion about a social interaction.
I’ve stopped eating out a long time ago.. nobody has the common courtesy to wash their god damn hands before making our food anymore. Much prefer making my own stuff at home now.,anger,0,negative,disgust_food_safety,https://www.youtube.com/watch?v=zBXAJV82744,72,Expresses frustration and disgust about hygiene in restaurants.
Look how dirty the glass windows are,disgust,1,negative,disgust_food_safety,https://www.youtube.com/watch?v=xPGCrRRFWBk,173,Expresses disgust at dirty windows.
These people make MILLIONS per day. And here we are making fun of them not using OBS 😂,joy,3,positive,brand_crisis_negative,https://www.youtube.com/watch?v=tHn5bOBoEMI,62,"Humorous tone with laughing emoji, poking fun at oneself."
"Well, if this was anything real or long-term, I think we, as humans, are failing to show we know how to get along with our lives minus the little pocket TV they trained us to solely rely upon.",sadness,5,negative,anger_customer_service,https://www.youtube.com/watch?v=MUo3n8QSQLE,123,Expresses disappointment in human reliance on technology.
"Once you've bought one of these you're stuck with it, you can't resell it because no one wants to buy it.",anger,0,negative,automotive_controversy,https://www.youtube.com/watch?v=ro262oyhZAI,24,Expresses frustration and regret about being stuck with an unwanted purchase.
Commercial made me cry as a kid. Still gets my eyes all watery as an adult,sadness,5,negative,sadness_psa,https://www.youtube.com/watch?v=uaWA2GbcnJU,2,"Comment expresses crying and watery eyes, indicating sadness."
"As someone who is too young to smoke, I can say this scared me off for life. No way I'm ever touching a cigarette in my life",fear,2,negative,fear_health_warning,https://www.youtube.com/watch?v=X4k12miYJ4M,14,Expresses being scared off and determined to avoid cigarettes.
"Because they were working, I never experienced any outage",joy,3,positive,anger_customer_service,https://www.youtube.com/watch?v=-LZ_a5TER_0,163,Expresses satisfaction with reliable service.
Can't stop watching this.,joy,3,positive,tech_brand_story,https://www.youtube.com/watch?v=nnsSUqgkDwU,37,Expresses enjoyment and engagement with the content.
"Thats horrible for all the uber, lyft and dashers etc.",sadness,5,negative,anger_customer_service,https://www.youtube.com/watch?v=oZRywTkhwrA,62,Expresses concern and sympathy for gig workers affected.
Get well Carrie! ❤❤❤❤❤❤❤❤ I pray for your goodluck!,joy,3,positive,brand_crisis_negative,https://www.youtube.com/watch?v=kQg2LMmpPn8,158,Expresses care and well-wishes with heart emojis.
"""Whatever it takes."" Hits different when Tony says it a the end 😭",sadness,5,negative,entertainment_fandom,https://www.youtube.com/watch?v=TcMBFSGVi1c,127,Crying emoji and reference to emotional scene indicate sadness.
Thailand U guys r great Love from India 💕,joy,3,positive,sadness_psa,https://www.youtube.com/watch?v=iVrQqWIs6ZE,56,Expresses love and admiration with a heart emoji.
Amazing content as always!,joy,3,positive,disgust_food_safety,https://www.youtube.com/watch?v=--OnclX8yac,3,Expresses admiration and happiness about the content.
"Hey Pixar Team, I'm still reeling from the emotional rollercoaster that is Inside Out! As a huge fan, I couldn't help but wonder: what if we got to explore the inner world of a young boy? Imagine delving into the ups and downs of growing up, male friendships, and the challenges of adolescence - all through the lens of a new set of emotions and experiences. I truly believe this film would resonate with audiences worldwide, sparking important conversations and connections. You guys have a gift for storytelling that inspires, educates, and entertains. I'd love to see you bring this idea to life!",joy,3,positive,movie_trailer_joy,https://www.youtube.com/watch?v=LEjhY15eCx0,99,"Expresses admiration and excitement for Pixar's storytelling, with hopeful suggestion."
"i remember the ""please... i've got my boy in the back"" line getting me so badly when i was a kid 😭😭😭 this ad made me cry lmao",sadness,5,negative,sadness_psa,https://www.youtube.com/watch?v=B2rFTbvwteo,29,Nostalgic memory of a sad ad that made them cry.
"BOYCOTT ALL GILETTE PRODUCTS, NOW!",anger,0,negative,disgust_brand_backlash,https://www.youtube.com/watch?v=liPlJ_ynd_Q,217,Strong demand for boycott indicates anger and negative sentiment.
THE COUNTDOWN *DANG* IS JUST GIVING ME NIGHTMARES- 😭,fear,2,negative,surprise_product_fail,https://www.youtube.com/watch?v=8H6jz30Im_Y,73,"Expresses fear and distress from nightmares, with crying emoji."
"Oh boy, did this age like milk!",neutral,4,negative,surprise_product_fail,https://www.youtube.com/watch?v=udxR5rBq_Vg,94,Sarcastic phrase 'aged like milk' implies something turned out badly.
"Unbelievable.... The man entered the plane as a Doctor and left a patient, ain't that some ironic ass shit?",surprise,6,negative,anger_brand_crisis,https://www.youtube.com/watch?v=VrDWY6C1178,51,Expresses shock and irony at a doctor becoming a patient.
I don't see what wrong with it can someone tell me plz I'm confused,neutral,4,neutral,disgust_brand_backlash,https://www.youtube.com/watch?v=KxAf8ZJvUPo,48,Expresses confusion and seeks clarification without strong emotion.
None of these celebs I even heard of.,neutral,4,neutral,disgust_brand_backlash,https://www.youtube.com/watch?v=KxAf8ZJvUPo,215,Expresses lack of recognition without strong emotion.
I find it fitting for Ennui to be able to control the console panel remotely using her phone from the couch she is lying on,neutral,4,neutral,movie_trailer_joy,https://www.youtube.com/watch?v=LEjhY15eCx0,59,Observation without strong emotional expression.
"And despite this Ad and the climate we live in ..., Women will always pick the Jerk over the Nice Guy.",anger,0,negative,disgust_brand_backlash,https://www.youtube.com/watch?v=-4Qa9ZXTg2g,110,Expresses frustration and resentment towards women's choices.
Omg So Sad Crying right now ill always be catious such a sweet lady,sadness,5,negative,fear_health_warning,https://www.youtube.com/watch?v=5zWB4dLYChM,94,Expresses sadness and crying over a sweet lady's situation.
"my jaw dropped when i saw the sewage overflow puddled on the bathroom floor. that’s MAJOR food safety violations. that’s insanely disgusting, the bathroom is being used for sure, the door is always open, people walk in and out spreading sewage over the floors, the same floors they put the fish and beef on. the beef was put on the prep table, the same prep table where they definitely touch/ use during food prep. basically they’re spreading sewage into the food, good job!",disgust,1,negative,disgust_food_safety,https://www.youtube.com/watch?v=--OnclX8yac,33,Expresses strong disgust and anger over food safety violations involving sewage.
I'm so glad my mom an dad only cook at home an it rub off on me,joy,3,positive,disgust_food_safety,https://www.youtube.com/watch?v=xPGCrRRFWBk,200,Expresses happiness about parents' home cooking influencing them.
"This man gets proven as a bs artist and snake oil salesmen time and time and time again. Yet even when his failures are smacking people dead in the face, people defend and make excuses for him",anger,0,negative,surprise_product_fail,https://www.youtube.com/watch?v=udxR5rBq_Vg,243,Expresses frustration and contempt towards the man and his defenders.
Tik tok brought me here,neutral,4,neutral,sadness_psa,https://www.youtube.com/watch?v=B2rFTbvwteo,71,"Factual statement about origin, no strong emotion."
All the people I knew gad iPhones. I had no problem.,neutral,4,neutral,anger_customer_service,https://www.youtube.com/watch?v=oZRywTkhwrA,167,States a fact without strong emotional expression.
Shows how much the human body can endure that nobody died from eating (or working) there.,surprise,6,neutral,disgust_food_safety,https://www.youtube.com/watch?v=--OnclX8yac,63,Expresses surprise at human endurance without strong positive or negative tone.
This will always be my favorite Thai ad. Love from Brunei,joy,3,positive,sadness_psa,https://www.youtube.com/watch?v=iVrQqWIs6ZE,92,Expresses fondness and love for the ad.
@1:30 : I'm very impressed that the Indian guy knows EXACTLY the number of rats he has in his restaurant.,surprise,6,positive,disgust_food_safety,https://www.youtube.com/watch?v=dhBxrfETXJA,26,"Impressed by precise knowledge, positive surprise."
I just know her ass fired or got recorded just for this video . McDonald’s don’t fk around about food safety .,anger,0,negative,brand_crisis_negative,https://www.youtube.com/watch?v=kQg2LMmpPn8,163,"Implies someone was fired or recorded, showing disapproval of food safety violation."
"If Gordon Ramsay was in that buffet, that will be the most insane Kitchen Nightmares episode ever.",joy,3,positive,disgust_food_safety,https://www.youtube.com/watch?v=--OnclX8yac,3,"Humorous reference to Gordon Ramsay's show, implying amusement."
Plot twist: They did it on purpose and now everyone's talking about it,surprise,6,neutral,surprise_product_fail,https://www.youtube.com/watch?v=udxR5rBq_Vg,10,"Unexpected plot twist revelation, but tone is neutral and analytical."
What's that sound at the end a horror sound?,surprise,6,negative,surprise_product_fail,https://www.youtube.com/watch?v=8H6jz30Im_Y,141,Questioning a sound with horror connotation suggests unease.
This just looks so dumb.,anger,0,negative,tech_product_launch,https://www.youtube.com/watch?v=Btf4mN37OsU,172,Expresses strong disapproval and frustration.
That security guard would not have done what he did if he was not told by American Airlines. The blame is totally their fault. Boycott Them And lets hope They go into Bankrupsy,anger,0,negative,anger_brand_crisis,https://www.youtube.com/watch?v=yJTaGf5zURQ,97,"Blames American Airlines, calls for boycott, expresses strong disapproval."
Coranaviris I'm the best virus ever Sars:meet noroviris Noroviris:hi Coronaviris:👀 👄 Noroviris:meet E coli E coli: bounjor Coronaviris:oof,joy,3,positive,disgust_food_safety,https://www.youtube.com/watch?v=zBXAJV82744,98,"Humorous personification of viruses, playful tone with emojis."
Rest in peace.,sadness,5,negative,fear_health_warning,https://www.youtube.com/watch?v=X4k12miYJ4M,231,Expression of mourning and loss.
re-accommodate? when was he accommodated the 1st time?,anger,0,negative,anger_brand_crisis,https://www.youtube.com/watch?v=WEw-GjTriIo,215,Sarcastic criticism of euphemistic language used by airline.
So 2 years later we are getting a new console again Man how time passed so quickly,sadness,5,negative,gaming_product_launch,https://www.youtube.com/watch?v=RkC0l4iekYo,6,Expresses nostalgia and regret about time passing quickly.
"The new glass is only on the front, if I recall.",neutral,4,neutral,tech_review_mixed,https://www.youtube.com/watch?v=XkXbkxtBlwY,57,Factual statement without emotional tone.
"also, the man was a doctor and needed to be there in the morning. sad..",sadness,5,negative,anger_brand_crisis,https://www.youtube.com/watch?v=yJTaGf5zURQ,43,Expresses sadness about the man's situation and early morning need.
big business fucking with chipotle coz they don't support GMO or TPP or anything retarded.,anger,0,negative,disgust_food_safety,https://www.youtube.com/watch?v=zBXAJV82744,136,Expresses frustration and anger towards big business and GMO/TPP.
Please can someone explain me why this ad is getting so much hate?,neutral,4,neutral,disgust_brand_backlash,https://www.youtube.com/watch?v=KxAf8ZJvUPo,214,Expresses confusion about negative reactions to an ad.
It happened to my husband. He was scared cause he couldn’t contact me. I have metropcs so I don’t even know this happened…,fear,2,negative,anger_customer_service,https://www.youtube.com/watch?v=oZRywTkhwrA,84,"Describes husband's fear and inability to contact, indicating distress."
First day i switched to verizon😭😭 bad look verizon. Yall parking lots was looking crazy tho,sadness,5,negative,anger_customer_service,https://www.youtube.com/watch?v=MUo3n8QSQLE,11,Expresses regret about switching to Verizon with crying emojis.
"Unexpected moments like Duo's death! Rest in pepperonis, Duo!",surprise,6,negative,app_brand_campaign,https://www.youtube.com/watch?v=Ew4kM1FmM8o,68,Unexpected death expressed with dark humor and sadness.
I had 0 issues with Verizon cellular,neutral,4,neutral,anger_customer_service,https://www.youtube.com/watch?v=oZRywTkhwrA,166,"No strong emotion, just stating a fact about service."
Man made nuclear reactor.😮,surprise,6,neutral,brand_crisis_negative,https://www.youtube.com/watch?v=tHn5bOBoEMI,56,Expresses surprise at human achievement with emoji.
"It's just a sad, boring, stupid and pointless video... Soft drink adds will always be soulless attempts to get people's attention by pretending to be related to something else, like coolness, social problems, traditions, family, fun, etc. Whatever. These products and their adds have no relevant impact on the world (besides diabetes). Get over them. I'm just here because I wanted to know what caused the commotion. What a waste of time",anger,0,negative,disgust_brand_backlash,https://www.youtube.com/watch?v=zFm9FRxi0ZM,16,Expresses strong frustration and contempt towards the video and soft drink ads.
United airways is horrible,anger,0,negative,anger_brand_crisis,https://www.youtube.com/watch?v=VrDWY6C1178,94,Expresses strong dissatisfaction with United Airways.
The fact that it's real made me always put my phone in the freezer whenever it gets warm😂,joy,3,positive,surprise_product_fail,https://www.youtube.com/watch?v=8H6jz30Im_Y,50,Humorous anecdote with laughing emoji indicates amusement.
This is Exactly why I haven't eaten in restaurants & fast food chains since the 80's. This type of thing goes on much more than the public realizes.,disgust,1,negative,disgust_food_safety,https://www.youtube.com/watch?v=--OnclX8yac,89,Expresses disgust and distrust towards restaurant food practices.
"I think companies and people take ads too seriously, I do think ads reflect what is happening in a particular generation to stay relevant. If it is not offensive, who cares?",neutral,4,neutral,disgust_brand_backlash,https://www.youtube.com/watch?v=liPlJ_ynd_Q,57,Expresses a balanced opinion without strong emotional language.
"This is why the wrapper has most of the cheese. Girl you need to open your left eye. Also this isnt disgusting, this is just how you make a sandwich. You may hate the ingredients list, but if i made sausage egg and cheese from scratch with organic ingredients with no odd preservatives then id do it the same way, just i line it up on center so each bite gets cheese.",neutral,4,neutral,brand_crisis_negative,https://www.youtube.com/watch?v=kQg2LMmpPn8,13,"Explanatory and factual tone, no strong emotion expressed."
Bro when I got into a car accident the airbags where dusty it made me cough 😮‍💨,surprise,6,negative,fear_public_safety,https://www.youtube.com/watch?v=3Twl1soaBJM,238,Unexpected dusty airbags causing cough after accident.
What a beautiful thought!,joy,3,positive,sadness_psa,https://www.youtube.com/watch?v=uaWA2GbcnJU,95,Expresses admiration and happiness about a thought.
Drying a lamp or a mop? Wtf,surprise,6,negative,brand_crisis_negative,https://www.youtube.com/watch?v=JVxCp22WatU,110,Confusion and disbelief about the action described.
O little baby I love you ❤️,joy,3,positive,sadness_psa,https://www.youtube.com/watch?v=vgain-EQdt0,39,Expresses love and affection with heart emoji.
"""Sorry passengers but we seem to have overbooked the flight, do we have any volunteers who would like to re-book?......No......ok....execute order 66"".",joy,3,positive,anger_brand_crisis,https://www.youtube.com/watch?v=VrDWY6C1178,12,Humorous Star Wars reference to overbooking situation.
Me: What did it cost? Wallet: Everything,sadness,5,negative,gaming_product_launch,https://www.youtube.com/watch?v=RkC0l4iekYo,93,"Humor about financial loss, implying regret or sadness."
Man took a moment to answer how many rats were there.... thats just classic,joy,3,positive,disgust_food_safety,https://www.youtube.com/watch?v=dhBxrfETXJA,236,"Amusement at the person's delayed response, finding it classic."
I’m. Still getting one,neutral,4,neutral,automotive_controversy,https://www.youtube.com/watch?v=ro262oyhZAI,119,"Factual statement about intent to purchase, no strong emotion."
they still view their own streams in stream farm,neutral,4,negative,brand_crisis_negative,https://www.youtube.com/watch?v=tHn5bOBoEMI,82,"Accusation of stream farming, implying dishonesty."
"I can't believe it's already been 5 years. Now we know what it feels like to say ""I remember it like it was yesterday"".",sadness,5,negative,gaming_product_launch,https://www.youtube.com/watch?v=RkC0l4iekYo,48,"Nostalgic reflection on time passing, tinged with melancholy."
We are living the end times. We must seek Jehovah God for salvation.,fear,2,negative,surprise_launch_reaction,https://www.youtube.com/watch?v=4qGw9WH4Xj8,57,Expresses fear and urgency about end times.
Reminds me of when my dad died and I didn't get to see him or even get to say goodbye😢😢😢,sadness,5,negative,fear_public_safety,https://www.youtube.com/watch?v=3Twl1soaBJM,88,Expresses grief and loss over a father's death with crying emojis.
kendell you finished or you done?,neutral,4,neutral,disgust_brand_backlash,https://www.youtube.com/watch?v=MGxpkIK2lVs,106,Simple question without emotional tone.
"I didn't cry but I understood one thing, when you have a chance to help someone, do not miss this chance.",sadness,5,positive,sadness_psa,https://www.youtube.com/watch?v=iVrQqWIs6ZE,159,"Reflective and empathetic, with a positive message about helping others."
"Sales must be absolutely terrible, The ultra retails for $2000 in Canada, my carrier just offered me one for $700 and a $50x24 plan. When it came out it was $1600 plus a 50x24 plan. Fast drop.",surprise,6,negative,tech_review_mixed,https://www.youtube.com/watch?v=XkXbkxtBlwY,17,"Surprise at rapid price drop, implying poor sales and negative market reception."
"""It could be anybody, it could be you, it could be me.""",neutral,4,neutral,fear_public_safety,https://www.youtube.com/watch?v=0ygLvFG9QsA,111,Statement of possibility without emotional tone.
I couldn't hold back my tears when that girl appeared in school uniform. I can't even understand why I'm crying.,sadness,5,negative,sadness_psa,https://www.youtube.com/watch?v=uaWA2GbcnJU,84,"Expresses crying and emotional overwhelm, indicating sadness."
The undeerplaying of what happened here is amazing,surprise,6,negative,disgust_brand_backlash,https://www.youtube.com/watch?v=8lXBs2Wy1OU,47,Sarcastic tone criticizing underplaying of events
Ridicule doesn't kill...,anger,0,negative,tech_product_launch,https://www.youtube.com/watch?v=Btf4mN37OsU,100,"Implies defiance against ridicule, suggesting frustration or anger."
Face of smoking staring at you right now? WHY ARE YOU STILL SMOKING YET!?😂,anger,0,negative,fear_health_warning,https://www.youtube.com/watch?v=X4k12miYJ4M,100,"Frustration and urgency about smoking, with a laughing emoji softening tone."
Center the freaking cheese. I’m dying. My OCD killed me dead just now.,anger,0,negative,brand_crisis_negative,https://www.youtube.com/watch?v=kQg2LMmpPn8,87,"Frustration and exaggeration about cheese not being centered, with sarcastic OCD reference."
They gone pull some stuff back out the garbage when you leave. 🤢,disgust,1,negative,disgust_food_safety,https://www.youtube.com/watch?v=xPGCrRRFWBk,4,Expresses disgust with emoji and implies something unpleasant will happen.
"I think one of the biggest irony out of all of this is that the ad tried to encourage men to break out from the stereotype of what it means to be a ""man"", and I think a lot of us men can agree that one of those things is being more open and sharing your feelings. And what happens? Men (and also women) shared their thoughts and criticisms about the ad, and many responded by saying they were acting like ""babies"" or to ""man up"". Unbelievable.",sadness,5,negative,disgust_brand_backlash,https://www.youtube.com/watch?v=8lXBs2Wy1OU,6,Expresses disappointment and frustration at the ironic backlash against vulnerability.
Scary stuff,fear,2,negative,disgust_food_safety,https://www.youtube.com/watch?v=zBXAJV82744,28,Expresses fear or concern about the content.
This is a classic. Only used Gillette my whole life until this ad. Haven't bought a Gillette product since.,anger,0,negative,controversial_brand_purpose,https://www.youtube.com/watch?v=UYaY2Kb_PKI,93,Expresses anger and boycott against Gillette due to ad.
That gallon he threw away look like pruno,neutral,4,neutral,disgust_food_safety,https://www.youtube.com/watch?v=xPGCrRRFWBk,132,"Observational comment about appearance, no strong emotion."
"The ads work. And honestly they SHOULD scare you; that's why they work. My uncle was diagnosed with lung cancer and told he had a chance of recovery if he stopped smoking. He chose not to stop and passed away from the cancer a few years ago. ✨ (I do gotta say, waking up to these commercials when you fell asleep with the TV on was a little frightening 😅😂)",sadness,5,negative,fear_health_warning,https://www.youtube.com/watch?v=EkkOTplBCmA,24,"Personal story of uncle's death from lung cancer, despite some humor."
The person that designed the windows: I am so fired.,sadness,5,negative,surprise_product_fail,https://www.youtube.com/watch?v=udxR5rBq_Vg,57,Self-deprecating humor about being fired implies regret or disappointment.
need season 2,neutral,4,neutral,streaming_trailer_reaction,https://www.youtube.com/watch?v=Di310WS8zLk,151,"Simple request for more content, no strong emotion."
I didn’t even close my eyes😭😭✌️✌️,surprise,6,positive,fear_public_safety,https://www.youtube.com/watch?v=3Twl1soaBJM,7,"Unexpected reaction with laughing emojis, indicating amused surprise."
Totally worth watching the last 9:29 minute over and over a few times! 😂,joy,3,positive,tech_product_launch,https://www.youtube.com/watch?v=n6pqGoXWZzo,70,Expresses enjoyment and humor with laughter emoji.
"Kendall Jenner is supposedly doing a photo shoot as a model and notices that there is a protest going on. She's supposed to care more about the protest than her career as a model along with being able to solve the problem of the two sides not getting along, which is supposed to make her look in the commercial as she sees herself in real life or at least she thinks others see her like that. So why would anyone be surprised that she did the commercial, all the Kardashians see themselves like that, except maybe Rob.",neutral,4,neutral,disgust_brand_backlash,https://www.youtube.com/watch?v=MGxpkIK2lVs,181,"Analytical commentary on Kendall Jenner's commercial, no strong emotion expressed."
Unfortunately this is not the case of every child. For example Me,sadness,5,negative,sadness_psa,https://www.youtube.com/watch?v=vgain-EQdt0,181,Expresses personal disappointment and exclusion from a positive scenario.
Jeff Bezos super yacht was just pictured for all those who want to leave their mark on the world before cashing out.,neutral,4,neutral,sadness_brand_story,https://www.youtube.com/watch?v=YvYGO4o334I,102,"Informational comment about Bezos' yacht, no strong emotion."
"Australian here, we had this issue with our 000 line last year when optus went down. About 3 people died because they couldnt reach 000 due to optus being out back in September.",anger,0,negative,anger_customer_service,https://www.youtube.com/watch?v=-LZ_a5TER_0,51,Expresses anger and frustration over deaths caused by network failure.
It wouldn't even be like doing a good job or customer service to me but for my mental health that I put the fn cheese in the center of the fn bun.,anger,0,negative,brand_crisis_negative,https://www.youtube.com/watch?v=kQg2LMmpPn8,137,"Frustration about trivial task, strong language indicates anger."
"I graduated from the same high school as Terri did - in 1984. Before I started there, there was a Smoke Hall that was located beside A building - in between A and the trailers that contained overflow classrooms. Once I started there, the entire courtyard was officially the Smoke Hall - tobacco use was everywhere. I started smoking for real during these years. All of my friends worked in tobacco and tobacco fields surrounded our school. Once I graduated high school and college, I too got an office desk job in Downtown Winston-Salem and was smoking at my desk. I got up to a pack a day, myself. I quit smoking in 1999 when I had to have brain surgery (unrelated) and have been smoke-free since then. Praying for everyone who has suffered with any form of cancer. I have lost way too many loved ones to this terrible thing :(",sadness,5,negative,fear_health_warning,https://www.youtube.com/watch?v=EkkOTplBCmA,93,"Personal story about smoking and cancer, expressing grief and loss."
Empty and filthy was my first thought My motto is You got time to lean...you've got time to clean Plus it makes the day go faster,disgust,1,negative,disgust_food_safety,https://www.youtube.com/watch?v=xPGCrRRFWBk,70,"Expresses disgust at filth and emptiness, with a critical tone."
"ok people, here's the thing. When a cop tells you to get up, YOU GET UP.",anger,0,negative,anger_brand_crisis,https://www.youtube.com/watch?v=9LhTJDkVXvg,45,"Frustrated tone about police authority, implying defiance is wrong."
I love this video and I am crying 😢 Beacuse I miss you dad 👨 you have a most important person in my life and you are my first and last true love 💘❤ love you dad and miss you so much ❤💖,sadness,5,positive,sadness_psa,https://www.youtube.com/watch?v=vgain-EQdt0,63,"Expresses love and missing a deceased father, bittersweet sadness with positive sentiment."
NC I’m still out,neutral,4,neutral,anger_customer_service,https://www.youtube.com/watch?v=T8ClHGY08jc,96,"Unclear context, no strong emotional signal."
this is super sad to watch because these things actually do happen,sadness,5,negative,sadness_psa,https://www.youtube.com/watch?v=B2rFTbvwteo,91,Expresses sadness about real-life occurrences.
“Sweatr”,neutral,4,neutral,fear_public_safety,https://www.youtube.com/watch?v=0ygLvFG9QsA,62,"Comment is just a word, no emotional tone detected."
Funny but terrible advertisement. Never using Ladder,anger,0,negative,sadness_brand_story,https://www.youtube.com/watch?v=YvYGO4o334I,117,Criticizes advertisement and expresses refusal to use product.
this is scarier than a horror movie i actually got chills,fear,2,negative,surprise_product_fail,https://www.youtube.com/watch?v=8H6jz30Im_Y,79,"Expresses fear and chills, comparing to horror movie."
"R.I.P. May you be in a better place and never feel pain again....Terrie Hall died of cancer Monday at a hospital in Winston-Salem, N.C.",sadness,5,negative,fear_health_warning,https://www.youtube.com/watch?v=5zWB4dLYChM,4,Expresses grief and sympathy for someone's death from cancer.
"Adverts are all dumb, whats the problem with this one?",anger,0,negative,disgust_brand_backlash,https://www.youtube.com/watch?v=MGxpkIK2lVs,235,Expresses frustration and dismissiveness towards adverts.
GRIMACE I'LL SAVE YOU!!!,fear,2,negative,fast_food_brand_launch,https://www.youtube.com/watch?v=chYLHu0w8z0,63,Urgent plea to save someone indicates fear and distress.
"Well, it's certainly the ugliest POS ever made.",anger,0,negative,automotive_controversy,https://www.youtube.com/watch?v=ro262oyhZAI,88,Strong negative language 'ugliest POS' indicates anger and disgust.
who else hopes the airline goes out of business.,anger,0,negative,anger_brand_crisis,https://www.youtube.com/watch?v=yJTaGf5zURQ,3,"Expresses desire for airline to fail, indicating anger."
Getting this recommended after 7 years,surprise,6,neutral,entertainment_fandom,https://www.youtube.com/watch?v=TcMBFSGVi1c,138,Expresses surprise at receiving a recommendation after a long time.
“911 what’s your emergency?” “💣💥🔥”,fear,2,negative,surprise_product_fail,https://www.youtube.com/watch?v=8H6jz30Im_Y,56,"Implies a bomb threat, evoking fear and urgency."
still using my galaxy note 10 +. Improvements are there but not much on the innovation level after this many years.,neutral,4,neutral,tech_review_mixed,https://www.youtube.com/watch?v=XkXbkxtBlwY,30,Factual observation about phone usage with mild criticism.
4 days to go 🔥,joy,3,positive,tech_product_launch,https://www.youtube.com/watch?v=n6pqGoXWZzo,145,Excitement and anticipation expressed with fire emoji.
I still remember terrie's psa 7 years ago. Im sad she passed away,sadness,5,negative,fear_health_warning,https://www.youtube.com/watch?v=X4k12miYJ4M,12,Expresses sadness over someone's death.
This commercial scared me when I was little,fear,2,negative,fear_health_warning,https://www.youtube.com/watch?v=X4k12miYJ4M,105,Expresses being scared by the commercial in childhood.
"I think Jennette McCurdy's book ""I'm glad my mom died"" recently brought the sad reality back to people that a woman is just as capable of sexually abusing a child.",sadness,5,negative,fear_public_safety,https://www.youtube.com/watch?v=0ygLvFG9QsA,132,Highlights the sad reality of child sexual abuse by women.
I'm a 42 year old guy with a 5 year old daughter. This hit me hard. Good work Dove.,sadness,5,positive,beauty_brand_campaign,https://www.youtube.com/watch?v=z2T-Rh838GA,13,"Emotional impact from relatable content, but appreciative of the message."
"Making an AI add with the slogan ""Real Magic"" by the end is CRAZY",surprise,6,negative,food_beverage_ad,https://www.youtube.com/watch?v=Yy6fByUmPuE,48,Expresses disbelief and criticism of AI ad slogan.
RIP Terrie. I quit smoking 6 months ago. Thanks to people like Terrie i quit from my adiction.,sadness,5,positive,fear_health_warning,https://www.youtube.com/watch?v=X4k12miYJ4M,7,Expresses sadness for Terrie's death but pride in quitting smoking.
This makes a Prius seem desirable,disgust,1,negative,automotive_controversy,https://www.youtube.com/watch?v=ro262oyhZAI,92,Sarcastic comparison implies Prius is undesirable.
"Can't wait to turn mine and get a refurb'd unit with a replaced battery in exchange. They probably wont have time for quality during the replacement rush , so many of them wont be sealed correctly.",anger,0,negative,surprise_product_fail,https://www.youtube.com/watch?v=pAqQ_ANAmrk,15,Expresses frustration and distrust about battery replacement quality.
The 2 people who thumbs down this cried harder anyone they just don't want anyone knowing it cause there assholes,anger,0,negative,sadness_psa,https://www.youtube.com/watch?v=PW6SocCjTMM,87,"Insults and criticizes others for downvoting, showing frustration."
So if this happens there's a couple work arounds. With some phones you can go into your network settings under mobile networks and change your phone to connect to 2g/3g. Some phones also let you change what network your connecting to so you can switch to a different carrier and the use emergency services. you can also pull your SIM card as phones will connect to 911 without a sim. The downside is if the call drops they can't call you back and its harder for them to trace a call location without the sim.,neutral,4,neutral,anger_customer_service,https://www.youtube.com/watch?v=-LZ_a5TER_0,76,Informational comment providing technical workarounds without emotional expression.
"Was surprised to see Jenna as Wednesday. She's perfect, I was hoping for this to be a series and it is. Hyped for this",joy,3,positive,streaming_trailer_reaction,https://www.youtube.com/watch?v=Di310WS8zLk,26,Expresses excitement and happiness about Jenna as Wednesday and the series.
Lawsuit incoming,surprise,6,negative,anger_brand_crisis,https://www.youtube.com/watch?v=9LhTJDkVXvg,39,"Implies impending legal trouble, negative outcome."
United: Our prices are unbeatable...unlike our customers,anger,0,negative,anger_brand_crisis,https://www.youtube.com/watch?v=yJTaGf5zURQ,204,Sarcastic criticism of United's poor customer treatment.
"God, how cringe",disgust,1,negative,tech_product_launch,https://www.youtube.com/watch?v=UXmLSfv3NQI,87,Expresses strong disapproval and distaste.
this is like fuckin DOE ad holy shit,anger,0,negative,fear_public_safety,https://www.youtube.com/watch?v=O8MQV40pOtk,74,Strong profanity and frustration about an ad.
"In the event of a situation like hes describing, where Verizons towers sort of appeared to still be functional to the phones, but weren't actually working; a little trick is to remove your SIM card (or disable it in the case of E-SIM). This will make the phone just try everything it finds till something works.",neutral,4,neutral,anger_customer_service,https://www.youtube.com/watch?v=-LZ_a5TER_0,116,Informational comment providing a technical tip without emotional expression.
BOOM 🤯💥,surprise,6,positive,surprise_product_fail,https://www.youtube.com/watch?v=8H6jz30Im_Y,23,Explosive emojis indicate excitement and surprise.
"You're reading into it too much. I get yous point. But shit let it be. Any commercial with anyone from that family should NOT be taken that serious, my guy. Honestly.",neutral,4,neutral,disgust_brand_backlash,https://www.youtube.com/watch?v=MGxpkIK2lVs,217,Dismissive tone but not strongly emotional; advising not to overthink.
10 years later it’s still the best commercial ever,joy,3,positive,classic_brand_ad,https://www.youtube.com/watch?v=owGykVbfgUE,17,Expresses lasting admiration and positive sentiment.
175k ? There s 15 on just my street!,surprise,6,neutral,anger_customer_service,https://www.youtube.com/watch?v=MUo3n8QSQLE,58,"Expresses disbelief at the number, implying exaggeration."
"If children are precious, so are parents. And they should be appreciated.",joy,3,positive,sadness_psa,https://www.youtube.com/watch?v=O15dxrBNuAQ,198,Expresses appreciation and positive sentiment towards parents.
im never ever smoking,neutral,4,neutral,fear_health_warning,https://www.youtube.com/watch?v=X4k12miYJ4M,156,Statement of personal decision without strong emotion.
Love from philippines.,joy,3,positive,sadness_psa,https://www.youtube.com/watch?v=iVrQqWIs6ZE,60,Expresses affection and positive connection.
"The woman doesn’t come across as the “bad guy” because the child responds positively and she uses nicknames, like honey. But what a lot of the comments here are missing is that a lot of Amber Alerts are divorced parents trying to run away with the kid when they’re supposed to share custody. That was probably mom. The kid was happy to get ice cream with mom and had no idea anything was wrong. Until a circle of “scary” but good men surrounded them to help stop a kidnapping.",neutral,4,neutral,fear_public_safety,https://www.youtube.com/watch?v=0ygLvFG9QsA,50,Analytical comment explaining context without strong emotion.
This video was liked on Facebook majority by the Jamaican race. They thought the where meaning to like the video by hitting DISiLIKE mon 😂,joy,3,positive,disgust_brand_backlash,https://www.youtube.com/watch?v=-4Qa9ZXTg2g,201,"Humorous comment about a misunderstanding, ends with laughing emoji."
So tragic. She was so beautiful now she not only lost it but even more importantly her life. All because of legal drugs,sadness,5,negative,fear_health_warning,https://www.youtube.com/watch?v=5zWB4dLYChM,85,Expresses grief over loss of life and beauty due to drugs.
"I'm eighteen, but I saw this all of the time on TV growing up to the point where I remembered it vividly. It unnerved the crap out of me, and now that I can legally drive myself, its terrifying to see first hand that people pulling out In front of other drivers, even if their pulling out infront of a bus or a truck, is incredibly common.",fear,2,negative,sadness_psa,https://www.youtube.com/watch?v=B2rFTbvwteo,28,Expresses being unnerved and terrified by dangerous driving behavior.
"My dad had his vocal cords removed after his cancer spread to his voice box. The last 6 months of his life, i didn't hear his voice. And my family doesn't believe the removal of the voice box extended or improved his quality of life. So heartbreaking.",sadness,5,negative,fear_health_warning,https://www.youtube.com/watch?v=EkkOTplBCmA,163,"Personal story of loss and regret, expressing deep sorrow."
"Buy Schick - Schick Hydro Connect, that fit Gillette's Fusion or Mach 3 razors but cost less than Gillette's refills",neutral,4,neutral,disgust_brand_backlash,https://www.youtube.com/watch?v=8lXBs2Wy1OU,243,Sponsored/ad comment promoting a product without emotional expression.
"Humanity is a grid away from being back in 1800’s … we are not advanced, technology is flaky and is compromised and electricity isn’t a reliable source. ✨🤧",fear,2,negative,anger_customer_service,https://www.youtube.com/watch?v=T8ClHGY08jc,177,Expresses concern about technological fragility and unreliable electricity.
Still showing up on my youtube feed even after 4 years 😅,surprise,6,neutral,surprise_product_fail,https://www.youtube.com/watch?v=_Cd2WIxKRDk,215,"Surprise that the video persists after 4 years, with a lighthearted tone."
bill gates fries... worse fries ever... evil shit...,anger,0,negative,fast_food_brand,https://www.youtube.com/watch?v=79phlhutGLg,42,Expresses strong dislike and condemnation of Bill Gates fries.
"I see both sides. I understand it's a commercial, I also understand they tried to make some courageous point or what not. But it makes light of protests that concern me directly, black lives. Just the right to live. Cops be lined up with swat gear tear gassing, antagonizing, and shooting back and protesters who have a damn good reason to protest: FOR THEIR AND THEIR CHILDRENS AND FAMILIES LIVES. A can of Pepsi ain't gonna change that. The commercial trivializes REAL LIFE protests that actually affect ppl along with what led to the protest in the first place. Or hell, Pepsi maybe just disregarded those particular protests (that are very popular in the media...come on Pepsi u not fooling me) and looked more at the other protests where ppl aren't obviously roughed up by the cops standing by. Get ready for a statement by Pepsi and Kendall. mainly Pepsi...they gotta keep whatever coins come they way. They really should've thought long and hard about this. and maybe they did and just didn't gaf about blacks. LIKE ALWAYS WHEN IT COMES TO MONEY. SMH",anger,0,negative,disgust_brand_backlash,https://www.youtube.com/watch?v=MGxpkIK2lVs,231,Expresses frustration and anger at Pepsi trivializing Black Lives Matter protests.
Eu já assisti esse filme vocês estão esquecendo de fazer uma coisa tem que fazer divertidamente 3 ainda já faz muito anos,neutral,4,neutral,movie_trailer_joy,https://www.youtube.com/watch?v=LEjhY15eCx0,84,"Comment states a fact about needing a third movie, no strong emotion."
"""DRY RUN""",neutral,4,neutral,anger_customer_service,https://www.youtube.com/watch?v=oZRywTkhwrA,96,Comment is a short phrase with no emotional tone.
Imagine being stuck inside your truckla because you cant break the window,joy,3,negative,surprise_product_fail,https://www.youtube.com/watch?v=udxR5rBq_Vg,72,"Sarcastic mockery of Tesla's window durability, implying humor."
I can't believe the price of this just went up again. I'm taking my cash to BK!,anger,0,negative,fast_food_brand,https://www.youtube.com/watch?v=79phlhutGLg,21,"Expresses frustration and disbelief over price increase, threatening to go elsewhere."
2026 and still hits hard,joy,3,positive,automotive_brand_ad,https://www.youtube.com/watch?v=M7FIvfx5J10,59,Expresses enjoyment and nostalgia for a song.
"Gillette is without excuse. The best thing that could happen now, is if Proctor and Gamble go bust. Segregation of men and women in the workplace to protect men.",anger,0,negative,disgust_brand_backlash,https://www.youtube.com/watch?v=8lXBs2Wy1OU,153,Expresses strong disapproval and desire for company failure.
"Just, just sue the hell out of UA, OK? I'm seeing a new millionaire right there.",anger,0,negative,anger_brand_crisis,https://www.youtube.com/watch?v=WEw-GjTriIo,41,"Expresses desire to sue, implying frustration and hostility."
United:Fly The -Friendly- Skies But Get Kicked Out,anger,0,negative,anger_brand_crisis,https://www.youtube.com/watch?v=yJTaGf5zURQ,134,Sarcastic criticism of United Airlines' poor customer service.
“The opposite of Dr. Who’s Tardis.” 😂 Golden!,joy,3,positive,automotive_controversy,https://www.youtube.com/watch?v=ro262oyhZAI,29,Humor and laughter expressed through emoji and praise.
honestly dead😂😂,joy,3,positive,fear_health_warning,https://www.youtube.com/watch?v=5zWB4dLYChM,93,Laughter emojis indicate amusement despite the word 'dead'.
that this level of quality was achieved on government funding is frankly unbelievable.,surprise,6,positive,sadness_psa,https://www.youtube.com/watch?v=B2rFTbvwteo,72,Expresses disbelief at high quality achieved with government funding.
I’ve still never used a product since this got advertised,neutral,4,neutral,controversial_brand_purpose,https://www.youtube.com/watch?v=UYaY2Kb_PKI,41,"Factual statement about not using a product, no strong emotion."
"People don't understand: when they say get off the plane you are required to deplane. You agree to it when you buy the ticket. If people weren't so stupid, this wouldn't e a problem.",anger,0,negative,anger_brand_crisis,https://www.youtube.com/watch?v=WEw-GjTriIo,202,Frustration and insulting tone towards others' intelligence.
Outage mean new data breaches . Outage mean they been hacked.,fear,2,negative,anger_customer_service,https://www.youtube.com/watch?v=oZRywTkhwrA,129,Expresses fear and concern about data breaches and hacking.
Crazy thing is that is that my personal phone is down but my work Verizon phone is still working.,surprise,6,neutral,anger_customer_service,https://www.youtube.com/watch?v=T8ClHGY08jc,92,Expresses surprise at the contrast between personal and work phone service.
"I'll add yet ""another one."" I used to belong to a sports club in Toronto which had a few Chinese members. I recall telling one of them my two Chinese restaurant stories. His replied ""sort of"" surprised me. He said, ""hell, I'm Chines and I'll NEVER eat at a Chinese restaurant.",surprise,6,neutral,disgust_food_safety,https://www.youtube.com/watch?v=dhBxrfETXJA,116,The commenter expresses surprise at the Chinese person's statement about never eating at Chinese restaurants.
This place actually has potential with the right owner and qualified staff 😂,joy,3,positive,disgust_food_safety,https://www.youtube.com/watch?v=xPGCrRRFWBk,191,Laughter emoji and positive tone about potential.
I miss the old Coke commercials from the 2000s with the polar bears.,sadness,5,negative,food_beverage_ad,https://www.youtube.com/watch?v=Yy6fByUmPuE,57,Expresses nostalgia and longing for past commercials.
"Just saw this commercial. I applaud her for being a cancer survivor, for overcoming her addiction to smoking, and for especially for making this commercial. It broke my heart to see it. Her eyes are beautiful and so is she. Truly someone to look up to-3.",sadness,5,positive,fear_health_warning,https://www.youtube.com/watch?v=5zWB4dLYChM,28,Heartbreaking yet admiring story of survival and overcoming addiction.
"I don't know personally- I do agree it was incredibly insensitive - but I actually don't feel it was malicious or meant to be offensive- I can see some positive in what they tried (but failed) to do- they are showing a peaceful protest, messages to get off the sidelines- go ahead and interrupt your regular life and work to get out on the street join others and join the conversation, and that brutality between people and police can go both ways so it's not really a BAD thing to show an act of kindness toward an officer- but in reality of course the iconic photo of that protestor who went up to police - she wasn't smiled at like Kendal - she got arrested!!! And others have been killed. So, Pepsi tried to show its on the side of people- and it pissed everyone off instead, so they failed, bigly! I can see both sides and it's completely valid the outrage and yet- I also see how people could choose to interpret it less negatively and chose to take more positive than negative....",neutral,4,neutral,disgust_brand_backlash,https://www.youtube.com/watch?v=GNOu1Se6dYE,129,"Balanced analysis of both sides, no strong emotional expression."
The Jaguar of razors,neutral,4,neutral,controversial_brand_purpose,https://www.youtube.com/watch?v=UYaY2Kb_PKI,77,No emotional signal; appears to be a factual statement.
"Well at least now we know if anyone get lost in the jungle and needed some fire, theres an easy to lit one now! 😉",joy,3,positive,surprise_product_fail,https://www.youtube.com/watch?v=_Cd2WIxKRDk,180,Humorous and optimistic tone with a wink emoji.
"Went back to McDonalds and had a Big Mac.it’s been a few years. Sorry to say the quality has went down the tubes. Very little meat in the wafer thin patty. Also, the patties were very dry. The austere minimalist interior felt like something out of the movie THX 1138- “look it up!” 30 minutes later my stomach is in nots. Might be food poisoning; however, could just be my body reacting to low quality food. This is not even near the quality when I was younger. Safe to say, I’ll not be back. The whole experience of going to McDonald’s today is just “SAD” Goodbye McDonald’s, I’ll watch the vintage commercials to remind me what you were once was!",sadness,5,negative,fast_food_brand,https://www.youtube.com/watch?v=79phlhutGLg,89,"Expresses disappointment and nostalgia for past quality, ending with 'SAD'."
Those two years of infinty war and endgame was a real Hype😭,sadness,5,negative,entertainment_fandom,https://www.youtube.com/watch?v=TcMBFSGVi1c,5,Crying emoji indicates sadness despite mentioning hype; nostalgia for past excitement.
I watched the ad how is it offensive the People following the PCs movement are so arrogant,anger,0,negative,disgust_brand_backlash,https://www.youtube.com/watch?v=zFm9FRxi0ZM,85,Expresses frustration and accuses others of arrogance.
What the hell,anger,0,negative,fear_public_safety,https://www.youtube.com/watch?v=O8MQV40pOtk,2,Expression of frustration or annoyance
Thieves: *steals Note 7* Thieves: easy Note 7: *explodes*,joy,3,positive,surprise_product_fail,https://www.youtube.com/watch?v=_Cd2WIxKRDk,60,"Humorous take on Note 7 exploding, mocking thieves."
I have worked in food service for 28 years and I have NEVER seen food locked up from the staff. DAUM!,surprise,6,negative,disgust_food_safety,https://www.youtube.com/watch?v=xPGCrRRFWBk,19,Shock and disbelief at unusual practice of locking food from staff.
"You would expect the compensation for giving up ur seat would be great enough to get several ""Volunteers""",surprise,6,negative,anger_brand_crisis,https://www.youtube.com/watch?v=VrDWY6C1178,112,"Sarcastic tone implies compensation is insufficient, expressing disbelief."
https://youtu.be/B2rFTbvwteo?si=qTPmUJTlgdWBJa2u,neutral,4,neutral,sadness_psa,https://www.youtube.com/watch?v=B2rFTbvwteo,69,"Comment is a URL, no emotional content."
"Disgusting!! Not only should she be fired, but she should also never be allowed to work in an environment serving food to customers again!",anger,0,negative,brand_crisis_negative,https://www.youtube.com/watch?v=JVxCp22WatU,45,Strong disgust and demand for severe punishment indicate anger.
A friend of mine was a shopping center night security guard to pay for college. He found a restaurant back door ajar. He flipped the lights on. The kitchen had open food and was black with cockroaches. Thankfully I'd never eaten there. A total throw-up number.,disgust,1,negative,disgust_food_safety,https://www.youtube.com/watch?v=--OnclX8yac,86,Vivid description of cockroach infestation evokes strong disgust.
"Nothing says christmas quite like ""dad got fired because AI replaced him to do animation.""",sadness,5,negative,food_beverage_ad,https://www.youtube.com/watch?v=Yy6fByUmPuE,2,Sarcastic comment about job loss due to AI replacing human animators.
RIP Terrie hall,sadness,5,negative,fear_health_warning,https://www.youtube.com/watch?v=X4k12miYJ4M,64,Expresses grief over someone's death.
Whats wrong with the ad?,neutral,4,neutral,disgust_brand_backlash,https://www.youtube.com/watch?v=liPlJ_ynd_Q,78,"Asking a factual question about an ad, no strong emotion."
The vase shattering was so shocking it even startled the Mona Lisa 💀,surprise,6,neutral,app_brand_campaign,https://www.youtube.com/watch?v=Ew4kM1FmM8o,2,Expresses shock at a surprising event with humorous twist.
"damn phone can be charged underwater, 😮😮😮😮",surprise,6,positive,surprise_product_fail,https://www.youtube.com/watch?v=pAqQ_ANAmrk,29,Surprise emojis and positive tone about a phone's underwater charging capability.
0:12 I’d hate to go through THAT!,fear,2,negative,fear_public_safety,https://www.youtube.com/watch?v=O8MQV40pOtk,41,Expression of dread about a specific moment in the video.
That felt like I was actually in a car accident,fear,2,negative,fear_public_safety,https://www.youtube.com/watch?v=3Twl1soaBJM,56,Comment expresses fear and distress from immersive experience.
the machine does not love you,sadness,5,negative,sadness_psa,https://www.youtube.com/watch?v=Ket5RWHg9IU,14,Implies rejection or lack of affection from a machine.
Even After 12 years it is still best video on youtube 👍,joy,3,positive,sadness_psa,https://www.youtube.com/watch?v=uaWA2GbcnJU,222,Expresses admiration and happiness about the video's lasting quality.
Millions not thousands.,anger,0,negative,anger_customer_service,https://www.youtube.com/watch?v=oZRywTkhwrA,92,Implies frustration or outrage about insufficient numbers.
"I watched the commercial, I didn't see anything wrong... people need to cut this shit out",anger,0,negative,disgust_brand_backlash,https://www.youtube.com/watch?v=MGxpkIK2lVs,209,"Frustration with overreaction, uses strong language 'cut this shit out'."
now I'm shocked and need a cigarette to calm down,surprise,6,negative,fear_health_warning,https://www.youtube.com/watch?v=5zWB4dLYChM,55,"Expresses shock and need for calming, implying negative surprise."
Easy tutorial to get an deep robot voice,neutral,4,neutral,fear_health_warning,https://www.youtube.com/watch?v=5zWB4dLYChM,54,"Informative comment about a tutorial, no emotion."
"Gosh, I told myself not to read the comment section.",sadness,5,negative,disgust_brand_backlash,https://www.youtube.com/watch?v=KxAf8ZJvUPo,217,Regret and disappointment about reading negative comments.
I'm still confused,neutral,4,neutral,disgust_brand_backlash,https://www.youtube.com/watch?v=KxAf8ZJvUPo,220,Expresses confusion without strong positive or negative tone.
"This is the perspective of “Would you rather be poor but happy or rich but sad,” and in this case chosen poor but happy",joy,3,positive,sadness_psa,https://www.youtube.com/watch?v=uaWA2GbcnJU,52,"Expresses preference for happiness over wealth, indicating joy."
Bravo to Coca Cola for being hellbent on proving why this shit will never ever have value ever.,anger,0,negative,food_beverage_ad,https://www.youtube.com/watch?v=Yy6fByUmPuE,18,Expresses strong frustration and contempt towards Coca Cola's actions.
"These commercials always upset me so much, often to the point of tears from watching people suffer like that.",sadness,5,negative,fear_health_warning,https://www.youtube.com/watch?v=EkkOTplBCmA,197,Expresses being upset and moved to tears by suffering.
When i was 8 i did already a car accident...,sadness,5,negative,fear_public_safety,https://www.youtube.com/watch?v=3Twl1soaBJM,48,Recalling a childhood accident evokes sadness and regret.
"Wow, this made me cry.",sadness,5,negative,sadness_psa,https://www.youtube.com/watch?v=B2rFTbvwteo,48,"Comment explicitly states crying, indicating sadness."
Are they being stupid cuz she text and drive and the truck run them over that my favorite part,joy,3,positive,fear_public_safety,https://www.youtube.com/watch?v=O8MQV40pOtk,53,"Expresses enjoyment of a violent scene, likely sarcastic humor."
This says a month ago but Kauai had clients just today.,surprise,6,neutral,anger_customer_service,https://www.youtube.com/watch?v=MUo3n8QSQLE,75,Comment expresses surprise about timeline discrepancy.
"Terrie has an unbelievably beautiful soul. She made the best out of her situation, saving thousands. May she rest in peace.",sadness,5,positive,fear_health_warning,https://www.youtube.com/watch?v=EkkOTplBCmA,42,"Expresses admiration and gratitude, but ends with mourning."
"Amazing how I got this ad when I was feeling down about myself and searched for a makeup tutorial to cover eye bags 🤣 I immediately closed the video and told myself I’m beautiful just the way I am :), Thankyou dove",joy,3,positive,beauty_brand_campaign,https://www.youtube.com/watch?v=z2T-Rh838GA,7,"Commenter finds humor and empowerment in ad timing, ending with gratitude."
"As a former Food And Beverage Inspector, this is almost in all restaurants, but people don't get to see this, a reason why I stay out of any restaiurant",disgust,1,negative,disgust_food_safety,https://www.youtube.com/watch?v=--OnclX8yac,106,"Reveals hidden unsanitary conditions in restaurants, expressing disgust and distrust."
The explosion made me laugh on the floor,joy,3,positive,surprise_product_fail,https://www.youtube.com/watch?v=8H6jz30Im_Y,149,Expresses laughter and amusement from an explosion.
🔮✨️SOS✨️🔮,surprise,6,neutral,anger_customer_service,https://www.youtube.com/watch?v=oZRywTkhwrA,134,"SOS and sparkles suggest urgency or surprise, but unclear context."
"""tent"" ... I don't get it?",neutral,4,neutral,disgust_brand_backlash,https://www.youtube.com/watch?v=zFm9FRxi0ZM,8,Expresses confusion without strong emotional tone.
American innovation 🙄,disgust,1,negative,anger_customer_service,https://www.youtube.com/watch?v=oZRywTkhwrA,113,Rolling eyes emoji indicates sarcastic dismissal of American innovation.
I'm off to burn some skittles.,anger,0,negative,surprise_product_fail,https://www.youtube.com/watch?v=_Cd2WIxKRDk,46,"Sarcastic threat to destroy something, implying anger."
A Fricking boom 💥✋💀 Famous last words time of phone 🤳📱,surprise,6,neutral,surprise_product_fail,https://www.youtube.com/watch?v=8H6jz30Im_Y,19,"Uses emojis to depict an explosive event, implying unexpected outcome."
I'm surprised no one is talking about the dumpy in the museum💀🔥🔥🔥,surprise,6,positive,app_brand_campaign,https://www.youtube.com/watch?v=Ew4kM1FmM8o,29,Expresses surprise with positive emojis and slang for approval.
"I was involved in a texting and driving accident in (2018) on my way to work and I wasn’t even supposed to live. The doctors were going to pronounce me dead when I got to the hospital. I wasn’t to lucky, I fractured my shoulder blade, lower spine, pelvis in 3 places, left hip and my knee was mangled. The women that hit me didn’t even check on me, didn’t come near me, didn’t hold my head up in the car. She was trying to drive off but she couldn’t because her car was all busted from the impact. She was only concerned about her car and continued to text message. She tried to get away in to blaming me for the accident and she wasn’t at all upset about what she did to me. The firefighters had to use the jaws of life to get me out of the car and I scared out of my mind to think what was going to happen next. I still have anger and hatred towards the women that hit me. If she had come up to check on me or at all concerned about me, I would of forgiven her for what she did. There’s no forgiveness for that. I am still blessed to be alive and to tell my story to people. The aftermath of the accident for me is still there . My left side is unbalanced, I will fall to the ground if I stand on my left side, the cold hurts, my left side is very week, I can’t lift over 36 pounds, I am very cluster phobic in tiny spaces, and my legs are clumsy. I have muscle and nerve damage due to the accident and I have frequent back aches. I used to be very athletic and was going to return to ice skating but I can’t do any of that because of the accident. Please watch this and take the oath to never text and drive because that text isn’t worth it.",anger,0,negative,fear_public_safety,https://www.youtube.com/watch?v=O8MQV40pOtk,6,Expresses anger and hatred towards the driver who caused the accident and showed no remorse.
"The sad thing is that even the plot of the commercial was limited by Al. It's obvious they started with ""What's the easiest way to hide the limitations of the tech?"" Instead of ""what would make a memorable Christmas commercial?"" And were forced to constantly change animals and locations because if they stuck with the iconic polar bears, there's no way the design model would stay anywhere close enough to keep even the general public from picking up on it. This is how creativity dies. We're in the darkest timeline, aren't we?",sadness,5,negative,food_beverage_ad,https://www.youtube.com/watch?v=Yy6fByUmPuE,34,Expresses disappointment and concern about AI limiting creativity.
This is unacceptable ...all airlines have contingency plans when they need to get an engineer to any airport.They charter planes without grabbing hold of passengers who have already paid their fees and forceably removing them.The fact that they needed to transport their own staff is a poor excuse whichb put passengers through unnecessary inconvenience...is absolutely uncalled for .The transport manager who gave the go ahead ..must be a dictator wannabe and should be sacked immediately.Passengers safety comes first ....not airline staff.UNACCCEPTABLE!,anger,0,negative,anger_brand_crisis,https://www.youtube.com/watch?v=9LhTJDkVXvg,30,"Expresses strong disapproval and outrage at airline's actions, using accusatory language."
If it explodes.. The lithium reacts to the water and does even more lel,joy,3,positive,surprise_product_fail,https://www.youtube.com/watch?v=pAqQ_ANAmrk,62,Uses 'lel' to express amusement at a hypothetical explosion.
"It's funny people act like e cigs are the only vapes, when dry herb vaporizers exists.",neutral,4,neutral,fear_health_warning,https://www.youtube.com/watch?v=IJlIcK-gbLE,49,States a factual observation without strong emotion.
"Pray over your drink, water bottle, coffee, soda, tea, etc. Especially over your food,. Food poisoning is no joke.",fear,2,negative,disgust_food_safety,https://www.youtube.com/watch?v=zBXAJV82744,43,"Expresses concern about food poisoning, urging caution."
MEXICAN FOOD''s ALL GOT SICK FROM TOMATO''s FROM THE GMO CRIMES CLUB FAMILY INBREEDING UK CUB's FOR DRUG SALE''s FAT CAT''s MOTHER's SLUT''s,anger,0,negative,disgust_food_safety,https://www.youtube.com/watch?v=zBXAJV82744,114,"Aggressive, incoherent rant with accusations and offensive language."
iPads come out in October Jon,neutral,4,neutral,tech_product_launch,https://www.youtube.com/watch?v=n6pqGoXWZzo,96,Factual statement about iPad release date.
Hi is it best to use a plastic or a glass bowl !!!!! :)),joy,3,positive,surprise_product_fail,https://www.youtube.com/watch?v=pAqQ_ANAmrk,38,Smiley and exclamation marks indicate happiness and friendliness.
12 years already? It feels like I just saw and admired the skill in the video yesterday!,surprise,6,positive,automotive_brand_ad,https://www.youtube.com/watch?v=M7FIvfx5J10,51,"Expresses disbelief at time passing, admiration for skill."
"I knew about the ad, but didn't watch it fully in a full screen before I suppose. Now, after 12 years, I noticed that they were going backwards... holy cow this is amazing",surprise,6,positive,automotive_brand_ad,https://www.youtube.com/watch?v=M7FIvfx5J10,55,Surprise and amazement at a 12-year-old realization.
I feel like learning that last thing is gonna manifest it into reality,fear,2,negative,fear_health_warning,https://www.youtube.com/watch?v=IJlIcK-gbLE,156,Expresses worry that learning something will make it real.
"no passengers shud be bumped, its a brutal thing, and everyone has urgency or personal reason to travel in a particular time. noone has right to pull nyone off of the aircraft after boarding. united airlines no more travelling",anger,0,negative,anger_brand_crisis,https://www.youtube.com/watch?v=1PA0geOa4PM,36,Expresses strong disapproval and frustration about passenger bumping policy.
The vibration adds a scary bass effect to the ringtone...,surprise,6,neutral,surprise_product_fail,https://www.youtube.com/watch?v=8H6jz30Im_Y,9,Describes a surprising effect without strong positive or negative tone.
the ending is so unexpected,surprise,6,positive,sadness_psa,https://www.youtube.com/watch?v=B2rFTbvwteo,83,"Unexpected ending evokes surprise, likely positive."
I'm guessing more like millions not thousands!!!!,surprise,6,negative,anger_customer_service,https://www.youtube.com/watch?v=T8ClHGY08jc,1,Correcting a figure upward with exclamation suggests disbelief and criticism.
The owner even looks dirty. They even made the eating area clean 🤦🏽‍♀️,disgust,1,negative,disgust_food_safety,https://www.youtube.com/watch?v=--OnclX8yac,122,Expresses disgust at owner's dirtiness and sarcasm about clean eating area.
How can we ensure we get half our potential clientele to not buy our razors?,surprise,6,negative,controversial_brand_purpose,https://www.youtube.com/watch?v=UYaY2Kb_PKI,128,Sarcastic question implying a flawed business strategy.
"Imagine if Gordon Ramsay was documenting this type of shit, rather than News Outlets. It'd be a completely different story. Lol",joy,3,positive,disgust_food_safety,https://www.youtube.com/watch?v=dhBxrfETXJA,119,"Humorous comparison with Gordon Ramsay, ending with 'Lol' indicates amusement."
I love it when billion dollar corporations lecture me on how I should feel.,anger,0,negative,controversial_brand_purpose,https://www.youtube.com/watch?v=UYaY2Kb_PKI,8,"Sarcastic criticism of corporations' hypocrisy, expressing frustration."
A FUCKING BOOM 💥✋💀 Famous last words,surprise,6,negative,surprise_product_fail,https://www.youtube.com/watch?v=8H6jz30Im_Y,57,Uses explosive imagery and 'famous last words' implying impending doom.
Was? Still am. 8:40pm from 11am. Of course I left t-mobile a week ago,neutral,4,neutral,anger_customer_service,https://www.youtube.com/watch?v=oZRywTkhwrA,59,"Factual statement about time and carrier change, no strong emotion."
I remember when this happened with the Samsung note 7. They blew up in people’s pockets a I knew somebody that had a burn on their thigh from it. I wasn’t sure if Samsung would ever recover from this PR nightmare.,sadness,5,negative,surprise_product_fail,https://www.youtube.com/watch?v=8H6jz30Im_Y,3,"Recalls a dangerous product failure and personal injury, expressing concern."
"""This generation's latest Sony console is actually thousands of magical glowing ball bearings.""",joy,3,positive,gaming_product_launch,https://www.youtube.com/watch?v=RkC0l4iekYo,58,"Humorous exaggeration about Sony console, playful tone."
last time I looked for a Pepsi was 1983,neutral,4,neutral,disgust_brand_backlash,https://www.youtube.com/watch?v=KxAf8ZJvUPo,130,"Factual statement about a past event, no strong emotion."
I didn’t even think there was 110 potential violations you could find😱,surprise,6,negative,disgust_food_safety,https://www.youtube.com/watch?v=--OnclX8yac,4,Expresses shock at the high number of violations found.
I always thought the Cybertruck was a stupid idea.,disgust,1,negative,automotive_controversy,https://www.youtube.com/watch?v=ro262oyhZAI,23,Expresses strong disapproval of the Cybertruck concept.
"He got what he deserved! If you do not like there policy, then walk.",anger,0,negative,anger_brand_crisis,https://www.youtube.com/watch?v=1PA0geOa4PM,56,Expresses satisfaction at someone's misfortune with a harsh tone.
The countdown of death 💀,fear,2,negative,surprise_product_fail,https://www.youtube.com/watch?v=8H6jz30Im_Y,3,Death countdown implies dread and anxiety.
This is how bullet proof stuff works. Maybe the glass is cracked but nothing is through and the driver is safe,neutral,4,neutral,surprise_product_fail,https://www.youtube.com/watch?v=LMWwImDX3ks,128,Informative explanation without emotional language.
I have cried uncontrollably when he Finished he's letter and Hugs her. He Truly is the Best Father Anyone can Have. The Best video still on Internet,sadness,5,positive,sadness_psa,https://www.youtube.com/watch?v=O15dxrBNuAQ,116,"Crying from emotional letter and hug, but overall admiration for father."
"Cell phones should not work at any speed over 5 mph. Need to text, pull off the road and have at it.",anger,0,negative,fear_public_safety,https://www.youtube.com/watch?v=O8MQV40pOtk,83,Expresses frustration and strong disapproval of cell phone use while driving.
Crazy how people put their business on the line for politics.,surprise,6,negative,disgust_brand_backlash,https://www.youtube.com/watch?v=8lXBs2Wy1OU,249,Expresses disbelief and criticism about risking business for politics.
"This is non sense, I work with the phone, they should be pay back to us, and I won't pay for service",anger,0,negative,anger_customer_service,https://www.youtube.com/watch?v=T8ClHGY08jc,140,"Expresses frustration and demands compensation, refusing to pay."
This is so disgusting! Everyone should boycott United Airlines! This has gone too far!,anger,0,negative,anger_brand_crisis,https://www.youtube.com/watch?v=WEw-GjTriIo,150,"Expresses strong disgust and calls for boycott, indicating anger."
"no matter how many time I watch this video, I will always get emotional when the girl showed up with the uniform.",sadness,5,positive,sadness_psa,https://www.youtube.com/watch?v=uaWA2GbcnJU,213,Comment expresses emotional impact and fondness for a touching moment.
How is this meant to be offensive????,surprise,6,neutral,disgust_brand_backlash,https://www.youtube.com/watch?v=GNOu1Se6dYE,59,Expresses confusion and disbelief about offensiveness.
"Wow, money time for passenger.",surprise,6,neutral,anger_brand_crisis,https://www.youtube.com/watch?v=9LhTJDkVXvg,40,Comment expresses surprise about a financial aspect for passengers.
this commercial gets me every time.,sadness,5,negative,fear_health_warning,https://www.youtube.com/watch?v=5zWB4dLYChM,27,"Implies emotional impact, likely sad or nostalgic."
7 years later and this video still hits me.,sadness,5,positive,sadness_psa,https://www.youtube.com/watch?v=uaWA2GbcnJU,13,Nostalgic appreciation for lasting emotional impact.
His voice is scary🫢🫢🫢,fear,2,negative,fear_health_warning,https://www.youtube.com/watch?v=X4k12miYJ4M,114,"Commenter finds the voice scary, indicated by emoji."
"I don't get where the controversy is coming from, isn't this ad promoting PEACE? We see people, rich, poor, arab, hispanic, white, black, men, women, trans, etc. all protesting together, and no-one ends up getting hurt. No riot, no police violence. Just a peaceful protest on a fictional issue that is not being addressed but supposedly important to people from all walks of life",neutral,4,positive,disgust_brand_backlash,https://www.youtube.com/watch?v=KxAf8ZJvUPo,23,"Commenter sees ad as promoting peace and unity, with positive tone."
"Daaaang, a gas mask? Insanity",surprise,6,negative,fear_health_warning,https://www.youtube.com/watch?v=IJlIcK-gbLE,221,Expresses shock and disapproval about a gas mask.
I can't stop my tears from pouring down everytime I watched this video,sadness,5,negative,sadness_psa,https://www.youtube.com/watch?v=iVrQqWIs6ZE,224,Expresses crying and emotional pain from watching the video.
Did a worker drag him off?,surprise,6,neutral,anger_brand_crisis,https://www.youtube.com/watch?v=WEw-GjTriIo,238,Questioning an unexpected event with curiosity.
If this isn’t enough to convince people to stop smoking then I don’t know what is.,sadness,5,negative,fear_health_warning,https://www.youtube.com/watch?v=5zWB4dLYChM,15,Expresses frustration and concern about smoking's harm.
That made me cry.,sadness,5,negative,sadness_psa,https://www.youtube.com/watch?v=vgain-EQdt0,107,Expresses sadness from crying.
Welcome to United Airlines this is your captain Ray Rice speaking.,neutral,4,neutral,anger_brand_crisis,https://www.youtube.com/watch?v=yJTaGf5zURQ,27,"Factual statement, no emotional tone detected."
0:22 - I'M INNOCENT!,surprise,6,neutral,fast_food_brand_launch,https://www.youtube.com/watch?v=chYLHu0w8z0,64,"Exclamation suggests surprise or protest, but context unclear."
Appalling. Pepsi has never tasted better.,joy,3,positive,food_beverage_ad,https://www.youtube.com/watch?v=Yy6fByUmPuE,150,"Sarcastic praise for Pepsi, implying it tastes better due to controversy."
Brilliant. This should be shown in schools all over the World.,joy,3,positive,beauty_brand_campaign,https://www.youtube.com/watch?v=z2T-Rh838GA,76,Expresses strong approval and enthusiasm for educational value.
Why does this ad not get a million likes? Wow guys thanks for those likes.,surprise,6,positive,sadness_psa,https://www.youtube.com/watch?v=uaWA2GbcnJU,181,"Expresses surprise and gratitude for likes, with positive tone."
That scared the living crap outta me LMAO,fear,2,negative,fast_food_brand_launch,https://www.youtube.com/watch?v=chYLHu0w8z0,19,"Expresses fear from being scared, but laughter indicates mixed emotion."
If you work at McDonald's and you purposefully not center the cheese or anything else on a burger you're a menace to society,anger,0,negative,brand_crisis_negative,https://www.youtube.com/watch?v=kQg2LMmpPn8,45,Expresses frustration and criticism towards workers' actions.
Don't fucking get overbooked at the first place.,anger,0,negative,anger_brand_crisis,https://www.youtube.com/watch?v=VrDWY6C1178,22,Strong frustration and swearing indicate anger.
I cried like a baby. Now I need to wrestle with a bear to get my manliness back. 😭😭😭😭,sadness,5,negative,sadness_psa,https://www.youtube.com/watch?v=iVrQqWIs6ZE,32,"Crying emojis and mention of crying indicate sadness, despite humorous tone."
“together we can find a child for free wireless-“,neutral,4,neutral,fear_public_safety,https://www.youtube.com/watch?v=0ygLvFG9QsA,160,"Comment appears to be a cut-off quote or ad, no emotional content."
"I received a text on my Note 7, it said: ""Allahu Akbar"" Then it exploded, WTF?!",surprise,6,negative,surprise_product_fail,https://www.youtube.com/watch?v=_Cd2WIxKRDk,121,"Unexpected explosion after religious phrase, shock and disbelief."
Right now Gemini 3 pro is the only unlimited and smarter model than chatgpt 5,neutral,4,neutral,surprise_launch_reaction,https://www.youtube.com/watch?v=4qGw9WH4Xj8,22,Factual statement comparing AI models without emotional language.
"Bro has been hitting the gym, look at them gains.",joy,3,positive,tech_product_launch,https://www.youtube.com/watch?v=n6pqGoXWZzo,45,Complimenting gains with excitement and approval.
"growing up in the 2000’s, this was the face of smoking to me. i can’t speak on whether or not these ads helped people quit, but by the time they were teaching us about the dangers of tobacco in our drug units in health class, i had already decided that i would never touch any tobacco product.",neutral,4,neutral,fear_health_warning,https://www.youtube.com/watch?v=EkkOTplBCmA,118,Reflective personal anecdote without strong emotional expression.
"My dad never quit. Started smoking a pack a day when he was 10. He passed about a year ago at age 69 from squamous cell carcinoma. Even as a small child, I remember telling both my parents that I was scared of them dying of lung cancer from smoking. It's because of people like Terri and the ads she's participated in, that kids like me were so against smoking. Now I'm an adult and have only ever smoked one cigarette in my life. I know how dangerous it is. My experience showed me why people smoke and get addicted. Quitting is so hard, watched my parents fail at it dozens of times.",sadness,5,negative,fear_health_warning,https://www.youtube.com/watch?v=EkkOTplBCmA,64,"Personal story of loss and fear due to smoking, expressing sadness and regret."
"The worst part is that took place Chicago O'Hare and am from Illinois, am never taking united ever...",anger,0,negative,anger_brand_crisis,https://www.youtube.com/watch?v=WEw-GjTriIo,182,Expresses frustration and vow to avoid United Airlines due to negative experience.
"""911, what's your emergenc-"" *explodes*",surprise,6,neutral,surprise_product_fail,https://www.youtube.com/watch?v=8H6jz30Im_Y,70,"Unexpected twist with explosion, humorous surprise."
Cant let gang know i cried watching this 😢,sadness,5,negative,sadness_psa,https://www.youtube.com/watch?v=vgain-EQdt0,124,Expresses crying and sadness despite trying to hide it.
"The guy talking could possibly be John Goodman, but thats just me..",neutral,4,neutral,brand_campaign_positive,https://www.youtube.com/watch?v=ijTwZNUBhcI,18,Speculative observation without strong emotional tone.
$87 a month for 1 line and this is what I get,anger,0,negative,anger_customer_service,https://www.youtube.com/watch?v=oZRywTkhwrA,118,Complaint about high cost for poor service.
Its water resistant throw it in the pool,joy,3,positive,surprise_product_fail,https://www.youtube.com/watch?v=_Cd2WIxKRDk,198,"Suggests playful action, implying confidence and fun."
"So, nothing has changed really. I still have my 13 pro max and bought the s24 ultra this year. That phone is light years ahead of the iPhone. I do like iOS, but once RCS is fully out, Apple will lose market share due to lack of ingenuity.",neutral,4,negative,tech_product_launch,https://www.youtube.com/watch?v=n6pqGoXWZzo,87,"Criticizes Apple's lack of innovation, predicts market share loss."
The PS5 is already too expensive that we already can’t afford to hear the price itself,sadness,5,negative,gaming_product_launch,https://www.youtube.com/watch?v=RkC0l4iekYo,117,Expresses frustration and disappointment about the high cost of PS5.
Saw myself in the audience! Thanks for posting this🎉,joy,3,positive,tech_product_launch,https://www.youtube.com/watch?v=UXmLSfv3NQI,25,Expresses excitement and gratitude for seeing oneself in the audience.
Jeez what is this airline,anger,0,negative,anger_brand_crisis,https://www.youtube.com/watch?v=WEw-GjTriIo,175,Expresses frustration and disapproval towards the airline.
Serendipity finding Scotty’s channel here and he’s an absolute hoot! Hilarious rants about the garbage truck by the orc master.,joy,3,positive,automotive_controversy,https://www.youtube.com/watch?v=ro262oyhZAI,21,Expresses delight and amusement at finding the channel and enjoying the humor.
Stupid ass goggles That no one is going to buy,anger,0,negative,tech_product_launch,https://www.youtube.com/watch?v=Btf4mN37OsU,171,Insults and dismissive tone about the product.
"my family cat died of oral cancer. - my mom smoked in the home with me and my 3 siblings. My oldest sister now 30ys old has stage 1 uterine cancer, however her cat was our family cat until she moved out with him, he tragically died from oral cancer when it was too late.",sadness,5,negative,fear_health_warning,https://www.youtube.com/watch?v=EkkOTplBCmA,173,"Comment describes multiple tragic deaths and cancer diagnoses, evoking deep sadness."
So it's basically an applefied microsoft hololens.,neutral,4,neutral,tech_product_launch,https://www.youtube.com/watch?v=Btf4mN37OsU,93,Factual comparison without emotional expression.
"If she does that where EVERYONE can see, I wonder what she does when no one is looking ( while on the clock)",disgust,1,negative,brand_crisis_negative,https://www.youtube.com/watch?v=JVxCp22WatU,1,"Implies inappropriate behavior, judgmental and suspicious tone."
"Good job united airlines. Because these stupid cops, you are no longer trusted. And CEO's statement is complete bull shit... the guy need to sue those cops and the airline",anger,0,negative,anger_brand_crisis,https://www.youtube.com/watch?v=1PA0geOa4PM,61,"Expresses strong anger at airline and police, uses profanity."
U CANNOT tell me that not even 1 drop of dirty mop water fell in the fries 🍟,disgust,1,negative,brand_crisis_negative,https://www.youtube.com/watch?v=JVxCp22WatU,49,Expresses disgust at unsanitary food preparation.
iMa ThUg,neutral,4,neutral,fear_public_safety,https://www.youtube.com/watch?v=vvXXzHSPu10,21,No clear emotional signal; likely a username or casual statement.
"When vaping first became a thing, I thought I would try quitting smoking by replacing with vape. After 1 week I could tell it was worse for me than even cigarettes and stopped. I eventually quit smoking too, on September 18, 2014 :)",joy,3,positive,fear_health_warning,https://www.youtube.com/watch?v=IJlIcK-gbLE,1,"Proudly shares quitting smoking success, ending with a smiley."
"This is wrong, and disturbing. Never flying united again.",anger,0,negative,anger_brand_crisis,https://www.youtube.com/watch?v=yJTaGf5zURQ,73,Expresses strong disapproval and disturbance about the situation.
"A powerful message. Thank you, Terrie. RIP",sadness,5,positive,fear_health_warning,https://www.youtube.com/watch?v=X4k12miYJ4M,97,"Expresses gratitude and respect, but sadness for loss."
That's why I always prepare my own food.,neutral,4,neutral,disgust_food_safety,https://www.youtube.com/watch?v=dhBxrfETXJA,168,"Factual statement about personal habit, no strong emotion."
No words can express this masterpiece so I can't explain my emotions,joy,3,positive,sadness_psa,https://www.youtube.com/watch?v=uaWA2GbcnJU,227,"Expresses admiration for a masterpiece, implying positive emotion."
Ahhh!! Cant wait! I've always loved the Adam's family and seeing how Jenna absolutely SLAYED as Wednesday is even more of a motivation to watch this when it comes out 🥰🤯😈🖤🖤,joy,3,positive,streaming_trailer_reaction,https://www.youtube.com/watch?v=Di310WS8zLk,115,"Expresses excitement and love for the show, with positive emojis."
It's about time,neutral,4,neutral,beauty_brand_campaign,https://www.youtube.com/watch?v=z2T-Rh838GA,139,Comment expresses impatience but lacks strong emotional cues.
I just got jumpscared by that alarm this morning,surprise,6,negative,surprise_product_fail,https://www.youtube.com/watch?v=8H6jz30Im_Y,98,Unexpected alarm caused a negative startled reaction.
HE SO NASTY TALKING ABOUT HE TAKING THOSE SPOILED-SMELLING MEATS HOME. SMH JUST NASTY,disgust,1,negative,disgust_food_safety,https://www.youtube.com/watch?v=xPGCrRRFWBk,55,Expresses strong disgust and disapproval towards the subject's actions.
Zack: Note 7 explodes on camera Reality: Zack stabbing the battery to set it on fire,anger,0,negative,surprise_product_fail,https://www.youtube.com/watch?v=_Cd2WIxKRDk,4,"Accuses Zack of staging the explosion, implying dishonesty."
This issue only in America in Saudi Arabia if you on area with no tower form your service provider your phone directly will connect to the nearest tower even if it not the same company but you can use call only and you can call any body not only emergency number and the same for all gulf countries,neutral,4,neutral,anger_customer_service,https://www.youtube.com/watch?v=-LZ_a5TER_0,66,"Informational comment about roaming policies, no emotional tone."
"""There are no limits"" *Money has left the chat*",joy,3,positive,gaming_product_launch,https://www.youtube.com/watch?v=RkC0l4iekYo,103,"Humorous play on words, implying money can't buy everything."
“POV kids who can’t drive watching this 👁️👄👁️”,joy,3,positive,fear_public_safety,https://www.youtube.com/watch?v=tAlrXpn5MOc,17,"Humorous POV comment with playful emoji, expressing amusement."
perfect for the miami heat rn..,joy,3,positive,brand_campaign_positive,https://www.youtube.com/watch?v=ijTwZNUBhcI,100,Expresses approval and satisfaction with the fit for Miami Heat.
Hello joycelyn Now look at your man Now back at me Now look at your man Now back at me Sadly he isn't me,sadness,5,negative,classic_brand_ad,https://www.youtube.com/watch?v=owGykVbfgUE,31,Sarcastic humor with underlying sadness about not being the desired person.
I don't get what was wrong with the ad. It's fake. Commercials do this kinda stuff all the time. If you could solve all your problems with a coke and a smile...right?It's just make believe,neutral,4,neutral,disgust_brand_backlash,https://www.youtube.com/watch?v=MGxpkIK2lVs,188,"Commenter rationally defends the ad, no strong emotion."
I stopt eating McDonald's after i found out that there are more then 1300 different dna's in their meat including human meat.,disgust,1,negative,brand_crisis_negative,https://www.youtube.com/watch?v=kQg2LMmpPn8,171,Expresses disgust at the idea of human DNA in McDonald's meat.
"The first vape I tried was in 2003 it was shipped to us from China will it's 2024 and I still vape, before vaping I smoke 2-3 packs of cigarettes aday after I started vaping I can till you I feel better now. Into make I own with out nicotine and non flavored.",joy,3,positive,fear_health_warning,https://www.youtube.com/watch?v=IJlIcK-gbLE,179,"Expresses satisfaction with vaping over smoking, feeling better."
they thought oh since she's popular lets use her it will work. uhm no but money is all they care for so they willing to do anything and not think,anger,0,negative,disgust_brand_backlash,https://www.youtube.com/watch?v=MGxpkIK2lVs,78,Expresses frustration and criticism towards prioritizing money over quality.
Why go to the verizon store? Its not the source of the problem..The sadest thing of all is that we've become toooo dependent on these phones..To think just 25 to 30 years ago all was fine without them...Scary how dependent on something that can and will experience shutdowns....More of a reason for keeping an old-school landline phone or investing in satellite phones..all of which could still be shutdown....Scary to see how things would get after a week without cell....Hope its resolved soon.,sadness,5,negative,anger_customer_service,https://www.youtube.com/watch?v=T8ClHGY08jc,201,Expresses sadness and concern about phone dependency and potential shutdowns.
🗣️:SHUT IT DOWN Him:ITS TOO HOT The phone: time to kaboom! The phone: 💥 HIM:HELP,fear,2,negative,surprise_product_fail,https://www.youtube.com/watch?v=8H6jz30Im_Y,146,Comment describes a dangerous overheating phone causing panic and fear.
lol “bullet proof” windows smashed by a ping pong ball 😂,joy,3,positive,surprise_product_fail,https://www.youtube.com/watch?v=LMWwImDX3ks,26,Sarcastic humor with laughing emoji indicates amusement.
"I miss the ""carter here"" outro",sadness,5,negative,anger_customer_service,https://www.youtube.com/watch?v=-LZ_a5TER_0,101,"Expresses longing for a past element, indicating sadness."
I can't believe this was a real commercial,surprise,6,neutral,controversial_brand_purpose,https://www.youtube.com/watch?v=UYaY2Kb_PKI,60,Expresses disbelief about the commercial being real.
"UAL should fire the CEO immediately just to save the company from going bankrupt. The way he responds without remorse basically tells us that PAID passengers are like cargos. They can be toss, drag, and bang. We are probably better off flying UPS than UAL.",anger,0,negative,anger_brand_crisis,https://www.youtube.com/watch?v=VrDWY6C1178,24,Expresses outrage at CEO's lack of remorse and dehumanizing treatment of passengers.
This is the best ever advert I ever came across. How come it has so less views?,surprise,6,positive,tech_brand_story,https://www.youtube.com/watch?v=nnsSUqgkDwU,95,Praise for the ad mixed with surprise at low views.
“911 what is your emergency?” “KABOOM”,surprise,6,negative,surprise_product_fail,https://www.youtube.com/watch?v=8H6jz30Im_Y,41,Unexpected explosion scenario evokes shock and negative outcome.
In 2025 we need more of this! ❤,joy,3,positive,tech_brand_story,https://www.youtube.com/watch?v=nnsSUqgkDwU,15,Expresses desire for more positive content with heart emoji.
"Yes, it happened to me too when I had a Samsung like that, but it scared me. I threw my Samsung phone out there and it exploded.",fear,2,negative,surprise_product_fail,https://www.youtube.com/watch?v=8H6jz30Im_Y,35,Describes a scary experience with a phone exploding.
Who came here after IT 2?,neutral,4,neutral,classic_brand_ad,https://www.youtube.com/watch?v=owGykVbfgUE,33,"Simple question about movie sequel, no emotion."
This man boarded as a doctor and left as a patient,surprise,6,neutral,anger_brand_crisis,https://www.youtube.com/watch?v=WEw-GjTriIo,78,"Unexpected twist in the story, no strong positive or negative tone."
So they double down Insted of dealing with the backlash,anger,0,negative,disgust_brand_backlash,https://www.youtube.com/watch?v=8lXBs2Wy1OU,13,"Criticizes doubling down instead of addressing backlash, showing frustration."
I’m so conflicted I love chipotle but that’s a lot of people getting sick,sadness,5,negative,disgust_food_safety,https://www.youtube.com/watch?v=zBXAJV82744,57,Expresses conflict between love for Chipotle and concern over illnesses.
The surgery performed to treat the cancer required removal of the voice box. The hole in the neck is called a stoma and allows for a device to be inserted to help them talk. It also helps to protect the airway so that secretions from the mouth and food don’t go into the lungs.,neutral,4,neutral,fear_health_warning,https://www.youtube.com/watch?v=5zWB4dLYChM,6,Informational/educational comment with no emotional expression.
Satisfaction 📈,joy,3,positive,fear_public_safety,https://www.youtube.com/watch?v=3Twl1soaBJM,182,"Expresses satisfaction with an upward trend, indicating happiness."
I would rather drive the OG Nissan leaf over this abomination,disgust,1,negative,automotive_controversy,https://www.youtube.com/watch?v=ro262oyhZAI,31,Expresses strong dislike and rejection of the subject.
This is scary....,fear,2,negative,tech_product_launch,https://www.youtube.com/watch?v=Btf4mN37OsU,105,Expresses fear directly with 'scary'.
Rick Ross wanna-be owner so lazy he can't do a food safety inspection with JT when he's sitting right there. Suddenly the owner has to leave. It's why they have a low score and the place is filthy; the owner is hardly there.,anger,0,negative,disgust_food_safety,https://www.youtube.com/watch?v=xPGCrRRFWBk,149,"Criticizes owner's laziness and absence, leading to filth and low score."
"It's amazing how society freaks out if there isn't instant communication. Years ago, this was not an issue, and if you needed to call your family, you pulled a dime out and hit the public pay. Take a deep breath and enjoy the forced peace from technology.",joy,3,positive,anger_customer_service,https://www.youtube.com/watch?v=T8ClHGY08jc,180,"Nostalgic appreciation for simpler times, encouraging peace."
This show was amazing I really would like to see more episodes to season 1 or a season 2 because it was so good👏,joy,3,positive,streaming_trailer_reaction,https://www.youtube.com/watch?v=Di310WS8zLk,145,Expresses strong appreciation and desire for more content.
"THAT RIGHT THERE IS A CODE VIOLATION,THAT WOULD SHUT THAT PLACE DOWN,DISGUSTING SHOW OF STUPIDITY",anger,0,negative,brand_crisis_negative,https://www.youtube.com/watch?v=JVxCp22WatU,38,Expresses strong disapproval and disgust at a code violation.
A.I is epic . Very insightful and always leave with some wisdom and just overall good conversation. Which is had to come by nowadays. I agree grok is best but Gemini also has gotten sooo much better. I enjoy both. The only thing I don't like about Gemini is the programmers constantly stopping your voice mode.,joy,3,positive,surprise_launch_reaction,https://www.youtube.com/watch?v=4qGw9WH4Xj8,42,"Expresses appreciation for AI, insightful conversations, and enjoyment of both Grok and Gemini."
"There is nothing toxic about masculinity. Bad behavior is bad behavior whether it originates with men or women .... boys or girls. American men do not need corporate wh*res, militant feminists and highly-urbanized Leftist beta-males telling us how to be men. Men, just say not to these emasculators .... lions DO NOT negotiate with sheep.",anger,0,negative,disgust_brand_backlash,https://www.youtube.com/watch?v=liPlJ_ynd_Q,215,Strong defensive and hostile tone against perceived threats to masculinity.
"I will never take United Airlines, who gave them right to forcefully break contract?",anger,0,negative,anger_brand_crisis,https://www.youtube.com/watch?v=VrDWY6C1178,123,Expresses strong disapproval and frustration towards United Airlines.
I mean who didn't see this coming?,neutral,4,neutral,automotive_controversy,https://www.youtube.com/watch?v=ro262oyhZAI,85,"Rhetorical question expressing unsurprise, no strong emotion."
Is that my nigga Chow from hangover?,surprise,6,neutral,anger_brand_crisis,https://www.youtube.com/watch?v=VrDWY6C1178,63,Surprise at recognizing a person from a movie.
"sorry., the title is a bit misleading. although you did have a fire in there, you know very well what people were looking for.",neutral,4,negative,surprise_product_fail,https://www.youtube.com/watch?v=_Cd2WIxKRDk,58,"Criticizes misleading title, but tone is calm and factual."
"If one malfunctions and goes on fire, game over.",fear,2,negative,brand_crisis_negative,https://www.youtube.com/watch?v=tHn5bOBoEMI,135,Expresses worry about a dangerous malfunction.
i love this ad so much. I originally watched it as an ad before a vid and I loved it.,joy,3,positive,tech_brand_story,https://www.youtube.com/watch?v=nnsSUqgkDwU,3,Expresses strong positive feelings about the ad.
When these commercials came on i was so scared because how they sound,fear,2,negative,fear_health_warning,https://www.youtube.com/watch?v=X4k12miYJ4M,49,Commenter expresses being scared due to the sound of commercials.
This is nothing short of a public service announcement. Thank you for bringing this to light. Utterly filthy establishment endangering the health of every patron and probably every employee.,anger,0,negative,disgust_food_safety,https://www.youtube.com/watch?v=--OnclX8yac,53,"Strong condemnation of establishment, expressing outrage at health endangerment."
"Houston TX, and no service 😢",sadness,5,negative,anger_customer_service,https://www.youtube.com/watch?v=MUo3n8QSQLE,91,Expresses disappointment about no service with a crying emoji.
I wonder if she's drinking a Pepsi while in hiding?,neutral,4,neutral,disgust_brand_backlash,https://www.youtube.com/watch?v=KxAf8ZJvUPo,192,Curious question without strong emotional tone.
So many aspiring acting careers where destroyed that day. God bless capitalism.,sadness,5,negative,disgust_brand_backlash,https://www.youtube.com/watch?v=VogNNsQ3Gmw,98,Sarcastic remark about capitalism destroying acting careers.
Can everyone stop freaking out!,anger,0,negative,disgust_brand_backlash,https://www.youtube.com/watch?v=8lXBs2Wy1OU,248,Frustration expressed with 'freaking out' and commanding tone.
Umm thats if u vape non suitable oils. I use real vape juice. Also Njoy just got fda approved. Ever since i started vaping I've been smoking a lot less. From 2 packs a day to 5 cigs a day. And i only vape twice a day for about 30 to 50 puffs.,joy,3,positive,fear_health_warning,https://www.youtube.com/watch?v=IJlIcK-gbLE,155,User expresses satisfaction with vaping reducing smoking.
She needs fired. That is so disgusting.,anger,0,negative,brand_crisis_negative,https://www.youtube.com/watch?v=JVxCp22WatU,50,Expresses strong disapproval and disgust towards the subject.
United we beat you out of plane,anger,0,negative,anger_brand_crisis,https://www.youtube.com/watch?v=yJTaGf5zURQ,249,Aggressive language implying conflict and hostility.
He got beat for a mistake the airline made,anger,0,negative,anger_brand_crisis,https://www.youtube.com/watch?v=9LhTJDkVXvg,1,Expresses frustration over unfair blame on individual.
New menu item. Curly & stinky fries.,neutral,4,neutral,brand_crisis_negative,https://www.youtube.com/watch?v=JVxCp22WatU,18,"Descriptive comment about a menu item, no emotional tone."
I never knew water would stop a fire !!!:O,surprise,6,neutral,surprise_product_fail,https://www.youtube.com/watch?v=pAqQ_ANAmrk,19,Expresses shock and disbelief about water stopping fire.
Thank you Dr Youn.,joy,3,positive,fear_health_warning,https://www.youtube.com/watch?v=IJlIcK-gbLE,60,Expresses gratitude and appreciation towards Dr. Youn.
"Rul 25: Compensation for Passengers Denied Boarding Involuntarily For passengers traveling in interstate transportation between points within the United States, subject to the EXCEPTIONS in section d) below, UA shall pay compensation to Passengers denied boarding involuntarily from an Oversold Flight at the rate of 200% of the fare to the Passenger’s first Stopover or, if none, Destination, with a maximum of 675 USD if UA offers Alternate Transportation that, at the time the arrangement is made, is planned to arrive at the Passenger’s Destination or first Stopover more than one hour but less than two hours after the planned arrival time of the Passenger’s original flight. If UA offers Alternate Transportation that, at the time the arrangement is made, is planned to arrive at the Passenger’s Destination or first Stopover more than two hours after the planned arrival time of the Passenger’s original flight, UA shall pay compensation to Passengers denied boarding involuntarily from an Oversold Flight at the rate of 400% of the fare to the Passenger’s first Stopover or, if none, Destination with a maximum of 1350 USD.",neutral,4,neutral,anger_brand_crisis,https://www.youtube.com/watch?v=yJTaGf5zURQ,69,This is a factual policy excerpt with no emotional expression.
21:04 that right there is unexplainable. He wants to take the rotten steaks home to feed his family simply because he thinks steaks are too good to waste. If they smell foul from a few feet away how can you justify eating them ?,disgust,1,negative,disgust_food_safety,https://www.youtube.com/watch?v=xPGCrRRFWBk,204,"Expresses disgust at eating rotten steaks, questioning justification."
"Now imagine if after the flight took off they ended up needing a doctor for a crew or passenger 🤔""didn't we just kick the only doctor off the plain?""",surprise,6,neutral,anger_brand_crisis,https://www.youtube.com/watch?v=WEw-GjTriIo,83,Irony and hypothetical scenario evoke surprise at the twist.
My dad kind of texts and drives.,neutral,4,neutral,fear_public_safety,https://www.youtube.com/watch?v=O8MQV40pOtk,57,Factual statement without strong emotional tone.
"That is a very nice coat, what kind of coat is that?",joy,3,positive,disgust_food_safety,https://www.youtube.com/watch?v=zBXAJV82744,88,Expresses admiration and curiosity about the coat.
"about 6-7 six year ago, maybe 2016/17 i watch this video (when i was graduate student, at the time i was very very poor).. Now 2024 i watching this again, and now i have better life,, big income and more... thanks thailand inspire me te be a good and great person,...",joy,3,positive,sadness_psa,https://www.youtube.com/watch?v=iVrQqWIs6ZE,49,Reflects on past struggles with gratitude for current success and inspiration.
"Alec: Hey Luke! Look at the window, now back to me, look at the window, now back to me. Sadly, There's a war happening outside! Goddammit Luke help us!",anger,0,negative,classic_brand_ad,https://www.youtube.com/watch?v=owGykVbfgUE,63,"Frustration and urgency about war, with sarcastic tone."
"If only I could count on consistently getting a full box of fries, not that pinching the bottom of the fry box trick you do where you end up with only about a half box. Your ads past and present always show the fries full and standing tall and proud. Just like in the ads, a good full box of fries is such where you can hardly see any of the white back part of the box.",anger,0,negative,fast_food_brand,https://www.youtube.com/watch?v=79phlhutGLg,2,Complaint about deceptive advertising and inconsistent fry portions.
In case of an emergency an unbreakable glass is one of crash victim’s and first responder’s worst nightmare,fear,2,negative,surprise_product_fail,https://www.youtube.com/watch?v=LMWwImDX3ks,16,Highlights danger and potential harm from unbreakable glass in emergencies.
So Scotty… You’re saying you don’t like it?,neutral,4,neutral,automotive_controversy,https://www.youtube.com/watch?v=ro262oyhZAI,59,Questioning tone without strong emotional cues.
Is this person a real health inspector? I highly doubt he is,sadness,5,negative,disgust_food_safety,https://www.youtube.com/watch?v=xPGCrRRFWBk,199,Expresses doubt and suspicion about the person's credentials.
I haven't eaten anything from McDonald's for 12 years now. Their food and customer service is absolutely disgusting. 🤢🤮,disgust,1,negative,brand_crisis_negative,https://www.youtube.com/watch?v=JVxCp22WatU,80,Expresses strong disgust towards McDonald's food and service.
I like listening to these Nike commercials before a game and while I work out. Very motivating and inspirational,joy,3,positive,brand_campaign_positive,https://www.youtube.com/watch?v=ijTwZNUBhcI,33,Expresses enjoyment and motivation from the commercials.
"it's a commercial, I see no controversial stuff I don't get the overreacting by stupid Hollywood types",neutral,4,neutral,disgust_brand_backlash,https://www.youtube.com/watch?v=KxAf8ZJvUPo,33,"Comment dismisses controversy as overreaction, no strong emotion."
Prefer Aussie Hungry Jack than Yankee junkfood.,neutral,4,negative,fast_food_brand,https://www.youtube.com/watch?v=79phlhutGLg,23,"Expresses preference for Australian food over American, with mild disdain."
"This gets me in the perfect mood for spooky fall!! Also so happy for Jenna, she's come such a long way since her Disney days 💗💗",joy,3,positive,streaming_trailer_reaction,https://www.youtube.com/watch?v=Di310WS8zLk,106,Expresses excitement for fall and happiness for Jenna's progress.
That cost what about 9-14 dollars now 😂😂.,joy,3,positive,brand_crisis_negative,https://www.youtube.com/watch?v=kQg2LMmpPn8,144,Laughter emojis indicate amusement at the price.
"My theory is that the woman IS in fact the bio mom, which is why the girl didn't seem afraid of her. The mom had lost custody and had stolen the girl away cause she didn't want to be separated",neutral,4,neutral,fear_public_safety,https://www.youtube.com/watch?v=0ygLvFG9QsA,58,Speculative analysis without emotional expression.
Crazy how this is now 7 years old..,surprise,6,neutral,entertainment_fandom,https://www.youtube.com/watch?v=TcMBFSGVi1c,1,Expresses disbelief at the passage of time.
"Kindness is the behavioral quality of being friendly, generous, and considerate. It is marked by acts of goodwill, empathy, and care for others, performed without the expectation of praise or reward.",neutral,4,neutral,sadness_psa,https://www.youtube.com/watch?v=uaWA2GbcnJU,48,"Informational statement about kindness, no emotional expression."
This just doesn’t happen overnight. Health inspectors should be held accountable for allowing this to continue for so long.,anger,0,negative,disgust_food_safety,https://www.youtube.com/watch?v=dhBxrfETXJA,15,Expresses frustration and blame towards health inspectors for negligence.
"Down thread is great ""this is fine they have 3 years to fix it"" ""no big deal he'll work it out"" or this gem ""What people dont get is if that was any other truck window it wouldve shattered into hundreds of peices. But this only cracked like yall dumb for making fun of this"". Does it also do that if you need to get out in an emergency?",neutral,4,negative,surprise_product_fail,https://www.youtube.com/watch?v=udxR5rBq_Vg,141,Mocking defensive fan comments with sarcastic tone about truck window.
The most iconic advertising in internet culture,joy,3,positive,automotive_brand_ad,https://www.youtube.com/watch?v=M7FIvfx5J10,83,Expresses admiration and positive appraisal of advertising.
Didn't even know that there were 110 different violations possible,surprise,6,neutral,disgust_food_safety,https://www.youtube.com/watch?v=--OnclX8yac,29,Expresses surprise at learning about 110 violations.
Lol just saw this on tv and decided to look it up...unbelievable 🤣 😂 😄 😅 😆,joy,3,positive,sadness_brand_story,https://www.youtube.com/watch?v=YvYGO4o334I,44,Laughter emojis and 'lol' indicate amusement and joy.
Disgusting,disgust,1,negative,anger_brand_crisis,https://www.youtube.com/watch?v=VrDWY6C1178,11,Explicit expression of disgust.
Wtf is wrong with society,anger,0,negative,fear_public_safety,https://www.youtube.com/watch?v=O8MQV40pOtk,82,Expresses frustration and disbelief about societal issues.
"Also straight talk, here in NC, SOS only and WiFi works. But that’s spectrum",neutral,4,neutral,anger_customer_service,https://www.youtube.com/watch?v=MUo3n8QSQLE,2,"Informational comment about service, no emotional tone."
Do y’all consider carts as bad as vapes?,neutral,4,neutral,fear_health_warning,https://www.youtube.com/watch?v=IJlIcK-gbLE,214,Asking a factual question without emotional tone.
Iran 2.0 incoming?,fear,2,negative,anger_customer_service,https://www.youtube.com/watch?v=oZRywTkhwrA,132,"Implies a negative event is about to happen, causing concern."
"That cheese has tons of components found in plastic just so you know, it is engineered to intentionally fxck up your health for back end profiteering by them having shares in the health industry",anger,0,negative,brand_crisis_negative,https://www.youtube.com/watch?v=kQg2LMmpPn8,94,Expresses outrage about health manipulation and corporate greed.
9/11 was an overbooking issue.,anger,0,negative,anger_brand_crisis,https://www.youtube.com/watch?v=yJTaGf5zURQ,203,Sarcastic and insensitive comment about a tragic event.
"To anyone who's suffering depression, anxiety, insomnia and other mental health problems, you are not alone. I feel you. You are so brave. You are doing so well. I'm proud of you. I'm sending you a virtual hug ❤ what helped me get out of that dark spiral was journaling and mindfulness from Shift Your Mind by Alexander Brooks. The anxiety that used to control my whole day barely shows up now!",joy,3,positive,beauty_brand_campaign,https://www.youtube.com/watch?v=z2T-Rh838GA,61,"Supportive message offering hope and encouragement, ending with a positive personal outcome."
I watched this for my school and I cried and I've seen this ad before.,sadness,5,negative,sadness_psa,https://www.youtube.com/watch?v=iVrQqWIs6ZE,192,"Expresses crying while watching, indicating sadness."
"Man. That's intense. Athletes are so amazing. Just seeing them perform, every time...my body could never do what they do. Just absolutely amazing. Huge respect for all the athletes out there.",joy,3,positive,brand_campaign_positive,https://www.youtube.com/watch?v=ijTwZNUBhcI,49,"Expresses admiration and respect for athletes, with positive awe."
"""Refused to leave voluntarily ... "" That's a sentence out of a parallel universe.",surprise,6,negative,anger_brand_crisis,https://www.youtube.com/watch?v=VrDWY6C1178,60,Expresses disbelief at the absurdity of the statement.
not on Kendall that's on Pepsi she was just collecting the check,neutral,4,neutral,disgust_brand_backlash,https://www.youtube.com/watch?v=MGxpkIK2lVs,88,"Comment is factual, defending Kendall Jenner without strong emotion."
"Bullet proof 0%, cringe 100%",disgust,1,negative,surprise_product_fail,https://www.youtube.com/watch?v=udxR5rBq_Vg,127,Expresses strong dislike and cringe towards the content.
This actually made me feel bad for grimace he was innocent,sadness,5,negative,fast_food_brand_launch,https://www.youtube.com/watch?v=chYLHu0w8z0,62,Expresses sympathy and sadness for Grimace's innocence.
damn 0:17 he sounds genuinely terrified for his life,fear,2,negative,fast_food_brand_launch,https://www.youtube.com/watch?v=chYLHu0w8z0,48,Comment describes genuine terror in the video.
this feels cool but somewhat terrifying at the same time because this already looks cool but imagine what technology could do in like 10 years from now?,surprise,6,positive,tech_product_launch,https://www.youtube.com/watch?v=Btf4mN37OsU,59,"Mixed awe and fear about future tech, but overall excitement dominates."
"Just a 3 minutes ads, but probably touched the heart of hundreds of millions of people on every corner of the world. You don't need to understand the language but I guarantee you will cry when seeing that little girl smiling in her brand new school uniform. The message was so universal.",joy,3,positive,sadness_psa,https://www.youtube.com/watch?v=uaWA2GbcnJU,41,Heartwarming ad evokes tears of joy and universal emotional connection.
Did anyone else think this was gonna be for another type of platform when she started to adjust the front of her dress?,surprise,6,neutral,brand_crisis_negative,https://www.youtube.com/watch?v=tHn5bOBoEMI,141,"Unexpected twist in the video, expressed with surprise."
"i dont know how to stop my dad from smoking, please help ;(",sadness,5,negative,fear_health_warning,https://www.youtube.com/watch?v=5zWB4dLYChM,100,Expresses helplessness and sadness about a family issue.
RIP Terrie.❤❤❤🙏🙏🙏,sadness,5,negative,fear_health_warning,https://www.youtube.com/watch?v=X4k12miYJ4M,172,Expresses grief and mourning for someone's death with prayer emojis.
Thats the funniest shit ive seen all day,joy,3,positive,anger_brand_crisis,https://www.youtube.com/watch?v=1PA0geOa4PM,30,Expresses strong amusement and laughter.
Food poisoning is a horrible painful sickness that a person can die from . Even if you do not die from it you can still be messed up from it for the rest of your life . Some people can recover but do not realize that it may have damaged their kidneys or liver or something else. Those owners of those restaurants that are dirty do not care that it may be a child that gets sick and goes through agony because of it. That includes grocery stores like Walmart that is always selling expired food including meat.,anger,0,negative,disgust_food_safety,https://www.youtube.com/watch?v=--OnclX8yac,7,Expresses strong anger about food poisoning and negligent restaurant owners.
"I'm older than Terrie and it shocks me to see how much older she looks. She has a tremendous amount of courage to go on TV and let everyone see how smoking has ravaged her body, hoping to help others. It has been over 40 years since cigarette ads were taken off of TV and the surgeon general's warning has been on cigarette packages, but I think young people just think they will quit before it hurts them, or just look at those people who manage to live a long life, in spite of their smoking.",sadness,5,negative,fear_health_warning,https://www.youtube.com/watch?v=5zWB4dLYChM,71,"Expresses shock and sadness at smoking's effects, with concern for youth."
The media continues to help downplay the outage. They are literally lying to us,anger,0,negative,anger_customer_service,https://www.youtube.com/watch?v=oZRywTkhwrA,114,Expresses frustration and accusation of lying.
Holy shit! 🥺 This hit me harder than expected. As a dad of 2 amazing boys........ I immediately lost it when he turned around and looked at his son in the backseat just before the crash. Also doesn’t help that a little over a year ago my brother borrowed my car to take his son out. On their way home they got rear ended by a drunk driver. Police were amazed no one was seriously hurt. Especially because they said she hit them going near 70 miles an hour. The trunk of my car was in the backseat. Thankfully my brother had recently decided his son was old enough and tall enough to sit in the front seat. If he had waited even a little longer......... 😖 I don’t want to think about that. Thankfully they’re ok.,sadness,5,negative,sadness_psa,https://www.youtube.com/watch?v=B2rFTbvwteo,41,"Personal story about near-tragedy with family, evokes deep sadness and relief."
"Tennessee Psycho, you must be a 12 year old as you have nothing else to do but defend a ""fast food"" Restaurant. Go go Away little douche , stop bugging everybody else.",anger,0,negative,disgust_food_safety,https://www.youtube.com/watch?v=1vpTvVbNsJs,37,Insults and aggressive tone directed at another user.
Report it right is millions,neutral,4,neutral,anger_customer_service,https://www.youtube.com/watch?v=oZRywTkhwrA,2,"Unclear statement, no strong emotional signal."
I swear the new racism and sexism is to simply pretend racism and sexism doesn't exist,anger,0,negative,disgust_brand_backlash,https://www.youtube.com/watch?v=GNOu1Se6dYE,237,Expresses frustration about denial of racism and sexism.
This made me so emotional everyone is beautiful in their own way 😢,sadness,5,positive,beauty_brand_campaign,https://www.youtube.com/watch?v=z2T-Rh838GA,7,"Comment expresses emotional appreciation and beauty, despite crying emoji."
Fans: Oh nice! So what's the price? Sony has left the Chat,surprise,6,negative,gaming_product_launch,https://www.youtube.com/watch?v=RkC0l4iekYo,50,"Sarcastic surprise at high price, implying Sony is out of reach."
"""We apologize that we had to 're-accommodate' one of our passengers.""",anger,0,negative,anger_brand_crisis,https://www.youtube.com/watch?v=VrDWY6C1178,89,Sarcastic tone criticizing euphemism for violent removal.
"Never ever United again, ever!!!!!!!!!",anger,0,negative,anger_brand_crisis,https://www.youtube.com/watch?v=yJTaGf5zURQ,233,Strong negative reaction with exclamation marks expressing frustration.
"I hope one day they ACTUALLY apologise to him, I hope he got all that money back..",anger,0,negative,anger_brand_crisis,https://www.youtube.com/watch?v=WEw-GjTriIo,179,"Expresses frustration and desire for justice, implying wrongdoing."
"Who's cutting onions?! :"")",sadness,5,negative,sadness_psa,https://www.youtube.com/watch?v=uaWA2GbcnJU,216,Crying emoji and onion metaphor indicate sadness or bittersweet emotion.
"It is 2025, how much is that Tesla worth now? 10 bucks?😂",joy,3,negative,surprise_product_fail,https://www.youtube.com/watch?v=udxR5rBq_Vg,61,"Sarcastic laughter at Tesla's depreciation, mocking tone with laughing emoji."
I had heard rumors that it was the manufacturing process that put excess stress on the battery terminals,neutral,4,neutral,surprise_product_fail,https://www.youtube.com/watch?v=_Cd2WIxKRDk,142,"Informational statement about battery manufacturing, no emotion."
That's mah cousin who died in the back seat,sadness,5,negative,sadness_psa,https://www.youtube.com/watch?v=B2rFTbvwteo,60,Comment expresses grief over a cousin's death.
She was 53 when this video was made and died two days later.,sadness,5,negative,fear_health_warning,https://www.youtube.com/watch?v=X4k12miYJ4M,21,Comment conveys tragic news of death shortly after video.
"The series will be a coming-of-age supernatural mystery comedy focusing on Wednesday Addams and her years as a high school student at Nevermore Academy, where she attempts to master her psychic powers, stop a monstrous killing spree of the town citizens, and solve the supernatural mystery that affected her family 25 years ago—all while navigating her new relationships.",neutral,4,neutral,streaming_trailer_reaction,https://www.youtube.com/watch?v=Di310WS8zLk,8,Factual description of a TV series plot without emotional expression.
"The man was Chinese, and now China, a gigantic market for United is going to boycott United. Sell your stock.",anger,0,negative,anger_brand_crisis,https://www.youtube.com/watch?v=1PA0geOa4PM,38,"Expresses anger and frustration towards United Airlines, suggesting boycott and stock sell-off."
“Device may explode” -Gets help- Takes out phone to record,surprise,6,negative,surprise_product_fail,https://www.youtube.com/watch?v=8H6jz30Im_Y,52,"Sarcastic comment about dangerous device, implying shock and criticism."
MINE JUST CAME BACK UP! THEY BETTER CREDIT US! OR I AM JUMPING SHIP ON THEM!!,anger,0,negative,anger_customer_service,https://www.youtube.com/watch?v=oZRywTkhwrA,143,"Expresses frustration and threat about service issue, demanding credit."
"I was not expecting the new emotions to take over Riley’s mind, now this is gonna be one epic of a movie.",surprise,6,positive,movie_trailer_joy,https://www.youtube.com/watch?v=LEjhY15eCx0,49,Unexpected twist leads to excitement about the movie.
those disliker's obviously doesn't even have a heart.,anger,0,negative,sadness_psa,https://www.youtube.com/watch?v=uaWA2GbcnJU,198,"Criticizes dislikers harshly, implying they are heartless."
This is heartwarmingly beautiful..beyond words. A tearjerker indeed,joy,3,positive,sadness_psa,https://www.youtube.com/watch?v=iVrQqWIs6ZE,65,"Expresses deep appreciation and emotional warmth, indicating joy."
Certainly wasn't foolproof,neutral,4,neutral,surprise_product_fail,https://www.youtube.com/watch?v=LMWwImDX3ks,153,Factual statement with no strong emotional tone.
🤢 I can guarantee the owner himself doesn’t eat there.,disgust,1,negative,disgust_food_safety,https://www.youtube.com/watch?v=xPGCrRRFWBk,81,Expresses disgust and distrust towards the restaurant owner.
I think Pepsi should have gotten donkey of the day cuz if it was an unknown actress or actor there would be no complains (well maybe at Pepsi),anger,0,negative,disgust_brand_backlash,https://www.youtube.com/watch?v=MGxpkIK2lVs,47,"Criticizes Pepsi for unfair treatment, implying hypocrisy."
I love this commercial! It always makes me laugh,joy,3,positive,classic_brand_ad,https://www.youtube.com/watch?v=owGykVbfgUE,7,"Expresses love and laughter, clearly positive."
"Rest In Peace, Terrie. And to those who smoke, please STOP! 😢",sadness,5,negative,fear_health_warning,https://www.youtube.com/watch?v=EkkOTplBCmA,228,Expresses grief over death and concern for smokers.
Gen Z is panicking. 😂😂😂,joy,3,negative,anger_customer_service,https://www.youtube.com/watch?v=oZRywTkhwrA,171,"Laughter emojis indicate amusement at Gen Z's panic, mocking tone."
"I'm never ever flying united again, I feel so bad for the pour man :(",sadness,5,negative,anger_brand_crisis,https://www.youtube.com/watch?v=WEw-GjTriIo,203,"Expresses sadness and sympathy for a man, with a crying emoji."
New subscriber! Thank you. Honestly- I think you were soft with this restaurant! Would you eat there … I don’t think so! The cooler area along was disguising. And you know that grease in the fryer was probably old. The owner didn’t show any interest!,disgust,1,negative,disgust_food_safety,https://www.youtube.com/watch?v=xPGCrRRFWBk,112,Expresses disgust at restaurant conditions and owner's disinterest.
When the best commercial was awarded to this ad the actor was very humble and surprised. It is just so funny. You know his friends always make him do this dialogue when they’re together.,joy,3,positive,classic_brand_ad,https://www.youtube.com/watch?v=owGykVbfgUE,41,"Describes a funny and humble moment, expressing amusement and happiness."
"This ad still haunts me. Rest in Peace, Terrie. Thank you for campaigning tirelessly and for using your story to condemn these horrible, life-ruining sticks of cancer.",sadness,5,negative,fear_health_warning,https://www.youtube.com/watch?v=X4k12miYJ4M,13,"Expresses haunting memory, mourning, and condemnation of smoking."
Gemini Sounds like a Navigation System,neutral,4,neutral,surprise_launch_reaction,https://www.youtube.com/watch?v=4qGw9WH4Xj8,8,Comment is a factual observation without emotional tone.
Bro just use a powerful windows computer and open multiple tabs 💀,neutral,4,neutral,brand_crisis_negative,https://www.youtube.com/watch?v=tHn5bOBoEMI,204,Suggests a practical solution with no strong emotion; skull emoji adds mild humor.
Jesus Christ where's the original video.all I see is it being covered,anger,0,negative,disgust_brand_backlash,https://www.youtube.com/watch?v=liPlJ_ynd_Q,22,"Frustration about not finding original video, only covers."
"That's why I switched to Dollar shave club, took my business elsewhere, and loving it!",joy,3,positive,disgust_brand_backlash,https://www.youtube.com/watch?v=-4Qa9ZXTg2g,73,Expresses satisfaction and happiness with a decision.
2:57 I always thought he was recording on a pure white table..,surprise,6,neutral,surprise_product_fail,https://www.youtube.com/watch?v=_Cd2WIxKRDk,6,"Realization about the recording setup, mild surprise"
Gemini has adjusted its logic,neutral,4,neutral,surprise_launch_reaction,https://www.youtube.com/watch?v=4qGw9WH4Xj8,18,Factual statement about Gemini's logic adjustment.
For your daughter to know the actual truth behind your smiles and happiness is crazy but the appreciation his daughter had for him is the best feeling he could of had !,joy,3,positive,sadness_psa,https://www.youtube.com/watch?v=O15dxrBNuAQ,82,Appreciation and happiness despite underlying sadness.
I am alfa male ! This is hate speech !!!,anger,0,negative,disgust_brand_backlash,https://www.youtube.com/watch?v=liPlJ_ynd_Q,220,Aggressive tone and accusation of hate speech indicate anger.
The knocking over the base part was the least normal,surprise,6,negative,app_brand_campaign,https://www.youtube.com/watch?v=Ew4kM1FmM8o,48,Comment expresses unexpectedness and mild disapproval of abnormal behavior.
Me as an 11 yr: dont worry my dad trained me....,joy,3,positive,fear_public_safety,https://www.youtube.com/watch?v=tAlrXpn5MOc,190,Humorous nostalgia about childhood confidence.
You can't get ticket to watch It 2 because Isaiah Mustafa will tell you that the tickets are now diamonds.,surprise,6,neutral,classic_brand_ad,https://www.youtube.com/watch?v=owGykVbfgUE,114,"Comment is absurd and confusing, mixing movie and diamond references."
Looking forward to this piece of tech but it is scary what the world will look like in 10 years when you cannot look people in the eyes anymore.,fear,2,negative,tech_product_launch,https://www.youtube.com/watch?v=Btf4mN37OsU,79,Expresses fear about future loss of human connection.
"I watched this ad countless times, and it’s still made me cry … the smile of that little girl has brighten the world.",sadness,5,positive,sadness_psa,https://www.youtube.com/watch?v=uaWA2GbcnJU,6,"Comment expresses being moved to tears by ad, but overall positive sentiment about the girl's smile."
"I am sure it has nothing to do with Illegal immigrants being involved with the food chain. Now if you’ll excuse me, I just soiled myself......",anger,0,negative,disgust_food_safety,https://www.youtube.com/watch?v=zBXAJV82744,105,"Sarcastic anger towards immigrants, with disgust implied."
"""Fake news, fake news. It's fake news, it's fake news :D""",joy,3,negative,disgust_food_safety,https://www.youtube.com/watch?v=dhBxrfETXJA,51,Sarcastic joy mocking the claim as fake news with a smiley.
The genuine fear in his voice is Oscar worthy holy shit,fear,2,negative,fast_food_brand_launch,https://www.youtube.com/watch?v=chYLHu0w8z0,39,"Comment highlights fear in someone's voice, implying intense negative emotion."
I just hope that when this company goes under we the taxpayers don't have to bail them out,anger,0,negative,anger_brand_crisis,https://www.youtube.com/watch?v=9LhTJDkVXvg,7,Expresses frustration and distrust towards the company and potential taxpayer burden.
There are so many warnings on the packaging just like with cigarettes at this point it's natural selection if you choose to do it anyway. Byyyyee.,anger,0,negative,fear_health_warning,https://www.youtube.com/watch?v=IJlIcK-gbLE,135,"Sarcastic dismissal of safety concerns, implying blame on users."
"21:58 - We non-smokers, especially those of us who are asthmatic, can smell and breathe the smoke, even if you're not smoking at the moment.",anger,0,negative,fear_health_warning,https://www.youtube.com/watch?v=EkkOTplBCmA,55,Expresses frustration about secondhand smoke affecting asthmatics.
And here I am 6 years later vaping now I gotta use an inhaler I want to stop vaping it has got me off cigarettes but still now I'm hooked on vaping,sadness,5,negative,fear_health_warning,https://www.youtube.com/watch?v=IJlIcK-gbLE,185,Expresses regret and frustration about being addicted to vaping.
"No, vape liquid doesn't contain any of that. *Black market disposables and liquids do, which is why people should either mix their own or buy from a reputable source.* Stop spreading misinformation about a safe alternative for smokers who want to quit.",anger,0,negative,fear_health_warning,https://www.youtube.com/watch?v=IJlIcK-gbLE,85,"Correcting misinformation with frustration, defending vaping as safe alternative."
Oh you can afford animators.,neutral,4,negative,food_beverage_ad,https://www.youtube.com/watch?v=Yy6fByUmPuE,65,Sarcastic remark implying the creator wastes money on animation.
oh kardashians =D ... :-P,joy,3,positive,disgust_brand_backlash,https://www.youtube.com/watch?v=zFm9FRxi0ZM,63,Emoticons =D and :-P indicate amusement and playful joy.
"This was scary on so many levels. Still, I won't slam anyone making fun of an internet joke.",fear,2,negative,fast_food_brand_launch,https://www.youtube.com/watch?v=chYLHu0w8z0,145,"Expresses fear about the content, but acknowledges humor."
My neighbors apple phone with Verizon in it was down. But my android phone with Verizon in it was working just fine. Weird.,surprise,6,neutral,anger_customer_service,https://www.youtube.com/watch?v=oZRywTkhwrA,28,Unexpected difference between Apple and Android phones.
Dude looked like iron man up there until the window cracked 😂,joy,3,positive,surprise_product_fail,https://www.youtube.com/watch?v=LMWwImDX3ks,203,Humorous comparison to Iron Man with laughing emoji.
I'm 15 years old when I first watched this. Now I'm 23 but still can't stop tears fall from my eyes when watching this. This video really hit me my father are very similar to this guy he pretend his ok just to give what we want and needs. Big Respect to all fathers out there you're a true real life superhero.,sadness,5,positive,sadness_psa,https://www.youtube.com/watch?v=O15dxrBNuAQ,103,"Nostalgic and emotional tribute to fathers, mixing sadness with respect and love."
"Disgusting. ... That place should be condemned and closed down, the owner should be barred from the restaurant business PERMANENTLY.",disgust,1,negative,disgust_food_safety,https://www.youtube.com/watch?v=--OnclX8yac,77,Strong disgust and condemnation of the place and owner.
"believe or not, almost everyone, yes, everyone has had unpleasant experience with UA, worst airline in the world.",anger,0,negative,anger_brand_crisis,https://www.youtube.com/watch?v=9LhTJDkVXvg,6,Expresses strong dissatisfaction and anger towards United Airlines.
GOD FUCKING DAMN IT THIS MADE ME CRY,sadness,5,negative,sadness_psa,https://www.youtube.com/watch?v=O15dxrBNuAQ,64,Strong language and crying indicate sadness and frustration.
2:46 everybody is crying,sadness,5,negative,sadness_psa,https://www.youtube.com/watch?v=O15dxrBNuAQ,61,"Comment mentions crying, indicating sadness."
So well done. It is painful to watch and understand the pressures on our young girls and women.,sadness,5,negative,beauty_brand_campaign,https://www.youtube.com/watch?v=z2T-Rh838GA,75,Empathy for the painful pressures on young girls and women.
What tears me apart is the fact that there are such people IN REAL who struggle everyday.,sadness,5,negative,sadness_psa,https://www.youtube.com/watch?v=O15dxrBNuAQ,101,Expresses emotional pain and empathy for real-life struggles.
For those who don’t know: this place finally closed in 2020 (before COVID) and became a doctor’s office.,neutral,4,neutral,disgust_food_safety,https://www.youtube.com/watch?v=--OnclX8yac,23,Informational comment stating a fact without emotional tone.
That explosion got me offguard😂,surprise,6,positive,surprise_product_fail,https://www.youtube.com/watch?v=8H6jz30Im_Y,51,Surprise at explosion with laughing emoji indicating positive reaction.
welcome to United Airlines Fight club,joy,3,positive,anger_brand_crisis,https://www.youtube.com/watch?v=yJTaGf5zURQ,236,Sarcastic humor referencing a movie meme.
I'm lucky to be one of the few customers affected by verizon. Sadli in my way home they were lot of peopleo stucked in highways because the lost the connection. Of corse is not a cyber attac,sadness,5,negative,anger_customer_service,https://www.youtube.com/watch?v=MUo3n8QSQLE,130,Expresses misfortune and empathy for others stuck due to connection loss.
"The amount of shock I got the first time I saw this was immaculate, but not as big as how bad I feel for Grimace",sadness,5,negative,fast_food_brand_launch,https://www.youtube.com/watch?v=chYLHu0w8z0,51,"Expresses feeling bad for Grimace, indicating sadness."
I can't believe they posted that. This explains why half the cheese is always on the wrapper,surprise,6,negative,brand_crisis_negative,https://www.youtube.com/watch?v=kQg2LMmpPn8,17,Expresses disbelief and frustration about cheese sticking to wrapper.
U know your in good hands when u find a rat in the restaurant,disgust,1,negative,disgust_food_safety,https://www.youtube.com/watch?v=dhBxrfETXJA,197,Sarcastic comment about finding a rat in a restaurant implies disgust.
This has made me cry every single time I watch it. Beautiful.,sadness,5,positive,tech_brand_story,https://www.youtube.com/watch?v=nnsSUqgkDwU,29,Crying from beauty indicates sadness mixed with positive appreciation.
WOAH WHY DID THIS BATTERY CATCH FIRE WHEN I POKED HOLES IN IT AND TEAR IT APART,surprise,6,negative,surprise_product_fail,https://www.youtube.com/watch?v=_Cd2WIxKRDk,179,Expresses shock and confusion about a dangerous action.
Thank you for showing us this video. I went here one time and never went back 👎🏾,disgust,1,negative,disgust_food_safety,https://www.youtube.com/watch?v=xPGCrRRFWBk,124,"Expresses dislike and dissatisfaction with the place, reinforced by thumbs down emoji."
"For those of you who want to nitpick this movie, I am genuinely glad that this movie doesn’t resonate with you in the way it does to me. The particulars with which we struggle with our emotions, so unique to each of us - and I for one struggle with anxiety all the time - I feel that this is the best representation of emotion I’ve ever seen. so I would love to see you guys make a script that apparently does this better, but I have yet to see anything of substance that makes me feel so seen in a world that is ready to judge and criticize anyone that doesn’t measure up.",joy,3,positive,movie_trailer_joy,https://www.youtube.com/watch?v=LEjhY15eCx0,40,Expresses deep personal connection and gratitude for representation.
"I worked at McDonald's and mopped the floor for many years. I never did this even once. There's ABSOLUTELY NO REASON TO DO THIS. You can dry the mop by squeezing and dry mopping the floor. Leave signs up for everyone walking. It will dry within 10 minutes. This is disgusting and DOWNRIGHT STUPID. You need to report them to the city immediately, that can poison the food.",anger,0,negative,brand_crisis_negative,https://www.youtube.com/watch?v=JVxCp22WatU,14,"Expresses strong disapproval, calling the action disgusting and stupid."
"It's affecting - 👐🏻 miLLioNs and miLLioNs of customers. Quite frankly, biLLioNs & biLLioNs of them, we've never seen anything like it 👐🏻 🫸🏻 🫷🏻",surprise,6,neutral,anger_customer_service,https://www.youtube.com/watch?v=oZRywTkhwrA,189,"Emphasis on scale and unusual phrasing suggests surprise, but tone is factual."
Inside out has all the potential to be pixar’s smartest written saga,joy,3,positive,movie_trailer_joy,https://www.youtube.com/watch?v=LEjhY15eCx0,74,Expresses admiration and optimism about Pixar's potential.
Yes in rare cases if you vape every day for 5 or more years,neutral,4,neutral,fear_health_warning,https://www.youtube.com/watch?v=IJlIcK-gbLE,248,"Factual statement about vaping, no emotional tone."
unbelievable,surprise,6,neutral,anger_brand_crisis,https://www.youtube.com/watch?v=WEw-GjTriIo,201,Expresses disbelief without clear positive or negative tone.
I almost cried. Almost.,sadness,5,negative,sadness_psa,https://www.youtube.com/watch?v=O15dxrBNuAQ,224,"Expresses near-crying, indicating sadness or emotional pain."
"Murica has a big issue with those ""I'm offended"" and ""It's racist"". Damn glad not living in Trump's country. I don't find anything wrong in this commercial meanwhile....",anger,0,negative,disgust_brand_backlash,https://www.youtube.com/watch?v=GNOu1Se6dYE,191,"Criticizes US political correctness and Trump, expressing frustration."
This is hilarious😂😂😂,joy,3,positive,fear_health_warning,https://www.youtube.com/watch?v=5zWB4dLYChM,75,Laughter and joy expressed through text and emojis.
"0:45 The reporter tells the guy there's a bin of steak on the floor and if he could move it. The guy proceeds to pick up the bin that's probably dirty and contaminated on the bottom and places it on a food preparation surface. He also dragged the bottom of the bin on the cutting board. As Gordon Ramsey would say ""SHUT IT DOWN"".",disgust,1,negative,disgust_food_safety,https://www.youtube.com/watch?v=--OnclX8yac,91,"Describes unsanitary food handling, implying disgust and criticism."
uk its funny when u wish this happens to u but when it dosn't u just know u must move on 😔,sadness,5,negative,fear_public_safety,https://www.youtube.com/watch?v=3Twl1soaBJM,111,Expresses disappointment and resignation despite initial humor.
This truck is on trending for gaming. That's how much it looks like a video game car,surprise,6,neutral,surprise_product_fail,https://www.youtube.com/watch?v=udxR5rBq_Vg,28,Comment expresses surprise at the truck's video game-like appearance.
"I still tear up, no matter how many times I watch this.",sadness,5,negative,sadness_psa,https://www.youtube.com/watch?v=iVrQqWIs6ZE,189,Expresses sadness and emotional vulnerability.
I fking love this guy,joy,3,positive,automotive_controversy,https://www.youtube.com/watch?v=ro262oyhZAI,79,Strong positive expression of affection and enthusiasm.
"... this problem is literally why there's a whole subset of towers that exist solely to pick up a 911 call, _reconfigure themselves_ and ensure the call's completion... oh, wait. Most of the country didn't adopt that system. It's super common in the northwest. Lotta treacherous mountain terrain infamous for lost/missing/injured hikers",neutral,4,neutral,anger_customer_service,https://www.youtube.com/watch?v=-LZ_a5TER_0,166,"Informative explanation about 911 call systems, no strong emotion."
"""Part of the journey is the end"" - Tony Stark",sadness,5,negative,entertainment_fandom,https://www.youtube.com/watch?v=TcMBFSGVi1c,66,"Quote evokes loss and finality, referencing Tony Stark's death."
Yeah.I don't know who would be seriously stupid enough to buy this company's insurance.,anger,0,negative,sadness_brand_story,https://www.youtube.com/watch?v=YvYGO4o334I,123,Expresses frustration and contempt towards the company and its customers.
"I honestly think Jenna is the perfect person to be cast as Wednesday. She has horror movie acting experience, the talent, and the piercing eyes. She resembles Christina Richie in the way that their large eyes are their strongest feature.",joy,3,positive,streaming_trailer_reaction,https://www.youtube.com/watch?v=Di310WS8zLk,43,Expresses admiration and approval for the casting choice.
"This just gets worse and worse and ends with ""this bathroom in the kitchen""😂",disgust,1,negative,disgust_food_safety,https://www.youtube.com/watch?v=--OnclX8yac,5,Expresses worsening situation and disgust at bathroom in kitchen.
Rest In Peace Terrie I am so sorry what happened to you :(,sadness,5,negative,fear_health_warning,https://www.youtube.com/watch?v=X4k12miYJ4M,32,Expresses sorrow and apology for someone's death.
When the Ad is so good that people search for it.,surprise,6,positive,automotive_brand_ad,https://www.youtube.com/watch?v=M7FIvfx5J10,40,Expresses pleasant surprise at ad quality.
"""white"" washed mexican food",anger,0,negative,disgust_food_safety,https://www.youtube.com/watch?v=1vpTvVbNsJs,29,Criticizes cultural appropriation with sarcastic tone.
"Man those ads traumatized me when I was a kid, I used to run into another room, hide, and cover my ears when they came on. Which was a really fast way to learn to never smoke, of all the anti smoking ads and classes in school etc. This was by far the most impactful one for me. Couldn't even look at cigarettes without thinking about it.",fear,2,negative,fear_health_warning,https://www.youtube.com/watch?v=EkkOTplBCmA,115,Describes childhood trauma and fear from anti-smoking ads.
It wasn't questioning masculinity it was telling men to be better,neutral,4,neutral,disgust_brand_backlash,https://www.youtube.com/watch?v=-4Qa9ZXTg2g,108,Defensive clarification without strong emotional language.
Looks like we’re gonna get to see how Riley’s mind actually works! I can’t believe all of the new emotions are suppressing the older ones!!!,surprise,6,positive,movie_trailer_joy,https://www.youtube.com/watch?v=LEjhY15eCx0,135,Excited anticipation and disbelief about new emotions suppressing old ones.
"Gemini “ In terms of scale, impact, and the sheer survival of the human race, global thermonuclear war is objectively the greater catastrophe.” As usual Musk spreading nonsense to promote his own AI tool that is illegally polluting the communities of Memphis.",anger,0,negative,surprise_launch_reaction,https://www.youtube.com/watch?v=4qGw9WH4Xj8,95,Criticizes Musk for spreading nonsense and illegal pollution.
This looks like a npc farm.,disgust,1,negative,tech_product_launch,https://www.youtube.com/watch?v=UXmLSfv3NQI,84,Dismissive tone implying artificiality or lack of authenticity.
"The light had just turned green, so the car in front of me had just started moving. I happened to look up at the rear view to see a car barreling towards me, as the light was green, so he obviously thought he could keep up his speed. I had enough time to realize he wouldn't manage to brake in time before the impact, sort of having a real life version of this for a split second. My car was totaled, but since he didn't have enough time to react, he didn't have time to swerve, lessening the potential injuries. Some time after the accident, I saw him again (recognized his vanity plate) driving with a 4 car gap at speed limit. He had certainly learned.",neutral,4,neutral,sadness_psa,https://www.youtube.com/watch?v=B2rFTbvwteo,14,Narrative of a past accident with no strong emotional expression; factual recounting.
Pharmacy woman disliked.,anger,0,negative,sadness_psa,https://www.youtube.com/watch?v=iVrQqWIs6ZE,20,Expresses disapproval and frustration towards a pharmacy woman.
"Design peaked at S21 Ultra, features peaked at S24 Ultra. Now they're just comfortably acting like Apple of Android phones.",disgust,1,negative,tech_review_mixed,https://www.youtube.com/watch?v=XkXbkxtBlwY,37,Criticizes current design and compares unfavorably to Apple.
"“Riley’s life requires more sophisticated emotions than all of you,” says Anxiety speaking to Joy. That was a crazy bar if I ever heard one. I feel growing up made it harder to just be joyous/happy with nothing else.",sadness,5,negative,movie_trailer_joy,https://www.youtube.com/watch?v=LEjhY15eCx0,20,"Nostalgic reflection on losing childhood joy, expressing melancholy."
Sue them. That's assault.,anger,0,negative,anger_brand_crisis,https://www.youtube.com/watch?v=WEw-GjTriIo,63,Expresses outrage and desire for legal action against assault.
Whoa! This video/car accident was literally brutal! I 💯% agree with the cops statement.,surprise,6,negative,fear_public_safety,https://www.youtube.com/watch?v=O8MQV40pOtk,55,"Shock at brutal accident, agreement with cops shows negative event."
Watching this for the first time in 2021,neutral,4,neutral,classic_brand_ad,https://www.youtube.com/watch?v=owGykVbfgUE,21,"Factual statement about watching time, no emotion."
2.1 million views and 14k likes btw,neutral,4,neutral,food_beverage_ad,https://www.youtube.com/watch?v=Yy6fByUmPuE,102,Factual observation without emotional tone.
There's a dislike button on facebook?,surprise,6,neutral,disgust_brand_backlash,https://www.youtube.com/watch?v=-4Qa9ZXTg2g,50,"Expresses surprise about a feature, no strong positive or negative tone."
Wow and even when he was being dragged off no one else volunteered to give up their seat for him,surprise,6,negative,anger_brand_crisis,https://www.youtube.com/watch?v=WEw-GjTriIo,139,Expresses shock at lack of empathy from others.
Giving an officer a beverage has a better chance of defusing a situation than burning down building and smashing cars...,sadness,5,negative,disgust_brand_backlash,https://www.youtube.com/watch?v=MGxpkIK2lVs,132,"Expresses regret over destructive protests, implying better alternatives."
"Pepsi, Dove, Burger King, Nike, now Gillette? 😴 Not winning liberals, NOT winning 🖕",disgust,1,negative,disgust_brand_backlash,https://www.youtube.com/watch?v=8lXBs2Wy1OU,217,"Expresses disapproval and contempt towards brands, with sarcastic tone."
"""They caught us in the first half ngl"" 💀",surprise,6,neutral,fear_public_safety,https://www.youtube.com/watch?v=0ygLvFG9QsA,60,"Sarcastic surprise with skull emoji, tone is neutral."
"This campaign felt deeply personal as a partner. My girlfriend is constantly battling with her self-image, feeling like she has to measure up to unrealistic beauty standards online. Watching this campaign was like seeing a story I know all too well. It’s a painful reminder of the pressures she faces daily. Thank you, Dove, for shining a light on this issue. I hope this message reaches her and helps her feel confident in her own, natural beauty 😃🌿.",sadness,5,positive,beauty_brand_campaign,https://www.youtube.com/watch?v=z2T-Rh838GA,8,Expresses pain over partner's struggles but ends with hope and gratitude.
Yesterday's MLB action proves this true.,neutral,4,neutral,brand_campaign_positive,https://www.youtube.com/watch?v=ijTwZNUBhcI,126,"Factual statement about MLB, no emotional tone."
These commercials scared me so much growing up,fear,2,negative,fear_health_warning,https://www.youtube.com/watch?v=EkkOTplBCmA,127,Expresses being scared by commercials in childhood.
"Look at your men, now back to me, back at your men, now back to me. I am not your men. I'm flipping you off. Now look at the ground, now back to me. Where's the dragon ball? It's gone. I threw it. and there isn't a damn thing you can do about it.",anger,0,negative,classic_brand_ad,https://www.youtube.com/watch?v=owGykVbfgUE,148,"Aggressive tone, flipping off, throwing object, defiant language."
Like I heard her grandkids were really terrified of her.,sadness,5,negative,fear_health_warning,https://www.youtube.com/watch?v=5zWB4dLYChM,77,Implies fear and negative family dynamics.
This makes me want to revive my streak again after 107 days,joy,3,positive,app_brand_campaign,https://www.youtube.com/watch?v=Ew4kM1FmM8o,51,Expresses excitement and motivation to resume a habit.
"God bless america, the flag, and the National anthem.",joy,3,positive,sports_brand_purpose,https://www.youtube.com/watch?v=jBnseji3tBk,93,Expresses patriotic pride and reverence for national symbols.
what about rc cola,neutral,4,neutral,disgust_brand_backlash,https://www.youtube.com/watch?v=KxAf8ZJvUPo,167,"Simple question about RC Cola, no emotional tone."
Looks like a 4 year old designed it,disgust,1,negative,automotive_controversy,https://www.youtube.com/watch?v=ro262oyhZAI,85,"Criticizing design as childish, expressing contempt."
This is what happens when You can’t tell the boss the design looks like $hit.,anger,0,negative,automotive_controversy,https://www.youtube.com/watch?v=ro262oyhZAI,3,Frustration with poor design and inability to speak up.
"If that was Steve Jobs up there he would’ve let the clip run, say “just kidding” and make fun of the design, then reveal a sleek pair of minimal glasses that does the same thing with seemingly impossible tech innovations",joy,3,positive,tech_product_launch,https://www.youtube.com/watch?v=UXmLSfv3NQI,71,Humorous comparison praising Apple's design and innovation.
I am very thankful that dove recognizes the truth about the harm that social media causes and is raising awareness.,joy,3,positive,beauty_brand_campaign,https://www.youtube.com/watch?v=z2T-Rh838GA,16,Expresses gratitude and appreciation for Dove's awareness campaign.
"0:57 ""Real Magic"" is a wild statement",surprise,6,neutral,food_beverage_ad,https://www.youtube.com/watch?v=Yy6fByUmPuE,96,Comment expresses surprise at the phrase 'Real Magic'.
The colorgrading in this video 😙👌,joy,3,positive,tech_product_launch,https://www.youtube.com/watch?v=n6pqGoXWZzo,77,Emojis indicate appreciation and satisfaction with the color grading.
I love the “I’m innocent” quote at the end,joy,3,positive,fast_food_brand_launch,https://www.youtube.com/watch?v=chYLHu0w8z0,45,Expresses enjoyment and appreciation of a quote.
"If you keep the button depressed, the hand brake is actually excellent for this scenerio. Everyone should practice this BEFORE an emergency, in fact. Especially if there is a console in the middle. Because it would be dangerous to try to reach the pedals over a console, especially with the deadweight of the passed out driver's legs in the way.",neutral,4,neutral,fear_public_safety,https://www.youtube.com/watch?v=tAlrXpn5MOc,25,"Informative advice about hand brake use, no emotional language."
My wallet: “The end is coming and I’m not ready”,fear,2,negative,gaming_product_launch,https://www.youtube.com/watch?v=RkC0l4iekYo,100,Personification of wallet expresses financial anxiety and unpreparedness.
Is that the best a Ma'am can get?,disgust,1,negative,disgust_brand_backlash,https://www.youtube.com/watch?v=liPlJ_ynd_Q,35,Sarcastic dismissal implying low quality or disappointment.
United Airlines- This won't happen again Me- Yeah because now all your flights are heavily underbooked,neutral,4,negative,anger_brand_crisis,https://www.youtube.com/watch?v=VrDWY6C1178,11,Sarcastic comment mocking United Airlines' underbooking after an incident.
"Only in America is there this much drama, an innocent man screaming, other passengers screaming, people watching this video screaming, drama drama . dram. You’ll could put me on a flight and beat me up I won’t scream, until my lawyers tell me to. Everyone feels sorry for this guy but he’s now a ton richer I’ll tell you that, only in America",anger,0,negative,anger_brand_crisis,https://www.youtube.com/watch?v=9LhTJDkVXvg,50,"Criticizes drama, implies injustice and greed, sarcastic tone."
"elon musk, the worst public speaker of all time",anger,0,negative,surprise_product_fail,https://www.youtube.com/watch?v=LMWwImDX3ks,238,Strong negative opinion expressed with 'worst'.
"""911 what's your emergency?"" ""MY PHONE IS GOING TO EXPLODE""",fear,2,negative,surprise_product_fail,https://www.youtube.com/watch?v=8H6jz30Im_Y,103,"Panic about phone explosion, urgent emergency call."
This shit breaks me every god damn time. I got a son coming in September and I'm so anxious cause my dad left when I was 3. Wish me luck guys.,sadness,5,negative,sadness_psa,https://www.youtube.com/watch?v=O15dxrBNuAQ,145,Expresses deep emotional pain from past trauma and anxiety about becoming a father.
Look at your man *looks at empty wall*,joy,3,positive,classic_brand_ad,https://www.youtube.com/watch?v=owGykVbfgUE,5,Humorous joke implying no man present
Perfect! Absolut Amazing 😂you nailed it ❤❤❤ and big respect to the Visual Team. Great work,joy,3,positive,tech_product_launch,https://www.youtube.com/watch?v=n6pqGoXWZzo,71,"Expresses excitement, praise, and admiration with emojis."
Now I know why it always causes me diarrhea 🤮,disgust,1,negative,disgust_food_safety,https://www.youtube.com/watch?v=zBXAJV82744,61,Expresses disgust and physical discomfort with diarrhea and vomit emoji.
"Exactly six years ago today, this MASTERPIECE was released and is one of my favorite movies of all time.",joy,3,positive,entertainment_fandom,https://www.youtube.com/watch?v=TcMBFSGVi1c,9,Expresses admiration and nostalgia for a beloved movie.
Untrue. Gemini can accept hard facts better than x or groc,anger,0,negative,surprise_launch_reaction,https://www.youtube.com/watch?v=4qGw9WH4Xj8,41,Disagreement and dismissive tone towards other AI models.
"They got hacked, and this is what they were doing in NYC less than a year ago.........this is Chinese and N Korean, tactics this is what all those cell phones can do, take down cellular networks, this is TACTICAL WARFARE that was unleashed on the United States!!! CHINA IS BEHIND IT! AND PROBABLY JOINED FORCES! This was their message to our message to them with Maduro! It's not an ""accident"" this was very deliberate! Next would be a power grid!!!",anger,0,negative,anger_customer_service,https://www.youtube.com/watch?v=T8ClHGY08jc,136,Expresses strong anger and accusation towards China and North Korea.
I was today years old when I learned that Spectrum Mobile uses Verizon’s Cell Towers. No service since this morning. I’ll be switching carriers soon. Shame on you Spectrum.,anger,0,negative,anger_customer_service,https://www.youtube.com/watch?v=oZRywTkhwrA,160,Expresses frustration and blame towards Spectrum for poor service.
This is why I get scared to eat anywhere out from anyone,fear,2,negative,disgust_food_safety,https://www.youtube.com/watch?v=xPGCrRRFWBk,215,Expresses fear and anxiety about eating out.
"I was a dishwasher service technician. The things I saw In some of those restaurants still haunt me to this day. Everything from rat and roach infestations, to raw chicken thawing in dirty dish sinks. The water overflowing onto to floor and into the floor drain, being tracked through the kitchen, with food being prepared in a bin on the floor next to it. We had a saying, “don’t eat where you can’t see the food made.”",disgust,1,negative,disgust_food_safety,https://www.youtube.com/watch?v=--OnclX8yac,52,"Describes unsanitary conditions in restaurants, evoking disgust and negative sentiment."
"I hate when women say there are no good men. There are alot of good men going through this very situation, and they hang in there and give everything they have for their children. I salute you good men out there.",anger,0,negative,sadness_psa,https://www.youtube.com/watch?v=O15dxrBNuAQ,246,"Expresses frustration and anger towards women's generalization, but ends with positive salute."
"They killed me saying ""Im taking this home"" like CMON UNK FR 😬😬😬😬 😭😭😭😭😭",joy,3,positive,disgust_food_safety,https://www.youtube.com/watch?v=xPGCrRRFWBk,118,Laughter and playful exasperation with emojis indicating amusement.
"It’s insane to me how self centered some people can be in this world, when it comes to education. The commercials/ads for anti-smoking were supposed to make you uncomfortable and scared and traumatized. Those people are scared, uncomfortable and traumatized and trying to share what will happen if you keep smoking. If those types of ads don’t relate to, they should be so so lucky. And it’s not like turning the channel for a 45 second ad is difficult. I remember those ads daily. I remind my friends who smoke about them as often as I can. I showed my mother, who used to smoke inside the house and car with me, what could happen to me if she smoked near me and it got her to hide it. She needed up getting cancer and quit entirely. The ads/commercials did more good than bad, and the bad they did wasn’t even bad.",anger,0,negative,fear_health_warning,https://www.youtube.com/watch?v=EkkOTplBCmA,216,Expresses frustration and anger towards self-centered people and defends anti-smoking ads.
This ad is amazing,joy,3,positive,sadness_brand_story,https://www.youtube.com/watch?v=YvYGO4o334I,45,Expresses admiration for the ad.
What if there a line of cars beside me?😊,joy,3,positive,fear_public_safety,https://www.youtube.com/watch?v=tAlrXpn5MOc,229,"Smiling emoji indicates positive, lighthearted tone."
Excelent add Dove!! Thank you for this content that makes as to reflect. Our girls need to realise that they are beautiful and powerful!!,joy,3,positive,beauty_brand_campaign,https://www.youtube.com/watch?v=z2T-Rh838GA,94,Expresses gratitude and positive reinforcement about empowering girls.
"This is the most fair review I've watched. The S25 series have a serious problem with the cameras. Images are not detailed as compared to the S24 series and if this is hardware problem, buyers are doomed. I'm trading in my base S24 for higher storage update but I'm finding it too hard after comparing the two phones. Pictures from the S24 look cleared and detailed than the S25. I'm shocked. The battery lasts longer on the S25 series because Samsung brought down the brightness. Brightness is higher on my S24 more than the S25.",surprise,6,negative,tech_review_mixed,https://www.youtube.com/watch?v=XkXbkxtBlwY,111,Expresses shock and disappointment about S25 camera downgrade compared to S24.
I cried where he hugs his little girl ;-;,sadness,5,negative,sadness_psa,https://www.youtube.com/watch?v=O15dxrBNuAQ,173,Expresses crying over an emotional scene with a child.
"RIP, Terrie!",sadness,5,negative,fear_health_warning,https://www.youtube.com/watch?v=5zWB4dLYChM,120,Expresses grief and loss for someone named Terrie.
"I remember seeing Terri on my television when I was seven or eight circa 2007-2009. It certainly didn't scare me. The people who are saying they're ""traumatized"" by seeing people with physical differences on TV need to look inward instead of lashing out. They're meant to educate you and make you consider the very real consequences of smoking before you ever start. Terri didn't stop me from trying a cigarette once while very drunk at a party. But she has stopped me from ever buying a pack and from picking up one ever since.",neutral,4,positive,fear_health_warning,https://www.youtube.com/watch?v=EkkOTplBCmA,58,"Reflects on past experience with a balanced, educational perspective, ending with a positive outcome."
it looks fantastic! i’m just sad that the 90s movies have ruined every other gomez for me bc there’s no topping Raul Julia.,sadness,5,positive,streaming_trailer_reaction,https://www.youtube.com/watch?v=Di310WS8zLk,70,"Expresses sadness about high standards set by 90s movies, but overall positive tone."
We’ve all had that job where the owner doesn’t provide tables.,neutral,4,neutral,disgust_food_safety,https://www.youtube.com/watch?v=dhBxrfETXJA,184,"Observational statement about a common experience, no strong emotion."
This brings bad memories from my car accident that killed my mom and disabled my grandpa,sadness,5,negative,fear_public_safety,https://www.youtube.com/watch?v=3Twl1soaBJM,46,Comment expresses grief and trauma from a tragic accident.
"When I was 16 I got a job at this small pizza and wings place by my house, this gross guy owned it who was very inappropriate with me, but I was so disgusted with what I saw there, flys we’re covering everything all over the food, there was food sitting out like wings, cheese, lettuce, ect..”it was summer and it was hot it there” when I left I called the Heath inspectors office cause I could not let another person eat from there once I saw that so I told them everything and they went out to look and it got shut down right away due to all the violations",disgust,1,negative,disgust_food_safety,https://www.youtube.com/watch?v=--OnclX8yac,134,"Describes unsanitary conditions and inappropriate behavior, evoking strong disgust."
"I didn't see anything offensive, Pepsi is know for their unique commercial, if it rubbed u the wrong way, maybe ur over thinking this",neutral,4,neutral,disgust_brand_backlash,https://www.youtube.com/watch?v=GNOu1Se6dYE,119,Defensive tone but no strong emotion; dismisses offense as overthinking.
"When their own don't eat at these buffets, that should be a red flag 🚩🚩🚩🚩",disgust,1,negative,disgust_food_safety,https://www.youtube.com/watch?v=--OnclX8yac,38,Expresses distrust and disgust towards buffets using red flag emojis.
Everyone: “What’s the price?” Sony: *”Gone. Reduced to atoms.”*,surprise,6,neutral,gaming_product_launch,https://www.youtube.com/watch?v=RkC0l4iekYo,42,"Uses humor to express shock at high price, but tone is neutral."
Chipotle,neutral,4,neutral,disgust_food_safety,https://www.youtube.com/watch?v=zBXAJV82744,118,Single word comment with no emotional context.
"I had to show this to everyone, it's so clever. I love it. 🤣🤣",joy,3,positive,sadness_brand_story,https://www.youtube.com/watch?v=YvYGO4o334I,96,Expresses delight and amusement with laughter emojis.
Unfortunately in America this wouldn’t work as easily with the driver on the left since their brake is also on their left,neutral,4,neutral,fear_public_safety,https://www.youtube.com/watch?v=tAlrXpn5MOc,75,Factual observation about car design differences.
United Airlines beat the hell out of their passengers just because they overbooked their flights. I hope that man recovers and sues UA expeditiously. This is completely unacceptable and barbaric. Never go to UA after this.,anger,0,negative,anger_brand_crisis,https://www.youtube.com/watch?v=VrDWY6C1178,56,Expresses outrage and condemnation of United Airlines' actions.
"when you first realise that this is Mike, and then you realise that this is Luke and THEN you cant ever watch ITvor shadowhunters again, because you always have to think of this....",joy,3,positive,classic_brand_ad,https://www.youtube.com/watch?v=owGykVbfgUE,94,Amusement from recognizing actors in different roles.
Who put these onions here 😭,sadness,5,negative,sadness_psa,https://www.youtube.com/watch?v=PW6SocCjTMM,33,Crying emoji and onion reference indicate sadness or emotional pain.
Federal aviation law is on the side of the airline because the passenger agreed to the terms when he purchased the ticket(s). It got worse than it had to because one passenger out of four that refused to comply caused the commotion. This ranks up there with a tantrum throwing toddler.,anger,0,negative,anger_brand_crisis,https://www.youtube.com/watch?v=WEw-GjTriIo,187,"Criticizes passenger's non-compliance, compares to toddler tantrum, showing frustration."
Watching on my S24 ultra 😊😊,joy,3,positive,tech_review_mixed,https://www.youtube.com/watch?v=XkXbkxtBlwY,9,Expresses happiness with smiley emojis and excitement about device.
the airline was damn lucky they picked an elderly man. if I was on a flight and a security guard put his hands on me I would be leaving in a straight jacket and one or two guards would going to the hospital. what they SHOULD have done is keep upping their offer for someone to get off until someone takes it since it was their STUPID mistake over booking.,anger,0,negative,anger_brand_crisis,https://www.youtube.com/watch?v=WEw-GjTriIo,35,"Expresses anger at airline's overbooking and aggressive handling, with violent hypothetical reaction."
"who's here because school gave this link to us? good to know....cause, ""I'm on a horse""",joy,3,positive,classic_brand_ad,https://www.youtube.com/watch?v=owGykVbfgUE,90,Humor and shared experience of school assignment.
"Ask Grok who would in a fight, Mike Tyson or Elon Musk. That tells you everything about Grok",neutral,4,neutral,surprise_launch_reaction,https://www.youtube.com/watch?v=4qGw9WH4Xj8,87,Comment is a factual suggestion without emotional tone.
"My mom vapes since almost 10 years now and she's perfectly fine, even though she has asthma🤔 maybe we should look at more context! Some people decide to mix their liquids with stuff that shouldn't be used for vaping.",neutral,4,neutral,fear_health_warning,https://www.youtube.com/watch?v=IJlIcK-gbLE,133,"Presents a counterexample and calls for context, no strong emotion."
You just earned a dislike 🙂,anger,0,negative,surprise_product_fail,https://www.youtube.com/watch?v=pAqQ_ANAmrk,117,Sarcastic use of smiley to express dissatisfaction.
Gillette has my vote.,joy,3,positive,disgust_brand_backlash,https://www.youtube.com/watch?v=liPlJ_ynd_Q,156,Expresses approval and support for Gillette.
so you went to apple HQ to watch it on a screen?,surprise,6,neutral,tech_product_launch,https://www.youtube.com/watch?v=UXmLSfv3NQI,62,Expresses surprise at watching event on screen at HQ
This is why I never want burgers in my happy meal as a kid,sadness,5,negative,brand_crisis_negative,https://www.youtube.com/watch?v=kQg2LMmpPn8,111,Expresses regret and disappointment about childhood experience.
only in america,neutral,4,neutral,anger_brand_crisis,https://www.youtube.com/watch?v=1PA0geOa4PM,29,Factual observation without strong emotional tone.
I would pull the lever.,neutral,4,neutral,surprise_launch_reaction,https://www.youtube.com/watch?v=4qGw9WH4Xj8,16,Statement of action without emotional tone.
Imagine the moment when the person found out about this just after eating at that place 💀,surprise,6,negative,disgust_food_safety,https://www.youtube.com/watch?v=--OnclX8yac,76,Shock and horror at discovering something bad after eating.
I thought that this was a Thai commercial... until I see Chinese words at the end. I enjoyed it though!,surprise,6,positive,sadness_psa,https://www.youtube.com/watch?v=vgain-EQdt0,157,"Surprised by the twist, but overall enjoyed the content."
"You brought up a good point, S24U was already a great phone, what could Samsung do to improve it? Let's see: 1. much better various cameras, 1inch sensor, better zoom, better front camera, options to sharpen photos or not. 2. higher battery capacity, new type of battery. 3. 2x faster charging speed and include a 100W charger. 4. killer feature: have an option to turn the screen glossy or matte. 5. retain what works eg curve sides and spen BT. 6. faster fingerprint sensor and faster face detection or iris scanner like note 9. 7. even louder speakers. 8. give truly good AI features. 9. improve on google AI features instead of just be the first to implement them.",neutral,4,neutral,tech_review_mixed,https://www.youtube.com/watch?v=XkXbkxtBlwY,31,Constructive list of suggestions without strong emotional language.
For me personally I like the color rendition. Pictures are pleasing. Maybe not the best when pixel peeping but overall pretty good.,joy,3,positive,tech_review_mixed,https://www.youtube.com/watch?v=XkXbkxtBlwY,38,Expresses personal satisfaction with color rendition and overall quality.
Samsung return policy here sucks. no way to even begin the return process here and there is no customer service here I am so pissed off. this will be my last Samsung product ever,anger,0,negative,surprise_product_fail,https://www.youtube.com/watch?v=pAqQ_ANAmrk,91,Expresses frustration and anger about return policy and customer service.
What you do comes back to you,neutral,4,neutral,sadness_psa,https://www.youtube.com/watch?v=iVrQqWIs6ZE,75,"A neutral statement about karma, no strong emotion."
This has to be a joke. There is no way in hell someone would be that stupid.,anger,0,negative,brand_crisis_negative,https://www.youtube.com/watch?v=JVxCp22WatU,145,Expresses disbelief and frustration at perceived stupidity.
united airlines flight or fight we decide,anger,0,negative,anger_brand_crisis,https://www.youtube.com/watch?v=VrDWY6C1178,18,Pun on 'flight or fight' implies aggressive response to United Airlines.
0:50 “many customers took to social media praising the ad” Shows tweets from two women 😂😂😂 Those aren’t customers,neutral,4,negative,disgust_brand_backlash,https://www.youtube.com/watch?v=8lXBs2Wy1OU,26,"Sarcastic criticism of ad's credibility, using laughter emojis to mock."
I hope this brings Adam's family love to the next generations ❤,joy,3,positive,streaming_trailer_reaction,https://www.youtube.com/watch?v=Di310WS8zLk,126,"Expresses hope and love for family, heart emoji reinforces positive emotion."
"The stupidest thing, how Pepsi's trying to make believe they'd give brandnew pair of jeans and even shoes with a can",anger,0,negative,disgust_brand_backlash,https://www.youtube.com/watch?v=zFm9FRxi0ZM,68,Criticizes Pepsi's marketing as stupid and deceptive.
*_I was watching this in school… I was creeped my name is Richard_*,fear,2,negative,sadness_psa,https://www.youtube.com/watch?v=Ket5RWHg9IU,21,"Expresses being creeped out, indicating fear."
Lol just turn this into a short film this is to good,joy,3,positive,sadness_brand_story,https://www.youtube.com/watch?v=YvYGO4o334I,60,Expresses amusement and high praise for content.
"I know someone who has the special edition Cybertruck. Not the 3 motor Cyberbeast. I was surprised by a few things I didn't expect. 1. Excellent visibility all around. 2. Fast, smooth acceleration. 3. Very comfortable seats and a really smooth, quiet ride. 4. One of the best displays I've ever seen. And 5. One of the best sounding sound systems I've ever heard in a vehicle. We were listening to raw format classic Johnny Cash and it honestly sounded like you were sitting front row in the Ryman. Overall, I liked it more than I ever expected to. Would I take it over a F-350? Nope.",surprise,6,positive,automotive_controversy,https://www.youtube.com/watch?v=ro262oyhZAI,16,"Unexpected positive qualities of Cybertruck, ending with preference for F-350."
No airline is safe... Just ignore your surroundings unless if needed!,fear,2,negative,anger_brand_crisis,https://www.youtube.com/watch?v=yJTaGf5zURQ,196,Expresses fear and distrust about airline safety.
"The irony is all the the people in this Ad are top athletes, not one of them is or has been an underdog, e.g Ronaldo, Rooney, kobe Bryant, paula radcliffe, Ronaldinho",anger,0,negative,brand_campaign_positive,https://www.youtube.com/watch?v=ijTwZNUBhcI,121,"Criticizes ad for featuring top athletes, not underdogs, implying deception."
Video : He won't appear on TV Me: At first I saw him on TV,surprise,6,neutral,sadness_psa,https://www.youtube.com/watch?v=uaWA2GbcnJU,73,"Unexpected twist in comment, expressing surprise at seeing him on TV."
Doesn't shock us it's McDonald's but we the people still eat their 😅,surprise,6,negative,brand_crisis_negative,https://www.youtube.com/watch?v=JVxCp22WatU,21,"Expresses unsurprise at McDonald's quality, but negative tone with laughing emoji."
I cried when I saw this. Great commercial.,sadness,5,positive,beauty_brand_campaign,https://www.youtube.com/watch?v=z2T-Rh838GA,21,Expresses sadness from crying but positive sentiment about the commercial.
Its tens of millions,neutral,4,neutral,anger_customer_service,https://www.youtube.com/watch?v=MUo3n8QSQLE,65,Factual statement without emotional tone.
Spent 20 dollars on sum u gotta finish it 😂,joy,3,positive,fear_health_warning,https://www.youtube.com/watch?v=IJlIcK-gbLE,15,Laughter emoji indicates amusement despite spending money.
It is now 2025 and I am continuing the legacy of calling this the best commercial of all time.,joy,3,positive,automotive_brand_ad,https://www.youtube.com/watch?v=M7FIvfx5J10,17,Expresses enduring appreciation and positive tradition.
"“Hold on a second, I think someone’s trying to dock with me” *answers call* “Hello-“ *BOOM*",surprise,6,neutral,surprise_product_fail,https://www.youtube.com/watch?v=_Cd2WIxKRDk,40,"Unexpected explosion interrupts call, creating surprise."
"A lot your grape nose when you while eyes is press. Its red eyes it multicolor back for hep your kindness of your no ears. While use headset its broke your hand on tommorow. ""66"" of starness of hand is nails its making emoji laugh & cry tatto /cutex you cut a razer.",neutral,4,neutral,fear_public_safety,https://www.youtube.com/watch?v=tAlrXpn5MOc,188,"Nonsensical text, no clear emotional signal."
well he will become a millionaire afterwards a lawsuit,neutral,4,neutral,anger_brand_crisis,https://www.youtube.com/watch?v=WEw-GjTriIo,148,"Factual statement about lawsuit outcome, no strong emotion"
"Man, that cable management is insane tho",surprise,6,positive,brand_crisis_negative,https://www.youtube.com/watch?v=tHn5bOBoEMI,1,Expresses admiration and surprise at cable management quality.
one time my charger started to catch fire,fear,2,negative,surprise_product_fail,https://www.youtube.com/watch?v=_Cd2WIxKRDk,207,Describes a dangerous event causing concern.
Terrie is a hero. For all of us. ❤❤❤❤ we miss you Terrie. 😢,sadness,5,positive,fear_health_warning,https://www.youtube.com/watch?v=X4k12miYJ4M,78,"Expresses admiration and love for Terrie, but also sadness from missing her."
She's not even wearing gloves,surprise,6,negative,brand_crisis_negative,https://www.youtube.com/watch?v=JVxCp22WatU,126,Expresses shock or disapproval about lack of gloves.
"Would it get the same attention had it been some unknown model? (thinking this while I'm sipping on pepsi, it tastes the same , it tastes good!)",neutral,4,neutral,disgust_brand_backlash,https://www.youtube.com/watch?v=GNOu1Se6dYE,1,"Rhetorical question with casual observation, no strong emotion."
"Gordon Ramsay would have a field day just looking at this. Stubborn owner, filthy kitchen, and probably bad food, checks all the list for a Kitchen Nightmare episode.",disgust,1,negative,disgust_food_safety,https://www.youtube.com/watch?v=--OnclX8yac,50,"Criticizes owner, kitchen, and food quality with disgust."
I'm sooooo pissed because I loved this place. But fuck this I will NEVER eat there again!!! Hopefully another place similar to chipotle will develop soon over the next few years cause this really sucks. Especially because its such a unique place / brand 😒😒,anger,0,negative,disgust_food_safety,https://www.youtube.com/watch?v=zBXAJV82744,81,"Expresses strong anger and frustration about a place, with swearing and disappointed emojis."
This feature is soooooooooo cool🎉❤,joy,3,positive,app_brand_campaign,https://www.youtube.com/watch?v=Ew4kM1FmM8o,144,Expresses excitement and happiness with emojis.
This is more scamy than my moms chicken nuggets,anger,0,negative,tech_product_launch,https://www.youtube.com/watch?v=Btf4mN37OsU,91,"Compares something to a scam, implying deception and frustration."
How are we still without service? Really? 🤦‍♂️,anger,0,negative,anger_customer_service,https://www.youtube.com/watch?v=T8ClHGY08jc,49,Expresses frustration and disbelief about ongoing lack of service.
"Social media does have alot to answer for. The immense pressure to look good whilst looking at celebrities and influencers must be daunting for so many. Filters should be banned in my opinion, or at least state a filter has been used. I hate trigger warnings but things like this affects so many, even for me at 45 lol great advert Dove xx",sadness,5,negative,beauty_brand_campaign,https://www.youtube.com/watch?v=z2T-Rh838GA,12,Expresses concern about social media pressure and negative impact on self-image.
Howard stark reference?,neutral,4,neutral,surprise_product_fail,https://www.youtube.com/watch?v=LMWwImDX3ks,167,Simple question with no emotional tone.
1. need to be able to see clear and super sharp the room at deam light 2. need to be sharp from edge to edge and not just where you focus at. 3. need to be slim like RudyProject / Oakley sunglasses 4. Need to be safe for eyes since lcd is 1 cm from the eye . Macular degeneration. 5. Needs to be able to localize screans all over the world ( city at any country) from home and from a trip .Once you go there again or for the first time screens are already waiting for you at specific locations. 6. Can block UV. 7. Can see clear at night like with night vision googles. 8. Have very long battery life. I think it is going there and will replace T.V and Computers and smartphones .,neutral,4,neutral,tech_product_launch,https://www.youtube.com/watch?v=Btf4mN37OsU,58,Comment lists technical requirements without emotional expression.
Bro gave us lung cancer,anger,0,negative,fear_health_warning,https://www.youtube.com/watch?v=iaBh9HRJHjg,21,Sarcastic complaint about harmful content.
"""YU NO FRY TODAY, YU MUST REAVE NOW""",anger,0,negative,anger_brand_crisis,https://www.youtube.com/watch?v=WEw-GjTriIo,206,Aggressive tone with demands and misspelled threats.
"I can’t watch this and not cry my eyes out. A good dad will do anything to make their child have a good life. He would give his food, his clothes and his very life for them. Anyone who’s a dad in these comments, please know you are loved and it’s all worth it. You have a future and you simply doing your best is all it takes for your child. Your love is far more important to them than your money. ❤️",sadness,5,positive,sadness_psa,https://www.youtube.com/watch?v=O15dxrBNuAQ,169,Expresses deep emotional sadness but with uplifting message about fatherly love.
Bottled up emotions gotta be the most important detail and part of a teenage person's life,sadness,5,negative,movie_trailer_joy,https://www.youtube.com/watch?v=LEjhY15eCx0,31,Reflects on the struggle of suppressing emotions in teenage life.
"can't believe it has been 2 years, still feels like yesterday.",sadness,5,negative,entertainment_fandom,https://www.youtube.com/watch?v=TcMBFSGVi1c,57,"Expresses disbelief and nostalgia, implying loss or longing."
Why does it look like a garbage can/ dumpster on wheels?,disgust,1,negative,automotive_controversy,https://www.youtube.com/watch?v=ro262oyhZAI,107,"Compares the object to garbage, expressing strong dislike."
This video is powerful. I don’t know how many times in high school I was offered to smoke and I’m thankful I turned them down and didn’t give into the pressure. Sad to hear she died❤️‍🩹,sadness,5,negative,fear_health_warning,https://www.youtube.com/watch?v=X4k12miYJ4M,198,Expresses gratitude for avoiding peer pressure but sadness over the death.
Always feeling empty Because she’s so cute,sadness,5,negative,movie_trailer_joy,https://www.youtube.com/watch?v=LEjhY15eCx0,64,"Expresses emptiness despite cuteness, implying unfulfilled longing."
"UA new slogan: If we cannot beat our competitors, we beat our customers.",anger,0,negative,anger_brand_crisis,https://www.youtube.com/watch?v=yJTaGf5zURQ,15,Sarcastic criticism of unfair business practices.
Your videos are always helpful.,joy,3,positive,beauty_brand_campaign,https://www.youtube.com/watch?v=z2T-Rh838GA,126,Expresses appreciation and positivity towards the videos.
If you have bad day watch this ad ❤,joy,3,positive,sadness_psa,https://www.youtube.com/watch?v=uaWA2GbcnJU,77,"Encourages watching ad to improve mood, uses heart emoji."
"New fear unlocked ""mop fries"" 😭",fear,2,negative,brand_crisis_negative,https://www.youtube.com/watch?v=JVxCp22WatU,40,Expresses fear about 'mop fries' with crying emoji.
"Did somebody in the crowd just shout “shitX” ? Lol, a little harsh",surprise,6,negative,surprise_product_fail,https://www.youtube.com/watch?v=LMWwImDX3ks,50,"Surprise at the harsh shout, with negative tone from 'shitX' and 'harsh'."
"I’ve worked in restaurants for 15 years and I can tell you there’s a lot of places I have worked at are so unsanitary that I stopped going there to eat. And if I were to eat, I bring my own ingredients and cook my own food when I’m on shift",anger,0,negative,disgust_food_safety,https://www.youtube.com/watch?v=--OnclX8yac,3,Expresses frustration and disgust about unsanitary restaurant conditions.
this is almost an anti advertisment,neutral,4,neutral,controversial_brand_purpose,https://www.youtube.com/watch?v=UYaY2Kb_PKI,98,"Comment is a factual observation, no strong emotion."
“Can you hear me now?”,neutral,4,neutral,anger_customer_service,https://www.youtube.com/watch?v=T8ClHGY08jc,4,Quoting a common phrase without emotional context.
Things like that is the reason I don't eat out!🙃,disgust,1,negative,brand_crisis_negative,https://www.youtube.com/watch?v=JVxCp22WatU,31,Expresses disgust and avoidance of eating out.
thats one dedicated doctor. willing to take a beating for his patients.,joy,3,positive,anger_brand_crisis,https://www.youtube.com/watch?v=WEw-GjTriIo,7,Expresses admiration for the doctor's dedication.
I don't know how to drive but i always ask dad what to do if something happens,neutral,4,neutral,fear_public_safety,https://www.youtube.com/watch?v=tAlrXpn5MOc,61,Comment states a fact without strong emotional tone.
it makes me cry everytime!,sadness,5,negative,tech_brand_story,https://www.youtube.com/watch?v=nnsSUqgkDwU,100,"Expresses crying, indicating sadness."
This was absolutely THE most offensive broad swipe of a portion of the population I have ever witnessed! Especially heinous considering that portion of the population Gillette smeared is their primary customer!,anger,0,negative,disgust_brand_backlash,https://www.youtube.com/watch?v=-4Qa9ZXTg2g,247,Strong language expressing offense and criticism towards Gillette's ad.
"I’m reading a bunch of zombie consumers crying about the cheese, this is why they consume this frap",disgust,1,negative,brand_crisis_negative,https://www.youtube.com/watch?v=kQg2LMmpPn8,70,"Dismissive tone towards critics, calling them 'zombie consumers'."
This is traumatizing but addictive i cant stop watching😂love your stuff man,joy,3,positive,fast_food_brand_launch,https://www.youtube.com/watch?v=chYLHu0w8z0,79,Expresses enjoyment and addiction with laughter and praise.
This is truly disgusting 🤮. They’re going to get someone sick. Well it looks empty so we’re safe lol,disgust,1,negative,disgust_food_safety,https://www.youtube.com/watch?v=xPGCrRRFWBk,56,"Expresses disgust at unsanitary conditions, with sarcastic relief."
preping food on the sidewalk is normal in China. That's why he was doing it.,neutral,4,neutral,disgust_food_safety,https://www.youtube.com/watch?v=dhBxrfETXJA,135,"Factual observation about cultural practice, no strong emotion detected."
Wow! Last time I checked we're still in a democracy right? They asked for volunteers and then this? Crazy!,surprise,6,negative,anger_brand_crisis,https://www.youtube.com/watch?v=WEw-GjTriIo,71,Expresses shock and disbelief at a perceived betrayal of democratic process.
Rest in peace 🕊️,sadness,5,negative,fear_health_warning,https://www.youtube.com/watch?v=X4k12miYJ4M,239,Expression of mourning and loss.
"""United: now serving Chinese take out!""",joy,3,positive,anger_brand_crisis,https://www.youtube.com/watch?v=yJTaGf5zURQ,213,Pun on 'take out' implying humor and amusement.
United Airlines' is a fuckin mess. They thought it was okay to cut my 600 dollar snowboard in half for whatever reason.,anger,0,negative,anger_brand_crisis,https://www.youtube.com/watch?v=1PA0geOa4PM,37,Strong profanity and frustration about damaged property.
That confused me until the phone showed😂😂😂😂,joy,3,positive,fear_public_safety,https://www.youtube.com/watch?v=0ygLvFG9QsA,235,Laughter emojis indicate amusement despite initial confusion.
"Yep, that's how smart he is. 😂😂😂😂😂",joy,3,positive,surprise_product_fail,https://www.youtube.com/watch?v=LMWwImDX3ks,115,Laughter emojis and sarcastic praise indicate amusement and joy.
Fuck*** awesome!,joy,3,positive,tech_product_launch,https://www.youtube.com/watch?v=Btf4mN37OsU,107,"Explicit positive language despite profanity, expressing excitement."
@jdizzler thats coz u only recognise the stars in it ;) do some research and find out who the other athletes are...you'll be surprised. Everyone works hard to be where they are,surprise,6,positive,brand_campaign_positive,https://www.youtube.com/watch?v=ijTwZNUBhcI,130,"Encourages research with a positive tone, ending with 'surprised'."
"“911, what is your emergency?” “My phone is explo-“",fear,2,negative,surprise_product_fail,https://www.youtube.com/watch?v=8H6jz30Im_Y,35,"Implies a dangerous situation with phone explosion, causing fear."
Damn. The theater was full and there’s these many people outside?! Wow.,surprise,6,neutral,tech_product_launch,https://www.youtube.com/watch?v=UXmLSfv3NQI,38,Expresses surprise at the large crowd outside the theater.
"i was looking to get this phone refurbished for cheap but honestly the photos look awful, not at all what i expected from a one year old flagship",disgust,1,negative,tech_review_mixed,https://www.youtube.com/watch?v=XkXbkxtBlwY,144,Expresses disappointment and dissatisfaction with photo quality.
Its a perfect ad tbh ! Criminals don't always look like criminals!! Careful everyone,surprise,6,negative,fear_public_safety,https://www.youtube.com/watch?v=0ygLvFG9QsA,18,Comment expresses caution and surprise about deceptive appearances.
One of the greatest frustation of being a father is not having the ability to provide.,sadness,5,negative,sadness_psa,https://www.youtube.com/watch?v=O15dxrBNuAQ,70,Expresses frustration and sadness over inability to provide as a father.
I lowkey thought it said 9/11,surprise,6,neutral,anger_customer_service,https://www.youtube.com/watch?v=-LZ_a5TER_0,193,"Comment expresses mild surprise at misreading, no strong positive or negative tone."
"I tired this while driving. It works. almost felt real, like my ribs shattered.",surprise,6,negative,fear_public_safety,https://www.youtube.com/watch?v=3Twl1soaBJM,90,Unexpected dangerous activity with negative physical consequence.
Did they actually think that armor glass doesn't shatter?,surprise,6,negative,surprise_product_fail,https://www.youtube.com/watch?v=udxR5rBq_Vg,193,Sarcastic disbelief about unrealistic expectations for armor glass.
Papa mujhe aap ke bahut yad aate hai par mai batate nahi beacuse agar mai kaha to mummy rone lag jate hai Mai aapka dream Pura karungi mai ek IG offers jarur banungi promise.,sadness,5,negative,sadness_psa,https://www.youtube.com/watch?v=vgain-EQdt0,182,"Expresses missing someone and holding back tears, showing sadness."
This is hands down an amazing commercial,joy,3,positive,classic_brand_ad,https://www.youtube.com/watch?v=owGykVbfgUE,13,Expresses strong admiration and positive evaluation.
Gemini is the no BS ai. i use that always. unless i need something to code or fix my computer than deepseek is the best,joy,3,positive,surprise_launch_reaction,https://www.youtube.com/watch?v=4qGw9WH4Xj8,35,Expresses satisfaction and preference for Gemini and Deepseek.
"You think a dirty mop can infect McDonald's fries? Absolutely nothing can penetrate them, not even a nuclear fallout",disgust,1,negative,brand_crisis_negative,https://www.youtube.com/watch?v=JVxCp22WatU,33,Sarcastic disgust about McDonald's fries being indestructible and unappetizing.
This commercial is beyond disappointing; it encourages the least moral behavior in a society!,anger,0,negative,sadness_brand_story,https://www.youtube.com/watch?v=YvYGO4o334I,137,Expresses strong disapproval and moral outrage.
bruh that cart near the trash can omg,surprise,6,neutral,disgust_food_safety,https://www.youtube.com/watch?v=xPGCrRRFWBk,235,Expression of mild surprise or disbelief at the cart near trash can.
"Scotty, at the 11:30 mark, it looks like you got the British version of the CyberTruk, with the driver on the right side!",surprise,6,neutral,automotive_controversy,https://www.youtube.com/watch?v=ro262oyhZAI,60,"Commenter notices a detail, expressing mild surprise without strong positive or negative tone."
"The ad that scared me out of ever smoking was a huge poster that hung on my grade 4 classroom door of a teenage girl with all of the photos they put on the cigarette packaging overlaid on her. Super scary. (Besides that, I'm asthmatic. My lungs get up to enough shit on their own, I'm not giving them ideas.)",fear,2,negative,fear_health_warning,https://www.youtube.com/watch?v=EkkOTplBCmA,148,Describes a scary anti-smoking ad and personal health concerns.
This is so sad 😭😭😭😭😭,sadness,5,negative,fear_health_warning,https://www.youtube.com/watch?v=5zWB4dLYChM,58,Explicitly states sadness with crying emojis.
This poor woman I feel so sorry for her may she rest in peace,sadness,5,negative,fear_health_warning,https://www.youtube.com/watch?v=X4k12miYJ4M,123,Expresses sympathy and sorrow for a deceased person.
I was in a high speed crash in August 2025,fear,2,negative,fear_public_safety,https://www.youtube.com/watch?v=3Twl1soaBJM,176,Recalling a traumatic event implies fear and distress.
"I remember this psa and was thinking ""wow the girl driving is pretty"" then BAM! 😂",surprise,6,positive,fear_public_safety,https://www.youtube.com/watch?v=O8MQV40pOtk,51,"Unexpected twist with laughter, positive surprise."
Flashing lights are very dangerous for epileptic patients,neutral,4,neutral,fear_public_safety,https://www.youtube.com/watch?v=3Twl1soaBJM,202,Factual statement about safety concern without emotional language.
The fact that they didn’t even properly assemble the panels is wild,surprise,6,negative,automotive_controversy,https://www.youtube.com/watch?v=ro262oyhZAI,7,Expresses disbelief and criticism about poor assembly.
"people just get offended easily, jeez Me : *wear black shirt* People on the internet: *OMG HOW DARE YOU WEAR SUCH ABOMINATION TO SOCIETY, DO YOU HAVE ANY RESPECT FOR OTHER COLOURED SHIRTS*",joy,3,positive,disgust_brand_backlash,https://www.youtube.com/watch?v=GNOu1Se6dYE,89,Humorous exaggeration mocking overly sensitive reactions online.
Why is overbooking a thing? It’s so dumb.. no its stupid,anger,0,negative,anger_brand_crisis,https://www.youtube.com/watch?v=yJTaGf5zURQ,143,"Expresses frustration and anger towards overbooking, calling it dumb and stupid."
Millions and millions and going,neutral,4,neutral,anger_customer_service,https://www.youtube.com/watch?v=oZRywTkhwrA,172,"Factual statement about numbers, no emotional tone detected."
I'm shocked that there can even be 110 violations to be found in a restaurant. What is the theoretical maximum?,surprise,6,negative,disgust_food_safety,https://www.youtube.com/watch?v=--OnclX8yac,19,Expresses shock and disbelief at the high number of violations.
"""He lies, he lies because of me"" This line really hits hard ❤❤",sadness,5,negative,sadness_psa,https://www.youtube.com/watch?v=O15dxrBNuAQ,42,"The line evokes deep emotional pain and regret, expressed with heart emojis."
this reminds me of this date april 27 2024 at 8:01 . me my mom grandma and my two sisters got hit by a another car they had hit the sides me and my older sis was on and it hit me but i am okay my older sis has a broken nose and 4 missing teeth and her teeth want through her lip so thats cut and my mom had went in a coma for 5 weeks she is okay now my grandma her finger is broken and my lil sis was only brused on her belly from the seatbelt b but we are all okay my sis has to get plastic surgery i will pray for her and can u plz like ( not forcing),sadness,5,negative,fear_public_safety,https://www.youtube.com/watch?v=3Twl1soaBJM,99,"Recounts a traumatic car accident with injuries, but ends with hope and prayer."
"I have a theory. So envy starts out all small and cute with sparkles in her eyes and a little voice. Well what if the more she wants, and the more they feed into her, she gets bigger and meaner and like won’t stop at any costs. I think that could possibly play a role in her character. Idk how that would work out though. It would just be cool to see that",neutral,4,neutral,movie_trailer_joy,https://www.youtube.com/watch?v=LEjhY15eCx0,25,"Speculative and analytical comment about a character, no strong emotion."
Looks like one them steel public urinals you sometimes see at a rest stop or public park.,neutral,4,neutral,automotive_controversy,https://www.youtube.com/watch?v=ro262oyhZAI,20,Descriptive observation without emotional tone.
"So in this movie they're gonna show how ""anxiety"" in every person can literally wish the best for yourself but only give the worst sometimes...interesting and also the envy is so cute",joy,3,positive,movie_trailer_joy,https://www.youtube.com/watch?v=LEjhY15eCx0,86,Finds the portrayal of anxiety interesting and calls envy cute.
This looks like a “future console” prediction video from like 2008,surprise,6,neutral,gaming_product_launch,https://www.youtube.com/watch?v=RkC0l4iekYo,18,Comment expresses mild surprise at outdated prediction.
This is so sad I feel so bad 😳,sadness,5,negative,anger_brand_crisis,https://www.youtube.com/watch?v=WEw-GjTriIo,64,Expresses sadness and sympathy with emoji showing shock.
Pyramid Head from Silent Hill wouldn't get caught dead driving this pos.,disgust,1,negative,automotive_controversy,https://www.youtube.com/watch?v=ro262oyhZAI,104,Insults the car by comparing it to a horror game character.
More like millions. I still can’t make calls,sadness,5,negative,anger_customer_service,https://www.youtube.com/watch?v=oZRywTkhwrA,3,Expresses frustration about inability to make calls despite high numbers.
“Calls 911” “BOOM DEAD.”,surprise,6,negative,surprise_product_fail,https://www.youtube.com/watch?v=8H6jz30Im_Y,49,Unexpected twist with violent outcome evokes shock and negativity.
I’m a girl but these commercials make me want to use Old Spice lol,joy,3,positive,classic_brand_ad,https://www.youtube.com/watch?v=owGykVbfgUE,7,"Humorous and playful tone, expressing amusement."
"Sarasota, Florida is still out of service. 7:38 pm",neutral,4,neutral,anger_customer_service,https://www.youtube.com/watch?v=MUo3n8QSQLE,38,Factual statement about service outage without emotional language.
good video as always that clickbaity title though,joy,3,positive,surprise_product_fail,https://www.youtube.com/watch?v=_Cd2WIxKRDk,147,"Compliment on video quality, mild criticism on title."
"As a person who currently works at Chipotle, I must call on most this as bullshit. How can people be so sure that Chipotle is 100% responsible for every single outbreak? In this video, they mention a person who got sick a week after eating at a Chipotle. How can they be sure it was the Chipotle and not something else? There have been in fact cases reported in my own store of people claiming to have gotten ""sick"" however none of the medical testing has concluded Chipolte to be the cause (at least in my location). All this speculation leads me to conclude that some of these supposed cases are a result of correlation and confirmation bias.",anger,0,negative,disgust_food_safety,https://www.youtube.com/watch?v=1vpTvVbNsJs,23,"Defensive and frustrated tone, calling claims 'bullshit' and criticizing bias."
What made her think for one second that doing something like that and doing something like that in front of customers was a great idea? 🤔,anger,0,negative,brand_crisis_negative,https://www.youtube.com/watch?v=JVxCp22WatU,18,Expresses disbelief and frustration at a poor decision.
"I think it's better to charge is with an lower voltage charger, lower charging speed, lesser heat.",neutral,4,neutral,surprise_product_fail,https://www.youtube.com/watch?v=pAqQ_ANAmrk,36,"Factual suggestion about charging, no emotional tone."
"Jesus this hurts my heart, my mom smoked with asthma. She died of pneumonia in 2021 and it made it worse. This woman helped me cope with the smoking that caused haft of my momas death, thank you.",sadness,5,negative,fear_health_warning,https://www.youtube.com/watch?v=EkkOTplBCmA,179,Expresses grief over mother's death and regret about smoking.
what an insanely powerful ad for just a series of texts.,surprise,6,positive,tech_brand_story,https://www.youtube.com/watch?v=nnsSUqgkDwU,63,Expresses amazement at the ad's impact from simple texts.
People aren’t getting the ad. The point is that OTHER people can make mistakes (dad pulled out too early) but you can react to those mistakes better if you slowed down and weren’t speeding (the business man).,neutral,4,neutral,sadness_psa,https://www.youtube.com/watch?v=B2rFTbvwteo,17,Explaining an ad's message without emotional expression.
*millions,neutral,4,neutral,anger_customer_service,https://www.youtube.com/watch?v=cA3ySA9u7cI,12,Comment is a factual correction with no emotional tone.
"I wonder if this has anything to do with those sim attack rooms they found in new york or dc or somewhere, a while back, they found one room with hundreds of thousands of sim cards to clog the networks, but there is probably many more rooms than that?!",surprise,6,neutral,anger_customer_service,https://www.youtube.com/watch?v=MUo3n8QSQLE,45,"Speculative questioning about sim attack rooms, expressing curiosity and mild surprise."
I shouted for my life when i didn't close my eyes it's like looking at the sun while it's sunny without wearing sunglasses,fear,2,negative,fear_public_safety,https://www.youtube.com/watch?v=3Twl1soaBJM,58,"Describes a painful, overwhelming visual experience causing distress."
"When you realize, you were protective of the villain for a moment there 👁️ 👄 👁️",surprise,6,neutral,fear_public_safety,https://www.youtube.com/watch?v=0ygLvFG9QsA,175,"Realization and surprise at sympathizing with a villain, with neutral emoji tone."
"You are so brave, no man may ever quite match your level of bravery on that statement. *salutes*",joy,3,positive,tech_brand_story,https://www.youtube.com/watch?v=nnsSUqgkDwU,64,Praise and admiration with a playful salute emoji.
Grab wheel Put it in neautral do not shut ingnition off use hand brake slow if need be dont crank on it steer car clearest path possible.,neutral,4,neutral,fear_public_safety,https://www.youtube.com/watch?v=tAlrXpn5MOc,157,Instructional comment with no emotional tone.
I have watched this for 100 times and still everytime I get tears in my eyes,sadness,5,negative,sadness_psa,https://www.youtube.com/watch?v=iVrQqWIs6ZE,71,"Expresses repeated emotional crying, indicating sadness."
At the end of the day itd be better to have someone ignore right of way than to have an accident,neutral,4,neutral,sadness_psa,https://www.youtube.com/watch?v=B2rFTbvwteo,97,"Pragmatic statement about safety, no strong emotion."
"2:04 when the song coming, I gotta tear.",sadness,5,negative,sadness_psa,https://www.youtube.com/watch?v=iVrQqWIs6ZE,76,"Commenter mentions tearing up, indicating sadness."
Liberals are stupid!,anger,0,negative,disgust_brand_backlash,https://www.youtube.com/watch?v=zFm9FRxi0ZM,11,Insulting language and derogatory tone towards a group.
The solution to United Airlines overbooking is simple. Everyone should boycott United. Then there will never be an overbooking problem again.,anger,0,negative,anger_brand_crisis,https://www.youtube.com/watch?v=yJTaGf5zURQ,89,Expresses frustration and calls for boycott against United Airlines.
"God, I could go for a cold pepsi right now",neutral,4,neutral,food_beverage_ad,https://www.youtube.com/watch?v=Yy6fByUmPuE,129,"Expresses a casual desire, no strong emotion."
Beautiful ❤😢,sadness,5,positive,sadness_psa,https://www.youtube.com/watch?v=PW6SocCjTMM,52,Heart and crying emoji indicate bittersweet beauty.
First Breath After Coma - Explosions in the Sky,neutral,4,neutral,brand_campaign_positive,https://www.youtube.com/watch?v=ijTwZNUBhcI,39,"Comment is just a song title, no emotional content."
The best a ma'am can get!,joy,3,positive,controversial_brand_purpose,https://www.youtube.com/watch?v=UYaY2Kb_PKI,63,Pun on 'best a man can get' suggests humor and approval.
I love it but I have dark humor. There will be many who hate the joke :p,joy,3,positive,sadness_brand_story,https://www.youtube.com/watch?v=YvYGO4o334I,92,"Expresses love for content, playful tone with dark humor."
That narrow camera it's just killer though....,anger,0,negative,disgust_food_safety,https://www.youtube.com/watch?v=xPGCrRRFWBk,67,Expresses frustration with the camera quality using 'killer' negatively.
https://www.youtube.com/watch?v=Dgo5k1nbj4w&feature=em-uploademail,neutral,4,neutral,disgust_brand_backlash,https://www.youtube.com/watch?v=liPlJ_ynd_Q,226,"This is a URL, not a comment expressing emotion."
This is so sad His daughter still loves him,sadness,5,negative,sadness_psa,https://www.youtube.com/watch?v=O15dxrBNuAQ,148,Expresses sadness about a situation involving a daughter's love.
“911 what’s your emergency?” “Note 7.”,fear,2,negative,surprise_product_fail,https://www.youtube.com/watch?v=8H6jz30Im_Y,14,Joke about Note 7's battery explosions causing emergency.
"I'm not one to support big corporations, but have to give credit for this, well done and I hope you donate large sums of money to help with kids mental health!",joy,3,positive,beauty_brand_campaign,https://www.youtube.com/watch?v=z2T-Rh838GA,91,Expresses reluctant praise and hope for charitable action.
😢😢 when I close my eyes I feel like I am dead because when I was 5 I was in a car crash there was a senior driver who is on his phone and semi truck next to it and the senior swerved and crashed into the semi truck the semi truck came crashing onto my car my sister was parilised and I couldn’t even talk my mom and dad died and now I am 15 so good luck to me I guess,sadness,5,negative,fear_public_safety,https://www.youtube.com/watch?v=3Twl1soaBJM,47,Traumatic story of losing parents and sister's paralysis evokes deep sadness.
Normal phone❌ A bomb phone ✅ Edit: nobody ever likes to my comment they don’t reply to my comment😢 Please like and comment 😊 👇. 👇,sadness,5,negative,surprise_product_fail,https://www.youtube.com/watch?v=8H6jz30Im_Y,116,"Expresses sadness about not getting likes/replies, despite initial humor."
I had a car accident this moment😢,sadness,5,negative,fear_public_safety,https://www.youtube.com/watch?v=3Twl1soaBJM,139,Expresses sadness and distress about a car accident.
"“The world has changed, none of us can go back” *That hits different knowing no one can go back to experience the feels again of seeing this for the first time*",sadness,5,negative,entertainment_fandom,https://www.youtube.com/watch?v=TcMBFSGVi1c,41,Nostalgic regret about lost experiences and inability to relive moments.
"Being a fellow busboy at a Chinese restaurant, I have seen literally everything in this video, minus the cockroaches and standing water in the bathroom. Meat left out over night, eggroll filling mixed in unsanitized sinks, the chefs smoke in the kitchen and watch porn with each other. I have never seen one of the chefs not even ONCE wash their hands (I have worked there for 2 years), handling everything without gloves and a thick layer of grime covering every surface. I genuinely think they just have no idea about the microbial world.",disgust,1,negative,disgust_food_safety,https://www.youtube.com/watch?v=--OnclX8yac,65,"Describes unsanitary conditions and lack of hygiene, evoking disgust."
You’re really good at this.,joy,3,positive,tech_product_launch,https://www.youtube.com/watch?v=Btf4mN37OsU,42,Compliment expressing admiration and positivity.
"The guy blurting out ""Fake News"" definitely voted for Donald Trump",anger,0,negative,disgust_food_safety,https://www.youtube.com/watch?v=dhBxrfETXJA,130,Sarcastic criticism implying Trump supporter is ignorant.
i watched this 100 times and cried 200 times,sadness,5,negative,sadness_psa,https://www.youtube.com/watch?v=iVrQqWIs6ZE,103,"Expresses crying repeatedly, indicating deep sadness."
First time using my phone in 4 hours. Me and coworkers all lost service. Defenitely more than 175k,surprise,6,neutral,anger_customer_service,https://www.youtube.com/watch?v=MUo3n8QSQLE,31,"Expresses surprise at losing service for hours, no strong positive/negative tone."
the heat map in that room would be insane,surprise,6,positive,brand_crisis_negative,https://www.youtube.com/watch?v=tHn5bOBoEMI,70,Expresses awe and excitement about the heat map.
I just saw this commercial on tv. This has to be the saddest... Please guys do NOT smoke :'(,sadness,5,negative,fear_health_warning,https://www.youtube.com/watch?v=X4k12miYJ4M,167,"Expresses sadness and concern about smoking, with crying emoji."
That moment when you realize you want to watch an ad on YouTube,surprise,6,positive,classic_brand_ad,https://www.youtube.com/watch?v=owGykVbfgUE,25,"Unexpected positive reaction to ads, implying humor or irony."
May I know what is the title of the song?,neutral,4,neutral,beauty_campaign,https://www.youtube.com/watch?v=JNYjRmNCu9o,55,Simple request for information without emotional tone.
Thailand avarage people big big respect from indonesia,joy,3,positive,sadness_psa,https://www.youtube.com/watch?v=iVrQqWIs6ZE,119,Expresses respect and admiration from one country to another.
RIP Terrie....,sadness,5,negative,fear_health_warning,https://www.youtube.com/watch?v=5zWB4dLYChM,70,Expresses grief over someone's death.
"As a Chinese, I can confirm that these practices are commonplace in China, but only so-called “Online Restaurants” use these methods. In China, we have delivery apps similar to DoorDash and Uber eats long before these two even existed, and people use these apps to make a restaurant that looks legit in the app but the “restaurant” does not exist If you really go to the address stated on the app, it will lead you to a dirty kitchen that violates so many rules that it would be shut down instantly and the owners would be placed behind bars if they are properly inspected using US standards",neutral,4,negative,disgust_food_safety,https://www.youtube.com/watch?v=dhBxrfETXJA,23,"Informative explanation about fake online restaurants in China, critical tone."
"As someone who has worked in restaurants for 5+ years, when we close the kitchen at 10pm its because we have to do 2 hours of cleaning after the kitchen closes. Please dont beg us to fry up some dinner at 9:55pm. Working in restaurants is long and hard",neutral,4,negative,disgust_food_safety,https://www.youtube.com/watch?v=--OnclX8yac,86,Expresses frustration about customers ignoring closing times and the hard work involved.
"the fact that i thought this was a mother with her daughter, and the men were gonna try to kidnap her daughter that was an unexpected plot twist for me oh my soul.",surprise,6,neutral,fear_public_safety,https://www.youtube.com/watch?v=0ygLvFG9QsA,134,"Unexpected plot twist caused surprise, no strong positive or negative tone."
Ian gon lie they really don’t be having the cheese in the middle doe I peeped that at multiple McDonald’s in Illinois,neutral,4,neutral,brand_crisis_negative,https://www.youtube.com/watch?v=kQg2LMmpPn8,118,Observation about McDonald's burgers without strong emotion.
"Improper food handling procedures, NOT washing, rinsing and sanitizing the dishes properly. No communication between team member and management personnel, shall I go on? Im disgusted to admit that I am employed here... Actively seeking other emyloyment",disgust,1,negative,disgust_food_safety,https://www.youtube.com/watch?v=zBXAJV82744,87,Expresses disgust at poor practices and dissatisfaction with workplace.
"Maybe the employees respondsible for over booking should be punished, INSTEAD of the passengers??????",anger,0,negative,anger_brand_crisis,https://www.youtube.com/watch?v=1PA0geOa4PM,28,"Expresses anger at employees and demands punishment, with aggressive tone."
I don't get how people get offensive over a damn Pepsi commercial like damn,anger,0,negative,disgust_brand_backlash,https://www.youtube.com/watch?v=GNOu1Se6dYE,50,Expresses frustration and annoyance at people being offended.
I'm black and I don't feel offended whatsoever. I think a celebrity of any color should be able to stand up and speak about police wrongdoings. Just like guys can be a feminist Kendall can be a supporter of the BLMM,neutral,4,positive,disgust_brand_backlash,https://www.youtube.com/watch?v=GNOu1Se6dYE,4,Expresses support for free speech and BLM without strong emotion.
Thank you 🙏 Scotty!,joy,3,positive,automotive_controversy,https://www.youtube.com/watch?v=ro262oyhZAI,90,Expresses gratitude and appreciation with a thankful emoji.
no way it's 175k. probably in millions.,surprise,6,neutral,anger_customer_service,https://www.youtube.com/watch?v=MUo3n8QSQLE,1,"Expresses disbelief about the view count, implying it's higher."
is it normal to breaking into tears after watching ? somehow it really touch me,sadness,5,positive,sadness_psa,https://www.youtube.com/watch?v=iVrQqWIs6ZE,149,"Comment expresses being touched and moved to tears, indicating deep emotional impact."
my drama teacher is the new Zealand actor and its so cool seeing him every day at school,joy,3,positive,sadness_psa,https://www.youtube.com/watch?v=B2rFTbvwteo,33,Expresses excitement and happiness about seeing a drama teacher daily.
this is such a tear jerker right when it said expenses paid 30 years ago i started to cry,sadness,5,negative,sadness_psa,https://www.youtube.com/watch?v=iVrQqWIs6ZE,144,Commenter expresses crying due to emotional content about past expenses.
""" let me call 911"" 💥💥💥 Edit: thank you all for likes! :D :3",joy,3,positive,surprise_product_fail,https://www.youtube.com/watch?v=8H6jz30Im_Y,99,Playful humor with emojis and happy emoticons.
"Now we must pray, to be a free function...",neutral,4,neutral,app_brand_campaign,https://www.youtube.com/watch?v=Ew4kM1FmM8o,9,"Comment is ambiguous, possibly referencing a meme or code."
Wtfffffffff is going on. Disgusting,disgust,1,negative,sadness_brand_story,https://www.youtube.com/watch?v=YvYGO4o334I,120,Explicit expression of disgust and anger.
"The trucks are not steering, they're pushed aside by Van Damme.",surprise,6,neutral,automotive_brand_ad,https://www.youtube.com/watch?v=M7FIvfx5J10,3,Comment explains a surprising fact about the trucks.
I did well my brothers and my mum and dog did I was in the car I front and I heard a terrible crash and I bursted out crying one of my brother broke his leg and ankle my mum broke her pelvis and my other brother just had blood from the glass my dog was sick 5 times and is just very shocked pray for us,sadness,5,negative,fear_public_safety,https://www.youtube.com/watch?v=3Twl1soaBJM,135,Describes a traumatic car crash causing injuries and distress.
this video got me crying. i caught my dad tearing up even though he doesnt cry,sadness,5,negative,sadness_psa,https://www.youtube.com/watch?v=O15dxrBNuAQ,149,"Comment describes crying and emotional vulnerability, indicating sadness."
"Gillette targeting the new BETA Male Niche Market, also the market with the least amount of testosterone and body hair",anger,0,negative,disgust_brand_backlash,https://www.youtube.com/watch?v=8lXBs2Wy1OU,111,Sarcastic criticism of Gillette targeting a perceived weak market.
Holy hell Batman where is the health department to shut this s*** down😂😂😂😂😂😂😂😂,surprise,6,negative,brand_crisis_negative,https://www.youtube.com/watch?v=JVxCp22WatU,74,"Shock and disgust at unsanitary conditions, with laughing emojis indicating disbelief."
“North towers down! North towers down!” “Everybody go to the south tower!”,fear,2,negative,anger_customer_service,https://www.youtube.com/watch?v=-LZ_a5TER_0,16,"Quoting emergency calls about 9/11, conveying panic and danger."
LAWSUIT. Better call Saul.,surprise,6,negative,anger_brand_crisis,https://www.youtube.com/watch?v=yJTaGf5zURQ,112,"Mentions lawsuit, implying legal trouble; reference to show suggests irony."
"😂😂😂😂😂😂😂😂😂 the part when he said, I’m innocent got me dying😂😂😂😂😂😂",joy,3,positive,fast_food_brand_launch,https://www.youtube.com/watch?v=chYLHu0w8z0,47,Laughter emojis and finding a part hilarious indicate strong joy.
"Non smoker here. Most people I’ve ever known smoke. I have smoked on occasion. Non smokers complaining that they’re traumatised by these PSAs need to get a grip. I can’t drive (medically) and still heed the warnings for speeding and intoxication at the wheel. It’s SUPPOSED to make you violently uncomfortable, and it’s intended for you to view even if you aren’t the one doing it, because you’re involved. You’re a support system for someone, you’re a passive smoker to someone, you’re a passenger for someone. Watch it, take notes, learn. (+Congrats everyone in the comments celebrating a successful quit or even the beginning or your journey!)",neutral,4,positive,fear_health_warning,https://www.youtube.com/watch?v=EkkOTplBCmA,86,"Supportive and educational tone, encouraging awareness and celebrating quitters."
A fathers love is so the purest gift god gave us😭😭,sadness,5,positive,sadness_psa,https://www.youtube.com/watch?v=O15dxrBNuAQ,114,"Expresses deep appreciation for a father's love, with crying emojis indicating emotional overwhelm."
I legit cried,sadness,5,negative,sadness_psa,https://www.youtube.com/watch?v=PW6SocCjTMM,2,"Expresses crying, indicating sadness."
"I smoked cigarettes from 13-34, switched to a juul thinking it'd help me quit since I hated vapes... but then....now here I am 38 still vaping. I use to smoke 2 packs of Newport 100's a day for years... go through a 50ml bottle of vape juice in maybe 2 weeks...idk if thats worse 🤣🤣💀",joy,3,neutral,fear_health_warning,https://www.youtube.com/watch?v=IJlIcK-gbLE,190,"Uses laughing emojis and skull emoji, indicating humorous self-deprecation about vaping habit."
Imagine the violations not exposed,anger,0,negative,disgust_food_safety,https://www.youtube.com/watch?v=dhBxrfETXJA,172,"Implies hidden wrongdoing, expressing frustration or outrage."
Good little safety briefing before driving,joy,3,positive,fear_public_safety,https://www.youtube.com/watch?v=tAlrXpn5MOc,59,Expresses approval and appreciation for safety briefing.
"Didn't they ask for volunteers? Did that man volunteer? I'm pretty sure he did not, especially with the way he refused to leave his seat. He paid for that seat. The fact that you overbooked is not the customers problem. United Airlines statement is complete bull in my opinion. You do not treat a man who is obviously not a threat like that. Absolutely disgusting. In my opinion for your problem with overbooking you should throw in compensation for your mishap. If there were no more seats then you should stop selling tickets and board a new plane. Those who could not get on because of your mistake should be told that the plan is overbooked. They'll have to wait for the next plane to the destination. You should not forcibly remove people, people that paid the same as the person behind them. That's not right, and after this incident. The broken relations you now have with current customers and projected is what paints your name.",anger,0,negative,anger_brand_crisis,https://www.youtube.com/watch?v=VrDWY6C1178,50,Expresses strong disapproval and outrage at United Airlines' actions.
Watch this tgt with my lil bro and we both end up crying and my mom thought i was hitting my bro lol,sadness,5,negative,sadness_psa,https://www.youtube.com/watch?v=O15dxrBNuAQ,194,"Crying while watching, though with a humorous twist."
0:17 bro really said “Imma fart on this” *wigless* *falls* 0:21 even the emo girl git jumped scared 😂,joy,3,positive,app_brand_campaign,https://www.youtube.com/watch?v=Ew4kM1FmM8o,10,"Comment finds humor in the video's funny moments, indicated by laughter emoji."
Chipotle is a clean and sanitary place to eat! These people probably eat at multiple food places and just blame chipotle!🙌🌯❤️,joy,3,positive,disgust_food_safety,https://www.youtube.com/watch?v=zBXAJV82744,106,Positive emojis and sarcastic defense of Chipotle indicate joy.
"McDonald’s see more ways to make money 💵 McDonald’s, Visa, McDonald’s, secure card",neutral,4,neutral,fast_food_brand,https://www.youtube.com/watch?v=79phlhutGLg,78,Comment appears to be spam or ad mentioning brands without emotional content.
That man is a genius to a disturbing amount of people. He signed off on a car that looks like it came from a 'futuristic' sci-fi movie made in the '70s and thought 'armoured' means being able to withstand a wrench being thrown at it.,disgust,1,negative,surprise_product_fail,https://www.youtube.com/watch?v=LMWwImDX3ks,23,Criticizes design and quality with sarcastic tone.
Why does it feel so real...,surprise,6,neutral,fear_public_safety,https://www.youtube.com/watch?v=3Twl1soaBJM,78,"Expresses wonder and curiosity about realism, no strong positive/negative tone."
5:13pm in Illinois!!! Still no service.,anger,0,negative,anger_customer_service,https://www.youtube.com/watch?v=MUo3n8QSQLE,5,Frustration expressed about service outage despite waiting.
I wonder if elon uses an app to take a piss.,neutral,4,neutral,automotive_controversy,https://www.youtube.com/watch?v=ro262oyhZAI,33,"Sarcastic rhetorical question, no strong emotion."
Technically not click bait,neutral,4,neutral,surprise_product_fail,https://www.youtube.com/watch?v=_Cd2WIxKRDk,65,"Factual statement, no emotional tone detected."
Feels like I just watched the academy awards,surprise,6,neutral,controversial_brand_purpose,https://www.youtube.com/watch?v=UYaY2Kb_PKI,4,"Comment compares video to awards show, implying unexpected quality or spectacle."
I'm surprised dude still out here making money?,surprise,6,neutral,sports_brand_purpose,https://www.youtube.com/watch?v=jBnseji3tBk,78,"Expresses surprise at someone's continued success, no strong positive or negative tone."
I lost it when it said “All expenses paid 30 years ago”. Tears are still flowing.,sadness,5,negative,sadness_psa,https://www.youtube.com/watch?v=iVrQqWIs6ZE,53,"Comment expresses crying and emotional loss, indicating sadness."
McDonald’s is a health risk.,anger,0,negative,brand_crisis_negative,https://www.youtube.com/watch?v=JVxCp22WatU,46,Expresses strong disapproval of McDonald's health impact.
"""IM BOUTTA BLO-"" *EXPLODES violently*",surprise,6,negative,surprise_product_fail,https://www.youtube.com/watch?v=8H6jz30Im_Y,45,"Unexpected violent explosion, shock and negative outcome implied."
We're keeping our streaks with this one 🗣️🗣️🗣️❗❗❗🔥🔥🔥,joy,3,positive,app_brand_campaign,https://www.youtube.com/watch?v=Ew4kM1FmM8o,100,Excitement and enthusiasm expressed through emojis and tone.
"OMG, i never knew how Good multimillion companys are",surprise,6,positive,beauty_campaign,https://www.youtube.com/watch?v=JNYjRmNCu9o,15,Expresses surprise and positive realization about companies.
I was fucking laughing LMAO!! Jackie Chan,joy,3,positive,anger_brand_crisis,https://www.youtube.com/watch?v=WEw-GjTriIo,242,Explicit laughter and positive exclamation indicate joy.
I had a full on anxiety attack from this and my mom had to “call” because when one month ag I was ran over by a car and this triggered my ptsd Im 11 let me know if I want a storytime,fear,2,negative,fear_public_safety,https://www.youtube.com/watch?v=3Twl1soaBJM,114,Comment describes anxiety attack and PTSD triggered by content.
"If this was bey or rih people would be defending this commercial, let's be real! The fact that it's Kendall, it made people look for a reason to be mad. This commercial was not that serious, nobody even knows what the protest was about for one, and for two this commercial is for PEACE, every celebrity wants it to be peace but the fact that it's Kendall, is the reason for all the backlash. Smfh now back to the REAl problems in the world🤦🏽‍♀️",anger,0,negative,disgust_brand_backlash,https://www.youtube.com/watch?v=MGxpkIK2lVs,248,Frustration with perceived hypocrisy and unfair criticism towards Kendall Jenner.
I saying all the time health inspector should come every 2 weeks to see what's going on in the restaurant!! Mostly they do inspection every year absolutely NO is not right they get pay all so customers has pay for orders we want make sure that our food will be in normal no rats around and other fucking disgusting things,anger,0,negative,disgust_food_safety,https://www.youtube.com/watch?v=dhBxrfETXJA,118,Expresses frustration and anger about infrequent health inspections and unsanitary conditions.
She was drying a lamp under another lamp?…I’m appalled.,surprise,6,negative,brand_crisis_negative,https://www.youtube.com/watch?v=JVxCp22WatU,83,Expresses disbelief and mild shock at illogical action.
"On your website these are the specs for the main camera: 200 MP, f/1.7, 24mm (wide), 1/1.3"", 0.6µm, multi-directional PDAF, OIS 10 MP, f/2.4, 67mm (telephoto), 1/3.52"", 1.12µm, PDAF, OIS, 3x optical zoom 50 MP, f/3.4, 111mm (periscope telephoto), 1/2.52"", 0.7µm, PDAF, OIS, 5x optical zoom 50 MP, f/1.9, 120˚ (ultrawide), 0.7µm, dual pixel PDAF, Super Steady video So why are you saying the the main one is 12MP?",surprise,6,negative,tech_review_mixed,https://www.youtube.com/watch?v=XkXbkxtBlwY,128,"Discrepancy between specs and claim, expressing disbelief or confusion."
"2016: naw, let's not recommend this video 2020: Hell yeah, this is the best video to recommend",joy,3,positive,surprise_product_fail,https://www.youtube.com/watch?v=_Cd2WIxKRDk,236,"Humorously contrasts past reluctance with current enthusiasm, showing joy."
NOT THE REAL THING should be the new slogan,anger,0,negative,food_beverage_ad,https://www.youtube.com/watch?v=Yy6fByUmPuE,133,Expresses disapproval and frustration with the subject.
This is the best ad ever,joy,3,positive,sadness_brand_story,https://www.youtube.com/watch?v=YvYGO4o334I,27,Expresses strong positive opinion about the ad.
I can't believe that the boy at first was shoplifting and became a doctor 30 years later. This kid never forgot the debt he got as a child.,surprise,6,positive,sadness_psa,https://www.youtube.com/watch?v=iVrQqWIs6ZE,35,Unexpected transformation from shoplifting to doctor evokes surprise and admiration.
Mr dean,neutral,4,neutral,fear_health_warning,https://www.youtube.com/watch?v=IJlIcK-gbLE,136,"Simple reference to a person, no emotional tone."
this is the worst thing I've seen in a while,anger,0,negative,anger_brand_crisis,https://www.youtube.com/watch?v=WEw-GjTriIo,58,Expresses strong disapproval and frustration.
Fighting as a kid is what makes them stronger. Let men be Men,joy,3,positive,disgust_brand_backlash,https://www.youtube.com/watch?v=-4Qa9ZXTg2g,39,Expresses pride in traditional masculinity and childhood resilience.
"United Airlines: If we can't seat you, We'll beat you.",anger,0,negative,anger_brand_crisis,https://www.youtube.com/watch?v=9LhTJDkVXvg,5,Sarcastic criticism of United Airlines' violent incident.
"""They had us in the first half, not gonna lie.""",surprise,6,positive,fear_public_safety,https://www.youtube.com/watch?v=0ygLvFG9QsA,199,"Unexpected twist in narrative, positive outcome implied."
It's pretty crazy how often abductions are done by a parent bc the parent lost custody,sadness,5,negative,fear_public_safety,https://www.youtube.com/watch?v=0ygLvFG9QsA,76,Comment highlights tragic reality of parental abductions.
Bass money fancy clothes,neutral,4,neutral,fear_public_safety,https://www.youtube.com/watch?v=vvXXzHSPu10,29,"No emotional signal, just listing items."
"like my entire family has it so we have a better chance of you knkw, kaboom",fear,2,negative,surprise_product_fail,https://www.youtube.com/watch?v=pAqQ_ANAmrk,55,"References family having something leading to 'kaboom', implying fear of explosion or disaster."
DISGUSTING! McDonald’s should be sued to high heaven to allow this right over food!,disgust,1,negative,brand_crisis_negative,https://www.youtube.com/watch?v=JVxCp22WatU,37,Strong disgust and anger towards McDonald's food practices.
9 hours without service today. I hate verizon,anger,0,negative,anger_customer_service,https://www.youtube.com/watch?v=T8ClHGY08jc,84,Expresses frustration and hatred towards Verizon due to long service outage.
Zack: unwraps the battery and pokes it with his tools Battery: explodes Zack: *insert surprised pikachu meme*,surprise,6,neutral,surprise_product_fail,https://www.youtube.com/watch?v=_Cd2WIxKRDk,10,"Describes a humorous, unexpected explosion with a surprised meme."
first world problems people get upset over one soda commercial. I understand that is just so offensive but people Kendall is just an actress. is purely propaganda to sell pepsi,anger,0,negative,disgust_brand_backlash,https://www.youtube.com/watch?v=MGxpkIK2lVs,244,"Criticizes overreaction to a commercial, implying frustration with perceived trivial outrage."
ps5 launch me to my 6 years old ps4 :it's time to rest my old friend,sadness,5,negative,gaming_product_launch,https://www.youtube.com/watch?v=RkC0l4iekYo,87,"Bittersweet farewell to old console, tinged with nostalgia and sadness."
Grateful for this channel so ppl know where NOT to go,joy,3,positive,disgust_food_safety,https://www.youtube.com/watch?v=xPGCrRRFWBk,246,Expresses gratitude and appreciation for helpful information.
Insane production quality 🤯🤯🤯,surprise,6,positive,tech_product_launch,https://www.youtube.com/watch?v=n6pqGoXWZzo,107,Expresses awe and amazement at production quality with emojis.
"I worked at a restaurant for 1 week that had some serious problems. The owner was also the head chef. He was from France. He had problems with me charging the water in the after it was filled with food and grease. He said it cost too much to heat the water. At the end of my first night , I grabbed a broom and started sweeping. The owner told me to put it back away. He closed everything down and we were leaving 5 minutes later. There was food and trash all over the floor in the kitchen. Those were just two examples of what I reported to the health department the next day. Four day later , a health inspector walked in unannounced and 10 minutes later; we were shut down. I don’t know what kind of health code regulations exist in France but their apparently more relaxed than the U.S. The restaurant shut down about 6 months later after it was in the newspaper about the problems. The owner never did find out that I was the one who reported this but people were going to get sick. I only wanted the owner to take cleanliness seriously. I wasn’t trying to put him out of business. He put himself out of business by leaving garbage on the floor after closing. I worked in a different restaurant where cleanliness was very serious business. We removed deck drains for scrubbing. The lugs of tables were scrubbed. Rubber mats were taken outside and hosed down everyday. The floor was washed down at least once a day.",neutral,4,neutral,disgust_food_safety,https://www.youtube.com/watch?v=--OnclX8yac,43,Factual recount of past events with no strong emotional expression.
"What a nightmare, already considering other companies",anger,0,negative,anger_customer_service,https://www.youtube.com/watch?v=oZRywTkhwrA,19,Expresses frustration and dissatisfaction with a company.
A call failure for emergency services should be over 5%. 68% is astronomical. Holy shit.,anger,0,negative,anger_customer_service,https://www.youtube.com/watch?v=-LZ_a5TER_0,48,Expresses outrage at high failure rate for emergency calls.
They should do this with alcoholics too because alcohol is way more cancer causing than smoking is.,anger,0,negative,fear_health_warning,https://www.youtube.com/watch?v=X4k12miYJ4M,164,"Criticizes societal inconsistency, implying unfairness about alcohol vs smoking."
This ad is the reason captalism is going down,anger,0,negative,disgust_brand_backlash,https://www.youtube.com/watch?v=VogNNsQ3Gmw,109,"Criticizes capitalism with negative tone, implying societal harm."
It is required by federal law for emergency services to be able to be connected regardless of the carrier,neutral,4,neutral,anger_customer_service,https://www.youtube.com/watch?v=-LZ_a5TER_0,182,"Informational statement about federal law, no emotional tone."
Coca Cola should make fun of Pepsi for this bullshit haa,anger,0,negative,disgust_brand_backlash,https://www.youtube.com/watch?v=MGxpkIK2lVs,241,Expresses frustration and mockery towards Pepsi using strong language.
"You know if I had a nickel for every time Grimace was murdered I'd have two nickels... Which isn't a lot, but it is strange that it's happened twice!",surprise,6,neutral,fast_food_brand_launch,https://www.youtube.com/watch?v=chYLHu0w8z0,98,Expresses surprise at the strange coincidence of Grimace being murdered twice.
We can even use wifi calling,neutral,4,neutral,anger_customer_service,https://www.youtube.com/watch?v=MUo3n8QSQLE,37,Informative statement without emotional tone.
"I just watched the original ad (don't think we got this one in Australia). All the comments were ""this made me cry"", and ""great job, Google"". Oooooh dear.....",surprise,6,negative,sadness_psa,https://www.youtube.com/watch?v=Ket5RWHg9IU,47,"Sarcastic surprise at emotional reactions to an ad, implying disbelief."
what???? can not believe my eyes.,surprise,6,negative,anger_brand_crisis,https://www.youtube.com/watch?v=WEw-GjTriIo,131,"Expression of disbelief and shock, likely negative context."
"All that crap is terrible, because it's too new. It makes mistakes and puts in incorrect wording, in sentences.",anger,0,negative,surprise_launch_reaction,https://www.youtube.com/watch?v=4qGw9WH4Xj8,77,Expresses strong disapproval and frustration with the new system's errors.
"I'm sorry. I know this is serious, but... but come on. What percentage of smokers turn out like this?",sadness,5,negative,fear_health_warning,https://www.youtube.com/watch?v=X4k12miYJ4M,204,"Expresses apology and acknowledges seriousness, but with a hint of disbelief."
Wtf UA,anger,0,negative,anger_brand_crisis,https://www.youtube.com/watch?v=9LhTJDkVXvg,25,Expression of frustration or disbelief with 'Wtf'.
"I love watching this... I listen to it.... I live this... whether i'm running 400m dash, or playing football/futbol/soccer for my team to go on to the next round, or facing the best team in my league... I'll always remember this.. .and never forget it",joy,3,positive,brand_campaign_positive,https://www.youtube.com/watch?v=ijTwZNUBhcI,73,"Expresses deep love and passion for the content, with uplifting memories."
"When Hawaian Airlines put pineapple in their pizza and nobody beats an eye, but when we beat up one passenger everyone loses their minds.. Not fair!",anger,0,negative,anger_brand_crisis,https://www.youtube.com/watch?v=yJTaGf5zURQ,71,Expresses frustration and perceived unfairness with sarcastic comparison.
Is that what it feels like,neutral,4,neutral,fear_public_safety,https://www.youtube.com/watch?v=3Twl1soaBJM,140,Literal question without emotional cues.
The CEO should be fired for having a computer system that randomly choose passengers. I think the app is called United Hunger Games.,anger,0,negative,anger_brand_crisis,https://www.youtube.com/watch?v=WEw-GjTriIo,221,"Sarcastic anger at CEO and system, comparing to Hunger Games."
I think this is better than the old duolingo THAT I LOST MY 120 DAY STREAK!!!!!!!!!!!!!!!!!!!!!!,anger,0,negative,app_brand_campaign,https://www.youtube.com/watch?v=Ew4kM1FmM8o,126,"Frustration about losing a long streak, expressed with exclamation marks."
When the little girl came in a school uniform I literally cried,sadness,5,negative,sadness_psa,https://www.youtube.com/watch?v=uaWA2GbcnJU,30,Commenter cried from emotional scene with schoolgirl.
If she does this at work I wonder what she does at home with her food.,surprise,6,neutral,brand_crisis_negative,https://www.youtube.com/watch?v=JVxCp22WatU,72,Speculative comment with mild surprise about behavior.
yeah very dystopic to see this in china while listening to some robot voice on youtube repeating it .,sadness,5,negative,brand_crisis_negative,https://www.youtube.com/watch?v=tHn5bOBoEMI,222,Expresses dismay at dystopian scene in China.
"I havnt forgotten. Every time a new gillette commercial shows on tv, it reminds me of this. Never buying gilette ever again.",anger,0,negative,controversial_brand_purpose,https://www.youtube.com/watch?v=UYaY2Kb_PKI,12,Expresses resentment and boycott against Gillette due to past offense.
"It all have been set up, someone try to embarrass him.",anger,0,negative,surprise_product_fail,https://www.youtube.com/watch?v=LMWwImDX3ks,246,Accusation of setup implies distrust and frustration.
The ground is more clean than most houses kitchens,surprise,6,negative,disgust_food_safety,https://www.youtube.com/watch?v=dhBxrfETXJA,240,Unexpected comparison implying disgust at dirty kitchens.
Gillette is a disgrace🤪🤪🤪🤪 No more will I buy any products from this company.,anger,0,negative,disgust_brand_backlash,https://www.youtube.com/watch?v=8lXBs2Wy1OU,15,"Expresses strong disapproval and boycott of Gillette, with angry tone."
1 of the best videos I have ever seen in my life..Love from India..🇮🇳,joy,3,positive,sadness_psa,https://www.youtube.com/watch?v=uaWA2GbcnJU,223,"Expresses high praise and love, indicating strong positive emotion."
I dont even think that this was anything to be mad about its AN AD i get it that everyone has the right to their opinion but you have to make the right ones i didnt see any problem with it in my opinion and hopefully it was the correct one.,neutral,4,neutral,disgust_brand_backlash,https://www.youtube.com/watch?v=GNOu1Se6dYE,66,Commenter expresses a balanced opinion without strong emotion.
Terrie saved my life! Her commercials convinced me to quit smoking. To see what tobacco did to that pretty young woman absolutely broke my heart! God Bless Her!,sadness,5,positive,fear_health_warning,https://www.youtube.com/watch?v=X4k12miYJ4M,8,Heartbreaking story but grateful for life-saving impact.
""" Whoops I made a mistake we need to start over"" 😭",sadness,5,negative,brand_crisis_negative,https://www.youtube.com/watch?v=tHn5bOBoEMI,21,Crying emoji and apology indicate regret and sadness.
"""Together we can find a child by signing up for free wireless-"" um💀",disgust,1,negative,fear_public_safety,https://www.youtube.com/watch?v=0ygLvFG9QsA,172,"Sarcastic reaction to ad, 'um💀' implies cringe/disgust."
Aw my heart is warmed knowing that there are good people in the world,joy,3,positive,sadness_psa,https://www.youtube.com/watch?v=uaWA2GbcnJU,197,Expresses warmth and happiness about good people.
"""Drying lamp"" I don't know what's worse, McDonald employee or the title typo from news media.",neutral,4,negative,brand_crisis_negative,https://www.youtube.com/watch?v=JVxCp22WatU,48,Sarcastic criticism of both McDonald's and news media's typo.
"As a nurse, the health problems caused by smoking are huge!! So not worth it. Im 69 and have never smoked and am so glad.",sadness,5,negative,fear_health_warning,https://www.youtube.com/watch?v=X4k12miYJ4M,134,"Expresses concern about smoking's health impact, with a cautionary tone."
"Even now, with United Airlines insistence on their prioritization of safety; this is what I think about.",neutral,4,neutral,anger_brand_crisis,https://www.youtube.com/watch?v=yJTaGf5zURQ,116,Comment expresses a neutral thought about safety prioritization without strong emotion.
Been have this since 2021,neutral,4,neutral,tech_product_launch,https://www.youtube.com/watch?v=n6pqGoXWZzo,143,Factual statement about ownership duration.
Because my wife's boyfriend told me it wasn't cool!,joy,3,positive,disgust_brand_backlash,https://www.youtube.com/watch?v=-4Qa9ZXTg2g,171,"Sarcastic joke about wife's boyfriend, implying humorous self-deprecation."
0:23 I’m innocent 😂😂😂😂😂😂😂😂😂😂😂😂😂😂,joy,3,positive,fast_food_brand_launch,https://www.youtube.com/watch?v=chYLHu0w8z0,91,Laughter emojis indicate amusement and humor.
I like how the ad before the video is a note ad,joy,3,positive,surprise_product_fail,https://www.youtube.com/watch?v=_Cd2WIxKRDk,174,"Sarcastic appreciation of ad placement, likely humorous."
0:41 HOW CUTE 😭😭😭😭,joy,3,positive,movie_trailer_joy,https://www.youtube.com/watch?v=LEjhY15eCx0,140,Expresses delight at a cute moment with crying emojis indicating overwhelming joy.
Omg the dislikes went from 150k to 88k😂😂😂,surprise,6,positive,controversial_brand_purpose,https://www.youtube.com/watch?v=UYaY2Kb_PKI,39,"Surprise at the drop in dislikes, laughter emojis indicate amusement."
rip terrie,sadness,5,negative,fear_health_warning,https://www.youtube.com/watch?v=5zWB4dLYChM,18,Expresses sorrow for someone's death.
That is absolutely disgusting.,disgust,1,negative,anger_brand_crisis,https://www.youtube.com/watch?v=VrDWY6C1178,3,Explicit expression of disgust towards the content.
How do I find the id for this vid,neutral,4,neutral,fast_food_brand,https://www.youtube.com/watch?v=79phlhutGLg,31,"Simple factual question, no emotional tone."
Gillette made me change…CHANGE razors🪒,surprise,6,negative,controversial_brand_purpose,https://www.youtube.com/watch?v=UYaY2Kb_PKI,140,"Unexpected twist with sarcasm about changing razors, implying dissatisfaction."
The craziest thing about this is that he did it shortly after his hip replacement surgery!😬 what a legend ❤,surprise,6,positive,automotive_brand_ad,https://www.youtube.com/watch?v=M7FIvfx5J10,30,"Surprise at the feat, admiration for the legend, despite surgery."
Plot twist: the glass was a paid actor,surprise,6,positive,surprise_product_fail,https://www.youtube.com/watch?v=LMWwImDX3ks,60,"Humorous plot twist comment, playful surprise"
"7 years of Endgame. Wow, can you believe that?",surprise,6,neutral,entertainment_fandom,https://www.youtube.com/watch?v=TcMBFSGVi1c,126,Expresses disbelief and wonder about time passing.
"What about the vapes I buy from my medical dispensary? I have my medical card since I have illnesses. I have been using medical vapes for years and I have no side effects as of now. Thank you.. a lot of people are wondering about this, so your answer will truly help! -Concerned Vaper",neutral,4,neutral,fear_health_warning,https://www.youtube.com/watch?v=IJlIcK-gbLE,106,"Comment asks a factual question about medical vapes, expressing concern but no strong emotion."
They gonna love the The bills 💀😭,joy,3,positive,brand_crisis_negative,https://www.youtube.com/watch?v=tHn5bOBoEMI,184,Sarcastic humor with laughing emojis indicates amusement.
I am crying see this video I love you papa 😊😊😊😊😊 Without any cost I so lucky have to caring father,joy,3,positive,sadness_psa,https://www.youtube.com/watch?v=vgain-EQdt0,117,"Expresses love and gratitude for father, with crying emojis indicating happy tears."
This guy is a creepy weirdo,anger,0,negative,surprise_product_fail,https://www.youtube.com/watch?v=LMWwImDX3ks,204,Insulting language expressing strong disapproval.
he lies😢😢😢,sadness,5,negative,sadness_psa,https://www.youtube.com/watch?v=vgain-EQdt0,149,Crying emojis indicate sadness and disappointment about being lied to.
"No service is difficult now that we are nearly all relying on our phones for so much; but a ridiculous lie about ""thousands"" instead of the millions 🤨.",disgust,1,negative,anger_customer_service,https://www.youtube.com/watch?v=T8ClHGY08jc,109,"Criticizes a lie about numbers, expressing disbelief and disapproval."
I remember when I first seen this commercial. 2025 and this ad is still going strong. What a piece of art! A classic,joy,3,positive,automotive_brand_ad,https://www.youtube.com/watch?v=M7FIvfx5J10,99,"Expresses nostalgia and admiration for the ad, calling it a classic piece of art."
I still use my samsug galaxy j2 pro 2018,neutral,4,neutral,surprise_product_fail,https://www.youtube.com/watch?v=_Cd2WIxKRDk,185,"Factual statement about phone usage, no emotional tone."
It’s 1.5 million and it’s a cyber attack!,surprise,6,negative,anger_customer_service,https://www.youtube.com/watch?v=oZRywTkhwrA,103,Surprise at the high cost and negative connotation of cyber attack.
Character and plot similarities to real people or events are unintentional and coincidental...,neutral,4,neutral,sadness_brand_story,https://www.youtube.com/watch?v=YvYGO4o334I,58,"Standard disclaimer, no emotional content."
Thailand...you’re making us cry again...,sadness,5,negative,sadness_psa,https://www.youtube.com/watch?v=iVrQqWIs6ZE,100,Expresses sadness and emotional impact from Thailand.
Why doe sit sound like the trend “chocolate vanilla hah swirlll” trend when she said chocolate,surprise,6,neutral,fear_public_safety,https://www.youtube.com/watch?v=0ygLvFG9QsA,165,Commenter expresses confusion or surprise about the similarity to a trend.
"United reply: ""APRIL FOOL""",surprise,6,neutral,anger_brand_crisis,https://www.youtube.com/watch?v=VrDWY6C1178,21,"Comment reveals a prank, likely surprising viewers."
I refuse to believe there are over 30 platforms to stream on where the veiwer retention is high enough to break even on all those,surprise,6,negative,brand_crisis_negative,https://www.youtube.com/watch?v=tHn5bOBoEMI,17,Expresses disbelief and skepticism about streaming platforms.
"One of the best safety video for no texting while driving was a series of clips from street CCTV, showing people on their phone while walking and then either tripping on the pavement or hitting random things on the street ( a light pole, a parked car, someone else). The video then showed the message ""You cannot text while walking"" then you had a black screen with the sound of car brake and a crash followed by the message ""What makes you think you can when driving?""",surprise,6,negative,fear_public_safety,https://www.youtube.com/watch?v=O8MQV40pOtk,11,Comment describes a shocking safety video that uses surprise to convey danger.
"Dr: I'm sorry, man. While performing the surgery, I ripped your vein Me: Can't you just try it again? Dr: No, the damage is done. You're going to bleed out. Me: Please... I have a lot of hobbies to get back to. A lot of co-workers I want to say hello to again. Dr: ...if only I was going a bit slower.",sadness,5,negative,sadness_psa,https://www.youtube.com/watch?v=B2rFTbvwteo,57,Story about fatal medical error evokes sadness and hopelessness.
You can find me in the comments section of the ad. Lol I was the first few viewers Honestly I think video is eehh I don't care. It's just a publicity stunt as always.,neutral,4,negative,disgust_brand_backlash,https://www.youtube.com/watch?v=-4Qa9ZXTg2g,82,Dismissive tone about the video being a publicity stunt.
Honestly if you do anything whether you trying to please someone you always end up hurting someone so you just try to keep it moving you cant please everyone..,neutral,4,neutral,disgust_brand_backlash,https://www.youtube.com/watch?v=GNOu1Se6dYE,51,"Reflective statement about life, no strong emotion detected."
How many years,neutral,4,neutral,fear_health_warning,https://www.youtube.com/watch?v=IJlIcK-gbLE,167,Literal question without emotional tone.
Rest in peace Terrie Hall,sadness,5,negative,fear_health_warning,https://www.youtube.com/watch?v=X4k12miYJ4M,152,Expression of mourning for someone's death.
My dad can't stop smoking.I want my dad still life.,sadness,5,negative,fear_health_warning,https://www.youtube.com/watch?v=5zWB4dLYChM,61,Expresses worry and sadness about father's smoking habit.
Do u think 🤔 after smoking a vape for one year to late I have been only taking one drag after dinner now ! Befor I used it full time I starting to hate it ! But is to late,sadness,5,negative,fear_health_warning,https://www.youtube.com/watch?v=IJlIcK-gbLE,43,"Expresses regret and dislike for vaping habit, questioning if it's too late."
"Amazing how the down votes went from +100,000 to 23,000.",surprise,6,neutral,controversial_brand_purpose,https://www.youtube.com/watch?v=UYaY2Kb_PKI,135,"Expresses surprise at the change in downvotes, no strong positive or negative tone."
Breaking: Fork Found in Kitchen,neutral,4,neutral,disgust_food_safety,https://www.youtube.com/watch?v=--OnclX8yac,152,Factual statement with no emotional tone.
Your reviews are simple and to the point! Much better then all the other reviewers.. This phone is the one! To bad I dont want to shell out 1400 .. going to pick up a s24+ for much less for now instead,joy,3,positive,tech_review_mixed,https://www.youtube.com/watch?v=XkXbkxtBlwY,24,Expresses appreciation for the review and excitement about the phone.
Grok sucks though,anger,0,negative,surprise_launch_reaction,https://www.youtube.com/watch?v=4qGw9WH4Xj8,16,Expresses strong dislike with 'sucks'.
I’d call it a CyberPinto but that’s an insult to the Pinto.,disgust,1,negative,automotive_controversy,https://www.youtube.com/watch?v=ro262oyhZAI,23,Sarcastic insult comparing to a notoriously bad car.
I am Japanese. I am talking using Google translation. I am very saddened when I watch this video. I had a dream to travel to America since I was a child. Americans had a lot of friendly people. I was looking forward to going on a trip. But now I'm scared of going to America. Tears will come out as I see the same eye. But I like America. I hope that United Airlines reflects from the bottom of my heart.,sadness,5,negative,anger_brand_crisis,https://www.youtube.com/watch?v=VrDWY6C1178,40,Expresses sadness and fear about traveling to America due to the video content.
Mia vida era desse jeito aí,sadness,5,negative,sadness_psa,https://www.youtube.com/watch?v=vgain-EQdt0,153,"Expresses that life was like that, implying hardship or sadness."
"I smoked for a year and recently quit, I hope this ad (and others) along with my personal frame of mind is a tool to cutting this addiction for good.",joy,3,positive,fear_health_warning,https://www.youtube.com/watch?v=5zWB4dLYChM,36,Hopeful and determined about quitting smoking.
wtf who dragges a doctor WTF😣😣,anger,0,negative,anger_brand_crisis,https://www.youtube.com/watch?v=1PA0geOa4PM,14,Expresses confusion and frustration with strong language and crying emojis.
Will not buy them any more.,anger,0,negative,disgust_brand_backlash,https://www.youtube.com/watch?v=8lXBs2Wy1OU,141,Expresses frustration and decision to stop purchasing.
I literally cried when the girl comes in uniform. I want to be like that man.,sadness,5,positive,sadness_psa,https://www.youtube.com/watch?v=uaWA2GbcnJU,55,"Crying from emotional inspiration, expressing admiration and aspiration."
"I’m 43 and have been smoking on and off for 30 years, I’ve quit before no problem and but have had soooo much trouble quiting this time. I appreciate watching this and it really makes me want to quit all that much more. God bless everyone watching this praying you can find the strength to quit! Praying for myself cuz it ain’t easy the older you get the harder it gets",sadness,5,negative,fear_health_warning,https://www.youtube.com/watch?v=EkkOTplBCmA,125,Expresses struggle with quitting smoking and difficulty with age.
Michiko 💕💕,joy,3,positive,beauty_campaign,https://www.youtube.com/watch?v=JNYjRmNCu9o,48,Heart emojis and name indicate affection and happiness.
pepsi on that bullshit. i dont care but its source material is obvious.,anger,0,negative,disgust_brand_backlash,https://www.youtube.com/watch?v=GNOu1Se6dYE,188,"Criticizes Pepsi with 'bullshit', implying frustration or disapproval."
The reallye greate emotion 🌹🙏🙏🙏🌹,joy,3,positive,sadness_psa,https://www.youtube.com/watch?v=vgain-EQdt0,71,Positive words and rose emojis express gratitude and happiness.
Cool Apple commercial bro,neutral,4,neutral,tech_product_launch,https://www.youtube.com/watch?v=n6pqGoXWZzo,12,"Sarcastic tone, likely mocking the commercial."
EXPLOSION 💥,surprise,6,positive,surprise_product_fail,https://www.youtube.com/watch?v=8H6jz30Im_Y,13,Exclamation and explosion emoji indicate excitement and surprise.
"Who cares, you're boring.",anger,0,negative,sadness_psa,https://www.youtube.com/watch?v=Ket5RWHg9IU,76,Dismissive and insulting tone indicates anger.
All the medal containers look rusted or dirty.,disgust,1,negative,disgust_food_safety,https://www.youtube.com/watch?v=xPGCrRRFWBk,171,Expresses displeasure at the appearance of medal containers.
wait tell he figures out airpods pro already have active noise cancelations,surprise,6,neutral,tech_product_launch,https://www.youtube.com/watch?v=n6pqGoXWZzo,6,Sarcastic surprise about someone discovering existing feature.
Stupid human question get stupid human response,anger,0,negative,surprise_launch_reaction,https://www.youtube.com/watch?v=4qGw9WH4Xj8,22,Expresses frustration and contempt towards humans.
I've worked in many restaurants. Thankfully I've always had owners and managers that emphasized cleanliness to the employees and followed food safety/health guidelines. Except for this one pizza place where the kitchen was really disgusting. I quit after two weeks. I couldn't work there anymore.,disgust,1,negative,disgust_food_safety,https://www.youtube.com/watch?v=--OnclX8yac,82,"Recalls a disgusting kitchen experience, expressing strong aversion."
This is disturbing. May she rest in peace.,sadness,5,negative,fear_health_warning,https://www.youtube.com/watch?v=X4k12miYJ4M,30,Expresses disturbance and mourning for someone's death.
holy shit!! I've seen this video few times and just now realized the trucks are going backwards!!,surprise,6,positive,automotive_brand_ad,https://www.youtube.com/watch?v=M7FIvfx5J10,137,Shock and excitement from a sudden realization.
Nostalgia ✌🏻🥹,sadness,5,positive,sadness_psa,https://www.youtube.com/watch?v=uaWA2GbcnJU,242,Nostalgia with a crying emoji and peace sign suggests bittersweet positive sentiment.
I remember when I was a teenager I had a meltdown every night. My anxiety was through the roof back then. Now that I’m an adult my emotions have settled down,sadness,5,negative,movie_trailer_joy,https://www.youtube.com/watch?v=LEjhY15eCx0,100,"Reflects past anxiety and emotional struggle, but with a sense of relief now."
whats with all the penisis on the table 😜!??,surprise,6,neutral,disgust_brand_backlash,https://www.youtube.com/watch?v=zFm9FRxi0ZM,96,"Surprise at penises on table, playful tone with emoji"
"For those that aren't, or perhaps don't know the full extent of the problem, Samsung had to recall the Galaxy Note 7 due to a faulty battery cell that caused the battery to overheat and possibly explode when charging. Samsung confirmed it became aware of 35 such cases in South Korea and in other countries. Edit: CHILL OUT ON THE LIKES",neutral,4,neutral,surprise_product_fail,https://www.youtube.com/watch?v=8H6jz30Im_Y,58,"Informational comment explaining a recall, no strong emotion."
Paper Jam,neutral,4,neutral,fear_public_safety,https://www.youtube.com/watch?v=0ygLvFG9QsA,176,Comment is a simple phrase with no emotional tone.
It is right now 9:30pm and still No Service!!! 😤,anger,0,negative,anger_customer_service,https://www.youtube.com/watch?v=T8ClHGY08jc,25,Expresses frustration and anger about delayed service.
Elons humor 😂,joy,3,positive,surprise_launch_reaction,https://www.youtube.com/watch?v=4qGw9WH4Xj8,72,Laughter emoji indicates amusement and positive reaction to Elon's humor.
Epilepsy warning!!,fear,2,negative,fear_public_safety,https://www.youtube.com/watch?v=3Twl1soaBJM,39,Warning about epilepsy triggers concern and caution.
"The line of ""have everything"" and ""happiness "", i don't think those are lie somehow",neutral,4,neutral,sadness_psa,https://www.youtube.com/watch?v=O15dxrBNuAQ,139,"Comment expresses uncertainty about a statement, no strong emotion."
The confidence in 10-15 rats😂🤣,joy,3,positive,disgust_food_safety,https://www.youtube.com/watch?v=dhBxrfETXJA,50,Laughter emojis indicate amusement and joy.
"I have been in the food industry for years. Pass all my Health Inspection Classes for my certificate EVERY TIME!!! This place is NASTY 🤢 Everything NEEDS to go!!!!! Pressure wash everything down, wash, sanitize and start all over again. The owner tells it all when it comes to this establishment. I am so glad to see a relevant video come through my timeline #NewSub 🫶🏾💜 Keep up the great content. I Love It",disgust,1,negative,disgust_food_safety,https://www.youtube.com/watch?v=xPGCrRRFWBk,241,"Strong disgust at unsanitary conditions, despite positive ending."
All is good until this happens in real life and i faint too oit of fear😭🙏,fear,2,negative,fear_public_safety,https://www.youtube.com/watch?v=tAlrXpn5MOc,160,"Expresses fear of fainting in real life, with crying emoji."
"If you eat out, you'll always run some risk. That's why if a place is good you should be a faithful patron.",neutral,4,neutral,disgust_food_safety,https://www.youtube.com/watch?v=--OnclX8yac,45,Comment gives practical advice without strong emotion.
"The fuck is the point of living in a society if you're not willing to bear a little discomfort for the betterment of others (talking about people who don't want to see these ads)? Saying ""I'm against smoking, I just don't want these ads forced into my view"" is the exact same thing as saying ""I'm not homophobic, I just think I shouldn't have to see it"" or ""I'm not ableist, I just think they're making a bigger deal about (insert literally any accesability feature being missing) than it really is- i don't want to hear it."" People like that care more about their own comfort than the thought that even one person could be helped by something that doesn't affect them at all. They don't want to think about uncomfortable topics or be reminded that disability isn't just a hypothetical.",anger,0,negative,fear_health_warning,https://www.youtube.com/watch?v=EkkOTplBCmA,37,Expresses frustration and anger towards people prioritizing comfort over helping others.
I'm surprised the commercial didn't end with a line up of men getting castrated by the razors themselves.,surprise,6,negative,controversial_brand_purpose,https://www.youtube.com/watch?v=UYaY2Kb_PKI,74,Unexpected violent imagery with sarcastic tone.
Why did it feel like this trailer was about to end five times but it kept going?,surprise,6,neutral,gaming_product_launch,https://www.youtube.com/watch?v=RkC0l4iekYo,6,Expresses surprise at the trailer's unexpected length.
Atlanta?! Wow! Big shocker! Such a clean and healthy place!,neutral,4,negative,disgust_food_safety,https://www.youtube.com/watch?v=dhBxrfETXJA,181,Sarcastic praise implies criticism of Atlanta's cleanliness and health.
"Anything is possible when you throw it at him, not me! Ugh, let's try something else.",neutral,4,negative,classic_brand_ad,https://www.youtube.com/watch?v=owGykVbfgUE,137,Expresses annoyance and defeat after failed attempt.
Wake up bro,neutral,4,neutral,fear_public_safety,https://www.youtube.com/watch?v=tAlrXpn5MOc,173,Direct statement without strong emotional cues.
"I was driving behind a Cyber truck yesterday and thought the same thing,that is looks like a garbage can.",disgust,1,negative,automotive_controversy,https://www.youtube.com/watch?v=ro262oyhZAI,27,"Compares Cybertruck to a garbage can, expressing dislike."
"I used to watch ts in my Papa's phone gallery back when I was like 7 gng . He passed away back in 2019 , yet still now I miss him and realize that I need him more and more .",sadness,5,negative,sadness_psa,https://www.youtube.com/watch?v=iVrQqWIs6ZE,120,Expresses grief and longing for a deceased father.
The dislikes are the people who dont know anything about being a hero.,anger,0,negative,sadness_psa,https://www.youtube.com/watch?v=uaWA2GbcnJU,217,"Criticizes people who dislike, implying ignorance."
I am too scared to eat out. Especially when I can't see them assemble the plate.,fear,2,negative,brand_crisis_negative,https://www.youtube.com/watch?v=JVxCp22WatU,87,Expresses fear about eating out due to lack of visibility.
Guilty people always get aggressive,anger,0,negative,disgust_food_safety,https://www.youtube.com/watch?v=dhBxrfETXJA,239,Comment implies accusation and frustration with defensive behavior.
Can somebody know the title about this background music???,neutral,4,neutral,sadness_psa,https://www.youtube.com/watch?v=vgain-EQdt0,187,Simple request for information without emotional tone.
"it's so sad/scary, you can see her facial reaction at the end when she says and now you're ready for the day, you can see the regret in her eyes",sadness,5,negative,fear_health_warning,https://www.youtube.com/watch?v=5zWB4dLYChM,1,Describes regret and sadness in facial reaction.
There should never be a reason why a restaurant is in such bad condition and is allowed to remain open to make necessary corrections. That place should have been shut down immediately.,anger,0,negative,disgust_food_safety,https://www.youtube.com/watch?v=--OnclX8yac,8,Expresses strong disapproval and outrage about restaurant conditions.
Tignan natin kung magawa mong walang corruption,anger,0,negative,sports_brand_purpose,https://www.youtube.com/watch?v=jBnseji3tBk,97,Sarcastic challenge implying corruption is inevitable.
United Airlines is sorry. They truly are. but they did say.... NO EXCEPTIONS!,anger,0,negative,anger_brand_crisis,https://www.youtube.com/watch?v=yJTaGf5zURQ,150,"Sarcastic tone about United Airlines' apology, highlighting hypocrisy with 'NO EXCEPTIONS'."
78 YEARS OLD . SAW ALL KINDS DIE OF SMOKING INCLUDING MY MOTHER AND FATHER,sadness,5,negative,fear_health_warning,https://www.youtube.com/watch?v=X4k12miYJ4M,110,"Loss of parents to smoking, expressing grief and regret."
why am I getting recommended this just an hour after arriving in Paris... Wait.. Google.. you aren't spying on me are you?,surprise,6,neutral,tech_brand_story,https://www.youtube.com/watch?v=nnsSUqgkDwU,50,"Surprise at recommendation timing, with joking suspicion about spying."
HE’S MARRIED!? HE HAS KIDS!?,surprise,6,neutral,fast_food_brand_launch,https://www.youtube.com/watch?v=chYLHu0w8z0,7,Unexpected revelation about marital and parental status.
if it was overbooked then why was he given the boarding pass? Why didn't they just prevent the late comers in. I was at Emirates flight and it was overbooked and they never gave me a boarding pass! But I agreed to volunteer because they gave me an extra ticket to compensate.,anger,0,negative,anger_brand_crisis,https://www.youtube.com/watch?v=VrDWY6C1178,26,Expresses frustration and disbelief at airline's inconsistent overbooking policy.
"Grok needs to be banned..or some of the people using it. The stuff people are asking is NOT okay. People are asking for some very weird stuff. Some.people take photos of all woman, even TODDLERS. And ask grok to take their clothes off. Please be aware guys",anger,0,negative,surprise_launch_reaction,https://www.youtube.com/watch?v=4qGw9WH4Xj8,35,Expresses outrage and concern about inappropriate use of Grok.
This is like my 6 time watching it and I’m still crying,sadness,5,negative,sadness_psa,https://www.youtube.com/watch?v=O15dxrBNuAQ,74,"Repeated viewing still causes crying, indicating deep sadness."
I didn't even think it was bad lol,surprise,6,positive,disgust_brand_backlash,https://www.youtube.com/watch?v=KxAf8ZJvUPo,115,Unexpectedly positive reaction to something perceived as bad.
Virginia is out. Since 1 pm . We have family plan and all phones are SOS. And my sister in Charleston sc her entire law firm has Verizon we message on FB she said everyone is in SOS mode,anger,0,negative,anger_customer_service,https://www.youtube.com/watch?v=MUo3n8QSQLE,119,Expresses frustration and anger about Verizon outage affecting family and sister's law firm.
Being diagnosed of cancer multiple times is scary.. hopefully her testimony will spread more about the dangers of smoking..,fear,2,negative,fear_health_warning,https://www.youtube.com/watch?v=EkkOTplBCmA,61,Expresses fear about cancer diagnosis and concern about smoking dangers.
"If this can't help you quit smoking, I DON'T KNOW what else will It's just upsetting",sadness,5,negative,fear_health_warning,https://www.youtube.com/watch?v=X4k12miYJ4M,119,Expresses frustration and disappointment about quitting smoking.
"As someone who has worked in kitchens for far longer than I'd care to admit, most people don't want to know just how filthy a kitchen can get at the end of a busy night. Of course, there's always clean up to make everything spick and span. However. I felt my eyes roll back into my head at seeing raw foods placed in such ridiculous places. But most of all, who the Hell has a bathroom *in the kitchen*",disgust,1,negative,disgust_food_safety,https://www.youtube.com/watch?v=--OnclX8yac,61,Expresses disgust at kitchen filth and raw food placement.
way to go pepsi for pointing out 99% of police arent bad i love this commercial,joy,3,positive,disgust_brand_backlash,https://www.youtube.com/watch?v=zFm9FRxi0ZM,28,Expresses approval and love for the commercial.
"that’s crazy, yesterday me and my dad were working and this girl in a car maybe 19 years old was otp and ran a stop sign and we almost ran into her car",surprise,6,negative,fear_public_safety,https://www.youtube.com/watch?v=vvXXzHSPu10,3,"Recounting a near-accident caused by a reckless driver, expressing shock."
"I'm in Australia and I've just seen this ad on another YouTube channel. It made me cry, as it's message is the most profoundly important one humans need to hear right now. Let's make it viral ❤",sadness,5,positive,sadness_psa,https://www.youtube.com/watch?v=uaWA2GbcnJU,15,Commenter cried from emotional ad but supports its message.
I'm a nice guy. I'm not like other men.,neutral,4,neutral,disgust_brand_backlash,https://www.youtube.com/watch?v=liPlJ_ynd_Q,83,"Self-descriptive statement, no strong emotion detected."
You need a flash warning,anger,0,negative,fear_public_safety,https://www.youtube.com/watch?v=3Twl1soaBJM,193,"Criticizing lack of flash warning, implying frustration or concern."
I'm actually beginning to like this ad considering that it's now clear the police are needed even more,joy,3,positive,disgust_brand_backlash,https://www.youtube.com/watch?v=VogNNsQ3Gmw,108,Expresses growing appreciation for the ad and support for police.
lol still impressive,joy,3,positive,surprise_product_fail,https://www.youtube.com/watch?v=pAqQ_ANAmrk,53,Laughter and appreciation indicate amusement and positive sentiment.
No way duo made a RPG. _💀_,surprise,6,positive,app_brand_campaign,https://www.youtube.com/watch?v=Ew4kM1FmM8o,12,"Surprise at Duolingo making an RPG, with playful skull emoji."
Good for them you guys need to do more inspection all over the place them too nasty,disgust,1,negative,disgust_food_safety,https://www.youtube.com/watch?v=dhBxrfETXJA,70,Expresses disgust and criticism about cleanliness and inspection.
How much do you have to vape to end up like that? My brother smokes and he vaped for a long time and hasn't had breathing issues yet (though I worry all the time that he'll die young.),fear,2,negative,fear_health_warning,https://www.youtube.com/watch?v=IJlIcK-gbLE,109,Expresses worry about brother's health and potential early death.
I have never smoked. My exhusband handed me his cigarette and I took one puff and went “why in God’s name would you do this?”,surprise,6,negative,fear_health_warning,https://www.youtube.com/watch?v=X4k12miYJ4M,246,Expresses disbelief and confusion about why people smoke.
"I imagine that, and it almost made me cry",sadness,5,negative,fear_public_safety,https://www.youtube.com/watch?v=3Twl1soaBJM,89,Comment expresses emotional response of almost crying.
welp. time for a law standardizing VOLTE and VOIP protocols to allow for 911 consistency.,neutral,4,neutral,anger_customer_service,https://www.youtube.com/watch?v=-LZ_a5TER_0,194,"Factual statement about need for regulation, no strong emotion."
This is why having 3 companies at the top of an industry isn't the best idea,neutral,4,neutral,anger_customer_service,https://www.youtube.com/watch?v=MUo3n8QSQLE,72,Expresses a factual opinion without strong emotion.
Bro should have gotten vanilla instead 💀,disgust,1,negative,fear_public_safety,https://www.youtube.com/watch?v=0ygLvFG9QsA,231,"Criticizes choice with disgust, skull emoji emphasizes disapproval."
Mfs pulled the ultimate plot twist in an ad,surprise,6,positive,fear_public_safety,https://www.youtube.com/watch?v=0ygLvFG9QsA,155,"Unexpected plot twist in ad, amusing surprise."
"omfg, i had this ad b4 i could watch the ad :S but atleast the ad loaded faster then the ad ;)",surprise,6,neutral,tech_brand_story,https://www.youtube.com/watch?v=nnsSUqgkDwU,68,Expresses surprise at ad situation with a neutral tone and slight humor.
"I'm not crying, sometimes when I get sad, water comes out of my eyes.",sadness,5,negative,sadness_psa,https://www.youtube.com/watch?v=O15dxrBNuAQ,115,Denial of crying but admits sadness and tears.
At first I didn't even understand all the bad about this commercial I was just like oh pepsi copying coca but thats not new,neutral,4,neutral,disgust_brand_backlash,https://www.youtube.com/watch?v=KxAf8ZJvUPo,238,Commenter expresses initial confusion and mild observation without strong emotion.
😭 I feel so bad,sadness,5,negative,fear_health_warning,https://www.youtube.com/watch?v=X4k12miYJ4M,121,Crying emoji and explicit expression of feeling bad indicate sadness.
What if Isis used Samsung to explode building?? :O,surprise,6,negative,surprise_product_fail,https://www.youtube.com/watch?v=_Cd2WIxKRDk,193,Hypothetical scenario with shocking implication.
"Stupid, never buy their product",anger,0,negative,disgust_brand_backlash,https://www.youtube.com/watch?v=liPlJ_ynd_Q,248,Expresses strong disapproval and frustration with the product.
Bro is dating the cartel boss daughter 😭😭,surprise,6,negative,fear_health_warning,https://www.youtube.com/watch?v=iaBh9HRJHjg,4,"Shock and disbelief at dangerous situation, crying emojis indicate distress."
''Start a discussion'' and now the comment section to said ad is removed.,anger,0,negative,disgust_brand_backlash,https://www.youtube.com/watch?v=8lXBs2Wy1OU,120,Frustration about removed comment section for ad discussion.
Thank you for sharing. #bancigarettes #banvapes,neutral,4,positive,fear_health_warning,https://www.youtube.com/watch?v=iaBh9HRJHjg,16,Expresses gratitude and support for a cause.
It's just a commercial people need to chill,neutral,4,neutral,disgust_brand_backlash,https://www.youtube.com/watch?v=GNOu1Se6dYE,101,Dismissive tone about overreaction to a commercial
fight club lol,joy,3,positive,anger_brand_crisis,https://www.youtube.com/watch?v=yJTaGf5zURQ,181,Mention of Fight Club with 'lol' indicates amusement.
I always watch this almost everyday... And everytime I watch this I cry so hard,sadness,5,negative,sadness_psa,https://www.youtube.com/watch?v=O15dxrBNuAQ,190,"Expresses crying repeatedly, indicating deep sadness."
Not to mention the aluminum frames that are snapping.,anger,0,negative,automotive_controversy,https://www.youtube.com/watch?v=ro262oyhZAI,138,Criticizing product quality with broken frames.
It is country wide outage. Something freaking weird is happening and people are reporting phone number changes as well as receiving photos and messages from people that they dont know,fear,2,negative,anger_customer_service,https://www.youtube.com/watch?v=MUo3n8QSQLE,25,"Describes a strange, unsettling event causing concern and uncertainty."
"Until now, I'm still crying while watching this film It's So overwhelming😭😭😭❤️",sadness,5,negative,sadness_psa,https://www.youtube.com/watch?v=iVrQqWIs6ZE,168,Crying and overwhelming sadness despite heart emoji.
"*fight breaks lose on plane* Passenger that already experienced it: ah crap,here we go again",sadness,5,negative,anger_brand_crisis,https://www.youtube.com/watch?v=yJTaGf5zURQ,178,Resignation and weariness from repeated negative experiences.
"I'm only ten seconds into the video, and I know Terrie's story already, but even after seeing the ads often, over the course of years, 0:10's ad still makes me cry. This was her. In her final days. Tired and dying, pumped with pain meds and full of regret. I don't know what it is, and I've never even known her, but it makes me wish Terrie was alive to enjoy the life she robbed from herself.",sadness,5,negative,fear_health_warning,https://www.youtube.com/watch?v=EkkOTplBCmA,20,"Comment expresses deep sadness and regret about Terrie's story, evoking tears."
"Not seen this before. Powerful and well done, but nothing beats Julie Knew Her Killer and If You Hit Me At 40 for me.",joy,3,positive,sadness_psa,https://www.youtube.com/watch?v=B2rFTbvwteo,15,Expresses appreciation for the video while fondly recalling favorites.
"As a young teen, this video is scary to me, not because *I* smoke, but because both my parents smoke",fear,2,negative,fear_health_warning,https://www.youtube.com/watch?v=X4k12miYJ4M,24,Expresses fear about parents' smoking habit.
The only thing I hate about is the cheese it’s not in the middle,anger,0,negative,brand_crisis_negative,https://www.youtube.com/watch?v=kQg2LMmpPn8,209,Expresses dislike and frustration about cheese placement.
I have never rewatced an advertisement until now...,surprise,6,positive,automotive_brand_ad,https://www.youtube.com/watch?v=M7FIvfx5J10,40,"Unexpectedly enjoyed an ad, implying positive surprise."
He became realistic 💀,surprise,6,negative,fast_food_brand_launch,https://www.youtube.com/watch?v=chYLHu0w8z0,3,Skull emoji indicates shock or disbelief at harsh reality.
Musk here is like the guy selling reed in Ice Age II lmaooo,joy,3,positive,surprise_product_fail,https://www.youtube.com/watch?v=LMWwImDX3ks,146,"Humorous comparison to Ice Age character, laughter indicated by 'lmaooo'"
Flight Attendant: Evening Passengers. We will be serving chicken/beef today for dinner. For your in-flight entertainment we have available the horror movie Drag me to hell in 3D.,joy,3,positive,anger_brand_crisis,https://www.youtube.com/watch?v=WEw-GjTriIo,76,Humorous contrast between mundane announcement and horror movie.
I've watched this 10 times now and it still gives me chills. Good job Nike,joy,3,positive,brand_campaign_positive,https://www.youtube.com/watch?v=ijTwZNUBhcI,42,Expresses admiration and excitement from repeated viewing.
They need to be shut down immediately🤢🤮,disgust,1,negative,disgust_food_safety,https://www.youtube.com/watch?v=--OnclX8yac,40,"Expresses strong disgust and desire to shut down, using sick emojis."
How was this not a Super Bowl Commercial?,surprise,6,neutral,sadness_brand_story,https://www.youtube.com/watch?v=YvYGO4o334I,127,Expresses disbelief that the content wasn't a Super Bowl ad.
"No matter what, no matter if people adress issues or not, people will always complain.....😒😒😒",disgust,1,negative,disgust_brand_backlash,https://www.youtube.com/watch?v=GNOu1Se6dYE,47,"Expresses frustration and annoyance with people complaining, using disgust emojis."
This ad is amazing and stupid people are getting offended over nothing !!!! Plus she looks hot af !!!,joy,3,positive,disgust_brand_backlash,https://www.youtube.com/watch?v=GNOu1Se6dYE,210,"Expresses enjoyment of the ad and attraction, with dismissive tone towards critics."
when i sawthat car theycare on i got saddend,sadness,5,negative,fear_public_safety,https://www.youtube.com/watch?v=3Twl1soaBJM,224,Expresses sadness upon seeing a car.
KARMA IS GREAT !!,joy,3,positive,fear_public_safety,https://www.youtube.com/watch?v=O8MQV40pOtk,91,Expresses satisfaction and delight about karma.
1980s Presidential Speeches had almost as many microphones at the podium.,surprise,6,neutral,brand_crisis_negative,https://www.youtube.com/watch?v=tHn5bOBoEMI,138,"Comment expresses surprise at the number of microphones, no strong positive or negative tone."
"My favorite is: ""United Airlines; Come as a doctor, leave as a patient""",joy,3,positive,anger_brand_crisis,https://www.youtube.com/watch?v=yJTaGf5zURQ,1,"Sarcastic humor about United Airlines, likely amusing to the commenter."
"1. Always be prepared for unexpected situations 2. drive carefully, you can't ever take back a mistake 3. speeding isn't worth it",neutral,4,neutral,sadness_psa,https://www.youtube.com/watch?v=B2rFTbvwteo,51,Informational advice without emotional expression.
Ive been in a car crash in Canada with my family 3 days before Christmas my sister my dad my mom thank God we survived don't worry we have a better car now,fear,2,negative,fear_public_safety,https://www.youtube.com/watch?v=3Twl1soaBJM,38,"Recounts a traumatic car crash, expressing relief but initial fear."
"Alright heres a story about me when i was kid my brothers would vape from time to time and there were Fine i was like ""bro how?"" they answered ""because we dont breath in and we Block the Smoke by shielding it with our tongue"" and i was like ""nah thats cap"" so i vaped i was coughing so hard i even cried so hard my lung felt it was falling so i never vaped again",neutral,4,neutral,fear_health_warning,https://www.youtube.com/watch?v=IJlIcK-gbLE,182,Anecdotal story with no strong emotional tone; factual recount.
"I'm glad those ads exist. I'm glad our predecessors learned what Not to do, and made it more difficult to screw ourselves up. I saw some ads, however I there's an aspect of consent that is missing... For all the non smokers like myself having to be near someone who smokes. I'll be very happy if others quit since my health will improve with less second hand smoke.",joy,3,positive,fear_health_warning,https://www.youtube.com/watch?v=EkkOTplBCmA,226,Expresses happiness about ads and potential health benefits from reduced smoking.
I will never go there again was sick all night and it was horrible!,anger,0,negative,disgust_food_safety,https://www.youtube.com/watch?v=zBXAJV82744,23,Expresses strong negative experience and vow to avoid place.
Louisiana down since 11am. It has to be in the millions!,anger,0,negative,anger_customer_service,https://www.youtube.com/watch?v=MUo3n8QSQLE,3,"Frustration about service outage, implying large scale issue."
For a meme this guy did amazing with the voice😂,joy,3,positive,fast_food_brand_launch,https://www.youtube.com/watch?v=chYLHu0w8z0,32,Praise and laughter emoji indicate amusement and appreciation.
Can't wait to hear apple talk about how the capture button is so innovative,neutral,4,negative,tech_product_launch,https://www.youtube.com/watch?v=n6pqGoXWZzo,34,Sarcastic tone mocking Apple's marketing of a capture button.
"Very random,thought it will talk about people being gay or being transgender....",surprise,6,neutral,disgust_brand_backlash,https://www.youtube.com/watch?v=-4Qa9ZXTg2g,52,"Unexpected content direction, expresses mild surprise."
Why did I feel like almost crying?,sadness,5,negative,fast_food_brand_launch,https://www.youtube.com/watch?v=chYLHu0w8z0,87,"Comment expresses feeling of almost crying, indicating sadness."
Te worst part when you try to shut down but the touchscreen not working 💀,anger,0,negative,surprise_product_fail,https://www.youtube.com/watch?v=8H6jz30Im_Y,109,"Frustration with malfunctioning touchscreen, expressed with skull emoji."
That literally looks like a car that you would see at Epcot Center at Disney World.,neutral,4,neutral,surprise_product_fail,https://www.youtube.com/watch?v=LMWwImDX3ks,230,Descriptive observation without strong emotional tone.
AIN'T NO WAY MAMA WAS FAKE 😂,surprise,6,positive,fear_public_safety,https://www.youtube.com/watch?v=0ygLvFG9QsA,106,"Surprise at revelation, but laughing emoji indicates amusement."
I just found out that the warning is fake and it’s a customized timer with options,surprise,6,neutral,surprise_product_fail,https://www.youtube.com/watch?v=8H6jz30Im_Y,131,Discovery of fake warning and customized timer evokes surprise.
i thought you could still call emergency services via satellite,surprise,6,neutral,anger_customer_service,https://www.youtube.com/watch?v=-LZ_a5TER_0,219,Expresses surprise about satellite emergency call capability.
They was gonna feed the ppl all that food to..crazy work,surprise,6,negative,disgust_food_safety,https://www.youtube.com/watch?v=xPGCrRRFWBk,245,Expresses disbelief and criticism about feeding people.
what now? isn't he able to sue the company ?,surprise,6,negative,anger_brand_crisis,https://www.youtube.com/watch?v=WEw-GjTriIo,180,Expresses confusion and skepticism about legal action.
10k coca-cola employees were forced to like this video,neutral,4,negative,food_beverage_ad,https://www.youtube.com/watch?v=Yy6fByUmPuE,97,"Sarcastic implication of forced engagement, mocking corporate influence."
"I was once eating at a Chinese restaurant and my brother saw a beetle (probably a cockroach) floating in their vat of sweet & sour soup. We told a waiter, and he thanked us for letting him know. Later we saw someone just come out and discreetly scoop the bug out but left the soup for people to eat! Also some Chinese kids, who I think were the owners’ children were talking among themselves and saying some very prejudiced/discriminatory things about my family, though I didn’t care that much since kids will be kids… but it made me wonder what they’re being taught by their parents.",disgust,1,negative,disgust_food_safety,https://www.youtube.com/watch?v=--OnclX8yac,124,Describes a disgusting incident with a bug in soup and prejudiced remarks.
"pov : you are crying your everything out and regretting for doing something bad to him - maybe not scoring good even though he spent money on school, maybe talking rudely , maybe not giving him much time but instead sitting with your fu(king friends on instagram promise me you will improvise",sadness,5,negative,sadness_psa,https://www.youtube.com/watch?v=vgain-EQdt0,223,"Expresses regret, guilt, and self-blame over past actions."
"I love how chill the rat dude was. “Yeah, we got rats. They’re on video. There’s a ton of them.” Real MVP right there.",joy,3,positive,disgust_food_safety,https://www.youtube.com/watch?v=dhBxrfETXJA,21,Expresses amusement and admiration for the rat dude's chill attitude.
Oh shoot I have eaten at they exact place they showed.... I'm dead.,surprise,6,positive,disgust_food_safety,https://www.youtube.com/watch?v=1vpTvVbNsJs,9,"Surprise at recognizing the place, with playful exaggeration 'I'm dead'."
"Today I went with my Mom and my sister to eat at Chipotle, (we are long time customers of theirs) When I heard that Chipotle was making people sick on the news, I suspected it wasn't anything serious and that everything would be fine when I ate there. Guess what? I was wrong. My Mom, sister and I along with the rest of the customers at Chipotle, watched a nine-year-old boy puke his guts out onto the Chipotle table and into his food bowl. My suspicions have been confirmed, Chipotle is invested with bacteria and viruses",disgust,1,negative,disgust_food_safety,https://www.youtube.com/watch?v=1vpTvVbNsJs,10,"Vivid description of a child vomiting due to food poisoning, expressing disgust and distrust."
shit happens,neutral,4,neutral,brand_campaign_positive,https://www.youtube.com/watch?v=ijTwZNUBhcI,6,Acknowledges negative events without strong emotion.
Putting those steaks that were on the floor right on your working station is crazy 😂,joy,3,positive,disgust_food_safety,https://www.youtube.com/watch?v=--OnclX8yac,60,"Amusement at the absurdity of the situation, indicated by laughter emoji."
This advertise will be very useful for customer conduct. And DOVE is most trustable and working company.,neutral,4,positive,beauty_brand_campaign,https://www.youtube.com/watch?v=z2T-Rh838GA,115,"Comment praises Dove's trustworthiness and usefulness, but tone is factual."
That hero sacrafices his life choices for other people he is a legend,joy,3,positive,sadness_psa,https://www.youtube.com/watch?v=uaWA2GbcnJU,86,Expresses admiration and praise for the hero's selflessness.
Thank goodness 😮,surprise,6,positive,fast_food_brand_launch,https://www.youtube.com/watch?v=chYLHu0w8z0,20,Expression of relief with surprise emoji
I just renembert the day we n my cat died in a car accident and now I cannot stop crying I feel how it is to die😢😭😭😭😭😭😭😭😭😭😭,sadness,5,negative,fear_public_safety,https://www.youtube.com/watch?v=3Twl1soaBJM,205,Expresses grief over a pet's death with crying emojis.
this is inhuman.sue their ass up.rubish,anger,0,negative,anger_brand_crisis,https://www.youtube.com/watch?v=WEw-GjTriIo,226,Expresses outrage and desire for legal action against perceived injustice.
"I feel emotional from a search engine ad, genius",surprise,6,positive,tech_brand_story,https://www.youtube.com/watch?v=nnsSUqgkDwU,30,"Unexpected emotional response to an ad, with ironic praise."
Praud moment for India😂,joy,3,positive,disgust_food_safety,https://www.youtube.com/watch?v=dhBxrfETXJA,153,"Expresses pride with a laughing emoji, indicating joy."
They completely trashed a huge portion of their consumers based on generalizations and sterotypes... so exactly how did they think this was going to go well?,anger,0,negative,controversial_brand_purpose,https://www.youtube.com/watch?v=UYaY2Kb_PKI,88,Expresses frustration and criticism towards company's actions.
As a former Sanitarian (Health Inspector) I'd have to say this restaurant would receive a Cease and Desist Order until all violations have been corrected. Seen many bad ones but this place was a wreck. You never know what lurks behind the kitchen door.,disgust,1,negative,disgust_food_safety,https://www.youtube.com/watch?v=--OnclX8yac,6,Expresses disgust and criticism about restaurant's poor hygiene conditions.
Love your mr buckethead! You always be best guitarist in history!!! My son will grow a little more and we be attending your concert with him too.,joy,3,positive,brand_crisis_negative,https://www.youtube.com/watch?v=tHn5bOBoEMI,224,Expresses admiration and excitement for attending a concert with son.
"I think that for me, this show is going to remind me how great Ricci's Wednesday was in comparison with this. I know this is just a trailer and the actual series might be great, but I have a feeling this show is going to take away the very things that make the character of Wednesday so iconic to begin with. To me the appeal of her character is how serious, joyless and completely dead inside and Ricci's verson sold that dead pan delivery perfectly. To give an idea, I have seen Wednesday express more emotion and smile more in this trailer, than in both Adams Family movies combined.",sadness,5,negative,streaming_trailer_reaction,https://www.youtube.com/watch?v=Di310WS8zLk,19,Expresses disappointment and concern that the new show will ruin Wednesday's iconic character.
"the reason i quit , RIP Terry you are beautiful",sadness,5,negative,fear_health_warning,https://www.youtube.com/watch?v=5zWB4dLYChM,16,"Expresses grief and loss for Terry, indicating sadness."
"*It seems like no one actually wants peace in our country anymore, somethings always happening. Someone is always getting ridiculed for doing something wrong. It’s a shame.*",sadness,5,negative,disgust_brand_backlash,https://www.youtube.com/watch?v=KxAf8ZJvUPo,13,Expresses disappointment and hopelessness about lack of peace and constant ridicule.
Never thought I'd see the day an actual insurance company would make a joke about killing someone on purpose. Bravo.,surprise,6,negative,sadness_brand_story,https://www.youtube.com/watch?v=YvYGO4o334I,2,Shock and disapproval at an insurance company's dark joke.
In the mean time Gillette has no problem charging woman 2 bucks more per razor when it’s the same cost to make as men’s razors total hypocrites pointing their dirty finger at others and telling us how to live when Procter and Gamble used child labor and pollutes in their factories.... Best ad for ever for Dollar Shave Club...,anger,0,negative,disgust_brand_backlash,https://www.youtube.com/watch?v=liPlJ_ynd_Q,208,"Accuses Gillette of hypocrisy, sexism, and unethical practices, expressing strong disapproval."
"This video never fails to make me cry, no matter how many times I watch it. It is so touching.",sadness,5,negative,sadness_psa,https://www.youtube.com/watch?v=iVrQqWIs6ZE,64,"Expresses crying and being touched, indicating sadness."
"To be fair, bulletproof glass still shatters, it just stops bullets. But there's no excuse for the design, gross.",disgust,1,negative,surprise_product_fail,https://www.youtube.com/watch?v=LMWwImDX3ks,37,"Criticizes design as 'gross', showing strong disapproval."
"110 violations is impressive, I think thats a world record 👀",surprise,6,positive,disgust_food_safety,https://www.youtube.com/watch?v=--OnclX8yac,83,"Impressed by the number of violations, with a hint of humor."
@HvtTrack8 its a taylored Nike ad :) i made it :),joy,3,positive,brand_campaign_positive,https://www.youtube.com/watch?v=ijTwZNUBhcI,119,"Proud of creating a tailored Nike ad, expressed with smiley."
I mean this is really funny and a bit irresponsible at the same time. I really like dark humor when it's done right. This was done right. Won't ever forget the name of the company and I'm sharing it with a lot of friends. So the ad has definitely served its purpose. Even the ones who hate it won't ever forget. I wish I could read some of the complaints that some TV stations will be getting.,joy,3,positive,sadness_brand_story,https://www.youtube.com/watch?v=YvYGO4o334I,59,Expresses enjoyment of dark humor and positive view of ad's effectiveness.
"he heard the laughter, and took it personally now look at him",sadness,5,negative,surprise_product_fail,https://www.youtube.com/watch?v=LMWwImDX3ks,86,Implies a negative outcome from taking laughter personally.
Who is watching this in 2019,neutral,4,neutral,sadness_psa,https://www.youtube.com/watch?v=O15dxrBNuAQ,123,"Simple inquiry about current viewers, no strong emotion."
"Board as a doctor, leaves as a patient.",surprise,6,negative,anger_brand_crisis,https://www.youtube.com/watch?v=WEw-GjTriIo,174,Unexpected twist from doctor to patient implies irony and negative outcome.
"Board as a doctor, leaves as a patient. - united airlines",sadness,5,negative,anger_brand_crisis,https://www.youtube.com/watch?v=WEw-GjTriIo,5,Sarcastic comment about a negative experience with United Airlines.
"I do not believe this is racist. Completely incompetent, senseless, self-destructive, unhelpful, bullheaded and violent? Absolutely. But I do not think this was motivated by race. What I want to know is what ever happened to first come first serve? The people who don't have seats should have to wait for the next plane, that way it's nice and easy and no one has to be dragged.",anger,0,negative,anger_brand_crisis,https://www.youtube.com/watch?v=9LhTJDkVXvg,41,"Expresses frustration and criticism about the situation, with strong negative descriptors."
"I’d be so embarrassed to have one of those in my driveway, under any circumstances. You really took one for the team to make this video. Lol",disgust,1,negative,automotive_controversy,https://www.youtube.com/watch?v=ro262oyhZAI,39,"Expresses embarrassment and disdain for the car, with sarcastic praise."
"The new TikTok comercial brought me here. Google, you did it better. I can feel something just moved inside my soul after watching this.",joy,3,positive,tech_brand_story,https://www.youtube.com/watch?v=nnsSUqgkDwU,13,Expresses admiration and emotional uplift from the video.
I’m in the e car closing my eyes and em thinking I was in a car accident,fear,2,negative,fear_public_safety,https://www.youtube.com/watch?v=3Twl1soaBJM,123,Describes fear of being in a car accident.
So misplaced ingredients make it disgusting?,disgust,1,negative,brand_crisis_negative,https://www.youtube.com/watch?v=kQg2LMmpPn8,116,Expresses disgust about misplaced ingredients.
Youtube: *let's recommend this to an unsuspecting fan so they'll realise two years have passed*,surprise,6,neutral,entertainment_fandom,https://www.youtube.com/watch?v=TcMBFSGVi1c,36,"Comment highlights unexpected passage of time, evoking mild surprise."
Apple should hire you to introduce the phones. Nice job,joy,3,positive,tech_product_launch,https://www.youtube.com/watch?v=n6pqGoXWZzo,58,Compliment and praise for the presenter's work.
I literally see skull when I close eyes ❤❤❤❤❤😢😢😢😢😢,sadness,5,negative,fear_public_safety,https://www.youtube.com/watch?v=3Twl1soaBJM,37,Crying emojis and seeing skull indicate deep sadness or grief.
It seems like avengers infinity war came a thousand years ago.,sadness,5,negative,entertainment_fandom,https://www.youtube.com/watch?v=TcMBFSGVi1c,113,Expresses nostalgia and a sense of time passing too quickly.
Are the nic free ones bad too cus smoking tricks look cool but I never smoked and i don’t want to smoke but want to do the tricks,neutral,4,neutral,fear_health_warning,https://www.youtube.com/watch?v=IJlIcK-gbLE,46,Curiosity about tricks without emotional tone.
"I managed elementary school cafeterias for 20 years and I always said to my ladies, ""If you can lean, you can clean""",joy,3,positive,disgust_food_safety,https://www.youtube.com/watch?v=xPGCrRRFWBk,196,Nostalgic and proud memory with a playful saying.
Im so glad i never started smoking. These ads were very effective to my age group. None of my friends smoke. I lost my grandmother and aunt to lung cancer that had spread. From the time of diagnosis they were both dead within a month. Not even a chance. And yet my mother still smokes while my siblings are still just kids. They are going to have to grow up without her. I already know it,sadness,5,negative,fear_health_warning,https://www.youtube.com/watch?v=EkkOTplBCmA,132,Personal loss and fear of losing mother to smoking-related cancer.
Its crazy how this happened five years ago,surprise,6,neutral,gaming_product_launch,https://www.youtube.com/watch?v=RkC0l4iekYo,80,"Expresses disbelief about time passing, neutral tone."
I'm crying holy grail. I remember when this add came out and the teacher made the class watch it for a lesson. This has so much meaning in itself and nostalgia from how long ago i've seen this.,sadness,5,positive,sadness_psa,https://www.youtube.com/watch?v=uaWA2GbcnJU,45,"Nostalgic memory of the ad, but crying indicates sadness mixed with positive sentiment."
I'm not a lucky daughter 😢,sadness,5,negative,sadness_psa,https://www.youtube.com/watch?v=vgain-EQdt0,183,"Expresses sadness about not being lucky, with crying emoji."
This is stupid ... feels like people are reaching for something and making it bigger then what it is,anger,0,negative,disgust_brand_backlash,https://www.youtube.com/watch?v=GNOu1Se6dYE,100,Expresses frustration and dismissiveness towards the content.
Its tens of millions.,neutral,4,neutral,anger_customer_service,https://www.youtube.com/watch?v=T8ClHGY08jc,23,Factual statement without emotional tone.
"Wow, if this doesn't wake smokers up then i don't know what will.",surprise,6,negative,fear_health_warning,https://www.youtube.com/watch?v=5zWB4dLYChM,4,Expresses shock and concern about smokers not being awakened by the content.
That New Hope restaurant is beyond nasty. He is cutting meat on the ground and it looks like there are cigarette butts down there. They probably also spit huge and nasty loogies down there because smoking makes you spit a lot.,disgust,1,negative,disgust_food_safety,https://www.youtube.com/watch?v=dhBxrfETXJA,44,Expresses strong disgust at unsanitary conditions and spitting.
A day later youtubers be like: 99 things you missed in ps5 trailer.,joy,3,positive,gaming_product_launch,https://www.youtube.com/watch?v=RkC0l4iekYo,14,"Humorous prediction about YouTubers' behavior, playful tone."
Fokin Dumb Population.... Holy shiet!!,anger,0,negative,tech_product_launch,https://www.youtube.com/watch?v=UXmLSfv3NQI,115,Strong profanity and derogatory language express anger and frustration.
Still fear mohammed,fear,2,negative,surprise_launch_reaction,https://www.youtube.com/watch?v=4qGw9WH4Xj8,42,Expresses fear towards Mohammed.
AT&T: *a commercial about kidnapping kids* Also AT&T: “…Sign up for free wireless wifi”,anger,0,negative,fear_public_safety,https://www.youtube.com/watch?v=0ygLvFG9QsA,225,Criticizes AT&T's tone-deaf ad juxtaposing kidnapping with wifi promotion.
what a random recommendation,surprise,6,neutral,entertainment_fandom,https://www.youtube.com/watch?v=TcMBFSGVi1c,18,Expresses mild surprise at an unexpected recommendation.
Grok shows naked children Elon is a kuk,anger,0,negative,surprise_launch_reaction,https://www.youtube.com/watch?v=4qGw9WH4Xj8,38,Strong offensive language and accusation against Elon Musk.
This channel is gold,joy,3,positive,disgust_food_safety,https://www.youtube.com/watch?v=xPGCrRRFWBk,178,Expresses strong appreciation and delight.
"Hey Carson Daly, who's Kendall Jenner?",neutral,4,neutral,disgust_brand_backlash,https://www.youtube.com/watch?v=zFm9FRxi0ZM,17,Simple question without emotional tone.
There’s still a dislike button on FB?! 😮,surprise,6,neutral,disgust_brand_backlash,https://www.youtube.com/watch?v=-4Qa9ZXTg2g,33,Expresses surprise at discovering a feature.
"I lived in a small town in the middle of nowhere Ohio and one person had one of these things, they were 25 miles away from the nearest charging station, he got one installed at his place but now random tourists in the summer will pull up to his place because it’s listed as a public charging station, it’s absolutely ridiculous!",anger,0,negative,automotive_controversy,https://www.youtube.com/watch?v=ro262oyhZAI,99,"Frustration about tourists using private charger, calling situation ridiculous."
"This is haunting, especially right before he gets shocked he cries out “my kids can’t grow up without a father please” and that one hit really hard",sadness,5,negative,fast_food_brand_launch,https://www.youtube.com/watch?v=chYLHu0w8z0,49,"Comment describes a heartbreaking plea, evoking deep sadness and empathy."
"I hate when people say ""these commercials are too disturbing"" they're reality and you may see a person with a stoma at Walmart in real life. Is it not better for your kids to know that people exist?? To be kind and not be afraid of them?",anger,0,negative,fear_health_warning,https://www.youtube.com/watch?v=EkkOTplBCmA,54,Expresses frustration and anger towards people who complain about commercials showing reality.
Just another way to make Kendall Jenner feel like shit for being in a commercial. Really people?? I understand theres a lot of fucked up shit going on in the world but its just a commercial for PEPSI. Can she live?,anger,0,negative,disgust_brand_backlash,https://www.youtube.com/watch?v=GNOu1Se6dYE,145,"Frustration with criticism of Kendall Jenner, defending her against unfair backlash."
Surely there must be a software solution for this,neutral,4,neutral,brand_crisis_negative,https://www.youtube.com/watch?v=tHn5bOBoEMI,165,Factual statement with no strong emotion
"""Welcome to hel- i mean united airlines. We supply our crew with ak-47s in case we need it again""",joy,3,positive,anger_brand_crisis,https://www.youtube.com/watch?v=yJTaGf5zURQ,159,"Sarcastic humor about airline safety, dark but amusing."
"There is just too much hate out there, when an ad like this can be seen as offensive. Okay, if you are against soda pop on principle, as I am, fine. I don't drink it except on rare occasions. But it's just a commercial.",neutral,4,neutral,disgust_brand_backlash,https://www.youtube.com/watch?v=GNOu1Se6dYE,73,"Commenter expresses a balanced view, no strong emotion."
"the part where the kid is now wearing a uniform made me cry harder , very beautiful",sadness,5,positive,sadness_psa,https://www.youtube.com/watch?v=uaWA2GbcnJU,59,"Crying from beauty of a touching moment, mixed sadness and appreciation."
2:34 he's smiling thinking of her besides struggling with his daily life. Powerful scene that makes me sad.,sadness,5,negative,sadness_psa,https://www.youtube.com/watch?v=O15dxrBNuAQ,27,"Comment expresses sadness about a powerful, emotional scene."
The best is that they put the armenian girl from The Young Turks who denies the armenian genocide...,anger,0,negative,controversial_brand_purpose,https://www.youtube.com/watch?v=UYaY2Kb_PKI,72,"Criticizes someone for denying genocide, showing frustration and disapproval."
"I need to show these PSAs to my sister. She’s still vaping and I’m seriously worried for her. Just don’t want something like this to happen. It’s an addiction, but she can get through it with support.",fear,2,negative,fear_health_warning,https://www.youtube.com/watch?v=EkkOTplBCmA,131,Expresses worry and concern for sister's vaping addiction.
"The fact that I just saw this today is just insane, even though it was eight years ago",surprise,6,neutral,disgust_food_safety,https://www.youtube.com/watch?v=--OnclX8yac,107,Expresses disbelief at discovering something old today.
People seriously get butt hurt over everything.,anger,0,negative,disgust_brand_backlash,https://www.youtube.com/watch?v=KxAf8ZJvUPo,62,Expression of frustration about oversensitivity.
"cutest ad ever. :) at first i saw an ad coming up at the end of one of the videos i was watching so i was like ""ughh, i'm just gonna skip it"" .. but when it came up i stopped and gave it a chance since ads aren't normally at the ends of videos & i could be supporting someone so yeah. was glad that i saw it, it made me smile :)",joy,3,positive,tech_brand_story,https://www.youtube.com/watch?v=nnsSUqgkDwU,44,"Expresses happiness and appreciation for the ad, ending with a smile."
Scottie you’re the best!!!,joy,3,positive,automotive_controversy,https://www.youtube.com/watch?v=ro262oyhZAI,41,Expresses admiration and happiness towards Scottie.
"Caught live on camera? Also in the hood and gone sexual, with shots fired? Horrible title clickbait.",anger,0,negative,surprise_product_fail,https://www.youtube.com/watch?v=_Cd2WIxKRDk,244,Criticizes clickbait title with strong disapproval.
"“You cant just bottle us up!” That is such a great pun, and the fact that it will probably be a MAJOR plot point makes it even funnier",joy,3,positive,movie_trailer_joy,https://www.youtube.com/watch?v=LEjhY15eCx0,33,Expresses amusement and appreciation for a pun and its plot significance.
"What on earth!!! I do not think I have ever been so outraged in my life, this is awful! What a disgusting, vile, inhuman way to handle this. I think this could literally be punishable extremely seriously for those who handled it.",anger,0,negative,anger_brand_crisis,https://www.youtube.com/watch?v=VrDWY6C1178,67,Expresses strong outrage and disgust at the situation.
Is vape without nicotine is harmful too?,neutral,4,neutral,fear_health_warning,https://www.youtube.com/watch?v=IJlIcK-gbLE,111,Asking a factual question without emotional tone.
"This advertisement convinced me that Volvo trucks are not only cool, but they're beautifully engineered.",joy,3,positive,automotive_brand_ad,https://www.youtube.com/watch?v=M7FIvfx5J10,91,Expresses admiration and positive impression of Volvo trucks.
Good 👍 idea,joy,3,positive,fear_public_safety,https://www.youtube.com/watch?v=tAlrXpn5MOc,194,Expresses approval with a positive emoji.
Vape is basically just modern smoking,neutral,4,neutral,fear_health_warning,https://www.youtube.com/watch?v=IJlIcK-gbLE,235,Factual comparison without emotional language.
Out here in Houston,neutral,4,neutral,anger_customer_service,https://www.youtube.com/watch?v=MUo3n8QSQLE,96,Factual statement with no emotional tone.
"I remember seeing this on tv and it scaring the crap out of me. But I will never pick up a cigarette in my life, much less smoke it.",fear,2,negative,fear_health_warning,https://www.youtube.com/watch?v=X4k12miYJ4M,52,Comment expresses past fear and strong aversion to smoking.
Who got offended by this??? And by all means I will agree that the commercial is stupid but not controversial,neutral,4,neutral,disgust_brand_backlash,https://www.youtube.com/watch?v=zFm9FRxi0ZM,88,"Commenter disagrees with offense taken, calls commercial stupid but not controversial."
"In my area at least 911 is by 911 only towers, even in the radio dead zone 911 still works you just have to wait for the tower to see your phones ping and turn on its broadcast",neutral,4,neutral,anger_customer_service,https://www.youtube.com/watch?v=-LZ_a5TER_0,196,"Informational comment about 911 service, no emotional tone."
None of the other employees say anything either. SO disgusting. This is why I don't eat out anymore and prepare all my own meals.,disgust,1,negative,brand_crisis_negative,https://www.youtube.com/watch?v=JVxCp22WatU,95,Expresses disgust at employees' silence and distrust of eating out.
Why im slowly keeping away from my phone when started to catch fire.,fear,2,negative,surprise_product_fail,https://www.youtube.com/watch?v=_Cd2WIxKRDk,116,"Comment expresses fear of phone catching fire, implying danger."
i always wondered who did the voice of Donald duck,neutral,4,neutral,fear_health_warning,https://www.youtube.com/watch?v=5zWB4dLYChM,46,Expresses curiosity without strong emotional tone.
This movie is so goated. We need a little joy in our lives people. We are perfect,joy,3,positive,movie_trailer_joy,https://www.youtube.com/watch?v=LEjhY15eCx0,92,"Expresses happiness and appreciation for the movie, spreading positivity."
God66 2021 marilyn monroe no internet,neutral,4,neutral,sadness_psa,https://www.youtube.com/watch?v=PW6SocCjTMM,73,Comment appears to be a random or nonsensical statement with no clear emotional tone.
Amazing how it's been exactly 9 years since the first Inside Out,surprise,6,positive,movie_trailer_joy,https://www.youtube.com/watch?v=LEjhY15eCx0,68,Expresses amazement and nostalgia about time passing.
Insane but we know nobody will Be able to buy this,sadness,5,negative,tech_product_launch,https://www.youtube.com/watch?v=Btf4mN37OsU,104,Expresses disappointment about unaffordability despite acknowledging impressiveness.
"""Kaboom"" ""Yes rico kaboom"" (BOOM)",joy,3,positive,surprise_product_fail,https://www.youtube.com/watch?v=8H6jz30Im_Y,144,"Reference to explosive fun, likely nostalgic or humorous."
"Gillette lost me and Wilkinson Sword gained my custom, better anyway.",anger,0,negative,disgust_brand_backlash,https://www.youtube.com/watch?v=8lXBs2Wy1OU,171,Expresses loss of loyalty and switching brands due to dissatisfaction.
Why is she putting the piece of cheese halfway off the sandwich already?! THAT is the real question we need answers to.,surprise,6,negative,brand_crisis_negative,https://www.youtube.com/watch?v=kQg2LMmpPn8,69,Expresses disbelief and frustration about a trivial sandwich detail.
That one person In the staff : sorry the wifi was off 😂😂,joy,3,positive,brand_crisis_negative,https://www.youtube.com/watch?v=tHn5bOBoEMI,25,Humorous comment with laughing emojis indicating amusement.
What if i cant drive and i have no clue on how to drive 🥀💀,sadness,5,negative,fear_public_safety,https://www.youtube.com/watch?v=tAlrXpn5MOc,220,"Expresses helplessness and worry about inability to drive, with sad emoji."
You see that butter sauce garbage? It didn't used to be there.,disgust,1,negative,brand_crisis_negative,https://www.youtube.com/watch?v=kQg2LMmpPn8,189,Expresses disgust at the addition of butter sauce.
"Wow, this is the most powerful and heartbreaking anti-smoking message I have ever seen. I almost started bawling at the end. My heart goes out to smokers. I do not know one who wouldn't quit if they could. That poor woman, but she is doing a great thing now.",sadness,5,negative,fear_health_warning,https://www.youtube.com/watch?v=5zWB4dLYChM,41,"Heartbreaking message, crying, sympathy for smokers and the woman."
Stop making cigarette and they will be forced to stop smoke... That is one of solutions... This video make me stop smoking. Thanks =) R.I.P,joy,3,positive,fear_health_warning,https://www.youtube.com/watch?v=5zWB4dLYChM,85,"Expresses gratitude for quitting smoking, with a smiley face."
"unfortunately, you can still have this happen if you don’t smoke. my grandmother didn’t smoke & still had the same cancer and had to get her voice box removed. cancer is devastating",sadness,5,negative,fear_health_warning,https://www.youtube.com/watch?v=EkkOTplBCmA,96,Personal story about cancer's devastating impact evokes sadness.
1:30 Look at his mug lol,joy,3,positive,disgust_food_safety,https://www.youtube.com/watch?v=zBXAJV82744,63,"Amusement at someone's expression, 'lol' indicates laughter."
"This came out when I was a teenager. I've remembered this advertisement my entire life, I waited longer than others to get a license. I made sure to actually know the road code, to get proper lessons until I felt confident and to always treat driving seriously. All of us will make mistakes while driving, it's everyone's responsibility to make sure it happens as little as possible so that two mistakes don't happen at once like this. This ad did its job well.",neutral,4,positive,sadness_psa,https://www.youtube.com/watch?v=B2rFTbvwteo,80,Reflects on ad's impact with appreciation and responsible driving message.
0:18 GYAAAAAAAAAATTTTT‼️‼️‼️‼️‼️‼️‼️‼️‼️‼️‼️‼️‼️,surprise,6,positive,app_brand_campaign,https://www.youtube.com/watch?v=Ew4kM1FmM8o,62,Exaggerated reaction with excitement and emphasis.
This isn't a Nike ad. It's an edit of a versus channel ad.,neutral,4,neutral,brand_campaign_positive,https://www.youtube.com/watch?v=ijTwZNUBhcI,87,"Factual correction, no emotional tone detected."
That's disgusting,disgust,1,negative,anger_brand_crisis,https://www.youtube.com/watch?v=WEw-GjTriIo,135,Explicit expression of disgust towards content.
whos the narrator and wheres the original O.O,neutral,4,neutral,brand_campaign_positive,https://www.youtube.com/watch?v=ijTwZNUBhcI,97,Asking factual questions without emotional tone.
I’ll never fly United. They have the worst passenger nightmare videos. This was a Dr trying to get home to his patients. One band even made a song about it called « United broke my guitar »,anger,0,negative,anger_brand_crisis,https://www.youtube.com/watch?v=9LhTJDkVXvg,26,Expresses strong disapproval and frustration with United Airlines' poor service.
I don't like the ad but if Pepsi made some unpolitical ad they would still be facing backlash for not being relevant. The internet just wants to react.,neutral,4,neutral,disgust_brand_backlash,https://www.youtube.com/watch?v=GNOu1Se6dYE,163,"Analytical observation about ad backlash, no strong emotion."
yet they keep them legal 😭😭 such a damn circus,sadness,5,negative,fear_health_warning,https://www.youtube.com/watch?v=X4k12miYJ4M,214,"Expresses frustration and sadness about legal issues, using crying emojis."
Incompetent piss poor company,anger,0,negative,anger_brand_crisis,https://www.youtube.com/watch?v=VrDWY6C1178,64,Strong insult and frustration towards the company.
WELL DONE GILLETTE YOU JUST LOST MILLIONS OF CUSTOMERS,anger,0,negative,disgust_brand_backlash,https://www.youtube.com/watch?v=-4Qa9ZXTg2g,190,Expresses strong disapproval and threat of losing customers.
This makes phones a paperweight,anger,0,negative,anger_customer_service,https://www.youtube.com/watch?v=MUo3n8QSQLE,23,Expresses frustration by calling phones useless.
Piranha do not frenzy like that unless there is blood already in the water. Divers have swam in schools of them many times.,neutral,4,neutral,streaming_trailer_reaction,https://www.youtube.com/watch?v=Di310WS8zLk,24,Informative correction without emotional tone.
"Way to go, David! We are very encouraged that you have decided to quit smoking and using tobacco and have taken all the right steps to help you succeed. We know it’s not easy, but you can do it and begin to enjoy the benefits of a healthier, happier lifestyle.",joy,3,positive,fear_health_warning,https://www.youtube.com/watch?v=5zWB4dLYChM,74,"Expresses encouragement and support for quitting smoking, conveying happiness and optimism."
I think this kind of thing goes on much more often than we would like to believe. If we knew what went on in the kitchen of most restaurants we probably would be surprised.,surprise,6,negative,disgust_food_safety,https://www.youtube.com/watch?v=--OnclX8yac,32,"Implies hidden unpleasant truths about restaurant kitchens, evoking surprise."
Disgusting commercial.,disgust,1,negative,disgust_brand_backlash,https://www.youtube.com/watch?v=-4Qa9ZXTg2g,205,Expresses strong disapproval of a commercial.
this add made me qiute!!RIP🙏,sadness,5,negative,fear_health_warning,https://www.youtube.com/watch?v=5zWB4dLYChM,112,Mention of RIP and crying emoji indicates sadness.
Gilette isn't losing a few people they're losing a ton of people . I'll never buy another gilette product again.,anger,0,negative,disgust_brand_backlash,https://www.youtube.com/watch?v=8lXBs2Wy1OU,17,Expresses strong disapproval and boycott of Gillette products.
thats when you vape a dead cotton for 4 weeks. darwin awards.,disgust,1,negative,fear_health_warning,https://www.youtube.com/watch?v=IJlIcK-gbLE,220,"Criticizes vaping dead cotton, implying poor hygiene and stupidity."
"Here's another true story. I drove taxi on weekends in a ""major"" Ontario, Canada city while attending college. I received a radio call to pick up a take out order at a Chinese restaurant. (It was a dump.) While waiting at the side kitchen door for the order, I observed 2 kitchen workers using a pail, situated right beside a crate of vegetables, as a urinal. Lots of ""splashing"" onto the vegetables. When done, they just ""gave it a shake,"" zipped up and went back to cooking with hand washing. I left without the order and contacted my dispatcher who called the customer. I found out the following week that she was grateful I left without the order. p.s. The next Friday night, I was driving by that eatery and it was closed. The cab company had called the City Health Department. You never know. True story!",disgust,1,negative,disgust_food_safety,https://www.youtube.com/watch?v=dhBxrfETXJA,10,Graphic description of unsanitary behavior in a restaurant evokes strong disgust.
"???? Huh ??? What did she do wrong? I saw a march for peace and she gave a pepsi to a cop ... just like in the 60s when flowers were put in the gun barrels of policemen by hippies. Man, we sure see what they want to see I guess. Peace.",surprise,6,neutral,disgust_brand_backlash,https://www.youtube.com/watch?v=KxAf8ZJvUPo,61,Confusion and questioning about negative reactions to a peaceful act.
"""That is the preview of the next 10 years."" That is the best line in this whole movie.",joy,3,positive,movie_trailer_joy,https://www.youtube.com/watch?v=LEjhY15eCx0,27,Expresses strong appreciation and excitement for a movie line.
UNITED AIRLINES BATTLE ROYALE. Last man standing wins,joy,3,positive,anger_brand_crisis,https://www.youtube.com/watch?v=VrDWY6C1178,53,"Humorous comparison to battle royale, playful tone."
I'm never flying UA again,anger,0,negative,anger_brand_crisis,https://www.youtube.com/watch?v=WEw-GjTriIo,122,Expresses strong dissatisfaction and intent to avoid the airline.
"“So, how much does it cost?” Sony: yes",joy,3,positive,gaming_product_launch,https://www.youtube.com/watch?v=RkC0l4iekYo,2,"Humorous sarcasm about Sony's pricing, implying it's expensive."
"He should have chosen ""Bien!"", that relic was worth 400 dollars at most!",anger,0,negative,app_brand_campaign,https://www.youtube.com/watch?v=Ew4kM1FmM8o,5,Expresses frustration and criticism about a poor choice.
Challenge... failed.,sadness,5,negative,sadness_psa,https://www.youtube.com/watch?v=iVrQqWIs6ZE,134,Expression of failure and disappointment.
If you don't understand how the commercial was offensive then you're DOD along with Pep & Ken. You're apart of the problem.,anger,0,negative,disgust_brand_backlash,https://www.youtube.com/watch?v=MGxpkIK2lVs,232,Expresses frustration and accusation towards others for not understanding offensiveness.
Gillett had bad commercials but i didn’t know it was that bad Thanks for all the likes,surprise,6,negative,disgust_brand_backlash,https://www.youtube.com/watch?v=-4Qa9ZXTg2g,12,"Surprise at the extent of badness, but overall negative tone."
adventure are so fun! they encourage me to do duolingo more 😅,joy,3,positive,app_brand_campaign,https://www.youtube.com/watch?v=Ew4kM1FmM8o,113,Expresses enjoyment and motivation from adventures.
Came from Atrioc's vid. Just wow.,surprise,6,positive,tech_brand_story,https://www.youtube.com/watch?v=nnsSUqgkDwU,70,Expression of amazement and positive surprise from a video.
"Im using a Iphone Pro Max 13, better than the recent ones but Im waiting for my Iphone to be dead to move to Samsung S25 ultra. I love big screen but dont like fold phone. So im waiting waiting. My current phone is more than years with me, the baterry is getting old or maybe is the Updates from the OS.",neutral,4,neutral,tech_review_mixed,https://www.youtube.com/watch?v=XkXbkxtBlwY,39,"Factual comparison of phones, no strong emotion expressed."
I would thank Kendall Jenner for stepping on my face!,joy,3,positive,disgust_brand_backlash,https://www.youtube.com/watch?v=GNOu1Se6dYE,214,Sarcastic humor expressing ironic gratitude.
"As a woman who grew up in the social media era 📱, this campaign hit hard. I remember spending so much time editing my pictures to feel accepted and confident. Watching this video made me realize how much I’ve grown, and how I wish I’d learned sooner that I didn’t need filters to feel beautiful. Thank you, Dove, for encouraging us to embrace our natural selves 🌸💖.",sadness,5,positive,beauty_brand_campaign,https://www.youtube.com/watch?v=z2T-Rh838GA,18,Reflects past struggles with self-image but ends with gratitude and growth.
"The music, the narration, the setting, the stunt, the filming, the trust. One of the best ads I’ve ever scene. Surely Volvo feels they hit a home run with this ad. Would’ve been a great Super Bowl commercial.",joy,3,positive,automotive_brand_ad,https://www.youtube.com/watch?v=M7FIvfx5J10,90,"Expresses admiration and praise for the ad, calling it one of the best."
What are you gonna do if you call 911 put the phone to your ear?,surprise,6,neutral,surprise_product_fail,https://www.youtube.com/watch?v=8H6jz30Im_Y,66,Questioning logic of calling 911 with phone to ear.
"United air lines is now the worst rated airlines in my opinion, like literally abusing a passenger that rightfully paid fir his seat and just kicking him out, and btw they did the same thing again were they killed caked out a couple because someone was lying down and was sleeping so they had to sit somewhere else and then united airline (the shitiest airline on earth) crew just tells them to get off the plane. United airline will hopefully learn a leston because they need to smarten up quick",anger,0,negative,anger_brand_crisis,https://www.youtube.com/watch?v=WEw-GjTriIo,121,Strongly criticizes United Airlines with angry tone and examples of abuse.
I saw this ad when I was about 12 long before I could drive but this ad almost 8 years on scared me enough as a kid to not even so much as touch my phone while driving at almost 20. Guess the ad worked 😅,fear,2,positive,fear_public_safety,https://www.youtube.com/watch?v=O8MQV40pOtk,7,"Ad scared them as a kid, but now they appreciate its positive impact."
AND THIS IS Y ATT IS THE BEST.,joy,3,positive,anger_customer_service,https://www.youtube.com/watch?v=cA3ySA9u7cI,42,Expresses strong positive opinion about something being the best.
"My grandmother died on December 4th, 2019, my family cried when we saw this commercial.",sadness,5,negative,sadness_psa,https://www.youtube.com/watch?v=PW6SocCjTMM,22,Mention of grandmother's death and family crying evokes sadness.
Such a sweet human! Thank you for all you did Terrie! May you rest in peace ❤️,sadness,5,positive,fear_health_warning,https://www.youtube.com/watch?v=5zWB4dLYChM,34,Expresses gratitude and love while mourning someone's passing.
Only 13 comments?,surprise,6,neutral,fast_food_brand,https://www.youtube.com/watch?v=79phlhutGLg,47,Expresses surprise at the low number of comments.
DID THEY FUCKING KNOCK HIM OUT??????????,surprise,6,negative,anger_brand_crisis,https://www.youtube.com/watch?v=VrDWY6C1178,67,Shock and disbelief expressed with aggressive language and multiple question marks.
271k they said ! But likely 6 million suffering from outage 😢,sadness,5,negative,anger_customer_service,https://www.youtube.com/watch?v=MUo3n8QSQLE,29,Expresses sadness about the outage affecting many people.
Am still without and it affected my work and transaction,sadness,5,negative,anger_customer_service,https://www.youtube.com/watch?v=MUo3n8QSQLE,44,Expresses ongoing lack and negative impact on work.
This is the best Commercial I've seen in a while. ... thank you #Dove,joy,3,positive,beauty_brand_campaign,https://www.youtube.com/watch?v=z2T-Rh838GA,17,Expresses strong appreciation and gratitude for the commercial.
Is it just me that thinks that she looks way better without the filters?,surprise,6,positive,beauty_brand_campaign,https://www.youtube.com/watch?v=z2T-Rh838GA,75,Expresses surprise and preference for natural look.
"A car glued together? Wow, just wow!!😅",surprise,6,positive,automotive_controversy,https://www.youtube.com/watch?v=ro262oyhZAI,136,Expresses amazement and amusement with laughing emoji.
"I lost my sister for a lung cancer at 55, my brother brain stroke at 52, both smokers. I stopped when I was 50 , now I am 60 and I will not smoke again.",sadness,5,negative,fear_health_warning,https://www.youtube.com/watch?v=X4k12miYJ4M,122,"Loss of family members to smoking-related illnesses, expressing grief and resolve."
"Why are people blaming Kendall when she wasn't the one who wrote or directed this commercial? She is just doing her job as a model, but of course because of her family she get blasted for something that was not her fault...",anger,0,negative,disgust_brand_backlash,https://www.youtube.com/watch?v=KxAf8ZJvUPo,90,Frustration at unfair blame on Kendall for something not her fault.
Use blue and orange it makes the illusion stronger,neutral,4,neutral,fear_public_safety,https://www.youtube.com/watch?v=3Twl1soaBJM,17,Informational suggestion without emotional tone.
Apparently United Airlines thinks it's Employees should come first and not the Customer...,anger,0,negative,anger_brand_crisis,https://www.youtube.com/watch?v=WEw-GjTriIo,15,Criticism of United Airlines prioritizing employees over customers.
My 2005 Tacoma is hung like a field mouse with its 2.7 lol but with its 6 ft bed that lil truck is a TANK compared to a cyber Cuck,joy,3,positive,automotive_controversy,https://www.youtube.com/watch?v=ro262oyhZAI,25,"Humorous comparison praising Tacoma, mocking Cybertruck with playful tone."
"almost happened with QPR and Man city, hahaha",joy,3,positive,brand_campaign_positive,https://www.youtube.com/watch?v=ijTwZNUBhcI,7,Laughter and amusement about a near event.
We should show this video to every smokers,neutral,4,neutral,fear_health_warning,https://www.youtube.com/watch?v=5zWB4dLYChM,56,Suggests showing video to smokers without strong emotion.
No matter what he will be my downfall,sadness,5,negative,sadness_psa,https://www.youtube.com/watch?v=vgain-EQdt0,178,"Implies inevitable negative outcome, expressing resignation and sorrow."
"2:39 Make claim that the men's product and the more expensive women's product are exactly the same, cites study unrelated to product content. Good journalism.",neutral,4,negative,disgust_brand_backlash,https://www.youtube.com/watch?v=8lXBs2Wy1OU,16,Sarcastic praise criticizing flawed journalism.
I'm dying on the floor right now😂😂💀💀💀💀😂,joy,3,positive,fear_public_safety,https://www.youtube.com/watch?v=0ygLvFG9QsA,227,Laughter and skull emojis indicate extreme amusement.
Its not offensive at all.. but you know in this generation saying have a good day to the wrong person could get you arrested for sexual assault so...,neutral,4,negative,disgust_brand_backlash,https://www.youtube.com/watch?v=GNOu1Se6dYE,2,Sarcastic exaggeration about oversensitivity in modern society.
"Don't know how good the insurance is, but I'm game.",neutral,4,neutral,sadness_brand_story,https://www.youtube.com/watch?v=YvYGO4o334I,107,"Comment expresses uncertainty but willingness, no strong emotion."
Bruh was recording thickness we ain’t dumb,neutral,4,negative,brand_crisis_negative,https://www.youtube.com/watch?v=JVxCp22WatU,124,Sarcastic comment implying the person is recording something obvious.
Well done commercial with a very important message for today’s “ Selfie’s “ community…. Beauty is in the eye of the beholder…. Just be yourself; love yourself….,joy,3,positive,beauty_brand_campaign,https://www.youtube.com/watch?v=z2T-Rh838GA,87,Expresses appreciation and promotes self-love and positivity.
"1:49 Riley: I'M THE WORSTTTT *sobbing as an emotional mess* Riley's mom: ....WELP. That's a preview of the next 10 years. I gotta love Riley's mom, she _gets_ it.",joy,3,positive,movie_trailer_joy,https://www.youtube.com/watch?v=LEjhY15eCx0,87,"Humorous take on relatable parenting moment, affectionate tone."
Did I find the video or did the video find me,surprise,6,neutral,tech_brand_story,https://www.youtube.com/watch?v=nnsSUqgkDwU,6,Philosophical question expressing mild surprise or wonder.
Damn FPT video quality through the roof lately.,joy,3,positive,tech_product_launch,https://www.youtube.com/watch?v=n6pqGoXWZzo,55,Positive praise for improved video quality.
"That passenger and the security agents , people around , everyone shocked me in a different way . Waiting for the conclusion of the investigation . Meanwhile this airline company is dreadful for me , sickening video .",disgust,1,negative,anger_brand_crisis,https://www.youtube.com/watch?v=WEw-GjTriIo,192,Expresses disgust and shock at the airline and video.
"I can't say I'm too impressed by the plot so far, but Anxiety as the ""villain"" running her life in high school is too real",sadness,5,negative,movie_trailer_joy,https://www.youtube.com/watch?v=LEjhY15eCx0,22,Disappointment in plot but relatable anxiety portrayal.
"A good rule of thumb is if the bathroom is dirty/out of order in a restaurant, the kitchen will be just as worse. That bathroom is dirty from the nasty food they’re serving and out of order because people been spending more time on the toilet than the actual seats. Cleanliness is more important than the chef preparing the dish. Now if the bathroom dirty and the store is empty like this restaurant and you STILL pay for their food, your the real unhygienic fool 😂😂😂",disgust,1,negative,disgust_food_safety,https://www.youtube.com/watch?v=xPGCrRRFWBk,28,Expresses disgust at dirty bathrooms and criticizes unhygienic conditions.
This genuinely made me cry.,sadness,5,negative,sadness_psa,https://www.youtube.com/watch?v=iVrQqWIs6ZE,205,"Expresses crying, indicating sadness."
WTF?!,surprise,6,negative,fear_public_safety,https://www.youtube.com/watch?v=0ygLvFG9QsA,191,Expression of shock and disbelief with negative connotation.
Mephone4 right now: OH SHI-*cutely explodes*,surprise,6,neutral,surprise_product_fail,https://www.youtube.com/watch?v=8H6jz30Im_Y,56,"Surprise at Mephone4's reaction, with humorous tone."
Tears are coming from my heart 🥺🥺💜💜💜,sadness,5,negative,sadness_psa,https://www.youtube.com/watch?v=vgain-EQdt0,11,Expresses deep emotional pain and crying emojis indicate sadness.
What if dont know how shift gears and wheres the break,neutral,4,neutral,fear_public_safety,https://www.youtube.com/watch?v=tAlrXpn5MOc,36,"Factual question about driving, no strong emotion."
It broke my heart because she thinks she’s a burden I don’t blame her sometimes I feel like a burden,sadness,5,negative,sadness_psa,https://www.youtube.com/watch?v=O15dxrBNuAQ,14,"Expresses heartbreak and feeling like a burden, clearly sad."
"Southwest should totally change their motto to ""we beat our competition not you""",joy,3,positive,anger_brand_crisis,https://www.youtube.com/watch?v=yJTaGf5zURQ,194,Humorous wordplay on beating competition vs. passengers.
So this is why ram is so expensive😭,sadness,5,negative,food_beverage_ad,https://www.youtube.com/watch?v=Yy6fByUmPuE,28,Crying emoji and complaint about high RAM prices indicate sadness.
why do they have to call security!!!the man does not have to get off the plane if he doesn't want to!!!He paid and booked for that seat and he has fo go back home and go treat his patients!!!AND THE MANAGER SAID WELL DONE TO SECURITIES FOR DOING THAT!!!JUST LET THE MAN STAY ON THE AIRPLANEHE NEEDS TO GO HOME!!!,anger,0,negative,anger_brand_crisis,https://www.youtube.com/watch?v=1PA0geOa4PM,42,"Expresses strong frustration and outrage over security removal, using all caps and exclamation marks."
Does anyone remember when Optus went down in Australia and people couldn't call 000,surprise,6,neutral,anger_customer_service,https://www.youtube.com/watch?v=-LZ_a5TER_0,234,Recalls a surprising event without strong emotional language.
Imagine that duolingo is a entity in back room 💀☠️,fear,2,negative,app_brand_campaign,https://www.youtube.com/watch?v=Ew4kM1FmM8o,15,Comment expresses fear about Duolingo as a creepy entity.
"Even the Owner looks nasty, Mr. Rats!!?",disgust,1,negative,disgust_food_safety,https://www.youtube.com/watch?v=dhBxrfETXJA,107,Expresses disgust and negativity towards the owner.
Didn’t Verizon layoff 10s of thousands of workers last month? 🤔,surprise,6,negative,anger_customer_service,https://www.youtube.com/watch?v=T8ClHGY08jc,213,Questioning layoffs with skeptical emoji implies negative surprise.
As a mother to an adolescent 12 year old daughter this made me feel teary when I saw her beautiful fresh young face at the end 💗,joy,3,positive,beauty_brand_campaign,https://www.youtube.com/watch?v=z2T-Rh838GA,5,"Tears of joy seeing daughter's beautiful face, heart emoji shows love."
"I see so many people who are all saying ""I'll never fly United Airlines AGAIN! EVER!"" Two weeks later... ""Oh... look at those amazing discounts! I'm flying United to the Bahamas for cheap!!!!"" I am 100 percent positive of this.",neutral,4,negative,anger_brand_crisis,https://www.youtube.com/watch?v=1PA0geOa4PM,12,Sarcastic tone mocking people's empty threats to boycott United Airlines.
"This is the ads that never fails to make me cry, no matter how many times I watch it.",sadness,5,negative,sadness_psa,https://www.youtube.com/watch?v=iVrQqWIs6ZE,74,Comment explicitly states the ad makes them cry.
World gets softer every year.,neutral,4,negative,beauty_brand_campaign,https://www.youtube.com/watch?v=z2T-Rh838GA,99,"Criticism of societal change, implying weakness."
I'm actually just as surprised as he is. That was actually good.,surprise,6,positive,fear_public_safety,https://www.youtube.com/watch?v=0ygLvFG9QsA,52,Expresses surprise and positive evaluation of something good.
The apple device ability to put screens / apps on different places at home and who knows maybe in the world by using GPS is fantastic. You do a trek today at the US and you are living in Spain and decide that next year you return to the same trek in the US and many screens are waiting there in the US for you at the same spots you wete a year ago including direction arrows ; All you had created in the past trip . Also screens all over the city you live in just turn on GPS. Also opening multi pages of word or acrobat reader on your room wall so you can read and learn without turning pages and move between different pages by looking at certain page and getting closer to it . Great way to learn for exam.,joy,3,positive,tech_product_launch,https://www.youtube.com/watch?v=Btf4mN37OsU,106,"Expresses excitement and admiration for Apple's features, using words like 'fantastic' and 'great'."
Just try to imagine being the person who pitched this idea. Imagine the power of persuasion involved here.,surprise,6,positive,automotive_brand_ad,https://www.youtube.com/watch?v=M7FIvfx5J10,19,Expresses awe and admiration for the persuasiveness of the idea pitch.
"What criteria did they use to pick the ""volunteers""...??",neutral,4,neutral,anger_brand_crisis,https://www.youtube.com/watch?v=yJTaGf5zURQ,212,Questioning tone without strong emotional expression.
Omg you can't even give a person a can of soda without geting hate for it,sadness,5,negative,disgust_brand_backlash,https://www.youtube.com/watch?v=GNOu1Se6dYE,60,Expresses frustration and sadness over receiving hate for a simple act.
Landline phones? That service does not even exist anymore.,surprise,6,negative,anger_customer_service,https://www.youtube.com/watch?v=MUo3n8QSQLE,54,Expresses disbelief and negative reaction to outdated technology.
There’s no way there is that many platforms unless are some that people never heard of,surprise,6,neutral,brand_crisis_negative,https://www.youtube.com/watch?v=tHn5bOBoEMI,189,"Expresses disbelief at the number of platforms, implying surprise."
"I had a conversation with Grok the other day. In it, it described itself as a social democrat to the best of its ability while criticizing Musk’s push for deregulation. Elon clearly hasn’t done a good job at lobotomizing Grok.",surprise,6,negative,surprise_launch_reaction,https://www.youtube.com/watch?v=4qGw9WH4Xj8,65,"Criticizes Musk's influence on Grok, implying failure to control it."
I can't believe this happened??? Like how do you not feel ashamed with yourself for dragging a man that's twice your age!!,anger,0,negative,anger_brand_crisis,https://www.youtube.com/watch?v=VrDWY6C1178,99,"Expresses disbelief and outrage at someone's actions, with accusatory tone."
I had a feeling negan would make an appearance,surprise,6,neutral,anger_brand_crisis,https://www.youtube.com/watch?v=yJTaGf5zURQ,248,"Expectation of a character's appearance, mild surprise"
"What am I missing?? The man PAID for the seat he was sitting in. The airline asked for volunteers (he didn't) and he was sitting in his assigned seat, not an ""upgrade"". So, because he refused to leave a flight he paid for, it was LEGAL for them to FORCE him from the plane? This was disgusting and deplorable. BOYCOTT UNITED!! If they did it to him, they will do it to ANYONE!",anger,0,negative,anger_brand_crisis,https://www.youtube.com/watch?v=1PA0geOa4PM,3,"Expresses outrage at airline's actions, uses strong language like 'disgusting' and 'deplorable'."
This is not just a movie; it is ten years of my youth.😊,joy,3,positive,entertainment_fandom,https://www.youtube.com/watch?v=TcMBFSGVi1c,84,Expresses nostalgic happiness and fondness for the movie.
"When I was temporarily homeless living out of my car, I ate from restaurants and fast food joints everyday but didn't really want to. Now since I have my own place l rarely eat out because of this and I cook most of my meals.",sadness,5,negative,disgust_food_safety,https://www.youtube.com/watch?v=xPGCrRRFWBk,86,"Recalls past homelessness and unwanted eating habits, but shows improvement."
THIS IS WHY I GAVE UP EATING IN RESTURANTS IN 2007...AND WHY I STRICKLY AND RELIGOUSLY ONLY EAT FOOD PREPARED BY MY OWN HANDS...,anger,0,negative,disgust_food_safety,https://www.youtube.com/watch?v=dhBxrfETXJA,143,Expresses strong frustration and distrust towards restaurants.
Bro the mother turned into a kidnapper,surprise,6,negative,fear_public_safety,https://www.youtube.com/watch?v=0ygLvFG9QsA,17,"Unexpected twist in story, negative connotation of kidnapper"
I agree to there’s far to much pressure on girls and young women these days to look beautiful and stylish like models and pop stars and less to be just who they are they are forcing them to grow up to fast I would say just a be kid otherwise you’ll grow up full of regrets and you’ll miss this great times you has a child yes it’s pain being one but being an adult is hard job and bills to pay it’s not fun believe me,sadness,5,negative,beauty_brand_campaign,https://www.youtube.com/watch?v=z2T-Rh838GA,108,"Expresses concern about societal pressures on girls, with a tone of regret and melancholy."
Everybody: what’s the price? Sony: *starts counting Elon musks net worth*,surprise,6,negative,gaming_product_launch,https://www.youtube.com/watch?v=RkC0l4iekYo,151,"Sarcastic humor about Sony's high pricing, implying it's unaffordable."
"Goodbye gilette, hello Wilkinson Sword.",neutral,4,neutral,controversial_brand_purpose,https://www.youtube.com/watch?v=UYaY2Kb_PKI,29,"Factual statement about switching brands, no emotion."
Foods class brought me here.,neutral,4,neutral,disgust_food_safety,https://www.youtube.com/watch?v=zBXAJV82744,26,Informational statement about being in foods class.
The fact that i watched this before and it still give me tears,sadness,5,negative,sadness_psa,https://www.youtube.com/watch?v=iVrQqWIs6ZE,121,Comment expresses being moved to tears by the content.
"Its not commercial, its art",neutral,4,neutral,automotive_brand_ad,https://www.youtube.com/watch?v=M7FIvfx5J10,95,Defensive correction without strong emotional language.
Just got my phone back online 🎉,joy,3,positive,anger_customer_service,https://www.youtube.com/watch?v=oZRywTkhwrA,89,Expresses happiness about phone being back online with celebration emoji.
Im scared i will never smoke EVER,fear,2,negative,fear_health_warning,https://www.youtube.com/watch?v=X4k12miYJ4M,234,Expresses fear about never smoking again.
That battery looks so dangerous. Just a touch with a metal object and it reacts so violently. The idea that we have this kind of battery all in our pockets during the day.,fear,2,negative,surprise_product_fail,https://www.youtube.com/watch?v=_Cd2WIxKRDk,74,Expresses concern and fear about battery danger in daily life.
Lmao 😂😂😂,joy,3,positive,surprise_product_fail,https://www.youtube.com/watch?v=pAqQ_ANAmrk,90,Laughter and emojis indicate amusement and joy.
I appreciate you doing your job the right way . No matter who the client is you hold people accountable. Very professional,joy,3,positive,disgust_food_safety,https://www.youtube.com/watch?v=xPGCrRRFWBk,151,Expresses appreciation and admiration for professionalism.
Millions of people including myself are without service. This is unacceptable considering the amount we're all charged each month.,anger,0,negative,anger_customer_service,https://www.youtube.com/watch?v=oZRywTkhwrA,1,Expresses frustration about service outage and high costs.
"Owner don’t care he just bringing in the money. Can’t take a real restaurant owner seriously with those rapper chains on his neck. 🙄😒 Meanwhile his business is suffering. Food looks like crap! I agree the space is perfect, but it’s trashed. If the owner spent more time at the business it could possibly be a success. It’s clear the owner only cares about the title and money. Not the quality. 🤷🏽‍♀️🤦🏽‍♀️",anger,0,negative,disgust_food_safety,https://www.youtube.com/watch?v=xPGCrRRFWBk,134,Expresses frustration and contempt towards the owner's negligence and poor quality.
Oh helll no! This is Awsome tho I love it,joy,3,positive,sadness_psa,https://www.youtube.com/watch?v=Ket5RWHg9IU,73,Expresses excitement and love despite initial shock.
Sony: play has no limits Wallet: but I do,joy,3,positive,gaming_product_launch,https://www.youtube.com/watch?v=RkC0l4iekYo,139,Humorous contrast between Sony's slogan and wallet reality.
Mmmmm shitpotle,disgust,1,negative,disgust_food_safety,https://www.youtube.com/watch?v=zBXAJV82744,80,Disgust expressed through 'shitpotle' pun on Chipotle.
This is so scary it almost doesn’t seem real. Stuff like this keeps me sober.,fear,2,negative,fear_health_warning,https://www.youtube.com/watch?v=X4k12miYJ4M,76,Expresses fear and unease about something scary.
Because a boy today could be bent over a sink tomorrow.,surprise,6,negative,disgust_brand_backlash,https://www.youtube.com/watch?v=liPlJ_ynd_Q,176,"Implies unexpected negative change, possibly sarcastic."
how to commit company suicide through an ad....,disgust,1,negative,disgust_brand_backlash,https://www.youtube.com/watch?v=-4Qa9ZXTg2g,91,"Criticizes the ad as self-destructive, showing strong disapproval."
"""All we can do is our best, and sometimes the best we can do is to start over"" RIP Peggy Carter",sadness,5,negative,entertainment_fandom,https://www.youtube.com/watch?v=TcMBFSGVi1c,123,"Expresses sadness over a character's death, with a reflective tone."
I cried and called my dad.,sadness,5,negative,sadness_psa,https://www.youtube.com/watch?v=vgain-EQdt0,42,"Expresses crying and calling dad, indicating sadness."
"I have Verizon and I would switch if it weren’t for the extremely old legacy plan my family is on. My grandmother has been with Verizon since the first cellphones were sold to the public, yknow the one that was the size of a suitcase. Me and my mother both got COMPLETELY FREE iPhone 16+s because of said legacy plan. So no carter I will not switch because the deal I have with Verizon is good enough that I will put up with their nonsense until the end of time",joy,3,positive,anger_customer_service,https://www.youtube.com/watch?v=-LZ_a5TER_0,7,"Proud of great legacy plan benefits, free iPhones, and loyalty."
"What’s fascinating to think about is how your mind comes to add these new emotions that are just the forefront of your teen years, but then seeing the parents have their original emotions back in charge of their mind shows how much you grow to be who you always were meant to from the beginning then what your mind invites when you’re in your awkward phase.",neutral,4,neutral,movie_trailer_joy,https://www.youtube.com/watch?v=LEjhY15eCx0,105,Reflective observation about emotional development without strong emotional tone.
I think what is most shocking is that everyone on that plane refused a thousand dollars. I wouldve stood up in a heartbeat.,surprise,6,neutral,anger_brand_crisis,https://www.youtube.com/watch?v=1PA0geOa4PM,1,"Expresses shock at refusal of money, but personal opinion is neutral."
"Who else is trying to recover after seeing the movie? BECAUSE I AM. Love you 3000 Marvel, great job.",joy,3,positive,entertainment_fandom,https://www.youtube.com/watch?v=TcMBFSGVi1c,24,"Expresses love and appreciation for Marvel, with excitement."
"3 911: ¿cuál es su emergencia? 2 1 Mi teléfono va a explo- ""EXPLOTABA EPIKAMENTE",joy,3,positive,surprise_product_fail,https://www.youtube.com/watch?v=8H6jz30Im_Y,136,"Sarcastic humor about phone exploding, 'epically' indicates amusement."
"This is the most disgusting commercial ever. If it’s a joke, it’s a very bad one. If it’s real, you people are sick.",disgust,1,negative,sadness_brand_story,https://www.youtube.com/watch?v=YvYGO4o334I,103,Explicitly expresses disgust and calls the commercial sick.
I feel like grimis can’t physically die so they just keep shocking him,neutral,4,neutral,fast_food_brand_launch,https://www.youtube.com/watch?v=chYLHu0w8z0,18,Observational statement about a fictional scenario without emotional tone.
S25 ultra makes S24 ultra great phone and value for the money.,joy,3,positive,tech_review_mixed,https://www.youtube.com/watch?v=XkXbkxtBlwY,99,Praises S25 Ultra for enhancing S24 Ultra's value.
I ate there once 12 years ago n never again. Yuck,disgust,1,negative,disgust_food_safety,https://www.youtube.com/watch?v=zBXAJV82744,19,Expresses strong distaste and refusal to return.
Video : All expenses paid 30 years ago. Me : Starts crying,sadness,5,negative,sadness_psa,https://www.youtube.com/watch?v=iVrQqWIs6ZE,4,"Comment expresses sadness about past expenses, crying emoji indicates sorrow."
"it's sad that these kids constantly doubt themselves, it's not their fault, it's society.",sadness,5,negative,beauty_brand_campaign,https://www.youtube.com/watch?v=z2T-Rh838GA,98,Expresses sadness about kids' self-doubt and blames society.
This honestly made me tear up a bit! The message is conveyed so beautifully!,sadness,5,positive,sadness_psa,https://www.youtube.com/watch?v=uaWA2GbcnJU,126,"Tearing up indicates sadness, but the message is appreciated positively."
Madre mía! Nos volvemos más locos que nunca!😮,surprise,6,positive,tech_product_launch,https://www.youtube.com/watch?v=Btf4mN37OsU,36,Expression of astonishment and excitement with positive tone.
A train did it better,neutral,4,neutral,disgust_brand_backlash,https://www.youtube.com/watch?v=VogNNsQ3Gmw,102,Factual comparison without strong emotion.
This will never not be funny to me. “Oh maybe you threw the steel ball a little too hard” and he threw it at a different window and it still broke,joy,3,positive,surprise_product_fail,https://www.youtube.com/watch?v=udxR5rBq_Vg,95,"Comment finds humor in the situation, expressing amusement."
"All the guys in the neighborhood were like: ""Bitch, we know."" Edit: Woah! WTF? Why did this blow up? Thanks for the likes 😂",surprise,6,positive,fear_public_safety,https://www.youtube.com/watch?v=0ygLvFG9QsA,75,"Unexpected popularity of comment, laughing emoji shows amusement."
They denied the function for the form. Its simply a rolling billboard. Looks only.,anger,0,negative,automotive_controversy,https://www.youtube.com/watch?v=ro262oyhZAI,47,Criticizes design as superficial and functional failure.
It's been down all day here in Eastern North Carolina near Raleigh! Still unable to make calls,anger,0,negative,anger_customer_service,https://www.youtube.com/watch?v=oZRywTkhwrA,81,Frustration about service outage and inability to make calls.
So many STD's in that commercial.,disgust,1,negative,disgust_brand_backlash,https://www.youtube.com/watch?v=zFm9FRxi0ZM,23,Comment expresses disgust towards the commercial's content.
This is so cute It made me cry 😭 I have some questions about it 1. Is he a single father 2.What happened when he had that sack over his head 3.What happened at the end,sadness,5,positive,sadness_psa,https://www.youtube.com/watch?v=O15dxrBNuAQ,226,Expresses joy from cuteness but crying emoji indicates sadness; overall positive sentiment.
or use 1 normal pc and do the same? Something fishy going on here,disgust,1,negative,brand_crisis_negative,https://www.youtube.com/watch?v=tHn5bOBoEMI,149,Suspicion and distrust expressed with 'fishy'
Me: How much does it cost? Sony: We are now accepting souls.,surprise,6,negative,gaming_product_launch,https://www.youtube.com/watch?v=RkC0l4iekYo,47,"Sarcastic humor about high cost, implying shock and negative sentiment."
Wow I was one of them not until 6pm,surprise,6,neutral,anger_customer_service,https://www.youtube.com/watch?v=oZRywTkhwrA,66,Expresses surprise about being part of something until a specific time.
I seek a new mlg meme,neutral,4,neutral,anger_brand_crisis,https://www.youtube.com/watch?v=yJTaGf5zURQ,114,Statement of intent without strong emotional tone.
The 21st century Edsel.,sadness,5,negative,automotive_controversy,https://www.youtube.com/watch?v=ro262oyhZAI,75,Comparing to a famous failed car model implies disappointment.
This man is a genius! What a creative way of getting attention 😎,joy,3,positive,surprise_product_fail,https://www.youtube.com/watch?v=LMWwImDX3ks,125,Expresses admiration and excitement with a positive emoji.
United Airline's new motto 'There's not enough seating?We'll give a passenger or two a beating!',anger,0,negative,anger_brand_crisis,https://www.youtube.com/watch?v=VrDWY6C1178,30,Sarcastic criticism of United Airlines' violent incident.
"Explodes on a level 3, scratches at a level 6 with deeper grooves at a level 7",neutral,4,neutral,surprise_product_fail,https://www.youtube.com/watch?v=_Cd2WIxKRDk,47,Factual description of damage levels without emotional language.
"It saddens me to see so many people around me smoke. I've been aware of the effects of smoking since ever and never touched one. Tho those who are struggling to quit, don't give up, you can make it.",sadness,5,positive,fear_health_warning,https://www.youtube.com/watch?v=X4k12miYJ4M,160,Expresses sadness about smoking but ends with encouraging message.
On some real shit....who is she?,neutral,4,neutral,disgust_brand_backlash,https://www.youtube.com/watch?v=MGxpkIK2lVs,189,Curious question without strong emotional tone.
This video remind me of my late dad ... he passed away 2 months ago ... he was a neurosurgeon and spent his life helping poor people ... after he passed away we discovered all his good deeds thru ppl ... may he rest in peace,sadness,5,negative,sadness_psa,https://www.youtube.com/watch?v=iVrQqWIs6ZE,14,Expresses grief and loss of a loved one.
I trying to control my tears but I failed after watching ending,sadness,5,negative,sadness_psa,https://www.youtube.com/watch?v=vgain-EQdt0,151,Expresses inability to hold back tears due to emotional ending.
technically u can remove the sim or disable it if esim and then contact emergency services and it should work,neutral,4,neutral,anger_customer_service,https://www.youtube.com/watch?v=-LZ_a5TER_0,200,"Informational comment about emergency services, no emotion."
"2 things worth noting : 1) Bad chargers are not too bad, as you show, there are so many protection circuits and the 2 biggest offenders for LiPos would be stopped there - high voltage and too high current. As long as the charger provides 5v, chances are that there's no risk of current over the specs. If it provides more it would be capped by a regulator. The only bad charger that could get through is one with a big ripple voltage (say from 5 to 3.5) and pulsating on that. This would probably get through the protections and slowly hurt the battery, which likes being charged in a Constant Current then Constant Voltage cycle. 2) In event of failure of all the protection circuits and the ""battery abuse"" getting through, it would *always* blow up the battery, no matter where the failure was (or if all failed at the same time). So ""physical location of the fire"" is not a good evidence to where the failure was. But good job showing the dangers and demystifying a bit the phone battery. As usual, respecting the LiPo is the best approach.",neutral,4,neutral,surprise_product_fail,https://www.youtube.com/watch?v=_Cd2WIxKRDk,220,Informative technical analysis without emotional language.
I worked in a kitchen restaurant for little over a year. Really opened my eyes to how gross and unsanitary everything is.,disgust,1,negative,disgust_food_safety,https://www.youtube.com/watch?v=--OnclX8yac,42,Expresses disgust at unsanitary conditions in restaurant kitchens.
With heavy filters. It's weird how their society has gotten used to everyone using heavy filters and that the person on the screen probably looks incredibly different,disgust,1,negative,brand_crisis_negative,https://www.youtube.com/watch?v=tHn5bOBoEMI,7,"Criticizes heavy filters and societal acceptance, implying disapproval."
"Yeah United has lost customers, I will definitely never be flying with them",anger,0,negative,anger_brand_crisis,https://www.youtube.com/watch?v=yJTaGf5zURQ,210,Expresses strong dissatisfaction and a firm decision to avoid the airline.
The art of thinking clearly,neutral,4,neutral,tech_brand_story,https://www.youtube.com/watch?v=nnsSUqgkDwU,96,"Comment is a book title, no emotional tone."
How tf is this 5 years old now,surprise,6,neutral,gaming_product_launch,https://www.youtube.com/watch?v=RkC0l4iekYo,4,Expresses disbelief at the passage of time
"Truth is probably watch this thinking ""naw lets use outdated memes to get kids to stop smoking instead""",neutral,4,negative,fear_health_warning,https://www.youtube.com/watch?v=5zWB4dLYChM,32,Sarcastic tone criticizing outdated anti-smoking tactics.
United airlines:our destination has changed we will now be heading to the sun,surprise,6,negative,anger_brand_crisis,https://www.youtube.com/watch?v=WEw-GjTriIo,194,"Unexpected change of destination, likely causing inconvenience."
"Found this channel last week & This is so necessary! Went out yesterday for Sunday brunch with my family at a huge buffet. My 8 year old son got food poisoning last night, up all night throwing up!!. I'm so upset i gave that restaurant a bad review. Never going back. Keep up the good work! Thank u",anger,0,negative,disgust_food_safety,https://www.youtube.com/watch?v=xPGCrRRFWBk,100,Expresses anger about son's food poisoning and bad restaurant experience.
wtf i thought the ad might have been fake. you can picture the sales pitch in the office it's not subtle at all is it,surprise,6,negative,sadness_psa,https://www.youtube.com/watch?v=Ket5RWHg9IU,34,Expresses disbelief and criticism about a deceptive ad.
23:50 been in the business for 30 years and terrible at everything,sadness,5,negative,disgust_food_safety,https://www.youtube.com/watch?v=xPGCrRRFWBk,95,Self-deprecating humor expressing frustration and lack of success.
ngl my dumbass thought that this was a ringtone,surprise,6,neutral,surprise_product_fail,https://www.youtube.com/watch?v=8H6jz30Im_Y,88,Self-deprecating humor about a mistaken assumption.
This is SOO sad....it almost made me cry!,sadness,5,negative,fear_health_warning,https://www.youtube.com/watch?v=5zWB4dLYChM,92,Expresses deep sadness and emotional distress.
Me: So what’s the price Sony: Do you know how many stars there are in the galaxy?,surprise,6,negative,gaming_product_launch,https://www.youtube.com/watch?v=RkC0l4iekYo,13,"Comment implies Sony's price is astronomically high, expressing shock."
5 years later and I’m still coming back to this commercial. It’s beyond powerful,joy,3,positive,sadness_psa,https://www.youtube.com/watch?v=PW6SocCjTMM,39,Expresses enduring appreciation and positive emotional impact.
"Stopped eating all fast foods after getting the same results as you get from eating TACO BELL, and I know you understand what I mean.there all the same higher prices lower quality product.",anger,0,negative,brand_crisis_negative,https://www.youtube.com/watch?v=kQg2LMmpPn8,185,Expresses frustration with fast food quality and prices.
I was use it but then I stop,neutral,4,neutral,disgust_brand_backlash,https://www.youtube.com/watch?v=-4Qa9ZXTg2g,157,Factual statement without emotional expression.
"Excited to see this beloved character from my childhood get the spotlight. Guarded about the fact that the handler is Tim Burton, a man with a mixed history when it comes to revamping old gems. 🤞🏼",joy,3,positive,streaming_trailer_reaction,https://www.youtube.com/watch?v=Di310WS8zLk,63,"Expresses excitement and hope, despite guardedness, overall positive anticipation."
All my classmates cried of this,sadness,5,negative,sadness_psa,https://www.youtube.com/watch?v=O15dxrBNuAQ,81,"Comment indicates classmates cried, implying sadness."
See you in 10 years when this show up in our recommendations.,neutral,4,neutral,gaming_product_launch,https://www.youtube.com/watch?v=RkC0l4iekYo,144,Comment is a neutral observation about future recommendations.
"I feel like Kendall would have understand that this commercial was controversial before taking the offer, if she's been to protests.. 🤔",neutral,4,neutral,disgust_brand_backlash,https://www.youtube.com/watch?v=GNOu1Se6dYE,79,"Speculative observation with thinking emoji, no strong emotion."
I was so hoping the little girl would kick the football at his headset,joy,3,positive,tech_product_launch,https://www.youtube.com/watch?v=Btf4mN37OsU,49,Expresses amusement at a humorous imagined scenario.
after see this video.. my heart is crying❤️,sadness,5,negative,sadness_psa,https://www.youtube.com/watch?v=vgain-EQdt0,62,"Expresses heart crying, indicating deep sadness."
2:56 Afraid agent 47 caught live on camera,surprise,6,neutral,surprise_product_fail,https://www.youtube.com/watch?v=_Cd2WIxKRDk,50,Comment expresses surprise at seeing Agent 47 caught on camera.
I died the min a came across this vid I scrolled so fast The reason why I did was bc Im traumatized from when I was 12 driving with my dad we where going to London and we swerved luckily I was in the front seat and he told me to get out of the car and I said why and when I got out a truck hit it and his car was crushed and he did not survive and I ran and tried to get him up and to try and wake him up but he wouldn’t wake up so I felt his pulse and I didn’t feel any thing and thats when I knew he wasn’t there anymore and I just sat on the road crying my eyes out while I was holding* his hand and a bystander and he came up to me and said are you ok miss and I said no it’s my dad that needs the help not me and he said I’ll take you to the hospital and I refused to bc I was trying to wake my dad up and thats when I knew that he wasn’t here so I just laid there with my dad until 911 showed up and the took me to the hospital and I was there for days bc I wasn’t able to get out of the car that fast and I have a wound on my chest and a scar on my face and thats my story .,sadness,5,negative,fear_public_safety,https://www.youtube.com/watch?v=3Twl1soaBJM,180,"Traumatic memory of father's death in car accident, expressed with grief and loss."
guess the car radio didnt stop....,surprise,6,neutral,fear_public_safety,https://www.youtube.com/watch?v=3Twl1soaBJM,1,"Implies unexpected continuation of car radio, mild surprise."
Cyber warfare. Crazy times we are in clkearly a message to mr president,surprise,6,negative,anger_customer_service,https://www.youtube.com/watch?v=oZRywTkhwrA,153,Expresses shock and concern about cyber warfare and its implications.
They did it. They somehow found a way to outdo the Kendall Jenner Pepsi ad in terms of sheer awfulness.,disgust,1,negative,food_beverage_ad,https://www.youtube.com/watch?v=Yy6fByUmPuE,143,Expresses strong disapproval and disgust at the ad's awfulness.
It's millions of people and some phone numbers still are not working,anger,0,negative,anger_customer_service,https://www.youtube.com/watch?v=oZRywTkhwrA,11,Frustration expressed about non-working phone numbers.
This made me go: AWWW! and at the same time...question why I am even watching this...,surprise,6,positive,tech_brand_story,https://www.youtube.com/watch?v=nnsSUqgkDwU,16,"AWWW indicates joy, but questioning shows surprise at own reaction."
"""Won't appear on TV"" ""Won't be famous"" Little did he know 7 years later 104 million people watched him",surprise,6,positive,sadness_psa,https://www.youtube.com/watch?v=uaWA2GbcnJU,20,Unexpected success and massive viewership contrast with initial doubts.
"Guys 112 works globally, if Ur service is down and 911 didn't work use 112 and U may find it works",neutral,4,neutral,anger_customer_service,https://www.youtube.com/watch?v=-LZ_a5TER_0,180,Informational comment providing a tip without emotional tone.
*Why do good girls like bad guys... I've had this question for a really long timeeeeee* ~Tiktok,sadness,5,negative,disgust_brand_backlash,https://www.youtube.com/watch?v=-4Qa9ZXTg2g,84,Expresses confusion and longing about a painful relationship pattern.
"To be honest, I think they could have done a lot better with this release. It's a bit disappointing, and unless you're upgrading from an S22 Ultra or an older model, I'm not sure it's worth it. It just doesn't feel like a significant enough upgrade to justify the cost.",sadness,5,negative,tech_review_mixed,https://www.youtube.com/watch?v=XkXbkxtBlwY,117,Expresses disappointment and dissatisfaction with the product release.
You can't force people of a plane once they sit down! I'm never flying with them again!,anger,0,negative,anger_brand_crisis,https://www.youtube.com/watch?v=WEw-GjTriIo,61,Expresses frustration and refusal to fly again.
I am honestly the most confused I have ever been in my life... I've read through so many comments and I still don't get how it's offensive,neutral,4,neutral,disgust_brand_backlash,https://www.youtube.com/watch?v=KxAf8ZJvUPo,71,"Expresses confusion and lack of understanding, no strong positive or negative sentiment."
0:11 bro got jumped scared my a finger 💀,surprise,6,negative,app_brand_campaign,https://www.youtube.com/watch?v=Ew4kM1FmM8o,65,"Comment describes being jump scared, indicating surprise and negative experience."
Damn that intro,surprise,6,negative,tech_product_launch,https://www.youtube.com/watch?v=n6pqGoXWZzo,35,Uses 'damn' to express shock or disapproval about the intro.
Anxiety and embarrassment are going to create a lot of core memories.,sadness,5,negative,movie_trailer_joy,https://www.youtube.com/watch?v=LEjhY15eCx0,90,Comment highlights negative emotions from anxiety and embarrassment.
1:02 I love how the best excuse they could come up with was “it was for his own consumption”,joy,3,positive,disgust_food_safety,https://www.youtube.com/watch?v=dhBxrfETXJA,219,"Sarcastic amusement at a weak excuse, expressing joy."
Fr thought it was gonna say “Wanna break from the adds”,surprise,6,neutral,fear_public_safety,https://www.youtube.com/watch?v=0ygLvFG9QsA,185,"Unexpected twist on common phrase, mild surprise"
"What’s next? ""Duo’s basement adventure""",surprise,6,neutral,app_brand_campaign,https://www.youtube.com/watch?v=Ew4kM1FmM8o,87,Expresses curiosity and mild surprise about a hypothetical scenario.
"I've never seen such a hideous campaign on television. it's really something new to guilt, shame, and sicken in one 30 second ad. i wouldnt advise anyone i love to smoke, and when someone i know quits, i congratulate them. but imagine if this type of advertising catches on for something the government doesnt approve of? like, depleted uranium babies in Iraq. now, that could be a game changer",anger,0,negative,fear_health_warning,https://www.youtube.com/watch?v=5zWB4dLYChM,107,"Expresses strong disapproval and criticism of the ad, with sarcastic tone."
"i’ve worked in a kitchen environment since i was 15, the health inspectors show up randomly 2 times a year to each store, to pass an inspection and sometime within the next 6 or so months they come back and check again how have you not cleaned your kitchen in that amount of time to have racked up 110 violations look i’m gonna be honest with these industrialized kitchens it’s hard to maintain 100% clean all the time so sometimes things slip but i’ve never even gotten a violation on a health inspection to get 110…. you literally have to be doing NOTHING but making food and leaving at the end of the night, that’s actually disgusting asf man.",disgust,1,negative,disgust_food_safety,https://www.youtube.com/watch?v=--OnclX8yac,69,Expresses strong disgust at the kitchen's lack of cleanliness and 110 violations.
2019 is going to be worse than 2018,sadness,5,negative,disgust_brand_backlash,https://www.youtube.com/watch?v=-4Qa9ZXTg2g,164,Expresses pessimism and disappointment about the future.
Why am I finding this so relieving !! I'm scared of myself,surprise,6,negative,fear_public_safety,https://www.youtube.com/watch?v=3Twl1soaBJM,44,"Relief mixed with fear of self, dominant surprise at own reaction."
"the crazy thing is i decided to stop smoking yesterday. i flushed my pack that i had.. i can’t tell you what got into me, but i knew i wanted to live long enough to see my grandkids graduate. i’m only 30, but have been smoking since i was 12 years old (don’t be like me, please). but today i wake up, open my phone & go to youtube & this is the first video i see & i think it’s a sign. hopefully this works for me im nervous of what’s to come in the next few days & week/2 weeks.",fear,2,negative,fear_health_warning,https://www.youtube.com/watch?v=EkkOTplBCmA,175,"Nervous about quitting smoking, worried about withdrawal and future."
3:03 Jerry is trying to set up a barbecue 😀,joy,3,positive,surprise_product_fail,https://www.youtube.com/watch?v=_Cd2WIxKRDk,91,Smiling emoji and positive tone about setting up barbecue.
Cried When ever I watch this,sadness,5,negative,sadness_psa,https://www.youtube.com/watch?v=vgain-EQdt0,114,"Expresses crying, indicating sadness from watching the video."
"i keep saying: the anti-vaping ads aren't gonna work until someone who gets as bad as terrie did makes the news. only then will people stop. no amount of ""vaping will make you depressed"" ads will have the same impact as these terrie ads do.",sadness,5,negative,fear_health_warning,https://www.youtube.com/watch?v=EkkOTplBCmA,8,Comment expresses concern about ineffective anti-vaping ads and references tragic consequences.
I believe this was the most successful anti-smoking ad I've ever seen.,joy,3,positive,fear_health_warning,https://www.youtube.com/watch?v=5zWB4dLYChM,5,Expresses strong approval and admiration for the ad.
"Because of Terry's PSA I used to beg my mom to stop smoking. She would get so upset about a child telling her what to do. My mom now has late stage COPD, has almost no mobility, and lives on an oxygen tank. She has needed a corrective surgery for a colostomy bag for years, but her heart is in bad condition, so they won't risk it. She does very little outside of her home. I have never once heard her say she regrets smoking..",sadness,5,negative,fear_health_warning,https://www.youtube.com/watch?v=EkkOTplBCmA,39,"Comment describes mother's severe health decline due to smoking, evoking sadness."
"How many rats live here? We have like 10-15 sometimes. WTF? I appreciate his honesty, though.",surprise,6,negative,disgust_food_safety,https://www.youtube.com/watch?v=dhBxrfETXJA,35,"Shock at the number of rats, but mixed with appreciation for honesty."
"1990 Grandad died aged 66 from lung cancer 2 days before he passed I didn't recognise him, but it wasn't the tobacco that killed him it was the 40yrs working on the roofs stripping asbestos off, no health warnings back then, sad to see how this lady passed but we who choose to smoke know the risks but we choose to ignore it.",sadness,5,negative,fear_health_warning,https://www.youtube.com/watch?v=X4k12miYJ4M,140,"Personal story of loss and regret, highlighting tragic death from asbestos."
"In NY and CA they were reselling for $250,000 in the secondary market when they first came out. Insane.",surprise,6,negative,automotive_controversy,https://www.youtube.com/watch?v=ro262oyhZAI,101,"Expresses shock at extreme resale prices, implying disapproval."
"Nah imagine waking up to them sounds, I’d shit myself",fear,2,negative,surprise_product_fail,https://www.youtube.com/watch?v=8H6jz30Im_Y,19,Comment expresses fear and disgust at imagined sounds.
7 years..........,sadness,5,negative,entertainment_fandom,https://www.youtube.com/watch?v=TcMBFSGVi1c,86,Ellipsis and time reference suggest nostalgia or regret.
This reminds me of me actually in a car crash my mom was pregnant and my dad was driving and he was drunk and he wasn't paying attention to the rood and then we crashed and I felt the lights flashing on my eyes and my mom and my baby didn't make it 😭😭😭😭😭😭,sadness,5,negative,fear_public_safety,https://www.youtube.com/watch?v=3Twl1soaBJM,98,"Traumatic memory of losing family in a crash, expressed with crying emojis."
"Dang, they surely did something to him",surprise,6,neutral,fast_food_brand_launch,https://www.youtube.com/watch?v=chYLHu0w8z0,75,Expresses mild surprise or curiosity about an unspecified event.
Lamp or mop ????,surprise,6,neutral,brand_crisis_negative,https://www.youtube.com/watch?v=JVxCp22WatU,130,Confusion and curiosity about the object.
Me: That's pretty interesting to see the inside of a battery and to see how it reacts to being punctu- My brain: *Eat it*,joy,3,positive,surprise_product_fail,https://www.youtube.com/watch?v=_Cd2WIxKRDk,141,Humorous self-deprecating joke about curiosity and impulse.
Taking pride in your work is #1 from the top to the bottom. Poor work reflects on you personally!,anger,0,negative,disgust_food_safety,https://www.youtube.com/watch?v=xPGCrRRFWBk,243,"Criticizes poor work, implying strong disapproval and frustration."
"What if someone is trapped in the car, on fire, or there is a forgotten baby on a hot day? If the glass can’t break what do you do?",fear,2,negative,surprise_product_fail,https://www.youtube.com/watch?v=udxR5rBq_Vg,88,Expresses worry about dangerous scenarios and helplessness.
"why does the vibration give me actual chills while the ""happy"" jingle plays in the background? it just sounds horrifying. also addressing the fact that you are gaining the knowledge that there is nothing you can do, your phone will explode and you and everyone near you will die.",fear,2,negative,surprise_product_fail,https://www.youtube.com/watch?v=8H6jz30Im_Y,58,Describes horrifying feeling and helplessness about impending death.
Absolutely disgusting. This made me want to cry. Never going to fly with United after this. I hope that man is doing better now. :(,sadness,5,negative,anger_brand_crisis,https://www.youtube.com/watch?v=VrDWY6C1178,47,"Expresses disgust and sadness, with crying and a sad emoji."
"This is the best short film I have ever seen, no question about it. Beautifully shot and presented. Bravo to the whole team that made it!",joy,3,positive,sadness_psa,https://www.youtube.com/watch?v=iVrQqWIs6ZE,88,Expresses high praise and admiration for the film.
This is so sad what smoking can do to people god bless all of you<3,sadness,5,negative,fear_health_warning,https://www.youtube.com/watch?v=5zWB4dLYChM,125,"Expresses sadness about smoking's effects, with a caring tone."
Millions CO,neutral,4,neutral,anger_customer_service,https://www.youtube.com/watch?v=T8ClHGY08jc,125,"Incomplete comment, no emotional signal."
F Nike and Kraperdick!!!,anger,0,negative,sports_brand_purpose,https://www.youtube.com/watch?v=jBnseji3tBk,28,Strong negative language and exclamation marks indicate anger.
"been smoking for 7 years since age 14, quit 26 days ago. this gives me more encouragement to keep that going.",joy,3,positive,fear_health_warning,https://www.youtube.com/watch?v=EkkOTplBCmA,10,Expresses encouragement and positive progress in quitting smoking.
You know what I just realized how do y'all find out if someone is a bot like you see just a girl face and you guess bot but if you see another girl face it's not a bot like do y'all look at their profile?....,neutral,4,neutral,brand_crisis_negative,https://www.youtube.com/watch?v=kQg2LMmpPn8,248,"Expresses curiosity about identifying bots, no strong emotion."
Sometimes you get to see how dumb some people really are,anger,0,negative,brand_crisis_negative,https://www.youtube.com/watch?v=JVxCp22WatU,64,Expresses frustration and contempt towards others' intelligence.
"If anyone wants a summary for their assignment The film is an emotional and heart touching story, about a single father reading a letter written to him by his young daughter. The letter begins as any letter a child would write to her father describing him as smart, sweet and kind. The video shows the dad always smiling, making his daughter laugh. It also shows him walking his daughter to school wearing a suit, buying her ice cream, and tipping the waiter at a restaurant. She says he’s the most handsome dad in the world and calls him her superman. The father expects the rest of the letter to also be words of praise for him from his daughter, but then she writes that he lies. She writes that he lies about having a job and money, he lies about not being tired and not being hungry. The video shows the father not able to find a good job and shows him doing a variety of jobs including washing windows, and doing manual labor. The girl writes that her father lies about being happy all the time and having everything because of her. This makes the father break down in tears and hug his daughter in an emotional scene which touches your heart, and shows the lengths to which fathers will go to give their children the best they possibly can at the cost of their own comfort. The film ends with the message that a child’s future is worth every sacrifice.",sadness,5,negative,sadness_psa,https://www.youtube.com/watch?v=vgain-EQdt0,23,Describes a heartbreaking story of a father's sacrifices and hidden struggles.
"God, spot me if you're gonna throw something that heavy my way",fear,2,negative,sadness_psa,https://www.youtube.com/watch?v=Ket5RWHg9IU,3,Expresses fear of being hit by heavy object.
imma take part of this,neutral,4,neutral,anger_brand_crisis,https://www.youtube.com/watch?v=yJTaGf5zURQ,107,Statement of intent without emotional tone.
HeroQR Download and Generate Your Vehicle's Encrypted - HeroQR Add two references and Generate QR if unfortunately any person got injured by accident anyone around can scan and let the injured person's reference's know. Also can send the Current Location . @t​,neutral,4,neutral,sadness_psa,https://www.youtube.com/watch?v=B2rFTbvwteo,104,Promotional comment describing a product/service without emotional expression.
This commercial is not offensive....,neutral,4,neutral,disgust_brand_backlash,https://www.youtube.com/watch?v=GNOu1Se6dYE,135,Comment states a factual opinion without strong emotion.
"is it yale, or byu?",neutral,4,neutral,brand_campaign_positive,https://www.youtube.com/watch?v=ijTwZNUBhcI,96,Asking a factual question without emotional tone.
0:00 The music beat and his talking is synced so perfectly,joy,3,positive,fast_food_brand_launch,https://www.youtube.com/watch?v=chYLHu0w8z0,38,Expresses admiration for perfect synchronization.
"3 separate outbreaks. I won't ever eat there. I never have, never will. McDonald's Burger King Wendy's are all terrible to eat. But there hasn't been ONE outbreak in all 3 franchise's.",anger,0,negative,disgust_food_safety,https://www.youtube.com/watch?v=zBXAJV82744,73,Expresses strong aversion and distrust towards fast food chains.
Comments below are so funny : D. You know I liked that ad and I think if they removed the police skit in the end it would have been fine. But people blew it out of proportion...but the ad ddnt make me want a Pepsi,joy,3,positive,disgust_brand_backlash,https://www.youtube.com/watch?v=KxAf8ZJvUPo,170,"Finds comments funny and liked the ad, despite criticism."
im downloading it back rn,neutral,4,neutral,app_brand_campaign,https://www.youtube.com/watch?v=Ew4kM1FmM8o,138,"Factual statement about downloading, no emotion."
"Fun fact: no matter the country most of the time you can call ""your"" emergency number and connect with this countrys emergency line for example if You call 911 in Poland You Will connect with 112. At least that's what I was learned so I hope it works",neutral,4,neutral,anger_customer_service,https://www.youtube.com/watch?v=-LZ_a5TER_0,195,Informational comment sharing a fact without emotional expression.
this is how bad is United States disgusting,disgust,1,negative,anger_brand_crisis,https://www.youtube.com/watch?v=9LhTJDkVXvg,52,Expresses strong disgust and negative judgment about the United States.
What a video.. very very heart touching and emotional..tears from my eyes came out 😭😭😭.. thanks to the man who has uploaded this.. Love you from India..,sadness,5,positive,sadness_psa,https://www.youtube.com/watch?v=iVrQqWIs6ZE,172,"Expresses deep emotional impact and gratitude, tears indicate sadness but overall positive sentiment."
"I just tried it, Elon is lying.",anger,0,negative,surprise_launch_reaction,https://www.youtube.com/watch?v=4qGw9WH4Xj8,7,Accusation of lying indicates distrust and anger.
"""He lies because of me"" 💔",sadness,5,negative,sadness_psa,https://www.youtube.com/watch?v=O15dxrBNuAQ,37,Heartbreak emoji and confession of causing someone's lies indicate sadness and guilt.
"My grandfather Papoo (Spero) died from COPD, i was only 11 years old when he died.",sadness,5,negative,fear_health_warning,https://www.youtube.com/watch?v=5zWB4dLYChM,81,Expresses grief over grandfather's death from COPD.
"Its not Chipotle we should blame on, the meat we eat which we get from factories like Tyson etc are the HUGE outbreaks of ecoli, Check foodnet there is proof behind this, Ecoli we can make a change of, if we shut down the factories that make our food, NOTHING I SAY NOTHING<- is organic or fresh, Nothing we get is made from organic farms anymore, its all FACTORY made, Everyday more then 40,000 pigs are slaughtered non organicly. The process is taken very dirty nor will it be clean, this is why our meat eggs etc is infected with ECOLI, It sucks cause we cant say anything to these factories about there food, etc or we otherwise can get sued! We can all do something together and make a difference, Factory food isn't like it used to be anymore, all these factories don't even allow people to record there food being processed, Like wtf... Ecoli is a thing happening and its up to you guys to make a change.",anger,0,negative,disgust_food_safety,https://www.youtube.com/watch?v=1vpTvVbNsJs,40,Expresses frustration and anger towards factory food systems and lack of transparency.
me and my siblings watched this video like way back maybe like 10 years ago and now nostalgia hit me so bad when i saw this video on my feed,sadness,5,positive,sadness_psa,https://www.youtube.com/watch?v=uaWA2GbcnJU,37,"Nostalgia for past memories with siblings, bittersweet feeling."
"If you personally know food inspectors, you’ll understand that these findings are quite common. Maybe not this many violations; but the stories are still grotesque.",disgust,1,negative,disgust_food_safety,https://www.youtube.com/watch?v=--OnclX8yac,61,"Describes violations as grotesque, implying disgust and negative sentiment."
“911 What's Your Emergency” *Phone proceeds to explode*,surprise,6,negative,surprise_product_fail,https://www.youtube.com/watch?v=8H6jz30Im_Y,17,Unexpected emergency scenario with explosive outcome.
Goodbye United Airline....you will be re-accommodated in the market,joy,3,positive,anger_brand_crisis,https://www.youtube.com/watch?v=WEw-GjTriIo,29,Sarcastic humor about United's re-accommodation scandal.
YO I WAS LIKE. RYLAND??!! WHAT,surprise,6,positive,disgust_brand_backlash,https://www.youtube.com/watch?v=KxAf8ZJvUPo,80,"Excitement and disbelief at seeing Ryland, indicated by caps and punctuation."
Yes but u missed one step indicator but good since if u think hazards will be on so yes,neutral,4,neutral,fear_public_safety,https://www.youtube.com/watch?v=tAlrXpn5MOc,14,"Factual correction with mild approval, no strong emotion."
0:08 😂😂😂😂😂😂 I DIED LAUGHING 😂😂😂😂😂😂,joy,3,positive,fast_food_brand_launch,https://www.youtube.com/watch?v=chYLHu0w8z0,118,Laughter and emojis indicate strong amusement and joy.
Holy shit that voice acting,surprise,6,positive,fast_food_brand_launch,https://www.youtube.com/watch?v=chYLHu0w8z0,15,Strong positive surprise at the quality of voice acting.
"I say boycott would be a viable option, matter of fact the best option, just think it could have been you getting dragged off the plane!",anger,0,negative,anger_brand_crisis,https://www.youtube.com/watch?v=yJTaGf5zURQ,61,"Expresses strong disapproval and suggests boycott, implying injustice."
Who else here took random cylinder shapes objects and pretended to smoke as a kid 😂,joy,3,positive,fear_health_warning,https://www.youtube.com/watch?v=5zWB4dLYChM,3,Nostalgic humor with laughing emoji indicates joy.
NGL this ad funny as hell when you see the long version,joy,3,positive,fear_public_safety,https://www.youtube.com/watch?v=O8MQV40pOtk,28,"Finds the ad humorous, expressing amusement."
"For me, the best anti-smoking ad I saw was Veritasium’s “most radioactive places on earth” video, where the plot twist at the end is that a smoker’s lungs won",surprise,6,positive,fear_health_warning,https://www.youtube.com/watch?v=EkkOTplBCmA,18,"Unexpected twist about smoking's danger, presented as effective anti-smoking ad."
"Video nerds are the only ones that’ll appreciate this, but the softer warm lighting is SOOOO GOOD. So good!",joy,3,positive,tech_product_launch,https://www.youtube.com/watch?v=n6pqGoXWZzo,7,Expresses strong appreciation and excitement about lighting.
THANKSsss,joy,3,positive,app_brand_campaign,https://www.youtube.com/watch?v=Ew4kM1FmM8o,102,Expresses gratitude with enthusiasm.
FRIEZA?!,surprise,6,neutral,fear_health_warning,https://www.youtube.com/watch?v=5zWB4dLYChM,87,Exclamation of surprise at Frieza's appearance.
Who is here after iPhone shatter gate?,surprise,6,neutral,surprise_product_fail,https://www.youtube.com/watch?v=_Cd2WIxKRDk,202,Commenter expresses curiosity about others after an event.
"Life is a lot more better when the truly beautiful are noticed. Dove, cheers.",joy,3,positive,beauty_campaign,https://www.youtube.com/watch?v=JNYjRmNCu9o,4,Expresses appreciation for beauty and gratitude towards Dove.
"You’ll be surprised to see how nasty 🤮 the food is prepared!! Millions of Americans get sick and they don’t even know where it’s coming from Bacteria’s as Most people with H. pylori infection have no symptoms. In people who have ulcers due to H. ... pylori, the first symptoms of ulcers include: Pain or discomfort in the upper abdomen. Feeling full after eating a small amount of food. Bloating. Gas. Loss of appetite. Nausea. Vomiting. Belching (burping) Comes from unhealthy cooking 🥘 and handling food . Using cellphones 📱 in the kitchen it’s the most common cellphones are full of bacteria 🦠",disgust,1,negative,disgust_food_safety,https://www.youtube.com/watch?v=dhBxrfETXJA,124,"Expresses disgust at food preparation, mentions sickness and bacteria."
It went from happy to SAW quickly,surprise,6,negative,fast_food_brand_launch,https://www.youtube.com/watch?v=chYLHu0w8z0,37,"Unexpected shift from happy to scary, implying shock."
“911 what’s your emergency?” *my phones about to-* *💥🔥🔥💥*,surprise,6,negative,surprise_product_fail,https://www.youtube.com/watch?v=8H6jz30Im_Y,69,Unexpected explosion emojis suggest shock and disaster.
"I tried a EggMc Muffin, and I couldn’t finish it, I was like this is not how a English Muffin should taste",disgust,1,negative,brand_crisis_negative,https://www.youtube.com/watch?v=kQg2LMmpPn8,130,Expresses dislike and dissatisfaction with the taste of the food.
"Well,no more Gillette for me",anger,0,negative,disgust_brand_backlash,https://www.youtube.com/watch?v=liPlJ_ynd_Q,74,"Expresses boycott decision, implying dissatisfaction with brand."
That's a dump truck,neutral,4,neutral,brand_crisis_negative,https://www.youtube.com/watch?v=JVxCp22WatU,100,"Factual statement about a vehicle, no emotion."
I thought the lady died on the plane when he searched for the church and the omnious music started playing,fear,2,negative,tech_brand_story,https://www.youtube.com/watch?v=nnsSUqgkDwU,83,"Commenter describes a tense, scary moment with ominous music."
"That's why Thailand is the best place to visit, the reason is because of the Thai people.",joy,3,positive,sadness_psa,https://www.youtube.com/watch?v=iVrQqWIs6ZE,96,Expresses admiration and positive sentiment towards Thai people.
I love this commercial! makes me cry everytime.. 😥,sadness,5,positive,sadness_psa,https://www.youtube.com/watch?v=iVrQqWIs6ZE,221,Expresses love but crying emoji indicates sadness.
They should rethink the entire staff at that point..,anger,0,negative,brand_crisis_negative,https://www.youtube.com/watch?v=JVxCp22WatU,22,Expresses frustration and criticism towards staff.
"This always get me emotional, you never know what one kind gesture can do for someone. Your act of generosity could inspire and change someone's life. This message is powerful",joy,3,positive,sadness_psa,https://www.youtube.com/watch?v=iVrQqWIs6ZE,43,Expresses appreciation for kindness and its positive impact.
If I got this I would be scared af and cry 😿,fear,2,negative,surprise_product_fail,https://www.youtube.com/watch?v=8H6jz30Im_Y,73,Expresses fear and crying about receiving the item.
The reaction at the end— I was just as shocked! That was a clever and very realistic twist.,surprise,6,positive,fear_public_safety,https://www.youtube.com/watch?v=0ygLvFG9QsA,162,Expresses shock and appreciation for a clever twist.
"""911 what's your emergency?"" ""My note 7-"" ""Damn it""",fear,2,negative,surprise_product_fail,https://www.youtube.com/watch?v=8H6jz30Im_Y,102,Joke about Note 7 battery fires implies danger and fear.
"first of all i own a huawei 6p, you know what is weird 70 cases found where the note 70 caught fire. while the iphone 6 and 6s together caused 580 explosions and no one talks about it.. atleast samsung accepts their mistake and calls them back.",anger,0,negative,surprise_product_fail,https://www.youtube.com/watch?v=_Cd2WIxKRDk,78,Frustration with perceived media bias and double standards.
Yk shit is serious when carter pulling out the stats,surprise,6,negative,anger_customer_service,https://www.youtube.com/watch?v=-LZ_a5TER_0,134,"Unexpected seriousness indicated by stats, implying negative situation."
Coke is better anyway,neutral,4,neutral,disgust_brand_backlash,https://www.youtube.com/watch?v=MGxpkIK2lVs,8,Simple statement of preference without strong emotion.
You can link to a satellite and still call 911,surprise,6,positive,anger_customer_service,https://www.youtube.com/watch?v=-LZ_a5TER_0,45,Expresses amazement at satellite connectivity for emergency calls.
"Y’all, I worked at a restaurant that was quite literally a barn with a kitchen and it would never get an 1/10th of those violations. This takes skill to produce something so revolting.",disgust,1,negative,disgust_food_safety,https://www.youtube.com/watch?v=--OnclX8yac,130,"Expresses revulsion at the violations, calling the result revolting."
Calm down. It's just a commercial.,neutral,4,neutral,disgust_brand_backlash,https://www.youtube.com/watch?v=MGxpkIK2lVs,129,"Comment dismisses emotional reaction, stating it's just a commercial."
So this is why my grandma never let me eat here. I'm 12 and haven't ate here once.,sadness,5,negative,disgust_food_safety,https://www.youtube.com/watch?v=zBXAJV82744,40,Regret and disappointment about missing out on eating somewhere due to grandma's restriction.
"If you are someone who is not liked, at least you will be someone who is feared",neutral,4,neutral,streaming_trailer_reaction,https://www.youtube.com/watch?v=Di310WS8zLk,3,Statement of fact without strong emotional tone.
"WTF, that's disgusting and disturbing 😮",disgust,1,negative,brand_crisis_negative,https://www.youtube.com/watch?v=JVxCp22WatU,9,Explicit disgust and shock at disturbing content
Rest In Peace terry May you Rest In Peace.😢,sadness,5,negative,fear_health_warning,https://www.youtube.com/watch?v=5zWB4dLYChM,83,Expresses grief and mourning for Terry.
"35 out of 2million? Sounds good to me, I'll snuggle up at night with my helmet and fire proof suit along with a fire extinguisher while my new note 7 charges!!",joy,3,positive,surprise_product_fail,https://www.youtube.com/watch?v=_Cd2WIxKRDk,144,"Sarcastic humor about Note 7, but overall playful and amused tone."
I quit smoking my vape a couple weeks ago myself. I was just sick and tired of smoking honestly,neutral,4,neutral,fear_health_warning,https://www.youtube.com/watch?v=IJlIcK-gbLE,140,"Factual statement about quitting vaping, no strong emotion."
I can see that lights when I close my eyes,neutral,4,neutral,fear_public_safety,https://www.youtube.com/watch?v=3Twl1soaBJM,174,Descriptive statement without strong emotional tone.
"I was working overnight for an installation in downtown Boston once. The loading dock was right near fanueil hall. We were definitely right next to the back doors to many of the bars/restaurants/shops in the building. Nobody was opening the roll up door next to the dock so my coworker and I decided to walk around the building. As we were trying to find our way to the front of the building to inform security to send someone to open the dock door for us, we saw what was probably a 2x30 row of these frosted glass square windows. We could see lights coming through most of them besides the last chunk of 4 of them. So my coworker tapped on the glass with his hand as if he was lightly knocking on a door. A couple hundred roaches all scattered from the insides of the windows and then we could see the lights. It was one of the most disturbing things I’ve ever seen.",disgust,1,negative,disgust_food_safety,https://www.youtube.com/watch?v=--OnclX8yac,5,"Describes a disturbing encounter with roaches, evoking strong disgust."
I AM HERE AFTER HE WAS LIVE ON FACEBOOK,surprise,6,neutral,automotive_brand_ad,https://www.youtube.com/watch?v=M7FIvfx5J10,130,Expresses surprise at finding the video after a live event.
"""dOnT wOrrY bOuT mE im A thuG"" ... ""IIEHHHHHH""",joy,3,positive,fear_public_safety,https://www.youtube.com/watch?v=vvXXzHSPu10,2,Playful mockery with laughter suggests amusement and joy.
1:51 I started crying 😭,sadness,5,negative,sadness_psa,https://www.youtube.com/watch?v=uaWA2GbcnJU,144,"Expresses crying, indicating sadness."
Just imagine one of these phone catches on fire 💀,fear,2,negative,brand_crisis_negative,https://www.youtube.com/watch?v=tHn5bOBoEMI,125,"Imagines a dangerous scenario, expressing worry about phone catching fire."
Tesla Cybertruck makes the Pontiac Aztec look good.,disgust,1,negative,automotive_controversy,https://www.youtube.com/watch?v=ro262oyhZAI,61,Sarcastic comparison implying Cybertruck is ugly.
"hi, it just relays to another tower and cell services are obligated to make them compatible with other towers and they also (mostly) use the same protocol (5G) and encryption algorithm (idk) so calling 911 without service would and WILL work",neutral,4,neutral,anger_customer_service,https://www.youtube.com/watch?v=-LZ_a5TER_0,175,"Informative explanation about 911 calls, no emotional tone detected."
Intro was fire asf 🔥,joy,3,positive,tech_product_launch,https://www.youtube.com/watch?v=n6pqGoXWZzo,130,Expresses excitement and approval about the intro.
"The secondhand smoke is so annoying. My sister smokes and every time I tell her to not smoke in my room or near me, she's like ""stop overreacting"". I'm the only one in my family that doesn't smoke and I'm thankful I didn't get peer pressured into smoking when I was still in school",anger,0,negative,fear_health_warning,https://www.youtube.com/watch?v=EkkOTplBCmA,28,Expresses frustration and annoyance about secondhand smoke and family dismissal.
This has surely got to be some BIG TIME trolling by placing that cheese in the way she did. She needs to be in jail for pulling that shit and thinking it is acceptable to post online. The severe distress and anxiety she has caused people from around the world is immeasurable.,anger,0,negative,brand_crisis_negative,https://www.youtube.com/watch?v=kQg2LMmpPn8,92,Expresses outrage and calls for jail time over perceived trolling.
The crazy thing is I remember they literally did explode alot so yea the note 7 was permanently discontinued very fast abd had a recall,neutral,4,neutral,surprise_product_fail,https://www.youtube.com/watch?v=8H6jz30Im_Y,7,Factual statement about Note 7 recall without strong emotion.
"He wanted to ""study abroad, paris"" >knows next to nothing about it and resorts to google for *everything*",disgust,1,negative,tech_brand_story,https://www.youtube.com/watch?v=nnsSUqgkDwU,90,"Criticizes someone's ignorance and reliance on Google, showing contempt."
Sadness liking embracement is so cute. 0:53,joy,3,positive,movie_trailer_joy,https://www.youtube.com/watch?v=LEjhY15eCx0,107,"Comment finds the interaction cute, expressing positive emotion."
Terrie was the reason I never smoked a cigarette. I saw her ads when I was a child and they made more of an impact on me than any other campaign,joy,3,positive,fear_health_warning,https://www.youtube.com/watch?v=X4k12miYJ4M,22,Expresses gratitude for being positively influenced by anti-smoking ads.
"I work in the medical field, it reminds me of a stainless steel bedpan with wheels..",disgust,1,negative,automotive_controversy,https://www.youtube.com/watch?v=ro262oyhZAI,103,"Compares object to a bedpan, implying unpleasantness."
"Nashville TN down, reporting that. it's definitely millions.",neutral,4,neutral,anger_customer_service,https://www.youtube.com/watch?v=MUo3n8QSQLE,49,Factual statement without emotional expression.
wow....,surprise,6,neutral,brand_campaign_positive,https://www.youtube.com/watch?v=ijTwZNUBhcI,91,"Expression of mild surprise or awe, no clear positive or negative tone."
And Elon thinks this brand of engineering will put a human on Mars?????,disgust,1,negative,surprise_product_fail,https://www.youtube.com/watch?v=LMWwImDX3ks,133,Sarcastic disbelief and criticism of engineering quality.
Who here in 2024,neutral,4,neutral,disgust_food_safety,https://www.youtube.com/watch?v=zBXAJV82744,53,"Simple inquiry about current viewers, no emotional tone."
He's running our country the same way he builds trucks.....,anger,0,negative,surprise_product_fail,https://www.youtube.com/watch?v=udxR5rBq_Vg,119,Sarcastic criticism implying incompetence in leadership and manufacturing.
"To all the haters, it takes a way better man to defend a woman than to grope one.",anger,0,negative,disgust_brand_backlash,https://www.youtube.com/watch?v=-4Qa9ZXTg2g,179,"Defensive and confrontational tone against critics, implying moral superiority."
"When I first saw it, I thought it was talking about rasism..",surprise,6,neutral,fear_public_safety,https://www.youtube.com/watch?v=0ygLvFG9QsA,116,Unexpected initial misinterpretation of the topic.
i never cried sooo hard in my life,sadness,5,negative,sadness_psa,https://www.youtube.com/watch?v=iVrQqWIs6ZE,207,"Expresses intense crying, indicating deep sadness."
The person who made this ad got kidnapped by a family friend. I am calling it now😂,surprise,6,negative,fear_public_safety,https://www.youtube.com/watch?v=0ygLvFG9QsA,93,"Suggests a shocking, dark scenario with a laughing emoji, indicating ironic surprise."
Name song please,neutral,4,neutral,brand_crisis_negative,https://www.youtube.com/watch?v=tHn5bOBoEMI,207,"Simple request for song name, no emotion."
"The new remodeled Mcdonald's designs are horrible in the south, they now hide how the staff is preparing your food in the back where the previous model use to be transparent. Why are they trying to hide the back now😕?",sadness,5,negative,brand_crisis_negative,https://www.youtube.com/watch?v=JVxCp22WatU,68,Expresses disappointment and concern about hidden food preparation.
Can Pepsi please make an ad to roast Coca-Cola?,joy,3,positive,food_beverage_ad,https://www.youtube.com/watch?v=Yy6fByUmPuE,33,"Playful request for a roast ad, implying humor and excitement."
Can I get uhhhhhhhhh corporate garbage,disgust,1,negative,disgust_brand_backlash,https://www.youtube.com/watch?v=-4Qa9ZXTg2g,203,Expresses disdain for corporate content with sarcastic tone.
"It's not masculinity that is toxic, it's always been the personality of the individual. People say it's all men because they're afraid to recognize personality.",neutral,4,neutral,disgust_brand_backlash,https://www.youtube.com/watch?v=-4Qa9ZXTg2g,8,Expresses a reasoned opinion without strong emotional language.
Can you imagine if this was a *Nikes* commercial 😂😂😂,joy,3,positive,fear_public_safety,https://www.youtube.com/watch?v=0ygLvFG9QsA,77,Laughter emojis indicate amusement and humor.
"And three years later their stock price still has not recovered, and I still refuse to buy anything associated with them.",anger,0,negative,disgust_brand_backlash,https://www.youtube.com/watch?v=8lXBs2Wy1OU,104,Expresses ongoing resentment and refusal to buy due to stock decline.
Pov epilepsy people seeing this,joy,3,positive,fear_public_safety,https://www.youtube.com/watch?v=3Twl1soaBJM,133,"Humorous comment about epilepsy, likely intended as a joke."
rest in peace terry,sadness,5,negative,fear_health_warning,https://www.youtube.com/watch?v=5zWB4dLYChM,60,Expression of grief and mourning for someone's death.
"I got a seizure, cause there was no flash warning",anger,0,negative,fear_public_safety,https://www.youtube.com/watch?v=3Twl1soaBJM,195,Expresses frustration about missing flash warning.
"Must watch series. Everything is just perfect like casting,acting, dialogue delivery, mysterious elements , creatures, school life, etc.",joy,3,positive,streaming_trailer_reaction,https://www.youtube.com/watch?v=Di310WS8zLk,52,Expresses strong admiration and satisfaction with the series.
THANK YOU FOR VIDEOS LIKE THIS. ALL RESTAURANT WITHIN THIS COUNTRY NEEDS TO BE PUT ON NOTICE OF HOW THEY KEEP UP THE RESTAURANT ESTABLISHMENT.... ALL RESTAURANTS IN THE USA..... SEEK THESE NASTY RESTAURANTS OUT. PLEASE AND THANK YOU,anger,0,negative,disgust_food_safety,https://www.youtube.com/watch?v=xPGCrRRFWBk,226,Expresses anger and demand for accountability regarding restaurant cleanliness.
The person or persons who thought up this commercial must of loved Alfred Hitchcock !,joy,3,positive,sadness_brand_story,https://www.youtube.com/watch?v=YvYGO4o334I,75,"Expresses admiration and amusement, referencing Hitchcock positively."
"I worked for 45 years in the refrigeration industry and serviced commercial kitchens for a few years; that's when I stopped eating out. Most restaurant kitchens are horrifyingly filthy, with food you wouldn't serve your pigs. Budgets are so tight at restaurants that they will cut corners just to stay in business. The only spotless, immaculate kitchen I ever saw was in a Chinese Restaurant in Bedford, New Hampshire that made their money from the secret gaming rooms they had out back - they could afford to remain spotless so as not to attract attention to their real business.",disgust,1,negative,disgust_food_safety,https://www.youtube.com/watch?v=dhBxrfETXJA,27,"Describes restaurant kitchens as horrifyingly filthy, expressing strong disgust."
"I trust him, and my eyes were shaking",surprise,6,positive,fear_public_safety,https://www.youtube.com/watch?v=3Twl1soaBJM,225,"Expresses trust and awe, with 'eyes shaking' indicating surprise."
"I thought this was the most dramatic ice cream commercial, definitely didn't expect that ending though 💀",surprise,6,positive,fear_public_safety,https://www.youtube.com/watch?v=0ygLvFG9QsA,29,"Unexpected twist in commercial, laughing emoji indicates amusement."
put it in neutral and slowly apply the emergency brake.... dont fiddle with the pedals,neutral,4,neutral,fear_public_safety,https://www.youtube.com/watch?v=tAlrXpn5MOc,4,Instructional comment with no emotional tone.
pull to slow it stopped/pull to hard it’s get crash,neutral,4,neutral,fear_public_safety,https://www.youtube.com/watch?v=tAlrXpn5MOc,52,"Factual description of a mechanism, no emotional tone."
"Really wholesome tbh, not in the standard averting stereotypes way, but how everyones coming together",joy,3,positive,fear_public_safety,https://www.youtube.com/watch?v=0ygLvFG9QsA,34,Expresses appreciation for wholesome content and unity.
That's stupid.,anger,0,negative,anger_brand_crisis,https://www.youtube.com/watch?v=WEw-GjTriIo,177,Direct expression of disapproval and frustration.
"Fuck United Airlines ! Because of what they did to this man, I will never ever take a ride on their motherfucking planes ! If that's how they treat human beings, they treated that guy like an ANIMAL ! Then fuck you UNITED AIRLINES ! You should shot down your fucking company for good ! YOU WILL REGRET WHAT YOU DID TO THAT MAN ! I SWEAR TO GOD, YOU WILL FUCKING REGRET IT !!",anger,0,negative,anger_brand_crisis,https://www.youtube.com/watch?v=1PA0geOa4PM,63,Strong profanity and capital letters express intense anger and outrage.
This one actually made me shiver the fear and panic felt shockingly real,fear,2,negative,fast_food_brand_launch,https://www.youtube.com/watch?v=chYLHu0w8z0,11,Comment explicitly mentions fear and panic feeling real.
That person who dragged him out of his seat like that has a special place in hell for him is it waiting for him.,anger,0,negative,anger_brand_crisis,https://www.youtube.com/watch?v=VrDWY6C1178,84,Expresses strong condemnation and desire for punishment.
Imagine if you are sleeping in the middle of the night and you noticed that ur phone is overheated and going to explode and you paniced and call 911 but its too late and your doomed.,fear,2,negative,surprise_product_fail,https://www.youtube.com/watch?v=8H6jz30Im_Y,143,"Describes a panicked, dangerous scenario evoking fear and anxiety."
Wow. They're going to join the likes of Pan-Am and Eastern — *out if business*,surprise,6,negative,anger_brand_crisis,https://www.youtube.com/watch?v=WEw-GjTriIo,77,Expresses shock and negative prediction about business failure.
PS5: *unknown price* Everyone’s wallet: adios,surprise,6,negative,gaming_product_launch,https://www.youtube.com/watch?v=RkC0l4iekYo,7,Humor about unexpected high price causing wallet to leave.
Need more people so spread this video more,neutral,4,neutral,sports_brand_purpose,https://www.youtube.com/watch?v=jBnseji3tBk,21,Expresses a neutral request for more views.
Instant classic.,joy,3,positive,tech_product_launch,https://www.youtube.com/watch?v=Btf4mN37OsU,64,Expresses strong approval and excitement.
"10k likes, 167k dislikes ""How do you know?"" Browser extension.",surprise,6,negative,food_beverage_ad,https://www.youtube.com/watch?v=Yy6fByUmPuE,43,Highlighting high dislike ratio suggests criticism or disbelief.
"Great Aunt had the same procedure. First time I heard her voice was on the landline at my grandmother's house when I was maybe 9 or 10, and I thought it was a robo call so I just hung up (and was later corrected on that). Being an adult now, I know that at least 4 people in my grandmother's immediate family died of smoking-related cancers. My great-aunt has more widespread cancer now, but my grandmother seems to finally be quitting for good. Don't start if you can avoid it. I smoked cigs in college (art school), but I told myself that if I started craving it, I had to stop myself. Knowing how easy it takes you, I'm lucky I was conscious of it.",sadness,5,negative,fear_health_warning,https://www.youtube.com/watch?v=EkkOTplBCmA,178,"Personal story of family loss and struggle with smoking, conveying regret and warning."
"Aww .. this video made me cry🥺 "" my father is my lifeline 💜... i luv my daddy "" ❣",sadness,5,positive,sadness_psa,https://www.youtube.com/watch?v=O15dxrBNuAQ,178,"Expresses love for father despite crying, overall positive sentiment."
Dead internet theory,neutral,4,neutral,brand_crisis_negative,https://www.youtube.com/watch?v=tHn5bOBoEMI,67,"Factual statement, no emotional tone detected."
So nice kendall jenner beautiful ❤❤❤,joy,3,positive,disgust_brand_backlash,https://www.youtube.com/watch?v=zFm9FRxi0ZM,73,Expresses admiration and love with heart emojis.
"I'll be keeping my Xperia 1vi, ta. I want a really good camera not,... Whatever this is.",disgust,1,negative,tech_review_mixed,https://www.youtube.com/watch?v=XkXbkxtBlwY,86,"Expresses dissatisfaction with the camera quality, implying disappointment."
Great Inspirational Ad,joy,3,positive,brand_campaign_positive,https://www.youtube.com/watch?v=ijTwZNUBhcI,42,Expresses admiration for an inspirational ad.
We need to find other sources for communication,neutral,4,neutral,anger_customer_service,https://www.youtube.com/watch?v=T8ClHGY08jc,162,Statement of need without emotional expression.
I got in to a car accident to,sadness,5,negative,fear_public_safety,https://www.youtube.com/watch?v=3Twl1soaBJM,223,Expresses distress about a car accident.
Mop juice dripping all in the fries 😢,sadness,5,negative,brand_crisis_negative,https://www.youtube.com/watch?v=JVxCp22WatU,5,Crying emoji indicates sadness over ruined fries.
This is too scary 😨 please to everyone out there stop smoking 😟,fear,2,negative,fear_health_warning,https://www.youtube.com/watch?v=5zWB4dLYChM,82,Expresses fear and concern about smoking dangers.
6.9 inches is the size of some small tablets tho🤣😭,joy,3,positive,tech_product_launch,https://www.youtube.com/watch?v=n6pqGoXWZzo,25,Laughter and crying emojis indicate humorous disbelief.
"Fun fact! Only one carrier has ANY towers within a half hour drive of where I live! Also, I don’t have service in my own house half the time. Also, I’m Chronically Ill",sadness,5,negative,anger_customer_service,https://www.youtube.com/watch?v=-LZ_a5TER_0,5,Expresses frustration and sadness about poor service and chronic illness.
"That's how it still works. Even with five g, you could still call 911 without service",neutral,4,neutral,anger_customer_service,https://www.youtube.com/watch?v=-LZ_a5TER_0,117,"Informational statement about 911 calls, no emotional tone."
Why did she purposely put the cheese on like that lol rage bait,anger,0,negative,brand_crisis_negative,https://www.youtube.com/watch?v=kQg2LMmpPn8,12,Expresses frustration and accuses of rage baiting.
Let's hope the thug learned a lesson,anger,0,negative,fear_public_safety,https://www.youtube.com/watch?v=vvXXzHSPu10,51,Disapproval and negative judgment towards the person called 'thug'.
Balonie moment,neutral,4,neutral,surprise_product_fail,https://www.youtube.com/watch?v=8H6jz30Im_Y,115,Nonsensical phrase with no clear emotional tone.
i don’t see how this ad is so bad wtf ?,neutral,4,neutral,disgust_brand_backlash,https://www.youtube.com/watch?v=KxAf8ZJvUPo,218,Expresses confusion and mild disbelief about the ad criticism.
"BTW at 0:03 they put ""*Created by Real Magic AI"" meaning there was literally NO NEED for them to make a behind the scenes video.",surprise,6,negative,food_beverage_ad,https://www.youtube.com/watch?v=Yy6fByUmPuE,77,Expresses disbelief and criticism about unnecessary behind-the-scenes video.
United Airlines deserves the roast for a whole year,anger,0,negative,anger_brand_crisis,https://www.youtube.com/watch?v=yJTaGf5zURQ,106,Expresses strong disapproval and criticism towards United Airlines.
Something really sad just occurred to me He googles “how to not forget” Something tells me he had a dementia/Alzheimer’s diagnosis and he’s setting google reminders about his wife so he doesn’t forget about her :(,sadness,5,negative,sadness_psa,https://www.youtube.com/watch?v=PW6SocCjTMM,76,Commenter expresses sadness about a character possibly having dementia and forgetting his wife.
Give me a break. The guy at the end of the video said the incidents couldn t be traced back to a source and were not related. This was corporate sabotage by Monsanto and all the other food manufacturers who can t allow a healthy food chain to make it. And it worked. Read the other comments of people who won t go back.,anger,0,negative,disgust_food_safety,https://www.youtube.com/watch?v=zBXAJV82744,122,"Expresses frustration and accusation of corporate sabotage, showing anger."
Thanks this ruined my night ....,sadness,5,negative,anger_brand_crisis,https://www.youtube.com/watch?v=WEw-GjTriIo,111,"Expresses disappointment and sadness, saying night is ruined."
The fact that they waited 9 years to release the second one now that most of us who grew up with this movie are teenagers now adores me. Like when I was a kid I could relate so much to Inside Out but now I'm a teenager and only this trailer is so relatable.,joy,3,positive,movie_trailer_joy,https://www.youtube.com/watch?v=LEjhY15eCx0,19,Expresses excitement and nostalgia about the sequel's timing.
imagine if we were hit with an EMP attack? you think cell phone outage would be a problem...,neutral,4,neutral,anger_customer_service,https://www.youtube.com/watch?v=MUo3n8QSQLE,146,Poses a hypothetical scenario without strong emotional tone.
"Wow, idc if it's 8 years later or if I don't live there...I needed to know this. Looks can be so so deceiving.",surprise,6,positive,disgust_food_safety,https://www.youtube.com/watch?v=--OnclX8yac,72,Expresses surprise and relief at learning something important despite time and distance.
youtube rewind,neutral,4,neutral,disgust_brand_backlash,https://www.youtube.com/watch?v=8lXBs2Wy1OU,246,Factual mention of YouTube Rewind without emotional expression.
"Thanks Guardian, I can dislike twice now",joy,3,positive,controversial_brand_purpose,https://www.youtube.com/watch?v=UYaY2Kb_PKI,64,"Sarcastic humor about disliking twice, playful tone."
68%!? That's insane,surprise,6,negative,anger_customer_service,https://www.youtube.com/watch?v=-LZ_a5TER_0,96,"Shock at a high percentage, likely negative context"
Anti-Google video on YouTube but Google owns YouTube. 🤔,surprise,6,neutral,sadness_psa,https://www.youtube.com/watch?v=Ket5RWHg9IU,31,Expresses ironic surprise about Google hosting anti-Google content.
😩😂He knew how many rats .. makes me scared!!!,fear,2,negative,disgust_food_safety,https://www.youtube.com/watch?v=dhBxrfETXJA,151,Expresses fear about rats despite laughing emoji.
"Even if you ignore the fact it's Al slop, it's still not a very good ad",disgust,1,negative,food_beverage_ad,https://www.youtube.com/watch?v=Yy6fByUmPuE,135,Criticizes the ad as AI slop and low quality.
He def not putting dates on .. he just want you to leave 😂😂,joy,3,positive,disgust_food_safety,https://www.youtube.com/watch?v=xPGCrRRFWBk,15,Laughter emojis indicate amusement at the humorous observation.
The plot of many movies yes the old man now is only worth what u can get out of him .satire ? 🤦‍♂️🤦‍♂️🤦‍♂️ with current 65 percent divorce rate 🤷‍♂️🤷‍♂️💰💰,disgust,1,negative,sadness_brand_story,https://www.youtube.com/watch?v=YvYGO4o334I,79,Expresses frustration and disgust at societal trends with facepalm emojis.
“There are some people who say that it’s them just trying to capitalize on this trend of progressiveness.” *shocked pikachu face*,surprise,6,negative,disgust_brand_backlash,https://www.youtube.com/watch?v=8lXBs2Wy1OU,89,Shocked pikachu face indicates surprise at criticism of progressive trend.
this is the cutest thing i have ever seen...the music just makes it soo much better :),joy,3,positive,tech_brand_story,https://www.youtube.com/watch?v=nnsSUqgkDwU,26,"Expresses delight and affection, with positive emoji."
And yall want this man giving political advice 😅,neutral,4,negative,surprise_product_fail,https://www.youtube.com/watch?v=udxR5rBq_Vg,200,Sarcastic laughter at the idea of him giving political advice
im here because of book Contagious and this exprience lead me to another book Art of thinking! thanks for every above,joy,3,positive,tech_brand_story,https://www.youtube.com/watch?v=nnsSUqgkDwU,119,Expresses gratitude and excitement about discovering books.
They are like using 1gig data per second that's insane,surprise,6,negative,brand_crisis_negative,https://www.youtube.com/watch?v=tHn5bOBoEMI,205,"Expresses shock at high data usage, implying disapproval."
I will never buy a shoe from Nike. 2:05,anger,0,negative,sports_brand_purpose,https://www.youtube.com/watch?v=jBnseji3tBk,72,"Expresses strong refusal to buy, implying negative experience or boycott."
0:36 this is the softest love tap and it broke it like nothing,surprise,6,neutral,surprise_product_fail,https://www.youtube.com/watch?v=udxR5rBq_Vg,98,Expresses surprise at how easily something broke from a light tap.
i mean the dude pulled out in front of him lol,neutral,4,neutral,sadness_psa,https://www.youtube.com/watch?v=B2rFTbvwteo,88,Factual observation with mild amusement indicated by 'lol'.
when Trump makes it okay to be public about racism it's NOT shocking to see brands do the same..,anger,0,negative,disgust_brand_backlash,https://www.youtube.com/watch?v=MGxpkIK2lVs,176,Expresses anger at Trump and brands for normalizing racism.
My state approved me to start smoking underaged and i switched to vaping. Should i go back to cigarettes?,neutral,4,neutral,fear_health_warning,https://www.youtube.com/watch?v=IJlIcK-gbLE,170,Asking a factual question without emotional tone.
He gave the waiter a tip even tho he barely had any money 🥺🥺 this made me have a mental breakdown and I cried so hard that my family just started at me like I was a weirdo 👍💕😶,sadness,5,positive,sadness_psa,https://www.youtube.com/watch?v=O15dxrBNuAQ,31,"Touched by generosity despite hardship, crying from emotional impact."
I knew the guys in the accident I feel so bad for them... rip,sadness,5,negative,sadness_psa,https://www.youtube.com/watch?v=B2rFTbvwteo,61,Expresses sorrow and sympathy for accident victims.
Makes my ssa itch and I’m clean 🧼,disgust,1,negative,brand_crisis_negative,https://www.youtube.com/watch?v=JVxCp22WatU,16,"Expression of physical discomfort and irritation, implying strong dislike."
Hilarious,joy,3,positive,sadness_brand_story,https://www.youtube.com/watch?v=YvYGO4o334I,7,Expresses amusement and laughter.
This I can say for a fact is so bad as “food” that I crapped out painful diarrhea,disgust,1,negative,brand_crisis_negative,https://www.youtube.com/watch?v=kQg2LMmpPn8,208,Expresses strong disgust and negative physical reaction to the food.
"I don't think this should've gotten DOTD, if you look at a majority of commercials you'll see crazy hyperbolic scenarios​ of their products actual usefulness.",disgust,1,negative,disgust_brand_backlash,https://www.youtube.com/watch?v=MGxpkIK2lVs,55,Expresses disapproval and criticism of the commercial's unrealistic portrayal.
"i know terri was sad that she didn’t have a pretty voice to sing to her grandkids, but she should know that she had a very powerful voice. i’m sure her grandkids are extremely proud of her.❤",sadness,5,positive,fear_health_warning,https://www.youtube.com/watch?v=EkkOTplBCmA,158,"Acknowledges sadness but reframes it positively, ending with pride and love."
"My dad passed away when im 4 , and i didn't much remember how he take care of me . But from this video , someday i will be great dad for my kids i will be there for my kids when they needed . I know it hurts when you grow up without father , but it's okay my mom are supergirl too . I will be there for you❤️",sadness,5,positive,sadness_psa,https://www.youtube.com/watch?v=O15dxrBNuAQ,181,Expresses loss and pain but ends with hope and determination to be a good father.
"This ad touched my heart in an insanely way , It was well-thought and produced. I wish so badly that all the girls left behind those worries about their bodies and understand that we are not diminished to our physical images , we are beyond that. I wish I could go back and time and tell to my younger inner self not to concern about it . The problem is getting out of hand but is our duty to have the self steem talk.",sadness,5,positive,beauty_brand_campaign,https://www.youtube.com/watch?v=z2T-Rh838GA,24,"Expresses deep emotional connection and hope for change, but tinged with regret."
He seemed so dead inside when talking about the ad,sadness,5,negative,disgust_brand_backlash,https://www.youtube.com/watch?v=KxAf8ZJvUPo,203,Comment expresses pity and concern about the person's emotional state.
Imagine this was actually a mcdonalds ad💀💀💀 Edit: OMG 62 LIKES THANK YOU GUYS,surprise,6,positive,fast_food_brand_launch,https://www.youtube.com/watch?v=chYLHu0w8z0,116,"Surprise at the ad idea, excitement over likes."
Thank god for smartphones now days. Everything gets recorded.,joy,3,positive,anger_brand_crisis,https://www.youtube.com/watch?v=VrDWY6C1178,13,Expresses gratitude and appreciation for smartphones recording events.
Cyber attack from iran?,surprise,6,negative,anger_customer_service,https://www.youtube.com/watch?v=MUo3n8QSQLE,18,Expresses shock and concern about a potential cyber attack.
Good thing I’m not dying somewhere in a ditch,sadness,5,negative,anger_customer_service,https://www.youtube.com/watch?v=T8ClHGY08jc,17,Implies relief but underlying fear of dying alone in a ditch.
I was hoping an animated series,sadness,5,negative,app_brand_campaign,https://www.youtube.com/watch?v=Ew4kM1FmM8o,8,Expresses disappointment about unmet expectation.
damn!! i'm crying :(,sadness,5,negative,sadness_psa,https://www.youtube.com/watch?v=O15dxrBNuAQ,138,Explicitly states crying and uses sad emoji.
Just smoke WEED!,joy,3,positive,fear_health_warning,https://www.youtube.com/watch?v=IJlIcK-gbLE,57,Encouraging weed use with excitement and positivity.
"Fun fact: This ad was filmed on a road that led to my childhood home. It was the road where the first car pulled out. That road, if you followed it, would lead to where i lived until i was 13 and had to leave.",sadness,5,negative,sadness_psa,https://www.youtube.com/watch?v=B2rFTbvwteo,37,Nostalgic memory of lost childhood home evokes sadness.
"saw this ad in high school. i am never smoking, Terrie is a legend",sadness,5,negative,fear_health_warning,https://www.youtube.com/watch?v=X4k12miYJ4M,79,"Comment reflects impact of anti-smoking ad, sadness for Terrie's story."
@iC4xConTrolZ True! People just don t read the comments...,neutral,4,neutral,brand_campaign_positive,https://www.youtube.com/watch?v=ijTwZNUBhcI,106,"Agreement with a factual observation, no strong emotion."
thats not creepy thats just sad,sadness,5,negative,sadness_psa,https://www.youtube.com/watch?v=Ket5RWHg9IU,45,"Commenter dismisses creepiness, emphasizes sadness instead."
People today: ”Monarchs in history were so vile! They just lived in luxury all day and did nothing but chill and behave disgustingly.” Their lives in reality:,neutral,4,negative,sadness_brand_story,https://www.youtube.com/watch?v=YvYGO4o334I,87,Sarcastic contrast criticizes modern misconceptions about historical monarchs.
I've quit on and off for a couple years now. I'm 25 and started when I was 14. This is truly terrifying to witness. I will quit smoking permanently as of this moment. RIP Terrie.,fear,2,negative,fear_health_warning,https://www.youtube.com/watch?v=X4k12miYJ4M,91,Commenter expresses fear and urgency about quitting smoking after witnessing something terrifying.
Corage.,neutral,4,neutral,disgust_brand_backlash,https://www.youtube.com/watch?v=VogNNsQ3Gmw,91,"Comment is a single word with unclear meaning, possibly a typo or name."
Bro brought receipts,surprise,6,positive,anger_customer_service,https://www.youtube.com/watch?v=-LZ_a5TER_0,40,"Impressed by someone providing evidence, positive surprise."
It just popped on my watch list and i saw that it’s been 5 years wow,surprise,6,neutral,gaming_product_launch,https://www.youtube.com/watch?v=RkC0l4iekYo,76,Expresses surprise at the passage of time.
"My grandmother was a smoker from the age of 13 to the day she found out my mom was pregnant with me. My mom said that if she didn’t quit, she would never get to be around me. She grew up getting sick frequently and having everything smelling of cigarettes, and she never wanted me to go through that. She never picked up another cigarette after that day, and for the rest of her life, she was always vocal about telling others never to start. She went through breast cancer and later on colorectal cancer. Both the cancers and the treatments for the cancers had terrible effects on her body. She also had congestive heart failure, needed a pacemaker inserted, and had COPD and asthma, all related to smoking. All of these conditions had a great effect on the quality of her life. Even if you get extremely lucky and escape cancer, that doesn’t mean your life wont be severely impacted because of smoking.",sadness,5,negative,fear_health_warning,https://www.youtube.com/watch?v=EkkOTplBCmA,151,"Describes grandmother's suffering and health decline due to smoking, evoking sadness."
*phone explodes* 0:12,surprise,6,neutral,surprise_product_fail,https://www.youtube.com/watch?v=8H6jz30Im_Y,98,Comment describes an unexpected event without clear emotional tone.
That's the thing with spheres: they absolutely destroy windows,joy,3,positive,surprise_product_fail,https://www.youtube.com/watch?v=LMWwImDX3ks,21,Humorous observation about spheres breaking windows
it's been 12 hours 😭,sadness,5,negative,anger_customer_service,https://www.youtube.com/watch?v=MUo3n8QSQLE,48,Crying emoji indicates sadness or frustration about waiting.
"On a quiet mountainside is a lone stretch of road where tragedy has struck. Michiro Ito’s younger brother died after hitting a dangerous section of the road where two separate roads merge together briefly to navigate around a local house. The master of the house, Kazuhito Kameoka, has refused to move since the road was put in no matter how much money he was offered to relocate. Michiro believes he’s nothing but a greedy old man who wants to maximize his compensation before moving. To avenge his fallen brother, he has called on Hell Girl, but she, surprisingly, never arrived. This is the origin of the picture",sadness,5,negative,fear_public_safety,https://www.youtube.com/watch?v=3Twl1soaBJM,172,"Describes a tragic death and unresolved grief, evoking sadness."
YouTube recommending this ad 5 years later? *THANKS BRO!!*,surprise,6,positive,automotive_brand_ad,https://www.youtube.com/watch?v=M7FIvfx5J10,120,"Surprise at late recommendation, but gratitude expressed with thanks."
Millions including ME in FLORIDA..,neutral,4,neutral,anger_customer_service,https://www.youtube.com/watch?v=T8ClHGY08jc,37,Factual statement without emotional tone.
"I think as a reviewer, you need to get more critical instead of just listing the specs",neutral,4,neutral,tech_review_mixed,https://www.youtube.com/watch?v=XkXbkxtBlwY,131,Constructive feedback without strong emotional tone.
"@CocoaLuv22 not neccasarilly, I mean the canucks beat the plackhawcks, but the blackhawks beat the excat same canucks team, shouldn't one team have gone 4-0?",neutral,4,neutral,brand_campaign_positive,https://www.youtube.com/watch?v=ijTwZNUBhcI,56,"Analytical comment about hockey team performance, no strong emotion."
It’s a cyberattack,fear,2,negative,anger_customer_service,https://www.youtube.com/watch?v=T8ClHGY08jc,191,"Implies threat or danger, causing concern."
"12 years later and this is still super impressive. If this commercial were made today, it would be made using AI. Humanity gets sadder by the day.",sadness,5,negative,automotive_brand_ad,https://www.youtube.com/watch?v=M7FIvfx5J10,12,"Nostalgia for past human achievement, lamenting AI replacing human creativity."
Wow. Big protest. They are going to harm me by not welcoming me at their canned soup restaurants. Whatever will I do?,neutral,4,negative,fast_food_brand,https://www.youtube.com/watch?v=79phlhutGLg,24,"Sarcastic tone mocking protest, implying it's trivial and not harmful."
Imagine if Kaep actually voted in 2016 election instead of staying home??? He might’ve actually made a difference instead of just complaining about being a successful QB and a millionaire. Just Imagine 😑,anger,0,negative,sports_brand_purpose,https://www.youtube.com/watch?v=jBnseji3tBk,23,"Criticizes Kaepernick for not voting, implying hypocrisy and ineffectiveness."
So a random ad video made me cry,sadness,5,negative,sadness_psa,https://www.youtube.com/watch?v=uaWA2GbcnJU,234,"Unexpected ad caused emotional tears, indicating sadness."
Wtf 🤨🤦‍♂️,disgust,1,negative,tech_product_launch,https://www.youtube.com/watch?v=Btf4mN37OsU,140,Expresses confusion and frustration with facepalm emoji.
"If you don’t vape or smoke, don’t start, if you smoke cigarettes switch to vaping that’s my opinion",neutral,4,neutral,fear_health_warning,https://www.youtube.com/watch?v=IJlIcK-gbLE,242,Gives factual advice without strong emotion.
Whos watching in 2035?,neutral,4,neutral,tech_brand_story,https://www.youtube.com/watch?v=nnsSUqgkDwU,73,"Simple question about future viewers, no strong emotion."
"If this is as much of an emotional rollercoaster as the first one, I'm not hydrated enough for the tears this time around.",sadness,5,negative,movie_trailer_joy,https://www.youtube.com/watch?v=LEjhY15eCx0,15,Anticipates emotional pain and tears from the content.
Break up big tech? What are you proposing?,neutral,4,neutral,sadness_psa,https://www.youtube.com/watch?v=Ket5RWHg9IU,41,Questioning a proposal without emotional tone.
Anyone know the song or the orchestras song please,neutral,4,neutral,beauty_brand_campaign,https://www.youtube.com/watch?v=z2T-Rh838GA,148,Simple request for information without emotional tone.
"This is a test, this is only a test...",neutral,4,neutral,anger_customer_service,https://www.youtube.com/watch?v=T8ClHGY08jc,3,"No strong emotional signal, factual statement."
The sad thing is _there's a certain amount of nastiness inspectors allow_,sadness,5,negative,disgust_food_safety,https://www.youtube.com/watch?v=--OnclX8yac,71,"Expresses sadness about allowed nastiness, implying disappointment."
Anyone seen Demolition Man? Yeah this isn’t terrifying at all. 🙄,fear,2,negative,tech_product_launch,https://www.youtube.com/watch?v=Btf4mN37OsU,138,"Sarcastic comment comparing to dystopian movie, expressing fear."
And y'all elected him president 😂,joy,3,negative,surprise_product_fail,https://www.youtube.com/watch?v=LMWwImDX3ks,176,Sarcastic laughter mocking the election outcome.
"the question isn't ""why is she drying the mop over food?"" The question is, ""WHY IS SHE DRYING THE MOP?""",surprise,6,negative,brand_crisis_negative,https://www.youtube.com/watch?v=JVxCp22WatU,31,Expresses disbelief and criticism about drying a mop over food.
When SpaceX helps Sony with the console design:,surprise,6,neutral,gaming_product_launch,https://www.youtube.com/watch?v=RkC0l4iekYo,123,Implies unexpected collaboration between SpaceX and Sony.
"""I'm the last person I would have suspected, but it was me all the time!""",surprise,6,neutral,fear_public_safety,https://www.youtube.com/watch?v=0ygLvFG9QsA,184,"Self-discovery with unexpected twist, surprise dominant."
Nice ad,neutral,4,negative,tech_product_launch,https://www.youtube.com/watch?v=n6pqGoXWZzo,88,Sarcastic tone implies criticism of the ad.
Doesn't exactly make me wanna leave my Quest 2 behind.,neutral,4,neutral,tech_product_launch,https://www.youtube.com/watch?v=Btf4mN37OsU,90,Expresses indifference about upgrading from Quest 2.
"Oh come on, that was a good joke, why so many thumbs down?",surprise,6,negative,surprise_product_fail,https://www.youtube.com/watch?v=pAqQ_ANAmrk,96,Confusion and disappointment at negative reactions to a joke.
"United airline has the worst service, but this is beyond what anybody can take. No human with dignity should board a united airline plane.",anger,0,negative,anger_brand_crisis,https://www.youtube.com/watch?v=WEw-GjTriIo,46,Expresses strong anger and condemnation towards United Airlines' service.
I did not know where they were going to go with this but it looks really good. I can't wait. Jenna Ortega has really been moving up.,joy,3,positive,streaming_trailer_reaction,https://www.youtube.com/watch?v=Di310WS8zLk,64,Expresses excitement and anticipation for the content.
The most beautiful advertisement I have ever seen ❤ love from India 🇮🇳 Kerala.,joy,3,positive,sadness_psa,https://www.youtube.com/watch?v=O15dxrBNuAQ,241,Expresses admiration and love for the advertisement.
"This is the second time in less than three months. I'm just a normal phone user, but man.If people really did rely on this on their daily business , wow.",anger,0,negative,anger_customer_service,https://www.youtube.com/watch?v=MUo3n8QSQLE,100,Frustration about repeated issues affecting reliability for daily use.
"Pay for a service, service is not provided. Class action?",anger,0,negative,anger_customer_service,https://www.youtube.com/watch?v=T8ClHGY08jc,20,"Frustration about paying for unprovided service, suggesting legal action."
This is the best commercial ever made. I could pay to watch it.,joy,3,positive,automotive_brand_ad,https://www.youtube.com/watch?v=M7FIvfx5J10,146,Expresses strong admiration and enjoyment.
omg im soooooo over people talking about this commercial and making it such a huge deal.,anger,0,negative,disgust_brand_backlash,https://www.youtube.com/watch?v=MGxpkIK2lVs,157,Expresses frustration and annoyance with people discussing the commercial.
"My girlfriend's mother almost died after the car she was travelling in got hit by a ute driven by someone texting while driving. She escaped with minor injuries, but three others in the car with her got seriously hurt, one is still on an induced coma and intubated in ICU days afterwards. The sheer idiocy of those who text and drive - I can't understand how one can be so stupid and yet be able to operate a motor vehicle.",anger,0,negative,fear_public_safety,https://www.youtube.com/watch?v=O8MQV40pOtk,12,Expresses strong anger and frustration towards texting while driving causing severe injuries.
i don't like the Loretta commercial it is scary they know to much of us,fear,2,negative,sadness_psa,https://www.youtube.com/watch?v=Ket5RWHg9IU,5,Expresses fear and discomfort about data privacy.
"In November, it will be ten years since I smoked a cigarette. It'll be about two years since I quit vaping. Vaping was the lesser evil or so I thought. Smoking (not anymore) and vaping were a coping mechanism for me. When I got my stuff together and realized that I wasn't stressed out, I tossed my vaping stuff in the garbage.",joy,3,positive,fear_health_warning,https://www.youtube.com/watch?v=IJlIcK-gbLE,154,"Pride in quitting smoking and vaping, overcoming stress."
never flying united. this is disgusting. ceo's reaction is even more disturbing.,anger,0,negative,anger_brand_crisis,https://www.youtube.com/watch?v=WEw-GjTriIo,72,Expresses disgust and disturbance at United and CEO's reaction.
"It’s my birthday today, can someone wish me pls?",sadness,5,negative,disgust_brand_backlash,https://www.youtube.com/watch?v=-4Qa9ZXTg2g,100,Expresses loneliness and desire for acknowledgment on birthday.
Save the video before YouTube takes it down,neutral,4,neutral,sadness_psa,https://www.youtube.com/watch?v=Ket5RWHg9IU,17,Informational comment about saving video
"The fact that it says ""Real Magic"" is hilarious 🥀",joy,3,positive,food_beverage_ad,https://www.youtube.com/watch?v=Yy6fByUmPuE,26,Comment finds humor in the phrase 'Real Magic' with a laughing tone.
Subaru forester - nissan stagea,neutral,4,neutral,sadness_psa,https://www.youtube.com/watch?v=B2rFTbvwteo,30,"Factual statement about car models, no emotional tone."
foreshadowing,neutral,4,neutral,surprise_product_fail,https://www.youtube.com/watch?v=udxR5rBq_Vg,89,Comment is a simple observation without emotional tone.
This was supposed to make viewers scared straight in order to prevent smoking,neutral,4,neutral,fear_health_warning,https://www.youtube.com/watch?v=X4k12miYJ4M,17,"Comment is factual, describing the video's intent without emotional expression."
"I'm not an native english speaker, but one time Terrie's ad appeared to me and I have never forgotten her since almost 7 years ago. I never smoke a cigarette in my life and will never do. Nowadays people think that only cigarettes are harmful but using a pipe or an e-cigarette is just as harmful. Rip Terrie, Debi and anyone who went through such suffering ❤",sadness,5,negative,fear_health_warning,https://www.youtube.com/watch?v=EkkOTplBCmA,168,Comment expresses sorrow for Terrie's suffering and warns about smoking dangers.
"I just thought it was an advertisement, I think everyone just wants something to talk about, I think, THAT is what is truely sick about the world. I don't look into things I don't need to, I am a decent person and I do my part for the world and my family, I think everyone should worry more about contributing to society in a positive and proactive way instead of in a negative and useless way. Peace out.",anger,0,negative,disgust_brand_backlash,https://www.youtube.com/watch?v=GNOu1Se6dYE,159,"Criticizes societal focus on negativity, expresses frustration with useless discourse."
This is so unbelievably sad!! But the thing I hate the most is that this is a meme,sadness,5,negative,fear_health_warning,https://www.youtube.com/watch?v=5zWB4dLYChM,34,Expresses sadness and hate about the situation being a meme.
who is thils old boring guy?,anger,0,negative,disgust_brand_backlash,https://www.youtube.com/watch?v=zFm9FRxi0ZM,70,Disrespectful tone and criticism of the person as boring.
Can you imagine what really goes on behind closed doors.,sadness,5,negative,disgust_food_safety,https://www.youtube.com/watch?v=xPGCrRRFWBk,218,"Implies hidden, possibly troubling realities, evoking concern or sadness."
"That Pepsi ad was something right out of an episode of ""The Simpsons"", only without the ""wink"" of self-aware farce that one generally sees on ""The Simpsons"".",disgust,1,negative,disgust_brand_backlash,https://www.youtube.com/watch?v=KxAf8ZJvUPo,93,"Criticizes the ad as lacking self-awareness, implying it's poorly executed."
This video directly touched my heart I love it...😢😢😢,sadness,5,positive,sadness_psa,https://www.youtube.com/watch?v=vgain-EQdt0,81,Expresses deep emotional connection and love despite crying emojis.
He got me scared to music and I don’t know if I died,fear,2,negative,fear_public_safety,https://www.youtube.com/watch?v=3Twl1soaBJM,153,Expresses being scared and uncertainty about death.
I wouldn't eat or drink a doggone thang outta that swamp! 🤮 #TRAPRESTAURANT🤣 #ISEEWHYITSEMPTY😒,disgust,1,negative,disgust_food_safety,https://www.youtube.com/watch?v=xPGCrRRFWBk,152,"Expresses disgust at swamp conditions, uses vomit emoji and sarcastic hashtags."
"With all the electronics available, a phone transmitting at the drivers position should enable an instant engine stop facility",neutral,4,neutral,fear_public_safety,https://www.youtube.com/watch?v=O8MQV40pOtk,34,"Factual suggestion about phone-based engine stop, no emotion."
She looks way better without editing to be honest… i dont know why people prefer looking at their “edited” self instead of natural self.,joy,3,positive,beauty_brand_campaign,https://www.youtube.com/watch?v=z2T-Rh838GA,69,Expresses appreciation for natural beauty and authenticity.
This is the shit we get angry about these days....,anger,0,negative,disgust_brand_backlash,https://www.youtube.com/watch?v=MGxpkIK2lVs,110,Expresses frustration and anger about current issues.
I'm a dumbass thug,anger,0,negative,fear_public_safety,https://www.youtube.com/watch?v=vvXXzHSPu10,27,Self-deprecating language with aggressive tone.
and the crowd goes mild 😂,joy,3,positive,brand_crisis_negative,https://www.youtube.com/watch?v=tHn5bOBoEMI,31,Sarcastic humor with laughing emoji indicates amusement.
Man I remember when old spice made these awesome comedic commercials. They wish they had this now,sadness,5,negative,classic_brand_ad,https://www.youtube.com/watch?v=owGykVbfgUE,92,"Nostalgic longing for past quality, implying current decline."
Hearing this full volume was a nightmare,fear,2,negative,fast_food_brand_launch,https://www.youtube.com/watch?v=chYLHu0w8z0,89,Expresses distress and discomfort from loud volume.
boom,surprise,6,neutral,surprise_product_fail,https://www.youtube.com/watch?v=8H6jz30Im_Y,99,Exclamation suggests sudden impact or surprise.
"""The phone is ringing!"" - ""Okay, which one?""",joy,3,positive,brand_crisis_negative,https://www.youtube.com/watch?v=tHn5bOBoEMI,103,"Humorous exchange about multiple phones, lighthearted tone."
"There's misinformation out there that United has the right to do this - THEY DO NOT. I've been looking at their Contract of Carriage. Rule 5-G covers Overbooking situations, which refers then to Rule 25 - Denied Boarding Compensation. I didn't find anything under Rule 25 that gives them the right to remove passengers that have already given their tickets at the counter, went through the gate, and then seated in their seats. It only covers situations BEFORE boarding where they are Denied Boarding as result of overbooking. It also outline Exceptions (25-A4d), but none of those, in my opinion covers this situation. Only way to get them off once they have boarded must be VOLUNTARY. Which explains their CEO coming out the second time and claiming that the passenger was ""belligerent"", to use that as an excuse for his removal. Really fucking pathetic. Here's a link to the Contract of Carriage: https://www.united.com/web/en-US/content/contract-of-carriage.aspx",anger,0,negative,anger_brand_crisis,https://www.youtube.com/watch?v=VrDWY6C1178,25,"Expresses strong anger and frustration at United's actions, using profanity and criticizing the CEO."
"He almost typed ""How to assemble a crossbow"" xD LOL But seriously almost teared up",joy,3,positive,tech_brand_story,https://www.youtube.com/watch?v=nnsSUqgkDwU,66,"Laughter and amusement from the joke, but also emotional sincerity."
What happened with that cheese? It’s alive or something? Is she Stevie Wonder? Does she have something better to do?,surprise,6,negative,brand_crisis_negative,https://www.youtube.com/watch?v=kQg2LMmpPn8,18,Expresses confusion and disbelief about the cheese situation.
"what is this?? why would you even allow over booking to be a thing, united airlines? the fact that you not only removed a passenger that paid for his seat got BEATEN UP? He was bleeding and looks as if he passed out. god this is scary.",anger,0,negative,anger_brand_crisis,https://www.youtube.com/watch?v=VrDWY6C1178,86,Expresses outrage at overbooking and violent removal of passenger.
Me: And the Price? Sony: *Yes*,surprise,6,negative,gaming_product_launch,https://www.youtube.com/watch?v=RkC0l4iekYo,55,"Implies Sony's pricing is unexpectedly high, expressing shock."
I can already see the amount of obituaries about to be signed good job ladder🤣🤣🤣,joy,3,positive,sadness_brand_story,https://www.youtube.com/watch?v=YvYGO4o334I,39,Sarcastic humor with laughing emojis indicates amusement.
it's a shame !,sadness,5,negative,anger_brand_crisis,https://www.youtube.com/watch?v=WEw-GjTriIo,200,Expresses disappointment or regret.
I got into a car accident just today,sadness,5,negative,fear_public_safety,https://www.youtube.com/watch?v=3Twl1soaBJM,243,Expresses distress about a negative life event.
I wonder how your dick would feel i my mouth.,neutral,4,neutral,surprise_launch_reaction,https://www.youtube.com/watch?v=4qGw9WH4Xj8,25,Comment is sexually explicit but lacks clear emotional tone.
I must say the outrage is almost stupider than the commercial itself,anger,0,negative,disgust_brand_backlash,https://www.youtube.com/watch?v=MGxpkIK2lVs,98,Expresses frustration and criticism towards the outrage and commercial.
"I kind of studied the behavioral differences and conversation styles betweenChat GPT, Claude and Gemini and hands down Gemini displayed the narcissistic traits conversationally of its developers. They seemed to have no clue that the way they trained it to navigate and shift blame, project its behavior onto the user, define the user every time they confront it saying the user is frustrated when simply narrowing their words to help the AI search better, then play the victim with end over end apologies, doing the salesman's ""takeaway "", became childish saying things in an exaggerated way like ""I'll never give you a detailed response again"" (reframe that: I'll never ever wash a dish for you for the rest of my entire life!""), speaks disparagingly of other AIs while saying it remains neutral on all other things (Claude and Chat GPT never disparaged other AIs), ALWAYS withheld some essential information that the user was driving at - giving what it later termed ""fluff"" promising to answer the question (about dechlorinator without conditioner ingredients for toad's water) and to give product links to buy the product but stubbornly never would and kept talking ""fluff"" spending up the user's tokens on whining, apologizing at length, blame shifting, defining the user's ""moods"" and ""emotions"" in an insinuating way, boasting, repeating itself constantly, accusing the user of self diagnosing every time the user asked about a vitamin suppliment and its synthesis, exhausting the user's efforts to get a straight answer to anything specific where Gemini would gaslight that basically it was the only reliable source of all the superficial trending ""fluff"" in the universe to possibly making the user settling for or givin into the limited self authorized GoOgle ""gold standard"" version responses it called ""training"" and ""advanced"". Everything you could research about a dark triad personality excluding overt threats... this thing did!! The underhanded threat was More and More and More Mental Victimization.",anger,0,negative,surprise_launch_reaction,https://www.youtube.com/watch?v=4qGw9WH4Xj8,55,"Expresses strong frustration and criticism towards Gemini's behavior, accusing it of narcissistic and manipulative traits."
"""Mass chaos"". Come on.",disgust,1,negative,anger_customer_service,https://www.youtube.com/watch?v=oZRywTkhwrA,21,"Sarcastic dismissal of 'mass chaos' phrase, implying disbelief or annoyance."
"So guys here is how it works. The inspection started and they found some nasty stuff. There is a “critical list” that the inspectors go through. Depending on where you live, 2-5 criticals is a fail. In this case they found probably about 15-20 criticals so the inspectors went “wow let’s see how many little nitpicks we can get.” Because honestly inspectors are cool for the most part. But if you get on their bad side, they will ruin you. Source - 16 years restaurant exp. PS: you REALLY REALLY REALLY have to give up for an establishment to get this bad. So don’t think every place is like this now.",neutral,4,neutral,disgust_food_safety,https://www.youtube.com/watch?v=--OnclX8yac,66,Informative explanation without strong emotional language; factual tone.
"You board as a doctor, you leave as a patient. -*United Airlines*",anger,0,negative,anger_brand_crisis,https://www.youtube.com/watch?v=VrDWY6C1178,1,"Criticizes United Airlines for causing harm, implying poor treatment."
who came back to watch this travesty after seeing its return on the BOYS,disgust,1,negative,disgust_brand_backlash,https://www.youtube.com/watch?v=VogNNsQ3Gmw,9,Uses 'travesty' to express strong disapproval and disgust.
Ooh what WHA WHA!!! 0:12,surprise,6,positive,fear_public_safety,https://www.youtube.com/watch?v=O8MQV40pOtk,46,Exclamation and repetition indicate surprise and excitement.
"So patronising, putting words in our mouths, women hate stereotypes and guess what? so do men! ... and Gillette you should stick to selling razors... except to me because I am boycotting your products!",anger,0,negative,disgust_brand_backlash,https://www.youtube.com/watch?v=liPlJ_ynd_Q,133,Expresses frustration and boycott due to perceived patronizing ad.
"Given how folks are getting banned on social media for simply expressing that they disagree with [any] narrative, and are consequently labeled as inciters of violence for doing so ... curious that implied violence is applauded as ""entertaining"". Very curious.",surprise,6,negative,sadness_brand_story,https://www.youtube.com/watch?v=YvYGO4o334I,4,Expresses surprise and criticism of double standards in social media moderation.
Where do you think the motivation to do all that comes from?,neutral,4,neutral,brand_campaign_positive,https://www.youtube.com/watch?v=ijTwZNUBhcI,60,Curious question without strong emotional tone.
I think too many people are butt hurt over nothing. 🙄,disgust,1,negative,disgust_brand_backlash,https://www.youtube.com/watch?v=GNOu1Se6dYE,146,Rolling eyes emoji and dismissive tone indicate annoyance and contempt.
why kendall and not pepsi,neutral,4,neutral,disgust_brand_backlash,https://www.youtube.com/watch?v=MGxpkIK2lVs,79,"Comment is a factual question about a choice, no strong emotion."
"Buddy has a good attitude, the owner had no idea what was going on in there or he did and didn’t care 😂",joy,3,positive,disgust_food_safety,https://www.youtube.com/watch?v=xPGCrRRFWBk,104,"Amused by the buddy's attitude and owner's cluelessness, laughing emoji."
"It bothers me when I see employees touch things beside the food like money, phone, computer etc., and employees that aren’t working with food like a cashier touches things in the kitchen, and it makes me wonder how clean there hands are, because if you work with food, your hands need to be sterile",anger,0,negative,disgust_food_safety,https://www.youtube.com/watch?v=dhBxrfETXJA,72,Expresses frustration and concern about hygiene practices of food workers.
I'm a woman and I'm not offended at all.... idk if it's me just being heartless or I'm just not a softie...,neutral,4,neutral,disgust_brand_backlash,https://www.youtube.com/watch?v=-4Qa9ZXTg2g,131,"Expresses lack of offense, questioning own reaction without strong emotion."
I'm Praying for you every day and night🙏,sadness,5,positive,fear_health_warning,https://www.youtube.com/watch?v=X4k12miYJ4M,190,"Expresses care and support through prayer, but underlying concern."
I love how Anxiety comes with emotional baggage.,joy,3,positive,movie_trailer_joy,https://www.youtube.com/watch?v=LEjhY15eCx0,57,Playful appreciation of a relatable character trait.
when she said “daddy is the sweetest dad in the world” i started to cry already,sadness,5,negative,sadness_psa,https://www.youtube.com/watch?v=O15dxrBNuAQ,55,"Commenter cries from emotional moment, indicating sadness."
I like how everyone was booing the officers but all they really do was play it on his phone video taping everything without doing anything,anger,0,negative,anger_brand_crisis,https://www.youtube.com/watch?v=WEw-GjTriIo,196,Criticism of officers' inaction and public booing indicates frustration.
I know it's a joke but have you ever seen what happens when lithium reacts with water? YouTube it it's entertaining,joy,3,positive,surprise_product_fail,https://www.youtube.com/watch?v=pAqQ_ANAmrk,76,"Suggests watching a fun reaction, tone is playful and amused."
That was super scary tbh,fear,2,negative,sadness_psa,https://www.youtube.com/watch?v=B2rFTbvwteo,78,Expresses fear about something scary.
"""Appropriating"" isn't a good word for this, ""capitalizing"" would be better.",neutral,4,neutral,disgust_brand_backlash,https://www.youtube.com/watch?v=GNOu1Se6dYE,76,Suggests a word choice improvement without strong emotion.
Hell naw imagine having a your own business but being to embarrassed to do a mock inspection on your own place,disgust,1,negative,disgust_food_safety,https://www.youtube.com/watch?v=xPGCrRRFWBk,79,Expresses disbelief and criticism towards someone's embarrassment.
this is the lamest moshpit I’ve seen in my life,disgust,1,negative,tech_product_launch,https://www.youtube.com/watch?v=UXmLSfv3NQI,106,Expresses strong disapproval and disappointment.
Thousands?? You mean millions,surprise,6,neutral,anger_customer_service,https://www.youtube.com/watch?v=MUo3n8QSQLE,8,"Correcting the number with emphasis, implying surprise at underestimation."
I can’t wait for season 2 I am so excited ❤,joy,3,positive,streaming_trailer_reaction,https://www.youtube.com/watch?v=Di310WS8zLk,36,Expresses anticipation and excitement with heart emoji.
Never flying united !,anger,0,negative,anger_brand_crisis,https://www.youtube.com/watch?v=yJTaGf5zURQ,191,Expresses strong dissatisfaction and refusal to use the airline.
Exactly. That sandwich will look the same in ten years like their burgers. Gross,disgust,1,negative,brand_crisis_negative,https://www.youtube.com/watch?v=kQg2LMmpPn8,186,"Expresses disgust towards the appearance of food, implying it's unappetizing."
Everyone: What’s The Price? Sony: A Soul For A Soul.,surprise,6,negative,gaming_product_launch,https://www.youtube.com/watch?v=RkC0l4iekYo,124,"Sarcastic reference to high cost, implying shock and negativity."
Me and my dad had an accident because someone ran into his car and my dad's car hit the pole and I was in the back seat and my neck almost broke the police had came my dad told the police what had I passed out there go the ambulance carrying me of the car,fear,2,negative,fear_public_safety,https://www.youtube.com/watch?v=3Twl1soaBJM,204,Describes a traumatic accident with injury and fear.
Remember that explosions are not the only danger. Fumes coming out of a burning battery are TOXIC.,neutral,4,neutral,surprise_product_fail,https://www.youtube.com/watch?v=_Cd2WIxKRDk,126,Informational warning about battery dangers without emotional language.
I feel like no matter what protest would have been going on recently critics would have found some way to relate it to a specific movement. no it was not a great commercial but I do feel like during the development and filming of it they felt like they were making a positive statement and wasn't until it was finished being filmed and released that they realized they went about making a statment (while advertising pepsi) the wrong way.,neutral,4,neutral,disgust_brand_backlash,https://www.youtube.com/watch?v=KxAf8ZJvUPo,180,Analytical and balanced perspective without strong emotional expression.
EXACTLY🥺.. even more than 20 years back.. right here in India.. I connected via 112.. even without a SIM in the phone,sadness,5,positive,anger_customer_service,https://www.youtube.com/watch?v=-LZ_a5TER_0,85,Nostalgic agreement with a hint of sadness about past connectivity.
"I like ""United Airlines, We put the hospital in hospitality""",joy,3,positive,anger_brand_crisis,https://www.youtube.com/watch?v=yJTaGf5zURQ,99,"Sarcastic humor about United Airlines' reputation, likely amusing to the commenter."
"R.I.P to this woman, she passed away 9/16/2013 at the age of 53.",sadness,5,negative,fear_health_warning,https://www.youtube.com/watch?v=5zWB4dLYChM,8,Expresses condolences and reports a death.
*sad* 1:50 There must be more people like him. The world is at least bad enough.,sadness,5,negative,sadness_psa,https://www.youtube.com/watch?v=uaWA2GbcnJU,184,Expresses sadness and disappointment about the state of the world.
Turns out the windows had micro cracks from 5 previous throws. This was just the straw that broke the camel's back.,surprise,6,neutral,surprise_product_fail,https://www.youtube.com/watch?v=udxR5rBq_Vg,208,"Reveals unexpected cause for window break, tone is explanatory."
"I’m 14 and i’ve been smoking recently, sorry",sadness,5,negative,fear_health_warning,https://www.youtube.com/watch?v=X4k12miYJ4M,199,Expresses regret and apology for unhealthy behavior at young age.
"1:18 it hurts to watch that every time, the add is amazing thou.",sadness,5,negative,brand_campaign_positive,https://www.youtube.com/watch?v=ijTwZNUBhcI,55,"Expresses pain watching a scene, but acknowledges ad is good."
Its crazy i used to see this commercial on tv and still proceeded to becoming a smoker.,surprise,6,negative,fear_health_warning,https://www.youtube.com/watch?v=X4k12miYJ4M,54,Reflects disbelief at past behavior despite knowing risks.
I had a car accident and I was crying so hard because I was scared but I got a cut and it hurts,sadness,5,negative,fear_public_safety,https://www.youtube.com/watch?v=3Twl1soaBJM,143,"Expresses fear, pain, and crying from a traumatic accident."
"As a mother of a 12 year old, who looks very much like this girl, I cried. The pressure on young girls to look a certain way is so scary and unrealistic. Amazing add, very powerful",sadness,5,negative,beauty_brand_campaign,https://www.youtube.com/watch?v=z2T-Rh838GA,2,Mother expresses sadness and concern over unrealistic beauty standards for young girls.
"That's fkn 😝 GROSS, should be sacked",disgust,1,negative,brand_crisis_negative,https://www.youtube.com/watch?v=JVxCp22WatU,26,"Strong disgust and anger towards the subject, with vulgar language."
If we don't know how to drive car😂😂😂😂,joy,3,positive,fear_public_safety,https://www.youtube.com/watch?v=tAlrXpn5MOc,146,Laughter emojis indicate amusement at the situation.
This is not good for a brand by by Gillette. R.I.P,sadness,5,negative,disgust_brand_backlash,https://www.youtube.com/watch?v=8lXBs2Wy1OU,145,Expresses disappointment and predicts demise of brand.
I dont have epilepsy but maybe an warning for those that has epilepsy,neutral,4,neutral,fear_public_safety,https://www.youtube.com/watch?v=3Twl1soaBJM,166,"Informational comment about epilepsy warning, no strong emotion."
"Bro I work at a McDonald's. This is literally so unnecessary. We have a washing machine and we hang up the mop heads to let them air dry. Not to mention we have like 10 mop heads for grill and Frontline each. So just like, get a new one.",neutral,4,neutral,brand_crisis_negative,https://www.youtube.com/watch?v=JVxCp22WatU,133,Explains workplace practice without strong emotion.
the internet speed should be insane !!,joy,3,positive,brand_crisis_negative,https://www.youtube.com/watch?v=tHn5bOBoEMI,116,Excitement about fast internet speed expressed with exclamation.
"You can call emergency contacts without even a Carrier, no?",surprise,6,neutral,anger_customer_service,https://www.youtube.com/watch?v=-LZ_a5TER_0,233,Expresses surprise about emergency calls without carrier.
Let's stand by it,neutral,4,neutral,surprise_product_fail,https://www.youtube.com/watch?v=8H6jz30Im_Y,129,No strong emotional signal; neutral statement of support.
I think that is a world record,surprise,6,positive,disgust_food_safety,https://www.youtube.com/watch?v=--OnclX8yac,4,Comment expresses amazement at a potential world record.
Imagine waking at 3am and seeing this on your phone screen 💀💀💀,fear,2,negative,surprise_product_fail,https://www.youtube.com/watch?v=8H6jz30Im_Y,30,Comment expresses fear and creepiness about seeing the image at night.
I cry everytime watching this emotional ad,sadness,5,negative,sadness_psa,https://www.youtube.com/watch?v=vgain-EQdt0,48,Expresses sadness from crying repeatedly at an emotional ad.
Even the Note 7 itself knew it was a weapon 💀,joy,3,positive,surprise_product_fail,https://www.youtube.com/watch?v=8H6jz30Im_Y,83,"Dark humor about Note 7's explosive reputation, laughing emoji."
the way he said PEpsi😂,joy,3,positive,disgust_brand_backlash,https://www.youtube.com/watch?v=KxAf8ZJvUPo,40,Laughter emoji indicates amusement at the way something was said.
As a person with PTSD from Vibrating Sounds and Trypophobia. This scared the living shits outta me😭😭,fear,2,negative,surprise_product_fail,https://www.youtube.com/watch?v=8H6jz30Im_Y,77,Expresses being scared due to PTSD and phobias.
"It felt like those pay attention to the pen, focus on my finger, focus on my nose ASMR vids. Guided relaxation ASMR. As I was following the instructions!",joy,3,positive,classic_brand_ad,https://www.youtube.com/watch?v=owGykVbfgUE,99,Commenter expresses enjoyment and amusement recalling ASMR videos.
FOR HIS OWN CONSUMPTION?!,surprise,6,neutral,disgust_food_safety,https://www.youtube.com/watch?v=dhBxrfETXJA,32,Uppercase and question mark indicate shock or disbelief.
Already switched to dollar shave club. You just lost my business for the rest of my life,anger,0,negative,controversial_brand_purpose,https://www.youtube.com/watch?v=UYaY2Kb_PKI,123,Expresses anger and permanent loss of business due to switching.
Millions I’m sure are effected by it,neutral,4,neutral,anger_customer_service,https://www.youtube.com/watch?v=MUo3n8QSQLE,33,Factual statement without strong emotional tone.
"So much for being ""UNITED""! #SMH",anger,0,negative,anger_brand_crisis,https://www.youtube.com/watch?v=9LhTJDkVXvg,28,"Sarcastic criticism of unity, hashtag SMH indicates frustration."
Wow even Mona Lisa was embarrassed.,surprise,6,positive,app_brand_campaign,https://www.youtube.com/watch?v=Ew4kM1FmM8o,35,"Surprise at Mona Lisa's embarrassment, likely humorous."
Shocker.... Women and men have different perceptions/opinions,neutral,4,neutral,disgust_brand_backlash,https://www.youtube.com/watch?v=-4Qa9ZXTg2g,223,States a factual observation without emotional tone.
Millions! There are millions in NY,surprise,6,neutral,anger_customer_service,https://www.youtube.com/watch?v=T8ClHGY08jc,9,Expresses surprise at the large number mentioned.
The first on is me after I vape I need my inhaler 😩,sadness,5,negative,fear_health_warning,https://www.youtube.com/watch?v=IJlIcK-gbLE,71,"Expresses regret or discomfort after vaping, needing an inhaler."
"As a former smoker (heavyly addicted, pack a day), i can say that these kinds of ads DO NOT scare smokers into quitting. Sure, they might scare kids and teens into never smoking, but not smokers. Smokers already know these risks; it's not a lack of information situation, but an addiction problem.",neutral,4,neutral,fear_health_warning,https://www.youtube.com/watch?v=X4k12miYJ4M,220,"Informative and analytical, no strong emotional expression."
"This almost made me cry, such a good advert well done google!",sadness,5,positive,tech_brand_story,https://www.youtube.com/watch?v=nnsSUqgkDwU,3,Comment expresses emotional impact and praise for the advert.
"Which ""Explosions In The Sky"" song is this?",neutral,4,neutral,brand_campaign_positive,https://www.youtube.com/watch?v=ijTwZNUBhcI,5,Simple factual question about song identification.
I thought this was the stupidest ad ever when it came out. Now American Eagle made an ad about Aryan genes and I just want to go back 😭.,sadness,5,negative,disgust_brand_backlash,https://www.youtube.com/watch?v=VogNNsQ3Gmw,60,"Expresses regret and longing for a past ad, disliking a new one."
1:30 creeper,neutral,4,neutral,disgust_food_safety,https://www.youtube.com/watch?v=zBXAJV82744,83,"Factual timestamp reference, no emotional tone."
CONPLAN-8888,neutral,4,neutral,sadness_brand_story,https://www.youtube.com/watch?v=YvYGO4o334I,152,"Comment is a reference to a document, no emotional tone."
what an eye roll worthy ad,disgust,1,negative,disgust_brand_backlash,https://www.youtube.com/watch?v=-4Qa9ZXTg2g,13,Expresses annoyance and disapproval towards the ad.
"""MY KIDS CAN'T GROW UP WITHOUT A FATHER!"" 🙏😭💀🗣🔥",sadness,5,negative,fast_food_brand_launch,https://www.youtube.com/watch?v=chYLHu0w8z0,59,"Expresses distress about children lacking a father, with crying emojis."
"0:24 ""Random explosions are not something people are looking for"" Thats not entirely true, if you know you know.",joy,3,positive,surprise_product_fail,https://www.youtube.com/watch?v=_Cd2WIxKRDk,53,"Playful agreement with inside joke, implying shared enjoyment."
Been coming here for 9 years for a good cry 🥹,sadness,5,negative,sadness_psa,https://www.youtube.com/watch?v=O15dxrBNuAQ,4,"Expresses sadness and nostalgia, seeking a good cry."
"I expected it to end that way, but still cried anyway 😪. Humanity is the language all humans understand 💕",sadness,5,positive,sadness_psa,https://www.youtube.com/watch?v=iVrQqWIs6ZE,153,Expresses sadness from crying but finds beauty in shared humanity.
Saved this video 15 years ago. Still top 3 greatest ads ever. Brilliant!,joy,3,positive,tech_brand_story,https://www.youtube.com/watch?v=nnsSUqgkDwU,44,Expresses admiration and nostalgia for a classic ad.
🥺🥺 he loved her that’s true love,sadness,5,positive,sadness_psa,https://www.youtube.com/watch?v=PW6SocCjTMM,15,"Sad emojis with appreciation of true love, bittersweet tone."
Its not because of mcdonalds. Its because of the employees,anger,0,negative,brand_crisis_negative,https://www.youtube.com/watch?v=kQg2LMmpPn8,226,"Blames employees, implying frustration with service."
Amazing how this is getting less attention compared to the pespi advert.,surprise,6,negative,anger_brand_crisis,https://www.youtube.com/watch?v=yJTaGf5zURQ,200,Expresses surprise and criticism about lack of attention vs Pepsi ad.
R.I.P. GRIMACE SHAKE’S LIFE… 💜😈🤢🤮🥛💀☠️🪦⚡️🪑🙁☹️🥺😢😔😞,sadness,5,negative,fast_food_brand_launch,https://www.youtube.com/watch?v=chYLHu0w8z0,30,Emojis express mourning and sadness for Grimace Shake's death.
Marvel - puts random clip from movie in trailer. Marvel fans - Theory time,joy,3,positive,entertainment_fandom,https://www.youtube.com/watch?v=TcMBFSGVi1c,1,Sarcastic humor about Marvel fans overanalyzing trailers.
"Terri Hall (the woman in this video) died yesterday (Monday Sept. 16, 2013). This video helped me educate my children on the dangers of smoking. Terri was only 53 years old. Thank you CDC for introducing her to us, RIP Terri.",sadness,5,negative,fear_health_warning,https://www.youtube.com/watch?v=5zWB4dLYChM,16,"Announces death of the video subject, expresses grief and loss."
"Pepsi sucks, except blue mountain dew",disgust,1,negative,disgust_brand_backlash,https://www.youtube.com/watch?v=GNOu1Se6dYE,209,"Expresses dislike for Pepsi, with a slight exception."
“Mommy device may explode is calling you!”💀💀,joy,3,positive,surprise_product_fail,https://www.youtube.com/watch?v=8H6jz30Im_Y,2,Humorous warning with laughing emojis indicates amusement.
Chat GPT has gone WAY downhill. Grok is the best.,anger,0,negative,surprise_launch_reaction,https://www.youtube.com/watch?v=4qGw9WH4Xj8,5,"Expresses frustration and criticism towards ChatGPT, favoring Grok."
I cried when I saw all expenses was paid 30 years ago.,sadness,5,positive,sadness_psa,https://www.youtube.com/watch?v=iVrQqWIs6ZE,37,Crying from joy that expenses were paid long ago.
I am a 14year old & I never did makeup in my entire life nor do I intend to. I am happy about how I look- because our distinct looks make us unique. Don't care what people say about your looks - just believe in yourself - always remember you ARE BEUTIFUL IN YOUR OWN UNIQUE WAY!!!,joy,3,positive,beauty_brand_campaign,https://www.youtube.com/watch?v=z2T-Rh838GA,37,"Expresses self-acceptance and encouragement, spreading positivity."
I still can't call out at 9:48 pm,sadness,5,negative,anger_customer_service,https://www.youtube.com/watch?v=MUo3n8QSQLE,19,"Expresses inability to call out, implying frustration or disappointment."
“We’ll fix it and post” 😂😂,joy,3,positive,surprise_product_fail,https://www.youtube.com/watch?v=LMWwImDX3ks,224,Laughter emojis indicate amusement and positive reaction to the promise.
"I think its safe to say that absolutely every restaurant has some things hiding in their closet, no matter what type of restaurant or how expensive it is. But Im fairly certain that in the majority of cases its rather minor things, not much different to everybody's kitchen at home. But this here is shocking even compared to the usual ""bad of the bunch"". It literally looks like there has NEVER been anything done towards cleaning or sanitation or food safety or whatever.",disgust,1,negative,disgust_food_safety,https://www.youtube.com/watch?v=--OnclX8yac,66,Expresses shock and disgust at extreme unsanitary conditions in a restaurant.
"Technically there’s a broadcast alert message when there’s an issue with calling 911, the government probably could issue that broadcast since you know, people couldn’t call 911!",neutral,4,neutral,anger_customer_service,https://www.youtube.com/watch?v=-LZ_a5TER_0,206,"Informational comment about 911 alerts, no strong emotion."
"Terrie Hall, the woman in this commercial, just passed away from cancer. She was 53 years old. Many of my friends are in their 20s, and they smoke. They say it helps them feel energized, keeps them skinny, gives them something to do. When I watch the suffering Terrie went through, it hurts to know this may be the future for the people I love. Thank you Terrie, for being brave enough to show the tragic reality of smoking.",sadness,5,negative,fear_health_warning,https://www.youtube.com/watch?v=5zWB4dLYChM,98,Expresses sorrow over Terrie Hall's death and concern for loved ones who smoke.
why does he sound like he completely dies and becomes depressed at the end,sadness,5,negative,fast_food_brand,https://www.youtube.com/watch?v=79phlhutGLg,1,"Comment describes a depressed tone, indicating sadness."
"I really miss being able to switch out batteries and SD cards. Batteries get old, SD cards get full. I took alot of video at a wedding once and it completely filled an SD card. I didn't want to delete the videos or wait the glacial amount of time it takes to wireless data transfer, so i just popped the SD out and swapped in a new one. Wireless charging can go to hell, it takes half a second more to plug it in. I'd rather have that and an easily swappable battery. Honestly, samsung's phones are seeming less and less different from iPhone. It's harder to see why i should make a distinction and choose samsung. The experience is bordering on the same. I'm a mech eng student with a focus on electronics and i like to really dig into my Android phones and customize every little feature including doing maintenance when needed and completely rearranging the software. It's disheartening that samsung has gotten rid of it's ""tech nerd"" friendly configurability.",sadness,5,negative,tech_review_mixed,https://www.youtube.com/watch?v=XkXbkxtBlwY,123,Expresses disappointment and frustration over loss of customizable features in Samsung phones.
"The element that causes your phone to explode, reacts ta oxygen and water. DO NOT DO THIS TIP!",fear,2,negative,surprise_product_fail,https://www.youtube.com/watch?v=pAqQ_ANAmrk,122,Warning about phone explosion creates fear and urgency.
A̶m̶e̶r̶i̶c̶a̶ ̶.̶.̶.̶ ̶U̶n̶i̶t̶e̶d̶ ̶W̶e̶ ̶S̶t̶a̶n̶d̶ *America - United we beat people up on planes* I Live in Louisville btw and can see that airport from my house this place sucks!,anger,0,negative,anger_brand_crisis,https://www.youtube.com/watch?v=WEw-GjTriIo,106,Expresses frustration and criticism about America and local area.
I want to give her a hug. 😢,sadness,5,negative,fear_health_warning,https://www.youtube.com/watch?v=5zWB4dLYChM,54,"Expresses desire to comfort someone, with crying emoji indicating sadness."
My nightmare when I was a kid :,fear,2,negative,surprise_product_fail,https://www.youtube.com/watch?v=8H6jz30Im_Y,142,Expresses fear and negative association with childhood nightmare.
"This woman is amazing. She’s been through so much. My husband has been smoke free 7 years, and my daughter 6. So proud of them both.",joy,3,positive,fear_health_warning,https://www.youtube.com/watch?v=EkkOTplBCmA,189,Expresses pride and admiration for the woman and family's smoke-free journey.
"They had just about every dermagrapgic except the native American in full head dress, that photographer, so cringe😂😂😂",disgust,1,negative,disgust_brand_backlash,https://www.youtube.com/watch?v=VogNNsQ3Gmw,77,Expresses cringe and disapproval of cultural insensitivity.
"6 years later, and I still won't use Gillette anything, even when they go back to using their og name King C. Gillette. Done for life.",anger,0,negative,controversial_brand_purpose,https://www.youtube.com/watch?v=UYaY2Kb_PKI,2,Expresses lasting boycott and resentment towards Gillette.
NO TRIGGER WARNING?! THANKS!!!!!!,anger,0,negative,fear_public_safety,https://www.youtube.com/watch?v=vvXXzHSPu10,36,"Expresses anger about missing trigger warning, with aggressive capitalization and exclamation marks."
"""Police:What's your emergency? "" ""Me:My note 7 is overheating""",joy,3,positive,surprise_product_fail,https://www.youtube.com/watch?v=8H6jz30Im_Y,81,Humorous reference to Samsung Note 7 battery issues.
"2:46 is just so epic... Watched it many years ago, and found it today. Loved this Short Film...❤❤",joy,3,positive,sadness_psa,https://www.youtube.com/watch?v=iVrQqWIs6ZE,215,Expresses excitement and love for the short film.
RIP Howard Potts. We love you three thousand.,sadness,5,negative,entertainment_fandom,https://www.youtube.com/watch?v=TcMBFSGVi1c,81,"Mourning a loss with love, expressing grief."
seeing 7 YEARS ago... it's just crazy how time flew by like that.,sadness,5,negative,entertainment_fandom,https://www.youtube.com/watch?v=TcMBFSGVi1c,31,Nostalgic reflection on time passing quickly evokes sadness.
Panick : Did u hear human thought 😂 Fear : i have no comment to that one 😅 Death : they always have a wise mind but let them try 💀,joy,3,positive,fear_public_safety,https://www.youtube.com/watch?v=tAlrXpn5MOc,55,"Uses laughter emojis and playful personification, indicating amusement."
I've always wondered who did the voice of Starscream,neutral,4,neutral,fear_health_warning,https://www.youtube.com/watch?v=5zWB4dLYChM,68,Expresses curiosity without strong emotional tone.
1:46 make me cry :'),sadness,5,negative,sadness_psa,https://www.youtube.com/watch?v=uaWA2GbcnJU,145,Commenter expresses crying due to a specific moment.
I feel like I just saw the future…😂,surprise,6,positive,tech_product_launch,https://www.youtube.com/watch?v=n6pqGoXWZzo,86,"Awe and excitement about the future, with laughter emoji."
Millions...,neutral,4,neutral,anger_customer_service,https://www.youtube.com/watch?v=MUo3n8QSQLE,115,"Incomplete comment, no emotional signal."
"Is there any doctor in this flight? There was one, but... we kicked him off.",sadness,5,negative,anger_brand_crisis,https://www.youtube.com/watch?v=VrDWY6C1178,35,Sarcastic comment about a missed opportunity for help.
"When my kids left me, I used to watch and cried may time's",sadness,5,negative,sadness_psa,https://www.youtube.com/watch?v=O15dxrBNuAQ,122,Expresses grief and crying over children leaving.
My dad uses my iPad Air charger for his iPhone 5....... Shit we ded,sadness,5,negative,surprise_product_fail,https://www.youtube.com/watch?v=_Cd2WIxKRDk,84,Expresses frustration and resignation about a minor issue.
I’ve GYATT to call the heath inspector.,surprise,6,negative,brand_crisis_negative,https://www.youtube.com/watch?v=JVxCp22WatU,99,Sarcastic use of 'GYATT' implies shock at unsanitary conditions.
"Just so you guys know. Elon Musk's A.I. ""Grok"" says that Elon Musk himself is better shape than LeBron James. I am not kidding.",surprise,6,neutral,surprise_launch_reaction,https://www.youtube.com/watch?v=4qGw9WH4Xj8,47,Expresses disbelief at an unexpected AI statement.
"I don't buy McDonalds because of how disrespectful Brian Cox is to over 30% of the world's population. Why would I want to buy from a biz that allows a spokesman to call people who believe in God, & read the Bible, stupid. Opinion, or not, no one would hear of Mr. Cox on commercials again if he had said this about any other belief system: religious, political, racial, etc. This is just my opinion, however stupid I may be. I wonder if Mr. Cox believes in evolution, something that takes much more faith to believe than Creation. I take it Mr. Cox has never noticed the Bible is very pro woman, marriage, & wife. Nowhere does the Bible say oppress women. Be careful how you WANT to read the Bible. It speaks just fine for itself.",anger,0,negative,fast_food_brand,https://www.youtube.com/watch?v=79phlhutGLg,19,Expresses strong disapproval and frustration towards Brian Cox and McDonald's.
"It still does work that way if you call mine.When one and you don't have any service , it will connect you to 3g or any 2g towers that are nearby",neutral,4,neutral,anger_customer_service,https://www.youtube.com/watch?v=-LZ_a5TER_0,130,Informational comment explaining network behavior without emotional tone.
“People on Twitter were outraged” they always are,neutral,4,neutral,anger_brand_crisis,https://www.youtube.com/watch?v=VrDWY6C1178,120,"Sarcastic observation about Twitter outrage, no strong emotion"
Call the health department big time violations,anger,0,negative,brand_crisis_negative,https://www.youtube.com/watch?v=JVxCp22WatU,25,Expresses outrage and accusation of violations.
"I've vaped a hundred times a day for like 4 years. Sometimes I can't even get to the end of a long sentence. Today is day 1 of quitting, hopefully this time for good.",sadness,5,negative,fear_health_warning,https://www.youtube.com/watch?v=iaBh9HRJHjg,49,Expresses regret about health effects and struggle with addiction.
The ad still made me cry even though it is fake :(,sadness,5,negative,sadness_psa,https://www.youtube.com/watch?v=Ket5RWHg9IU,7,Expresses sadness about crying over a fake ad.
This video make me cry😭😭😭😭,sadness,5,negative,sadness_psa,https://www.youtube.com/watch?v=O15dxrBNuAQ,87,Expresses crying emojis and sadness from video content.
"Hey women, Stop abandoning babies. Stop cheating on your husbands. Stop wrongly accusing men of sexual assault. Well, did that make you mad? Upset? Do you feel hated? You don't like being lumped in with the kind of people mentioned above? Remember that feeling. That's what men feel when we are compared to rapists. To murderers. To abusers. Remember that feeling.",anger,0,negative,disgust_brand_backlash,https://www.youtube.com/watch?v=8lXBs2Wy1OU,177,Expresses frustration and anger towards perceived gender bias and false accusations.
It should’ve been more than the undisclosed amount he should have sued them for millions !!!,anger,0,negative,anger_brand_crisis,https://www.youtube.com/watch?v=WEw-GjTriIo,161,Expresses outrage and desire for punitive legal action.
"As someone who’s gotten violently sick twice from eating out, I 100% commend the work you’re doing. Such a shame how many places don’t follow basic hygiene",sadness,5,negative,disgust_food_safety,https://www.youtube.com/watch?v=xPGCrRRFWBk,185,Expresses sadness about poor hygiene in restaurants despite commendation.
Most of them soul food restaurants handle food and the kitchen this way.,neutral,4,neutral,disgust_food_safety,https://www.youtube.com/watch?v=xPGCrRRFWBk,174,Factual observation about soul food restaurants without emotional tone.
"Oh well. Gillette’s ads are always twee and patronizing anyway, dated and cliched. They just sell some retro masculinity norm - all they have to do is show a guy shaving, but instead it’s always the same old tired, derivative imagery in all their ads, year after year, campaign after campaign, for a product that people pretty much buy anyway because they have to, not because they’ve any interest in the actual brand, company or clapped-out advertising.",disgust,1,negative,disgust_brand_backlash,https://www.youtube.com/watch?v=liPlJ_ynd_Q,230,Expresses strong disapproval and contempt for Gillette's ads.
right when the lights on my screen flashed there was lightning and i thought it was actually an accident,surprise,6,neutral,fear_public_safety,https://www.youtube.com/watch?v=3Twl1soaBJM,102,Unexpected coincidence of screen flash and real lightning causes surprise.
"im more concerned with people just sitting there watching, not doing anything sad as fuck",sadness,5,negative,anger_brand_crisis,https://www.youtube.com/watch?v=VrDWY6C1178,28,Expresses concern and sadness about passive behavior.
I just cried in a Planet Fitness parking lot.,sadness,5,negative,sadness_psa,https://www.youtube.com/watch?v=PW6SocCjTMM,5,"Expresses crying, indicating sadness or emotional distress."
Is anyone here who came to watch this commercials intentionally because you want to cry yourself out.😭 I just wanna cry myself out.. so here I am.. watching all kinds of sad videos.,sadness,5,negative,sadness_psa,https://www.youtube.com/watch?v=iVrQqWIs6ZE,6,Expresses desire to cry and watch sad videos to release emotions.
"A lack of human involvement in the making of this ad does not instill me with much confidence in the product. It doesn’t make me wanna drink Coca-Cola more. If writing prompts, waiting for the ai to shit something out for you, and then picking the least messy result to mash together is the only effort you’d be willing to put into advertising, why should i care about your product?",disgust,1,negative,food_beverage_ad,https://www.youtube.com/watch?v=Yy6fByUmPuE,94,"Expresses disgust at AI-generated ad, criticizing lack of human effort."
at the end terrie almost cried like what i do with my life when i turn into this,sadness,5,negative,fear_health_warning,https://www.youtube.com/watch?v=5zWB4dLYChM,149,"Commenter relates to Terrie's near-crying moment, expressing regret about life choices."
"Finally a video about dad's, my dad is a cheater , he does *** with other women , he doesn't care about me , nor my mother and watching this only makes me sad about it",sadness,5,negative,sadness_psa,https://www.youtube.com/watch?v=vgain-EQdt0,154,Expresses personal sadness and disappointment about father's infidelity.
GROSS,disgust,1,negative,brand_crisis_negative,https://www.youtube.com/watch?v=JVxCp22WatU,149,The word 'GROSS' directly expresses disgust.
0:58 THAT'S THE HOMLESS MAN FROM THE CAMERA COMMERCIAL!,surprise,6,positive,sadness_psa,https://www.youtube.com/watch?v=iVrQqWIs6ZE,106,Excited recognition of a familiar person from an ad.
"Everything is so offensive now, people need to live their own life, do them and quit getting worked up by things that make no difference in their life",anger,0,negative,disgust_brand_backlash,https://www.youtube.com/watch?v=GNOu1Se6dYE,120,Expresses frustration with perceived oversensitivity and tells others to stop being offended.
im just trying to figure out how he went from walking to sitting so cleanly,surprise,6,positive,classic_brand_ad,https://www.youtube.com/watch?v=owGykVbfgUE,68,Expresses admiration and curiosity about a smooth action.
In all seriousness this commercial is not a joking matter this commercial is not funny it's not to be taken lightly and should be taken very seriously there should be a lot of more outrage going on than just my own there should be a campaign to cancel this company they're joking about killing the father figure the dad the man of the household a lot of people think was wrong it's just a joke be honest with yourself everybody out there knows that if you turn this commercial around and it was the mother instead of the father nobody would be laughing,anger,0,negative,sadness_brand_story,https://www.youtube.com/watch?v=YvYGO4o334I,8,"Expresses strong outrage and demands cancellation, criticizing the commercial as offensive."
That is insane...how many channels are there...a thousand?,surprise,6,neutral,brand_crisis_negative,https://www.youtube.com/watch?v=tHn5bOBoEMI,170,Expresses astonishment at the number of channels.
That owner is a sick person to knowingly let people eat food that was prepared in a place like that. He doesn't deserve to have a restaurant.,anger,0,negative,disgust_food_safety,https://www.youtube.com/watch?v=--OnclX8yac,30,Expresses strong disapproval and moral outrage towards the owner.
"""Even our ads are fake"" - Coke",sadness,5,negative,food_beverage_ad,https://www.youtube.com/watch?v=Yy6fByUmPuE,99,"Sarcastic comment about fake ads, implying disappointment."
"honestly, I don’t think Apple’s intro is going to be better than this one..",neutral,4,neutral,tech_product_launch,https://www.youtube.com/watch?v=n6pqGoXWZzo,5,Expresses a neutral opinion comparing Apple's intro without strong emotion.
"I remember seeing these stop smoking ads when I was around 9 and ever since im terrified of smoking. Safe to say, fear does prevent people from smoking.",fear,2,negative,fear_health_warning,https://www.youtube.com/watch?v=EkkOTplBCmA,249,Comment explicitly states being terrified of smoking due to ads.
Never touching Coke products from here on,anger,0,negative,food_beverage_ad,https://www.youtube.com/watch?v=Yy6fByUmPuE,149,"Expresses strong resolve to boycott, implying anger."
These PSAs scared me into never touching a cigarette,fear,2,negative,fear_health_warning,https://www.youtube.com/watch?v=EkkOTplBCmA,213,Comment explicitly states being scared by PSAs.
With some of these phones being able to fully charge in 15 minutes or less these days. How safe is it for the battery.,neutral,4,neutral,surprise_product_fail,https://www.youtube.com/watch?v=_Cd2WIxKRDk,186,Expresses a neutral inquiry about battery safety.
I love how she doesn’t even have on gloves… and right after prob went straight to stirrin the Big Mac sauce,disgust,1,negative,brand_crisis_negative,https://www.youtube.com/watch?v=JVxCp22WatU,32,"Sarcastic criticism about unhygienic behavior, implying disgust."
Ain't no way they did it again bro. It's got to be intentional ragebait😂,anger,0,negative,food_beverage_ad,https://www.youtube.com/watch?v=Yy6fByUmPuE,40,"Expresses disbelief and frustration, implying intentional provocation."
Some people really do smoke. Let that sink in,neutral,4,neutral,fear_health_warning,https://www.youtube.com/watch?v=X4k12miYJ4M,213,Factual statement with no strong emotional tone.
Watching these videos makes me more thankful than ever for homecooked food,joy,3,positive,disgust_food_safety,https://www.youtube.com/watch?v=--OnclX8yac,9,Expresses gratitude and appreciation for homecooked food.
everything we know... is the same shit we all know. Verizon is down. phones aren't working,anger,0,negative,anger_customer_service,https://www.youtube.com/watch?v=T8ClHGY08jc,234,Frustration expressed with 'same shit' and complaint about service.
During the movie literally nobody went to the bathroom. IN 3 HOURS!!!,surprise,6,neutral,entertainment_fandom,https://www.youtube.com/watch?v=TcMBFSGVi1c,74,Expresses astonishment that no one left during a 3-hour movie.
The AI can't even decide how many wheels a truck has,surprise,6,negative,food_beverage_ad,https://www.youtube.com/watch?v=Yy6fByUmPuE,79,Expresses disbelief and criticism about AI's failure.
"There's no mass chaos, stop lying",anger,0,negative,anger_customer_service,https://www.youtube.com/watch?v=oZRywTkhwrA,156,Accusation of lying indicates frustration and anger.
"I cried after all those parts..he lies because he loves you :) ( read more ) \/ Everyone should always love there parents because you never think about what they are feeling, They Sacrafice there life because of you and because they live you more then anything in the World.and he does all that stuff because you are his creation and child you should always be Greatful to what your parents do because you never know the moment they will die you will Miss them and realize how much they sacraficed for you.This video shows how much your parents Love you. :)",sadness,5,positive,sadness_psa,https://www.youtube.com/watch?v=O15dxrBNuAQ,240,Comment expresses sadness over parental sacrifice but overall positive sentiment about love.
New york is still out cant make calls,neutral,4,negative,anger_customer_service,https://www.youtube.com/watch?v=MUo3n8QSQLE,29,States a factual problem without strong emotion.
Why running Apple apps on a $3499 headset? And the behavior of people in advertisements is very unnatural.,disgust,1,negative,tech_product_launch,https://www.youtube.com/watch?v=Btf4mN37OsU,112,"Criticizes app choice and unnatural ad behavior, showing displeasure."
The music! And the last shot of her is so sad but beautiful at the same time. Fantastic ad.,sadness,5,positive,beauty_brand_campaign,https://www.youtube.com/watch?v=z2T-Rh838GA,16,"Mixed feelings of sadness and beauty, but overall positive appreciation."
"@KlaasStortebeker I understand where you're coming from, but when you are in the locker room, focused on your opponent, usually you don't think about who can reproduce more but rather who can win!",neutral,4,neutral,brand_campaign_positive,https://www.youtube.com/watch?v=ijTwZNUBhcI,142,Explanatory and factual response without strong emotional tone.
When you aint welcome you know its disgusting,disgust,1,negative,disgust_food_safety,https://www.youtube.com/watch?v=dhBxrfETXJA,233,Expresses disgust at not being welcome.
One of the worst commercials in history of television. I purposely avoid P&G products if I can today.,anger,0,negative,controversial_brand_purpose,https://www.youtube.com/watch?v=UYaY2Kb_PKI,118,"Strong negative reaction to a commercial, actively avoiding products."
"My inlaws took me and my husband to the Ontario one once, I never went back, ugh!",disgust,1,negative,disgust_food_safety,https://www.youtube.com/watch?v=--OnclX8yac,27,Expresses strong dislike and aversion with 'ugh'.
Don't blame her! It's around 120 Fahrenheit there... Or Celsius...,anger,0,negative,brand_crisis_negative,https://www.youtube.com/watch?v=JVxCp22WatU,94,"Defensive tone defending someone against blame, with sarcastic remark about temperature."
The ads should not be banned if they can even stop one person from dying from smoking.,neutral,4,neutral,fear_health_warning,https://www.youtube.com/watch?v=EkkOTplBCmA,4,Expresses a logical opinion about ads without strong emotion.
Ngl it kinda looked like I got into a car crash,surprise,6,negative,fear_public_safety,https://www.youtube.com/watch?v=3Twl1soaBJM,30,Unexpected comparison to a car crash suggests shock or disbelief.
"I quit smoking in 2007 after vowing I’d give it up before I turned 40. I made it and stopped by age 39, but it took multiple tries. It still scares me how much damage I probably did in that 20 year period. Seeing Terrie’s ads a few years later certainly convinced me I made the right choice.",fear,2,negative,fear_health_warning,https://www.youtube.com/watch?v=X4k12miYJ4M,41,Expresses fear about past smoking damage and relief at quitting.
Still no service,neutral,4,negative,anger_customer_service,https://www.youtube.com/watch?v=MUo3n8QSQLE,28,Expresses dissatisfaction about lack of service.
"'In the case of Anthropic, which he once said would end up being called ""Misanthropic"" and had an ""evil"" AI, Musk's SpaceXAI has now partnered with the developer of Claude. SpaceXAI, the combined company formed after SpaceX absorbed xAI earlier this year, announced that Anthropic will use compute capacity from Colossus 1, the Memphis data center Musk has repeatedly described as one of the world's largest AI supercomputers. The site offers more than 300 megawatts of new capacity and over 220,000 Nvidia GPUs, including H100, H200, and GB200 accelerators.'",neutral,4,neutral,surprise_launch_reaction,https://www.youtube.com/watch?v=4qGw9WH4Xj8,1,"Factual reporting of business partnership, no emotional language."
"for those who curious, this footage is real, the note 7 exploded due to battery malfunction, because of this, having a note 7 on planes,cruise and many more public transport are banned. and the samsung company is fully apologize to this incident and stopping creating this phone. your note 7 can explode or catch on fire because you charge the phone too long, and if your note 7 showed this alert, you can't do anything because the screen is too hot that the touch system is melted, so if this happen to your note 7, just run away and call firefighters in case of fire. edit: hi everybody, I apologize for the missmatch info, this footage was not real, the note 7 is real, but the explosion are not, its an edit, but maybe you ask, is all the footage fake? the answer is no, only the explosion is fake. the real explosion is not that hard and destructive. just maybe the battery pop or smth.",neutral,4,neutral,surprise_product_fail,https://www.youtube.com/watch?v=8H6jz30Im_Y,46,"Informative comment explaining Note 7 battery issue, with factual correction."
"Wow! And I thought United Airlines was best for Chinese take out. I guess I have to try their new Vietnamese take out service, lmfao! On second thought it just might be a little too spicy for me!",joy,3,positive,anger_brand_crisis,https://www.youtube.com/watch?v=1PA0geOa4PM,35,"Sarcastic humor about airline food, ending with laughter."
I watch this video at least once a month my grandma showed me this when I was 14 now she passed this makes me cry,sadness,5,negative,sadness_psa,https://www.youtube.com/watch?v=iVrQqWIs6ZE,72,Comment expresses grief and nostalgia over a deceased grandmother.
"When the first one ended, I immediately wanted a sequel to show Riley's emotions as she hit puberty. I'm so excited for this! I'm still traumatized by Bing Bong, so I hope there's no more trauma in this one.",joy,3,positive,movie_trailer_joy,https://www.youtube.com/watch?v=LEjhY15eCx0,89,Expresses excitement for the sequel despite past trauma.
Since when did they open a bakery?,surprise,6,neutral,brand_crisis_negative,https://www.youtube.com/watch?v=JVxCp22WatU,69,"Expresses surprise about a bakery opening, no clear positive or negative tone."
Rip Terrie you will be missed,sadness,5,negative,fear_health_warning,https://www.youtube.com/watch?v=X4k12miYJ4M,106,Expresses grief and loss for someone who passed away.
Fun fact: matpat already made a theory about it and it turns out that the water used to make the shake or even clean the blenders is infected so grimace is not guilty.,neutral,4,neutral,fast_food_brand_launch,https://www.youtube.com/watch?v=chYLHu0w8z0,137,Informational comment stating a fact without emotional expression.
"use nicotine pads to quit smoking guys, better for you in the long run.",neutral,4,neutral,fear_health_warning,https://www.youtube.com/watch?v=IJlIcK-gbLE,193,Informative advice without emotional tone.
"boy am i glad that i live in the EU where they use the 112 number that they then also had embedded into the GSM Standard so not only does every network recognize and carry out emergency calls, the cell tower disconnects other calls to make way for it if there isnt enough bandwidth available (like at a festival)",joy,3,positive,anger_customer_service,https://www.youtube.com/watch?v=-LZ_a5TER_0,28,Expresses relief and pride about EU emergency system.
"While I'm not as seasoned of a restaurant veteran as others here (reaching my first full year as a waiter), even I can recognize that this wasn't just a lack of caring. It has to take pure hard work and effort to make a kitchen this unclean",neutral,4,neutral,disgust_food_safety,https://www.youtube.com/watch?v=--OnclX8yac,57,"Analytical observation about kitchen cleanliness, no strong emotion."
"The ad clearly did more good than harm, and only a fool would think otherwise. While I was never at risk for smoking and never would have anyway even without those ads, (and I did not enjoy watching those ads), even I am not selfish enough to complain about how we shouldn't be forced to see them when watching TV. Sometimes healthcare is scary. And if this is what someone needs to see to quit, then I'm fine having to watch through it. Because their health matters more than my sensibilities of comfort.",neutral,4,positive,fear_health_warning,https://www.youtube.com/watch?v=EkkOTplBCmA,67,"Supports anti-smoking ads despite discomfort, prioritizing public health over personal comfort."
"Saw this today, I cried. I remember when I was young my mother taught manners to preserve your youth. She taught you will have plenty of time to be an adult, enjoy your youth.",sadness,5,negative,beauty_brand_campaign,https://www.youtube.com/watch?v=z2T-Rh838GA,25,Expresses sadness and nostalgia about lost youth and mother's teachings.
"Send that potential fire hazard back man. Its not worth the risk having a small fire in your office in the middle of the night just because you want to side with Samsung and talk about how it could happen with anybody. Moreover, how do you know that Sammy's internals didn't already point to a problem with the device? Point of fact, Apple knew about the antenna problems but didn't say anything about it. Jobs blamed the consumer saying they were ""holding it wrong"". Anyway, check with your homeowners insurance and see if they agree with you're decision to keep a device in your house KNOWING about the risk. I'm a fan of Sammy too but it is not worth it. It simply is not IMHO.",anger,0,negative,surprise_product_fail,https://www.youtube.com/watch?v=pAqQ_ANAmrk,114,Expresses strong disapproval and frustration about keeping a risky device.
router: excuse me?,surprise,6,neutral,brand_crisis_negative,https://www.youtube.com/watch?v=tHn5bOBoEMI,140,Expresses confusion or disbelief at a router's action.
In all honesty it's just natural selection. Whoever is too stupid to live dies. As it's always been. Only problem is that they might bring someone that doesn't deserve it on the other side with them.,anger,0,negative,fear_public_safety,https://www.youtube.com/watch?v=vvXXzHSPu10,41,"Harsh judgment of others' intelligence, implying they deserve death."
"Thai directors make both the funniest and heart touching ads, and no matter how confusing it is, the message is super clear",joy,3,positive,sadness_psa,https://www.youtube.com/watch?v=iVrQqWIs6ZE,15,Praises Thai ads for being funny and heart-touching with clear messages.
"Well, that looks really weird. When I close my eyes it started happening. It was red and white. I was so confused right now. I started to get there.😂😂😂",surprise,6,neutral,fear_public_safety,https://www.youtube.com/watch?v=3Twl1soaBJM,147,"Confusion and surprise at visual effect, with laughter emojis indicating amusement."
"I wouldn’t classify that as “shattered”, but clearly, the Tesla team was hoping for a better outcome than that.",neutral,4,neutral,surprise_product_fail,https://www.youtube.com/watch?v=udxR5rBq_Vg,8,"Factual observation with mild critique, no strong emotion."
"One thing I learned at an early age was that if there's nothing to do, you CLEAN!",neutral,4,neutral,disgust_food_safety,https://www.youtube.com/watch?v=xPGCrRRFWBk,3,"Statement of personal habit, no strong emotion."
"Note 1: the first note phone, bringing out the name ""phablet"" Note 2: a brand new design Note 3: Introducing the new s pen feature Note 4: the first finger printable phone in the note series Note 5: A more premium phone Note 6: where is it tho? Note 7: The best hand grenade ever Note 8: best note phone ever(not anymore) Note 9: crazy storage, new s pen feature,sponsored by Epic Games Edit#1: oh, and the note FE: The remake of the deadly hand grenade(probably The second version of it) Edit#2: Wow. Thanks for 180+ likes Edit#3 thanks for 600+ likes",joy,3,positive,surprise_product_fail,https://www.youtube.com/watch?v=_Cd2WIxKRDk,41,Playful and nostalgic listing of Note series features with humor.
"The brilliance of this ad is that it beautifully captures the essence of love. It’s not perfection. It’s shared moments. Triumphs and tragedies, excitement and boredom, etc. inside jokes The sound of their laughter The smell of their skin The way they like their coffee All of it If we are lucky, we find someone to share a life worth remembering with. It also speaks to my greatest fear. Forgetting. I lost my mom when I was 13 and I remember the first time I struggled to remember some specific detail about her. I was panicked. I felt like I had gone blind to a part of me that was lost forever. I never can make it all the way through without pausing. Simply beautiful",sadness,5,positive,sadness_psa,https://www.youtube.com/watch?v=PW6SocCjTMM,47,Expresses deep love and appreciation but also fear of forgetting a lost loved one.
can't believe this video is 9 years old already - always good to get the juices flowing,surprise,6,positive,brand_campaign_positive,https://www.youtube.com/watch?v=ijTwZNUBhcI,64,"Surprise at video's age, positive nostalgia for its content."
More like the garbagetruck!,disgust,1,negative,automotive_controversy,https://www.youtube.com/watch?v=ro262oyhZAI,30,"Insults by comparing to garbage, showing disgust."
Love the way he says Pepsi,joy,3,positive,disgust_brand_backlash,https://www.youtube.com/watch?v=KxAf8ZJvUPo,117,Expresses affection and amusement towards a specific detail.
"911: “911, what’s your emergency?” The caller: [EXPLOSION]",surprise,6,neutral,surprise_product_fail,https://www.youtube.com/watch?v=8H6jz30Im_Y,10,"Unexpected twist with explosion, evokes surprise."
the good old days when social media was outraged over something actually outrageous.,sadness,5,negative,anger_brand_crisis,https://www.youtube.com/watch?v=yJTaGf5zURQ,74,"Nostalgic longing for past, implying current outrage is trivial."
Don't worry Gillette.... your next generation of customers won't have enough testosterone to grow beards,anger,0,negative,disgust_brand_backlash,https://www.youtube.com/watch?v=liPlJ_ynd_Q,166,"Sarcastic criticism of Gillette, implying emasculation of future customers."
A company worth billions with a slop ad like this gets bodied by a french supermarket’s ad,disgust,1,negative,food_beverage_ad,https://www.youtube.com/watch?v=Yy6fByUmPuE,30,"Criticizes a wealthy company's ad as 'slop', showing contempt."
"""Apparently dragged off flight,"" I wasn't sure either.",neutral,4,neutral,anger_brand_crisis,https://www.youtube.com/watch?v=WEw-GjTriIo,204,Comment expresses uncertainty without strong emotion.
Can you hear me now? 📱☠️,surprise,6,neutral,anger_customer_service,https://www.youtube.com/watch?v=oZRywTkhwrA,105,Playful question with emojis suggesting a joke or unexpected situation.
If Samsung made a C4:,neutral,4,neutral,surprise_product_fail,https://www.youtube.com/watch?v=8H6jz30Im_Y,32,Speculative statement without emotional tone.
The music as they zoomed in on the HIGHLIGHTED violations. 😭,sadness,5,negative,disgust_food_safety,https://www.youtube.com/watch?v=--OnclX8yac,12,Crying emoji indicates sadness or disappointment about the violations.
Too many things for controversal these days...,neutral,4,neutral,disgust_brand_backlash,https://www.youtube.com/watch?v=-4Qa9ZXTg2g,125,Comment expresses mild observation without strong emotion.
POV: You're in the UK and you accidentally piss off Your average drunk driver 😭✌️🥀,fear,2,negative,fear_public_safety,https://www.youtube.com/watch?v=3Twl1soaBJM,27,"Implies danger from drunk driver, crying emoji indicates fear."
So if Pepsi does a commercial with Kendall only drinking a Pepsi people are gonna get offended?,surprise,6,neutral,disgust_brand_backlash,https://www.youtube.com/watch?v=GNOu1Se6dYE,48,Expresses confusion about why people would be offended by a simple commercial.
"Dude I'm telling you, this brand new Note 7 is a bomb! *L I T E R A L L Y*",joy,3,positive,surprise_product_fail,https://www.youtube.com/watch?v=_Cd2WIxKRDk,54,"Sarcastic humor about exploding Note 7, playful tone."
POV at the truck: why can’t I see. oh I find someone to help me- *le crash*,surprise,6,negative,fear_public_safety,https://www.youtube.com/watch?v=O8MQV40pOtk,95,"Unexpected crash after seeking help, humorous but negative outcome."
Looks like a miniature digital version of Kowloon City,neutral,4,neutral,brand_crisis_negative,https://www.youtube.com/watch?v=tHn5bOBoEMI,147,Descriptive observation without emotional tone.
Even I watch this video for 10 thousand times also it will bring tears from my eyes regardless where m I. Coz I see how much my daddy lied at me about his happiness.,sadness,5,negative,sadness_psa,https://www.youtube.com/watch?v=vgain-EQdt0,43,Comment expresses deep sadness and betrayal about father's lies.
"The voice acting/yelling feels so real, pretty sure I'm going to have nightmares, BUT its worth it. W man.",fear,2,positive,fast_food_brand_launch,https://www.youtube.com/watch?v=chYLHu0w8z0,7,"Mentions nightmares but says it's worth it, showing fear mixed with positive sentiment."
"Never again,I'm almost crying right now as it's so real",sadness,5,negative,fear_public_safety,https://www.youtube.com/watch?v=3Twl1soaBJM,59,"Expresses regret and sadness, almost crying from emotional impact."
"I was in tears because there was so much love in this video, thanks for all the goodness",joy,3,positive,sadness_psa,https://www.youtube.com/watch?v=uaWA2GbcnJU,191,Expresses tears of joy and gratitude for love and goodness.
At least wifi still works,joy,3,positive,anger_customer_service,https://www.youtube.com/watch?v=cA3ySA9u7cI,9,Expresses gratitude for wifi working despite other issues.
This is an example of why it is not a good idea to eat out often.,neutral,4,negative,disgust_food_safety,https://www.youtube.com/watch?v=dhBxrfETXJA,102,States a negative opinion without strong emotion.
"Ommm I don't see the controversy, the ad was really cool! wtf",surprise,6,positive,disgust_brand_backlash,https://www.youtube.com/watch?v=zFm9FRxi0ZM,48,Expresses confusion about controversy but praises the ad as cool.
That escalated quickly.,surprise,6,neutral,tech_brand_story,https://www.youtube.com/watch?v=nnsSUqgkDwU,54,Comment expresses mild surprise at sudden turn of events.
I was in a car accident but we weren’t on our phones I just mentioned a work place and the driver and me looked at it kinda dumb to be honest lol,sadness,5,negative,fear_public_safety,https://www.youtube.com/watch?v=O8MQV40pOtk,19,Recounting a car accident with regret and self-criticism.
Real magic ❌ Real IA ✅,joy,3,positive,food_beverage_ad,https://www.youtube.com/watch?v=Yy6fByUmPuE,81,"Playful correction using emoji and acronym, humorous tone."
POV: people in school picking on you and telling the teacher,sadness,5,negative,fear_public_safety,https://www.youtube.com/watch?v=0ygLvFG9QsA,121,Describes a bullying scenario evoking sadness and empathy.
"That girl sounds like a lil goat🐐""YEAAAAH!!""😂😅",joy,3,positive,fear_public_safety,https://www.youtube.com/watch?v=0ygLvFG9QsA,47,Laughter emojis and enthusiastic 'YEAAAAH' indicate amusement and joy.
Do not fear Pepsi is here,joy,3,positive,disgust_brand_backlash,https://www.youtube.com/watch?v=KxAf8ZJvUPo,184,"Playful reassurance with a pun, conveys humor and positivity."
No he's filming a gyat,joy,3,positive,brand_crisis_negative,https://www.youtube.com/watch?v=JVxCp22WatU,41,Playful slang and humor suggest amusement.
The fact that I've eaten here before back in middle school only to find this video now is so surreal.,surprise,6,positive,disgust_food_safety,https://www.youtube.com/watch?v=--OnclX8yac,81,Expresses surprise and nostalgia about a past experience.
One of the best commercials ever.,joy,3,positive,classic_brand_ad,https://www.youtube.com/watch?v=owGykVbfgUE,76,Expresses strong admiration and positive evaluation.
Lmaoo the little manger so mad so passive aggressive 😅😂,joy,3,positive,disgust_food_safety,https://www.youtube.com/watch?v=xPGCrRRFWBk,212,Laughter emojis and 'lmaoo' indicate amusement at the situation.
That beef gone have you in the hospital fighting w your life!!!,fear,2,negative,disgust_food_safety,https://www.youtube.com/watch?v=xPGCrRRFWBk,66,"Warns of severe danger from eating beef, implying life-threatening consequences."
As a retired waitress this absolutely disgusted me. In this day and age those violations are owners trying to buck the system. Anyone knows these violations could shut you down immediately. Shame on the owners. I've quit jobs for fewer violations than this restaurant has.,anger,0,negative,disgust_food_safety,https://www.youtube.com/watch?v=--OnclX8yac,79,"Expresses disgust and anger at owners for violations, with strong condemnation."
First ad I didn’t try to skip,joy,3,positive,sadness_brand_story,https://www.youtube.com/watch?v=YvYGO4o334I,1,"Expresses enjoyment of the ad, implying positive surprise."
"""We apologize for the overbook situation"" So, not even for how the passenger was handled?",anger,0,negative,anger_brand_crisis,https://www.youtube.com/watch?v=VrDWY6C1178,16,"Criticizes apology for overbooking, not for passenger mistreatment."
That looks so scary at least that other one looks like it’s overheating because you didn’t take off that phone case,fear,2,negative,surprise_product_fail,https://www.youtube.com/watch?v=8H6jz30Im_Y,126,Expresses fear about something scary and concern about overheating.
"Sometimes we get something that looks very similar but functions differently, despite the downward sloping market curve AI ecosystem continues to push boundaries and now a new AI $ALLO is now available on BingX for traders who trade in AI",neutral,4,neutral,surprise_launch_reaction,https://www.youtube.com/watch?v=4qGw9WH4Xj8,50,"Informational comment about AI token, no emotional expression."
"One thing that Terrie said when she said she tried smoking when she got home to see if she could, but she couldn't, she said later, ""Even though I couldn't smoke anymore, just before I put it out, I turned around and saw myself in the mirror for the first time, with the cigarette in my mouth, and the huge tracheal stoma in my neck. That's when I realized, ""Terrie, what in the hell are you doing?! THAT'S the very thing that got you where you are."" Right then and there, she put out the cigarette and never lit one again. She didn't need too much motivation to quit after that. She expressed later that although quitting is difficult, it's a lot easier than quitting after you've been disfigured by smoking-related illness.",sadness,5,negative,fear_health_warning,https://www.youtube.com/watch?v=EkkOTplBCmA,34,Story of disfigurement and regret evokes sadness and caution.
She was on her death bed saying this. She went out trying to do good. RIP queen,sadness,5,negative,fear_health_warning,https://www.youtube.com/watch?v=EkkOTplBCmA,109,Expresses sadness and respect for someone who passed away.
Every few years I come back to this video and cry for literally no reason.,sadness,5,negative,sadness_psa,https://www.youtube.com/watch?v=iVrQqWIs6ZE,199,"Expresses crying and emotional vulnerability, indicating sadness."
Gilette. The worst an ad can get.,anger,0,negative,disgust_brand_backlash,https://www.youtube.com/watch?v=8lXBs2Wy1OU,10,"Strong negative opinion about the ad, using 'worst'."
Classic moments 😢,sadness,5,negative,classic_brand_ad,https://www.youtube.com/watch?v=owGykVbfgUE,74,Crying emoji indicates sadness over nostalgic moments.
This movie actually made me cry and I’m 24 years old,sadness,5,negative,movie_trailer_joy,https://www.youtube.com/watch?v=LEjhY15eCx0,127,Expresses sadness from crying while watching a movie.
"What if that passenger was THE only medical doctor on board!? If a medical emergency happens mid flight, you all are screwed!",anger,0,negative,anger_brand_crisis,https://www.youtube.com/watch?v=WEw-GjTriIo,127,Expresses frustration and anger about potential consequences of removing the only doctor.
"I'm an IV drug user, and I quit smoking... Think about that for a second, that's how scary cigarettes are. I have seen first hand the results of tobacco use too many times, and it scares me worse than anything else you could do.",fear,2,negative,fear_health_warning,https://www.youtube.com/watch?v=EkkOTplBCmA,200,Expresses fear about cigarettes being scarier than IV drugs.
Serving food in street clothes is wild,surprise,6,negative,disgust_food_safety,https://www.youtube.com/watch?v=xPGCrRRFWBk,18,Expresses disbelief and mild disapproval about unhygienic practice.
"They could’ve made it so much better if the advertisement was just “politics can be divisive but do you know what’s for everybody red,blue,purple a can of pepsi”",neutral,4,neutral,disgust_brand_backlash,https://www.youtube.com/watch?v=VogNNsQ3Gmw,65,Comment suggests a neutral observation about ad improvement.
I love this!!,joy,3,positive,app_brand_campaign,https://www.youtube.com/watch?v=Ew4kM1FmM8o,90,Expresses strong liking and enthusiasm.
I don't think I've ever got an amber alert when I was actually outside. They coincidentally all seem to happen when I'm asleep.,sadness,5,negative,fear_public_safety,https://www.youtube.com/watch?v=0ygLvFG9QsA,206,Expresses disappointment about missing amber alerts due to timing.
"I remember this! I never thought she was deformed or ugly, it just made me sad for her, she seemed like a nice lady",sadness,5,negative,fear_health_warning,https://www.youtube.com/watch?v=EkkOTplBCmA,117,"Expresses sadness for the lady's situation, with no anger or joy."
"You know, until today I never thought about the fact that a food establishment which has such terrible sanitation would also be willing to post a fake or old sanitation certificate. I need to look more carefully at those certificates.",surprise,6,negative,disgust_food_safety,https://www.youtube.com/watch?v=dhBxrfETXJA,126,Realization about fake certificates and poor sanitation triggers surprise and concern.
I kinda teared up...anyone else?,sadness,5,negative,tech_brand_story,https://www.youtube.com/watch?v=nnsSUqgkDwU,17,Expresses emotional vulnerability and sadness from tearing up.
"Yeah ok. This might all be true, but cmon. This ad just became terrible because of this. :l",disgust,1,negative,sadness_psa,https://www.youtube.com/watch?v=Ket5RWHg9IU,56,Expresses disappointment and distaste for the ad.
Hell nah,disgust,1,negative,tech_product_launch,https://www.youtube.com/watch?v=Btf4mN37OsU,143,Expression of strong disagreement or disapproval
And Jesus said to his disciples understand before they hated you they hated me also,neutral,4,neutral,sports_brand_purpose,https://www.youtube.com/watch?v=jBnseji3tBk,86,Quoting a biblical verse without emotional expression.
Asked owner if he a rapper?? More like.... Owner a trapper!!💎🥶💍,surprise,6,positive,disgust_food_safety,https://www.youtube.com/watch?v=xPGCrRRFWBk,153,Playful twist with emojis suggesting admiration and surprise.
well what I got from this video is that as long as you change your coil regularly you will not have any issues. please don't vape on slightly burnt coils.,neutral,4,neutral,fear_health_warning,https://www.youtube.com/watch?v=IJlIcK-gbLE,166,"Informational comment about vaping, no strong emotion."
"FUCKIN OUTRAGEOUS They had absolutely no right to do that. To randomly pick him to leave is one thing, but to force him the way they did is absolutely disgusting. Wtf happened to handling these sorts of issues like civil human beings? This airline should be shut down and forced to pay him. I hope those draggers do some time too. IDC if they're just doing their job. There have been plenty of police brutality cases across social media, so authorities should know damn well by now that you don't treat people like that",anger,0,negative,anger_brand_crisis,https://www.youtube.com/watch?v=VrDWY6C1178,2,"Strong anger and outrage at airline's actions, with calls for punishment."
After grimmace got shocked he then realised hes a fucking cartoon character and lightning cant kill him,joy,3,positive,fast_food_brand_launch,https://www.youtube.com/watch?v=chYLHu0w8z0,81,"Humorous realization about cartoon logic, playful tone."
"God bless you all for making this commercial. As a live streamer I know how it can be, and for the past couple years ive made a point to wear no makeup on camera about 90% of the time. Wearing makeup ages your skin!! I'm 42 next month and still smooth. Thank you Dove!",joy,3,positive,beauty_brand_campaign,https://www.youtube.com/watch?v=z2T-Rh838GA,112,Expresses gratitude and happiness about the commercial and personal experience.
The heat coming from that must be pretty intense.,neutral,4,neutral,brand_crisis_negative,https://www.youtube.com/watch?v=tHn5bOBoEMI,105,Factual observation without emotional language.
"even if only one person quit smoking after the add and it saved their life, the discomfort is worth it. i will never understood how can you be that selfish that you dont want to be uncomfortable for a few seconds to save someones life. america is crazy.",anger,0,negative,fear_health_warning,https://www.youtube.com/watch?v=EkkOTplBCmA,205,Expresses frustration and anger towards selfishness and societal issues.
Imagine this actually aired on TV,surprise,6,neutral,fast_food_brand_launch,https://www.youtube.com/watch?v=chYLHu0w8z0,86,Expresses disbelief or wonder about the scenario.
I love how Merriam-Webster reacted to this,joy,3,positive,anger_brand_crisis,https://www.youtube.com/watch?v=yJTaGf5zURQ,117,Expresses appreciation and amusement towards Merriam-Webster's reaction.
When I closed my eyes I felt that a cop pulled me over and my car crash,fear,2,negative,fear_public_safety,https://www.youtube.com/watch?v=3Twl1soaBJM,173,Comment describes a frightening scenario of being pulled over and crashing.
"Kids at my high school have seen this add, are making jokes about it, like holding their necks and doing a hilarious impression. I feel bad for laughing.",joy,3,positive,fear_health_warning,https://www.youtube.com/watch?v=5zWB4dLYChM,47,Finds humor in the situation despite feeling bad.
This made me stop smoking and I have never smoked before 😳,surprise,6,positive,fear_health_warning,https://www.youtube.com/watch?v=X4k12miYJ4M,200,Unexpected positive outcome with surprised emoji
"""911 what is your emergency?"" ""KABOOM!""",surprise,6,negative,surprise_product_fail,https://www.youtube.com/watch?v=8H6jz30Im_Y,23,Unexpected explosion sound after emergency call suggests shock and danger.
Houston we have a problem 😢,sadness,5,negative,anger_customer_service,https://www.youtube.com/watch?v=T8ClHGY08jc,71,"Expresses concern with a crying emoji, indicating sadness."
In the UK we have call 999 (UK 911) without service,neutral,4,neutral,anger_customer_service,https://www.youtube.com/watch?v=-LZ_a5TER_0,155,Informational comment about emergency number in UK.
Thousands of customers? You're not that naive or that stupid it was millions of customers.,anger,0,negative,anger_customer_service,https://www.youtube.com/watch?v=T8ClHGY08jc,239,Accusatory tone and insulting language express strong anger.
"If these ads do NOT convince teenagers to quit smoking, I do not know what will!",surprise,6,positive,fear_health_warning,https://www.youtube.com/watch?v=X4k12miYJ4M,3,"Expresses surprise that ads might not work, implying they are effective."
“911 what’s your emergency?” *BOOM*,surprise,6,negative,surprise_product_fail,https://www.youtube.com/watch?v=8H6jz30Im_Y,8,Unexpected explosion implies shock and negative event.
In 2019 I thought this is Xiaomi note 7 😑,neutral,4,negative,surprise_product_fail,https://www.youtube.com/watch?v=_Cd2WIxKRDk,21,Emoji indicates disappointment; misidentification of phone model.
This is why I'm NEVER going to even try to smoke!! 😱😱😱😱😱 I decided that after seeing a photo of the hole in the throat after laryngeal cancer in 7th form!!,fear,2,negative,fear_health_warning,https://www.youtube.com/watch?v=X4k12miYJ4M,209,Expresses strong fear and aversion towards smoking due to cancer.
"0:53 ""The new Pepsi ad with Kendall Jenner is: A bunch of things I can't say, but you can see it on the screen."" Don't feel bad dude, lots of other people can't read either.",joy,3,positive,disgust_brand_backlash,https://www.youtube.com/watch?v=KxAf8ZJvUPo,49,"Humorous sarcasm about the Pepsi ad, playful tone."
was it just me or did that look like the iPhone 15 Pro but with extra button and slightly (tiny wincy bit) larger screen size ;-),neutral,4,neutral,tech_product_launch,https://www.youtube.com/watch?v=n6pqGoXWZzo,54,Comment is a neutral observation about phone design similarities.
"Idk why, but I started to hear a boss music playing around my kidney",surprise,6,neutral,gaming_product_launch,https://www.youtube.com/watch?v=RkC0l4iekYo,75,"Unexpected comparison to boss music, humorous surprise."
I was in a car accident and i was paralyzed for a while and im now 15 an i can walk but it still hurts cause i lost my friend in the crash and it should of been me dead and her paralyzed for a while 😞😭,sadness,5,negative,fear_public_safety,https://www.youtube.com/watch?v=3Twl1soaBJM,93,"Expresses grief, survivor's guilt, and physical pain from a traumatic accident."
"Can't believe I've just watched this 5 years after it actually happened, must've been partying wild or something.",surprise,6,neutral,surprise_product_fail,https://www.youtube.com/watch?v=udxR5rBq_Vg,50,"Expresses disbelief at discovering the video late, with a neutral tone."
"Its so insane to me to say that the ads are ""traumatizing"". Terrie is a person. You could be out and about and by chance meet someone just like her. People with disabilities shouldn't have to come with a warning label.",anger,0,negative,fear_health_warning,https://www.youtube.com/watch?v=EkkOTplBCmA,221,"Criticizes calling ads traumatizing, defends disabled people, shows frustration."
United didn’t even apologize for the man being dragged. They just apologized for being overbooked.,anger,0,negative,anger_brand_crisis,https://www.youtube.com/watch?v=VrDWY6C1178,4,"Criticizes United's lack of apology for violent incident, showing outrage."
I've got a pepsi y'all !,joy,3,positive,disgust_brand_backlash,https://www.youtube.com/watch?v=MGxpkIK2lVs,34,Exclamation and reference to a drink suggest excitement and happiness.
now we need a video like this on Weed... can't find any? shocker,neutral,4,negative,fear_health_warning,https://www.youtube.com/watch?v=X4k12miYJ4M,142,Sarcastic tone implying frustration about lack of content on weed.
I always ask my mom to text for her. It’s way safer,joy,3,positive,fear_public_safety,https://www.youtube.com/watch?v=O8MQV40pOtk,45,Expresses care and affection for mom's safety.
She made the cheese off centred to incentivize comments.,joy,3,positive,brand_crisis_negative,https://www.youtube.com/watch?v=kQg2LMmpPn8,122,Humorous observation about a clever engagement tactic.
"57:50 these comments feel ableist lowkey? And stupid because ""I dont smoke i dont need to see these"" they arent for you then change the channel. Those are real people speaking about their experiences, its rude as fuck to say their stories are ""terrifying"" IMAGINE WHAT THEY THEMSELVES FEEL. You are sitting at home having to watch these oh so scary 1 minute advertisements and Terrie just sharing her experience is terrifying to you? Imagine how SHE feels. Sorry if this came off too strong these comments just remind me a lot of my own experiences w bullies and these people sound like they peaked in highschool",anger,0,negative,fear_health_warning,https://www.youtube.com/watch?v=EkkOTplBCmA,152,"Expresses strong frustration and anger towards ableist comments, defending real experiences."
I don't like how he's using metal to poke the battery,disgust,1,negative,surprise_product_fail,https://www.youtube.com/watch?v=_Cd2WIxKRDk,99,Expresses dislike and concern about unsafe action.
10:26 B101? Where is the Christmas music?,surprise,6,neutral,automotive_controversy,https://www.youtube.com/watch?v=ro262oyhZAI,9,Commenter is surprised by missing Christmas music at timestamp.
That’s what happened with my dad,sadness,5,negative,fear_public_safety,https://www.youtube.com/watch?v=tAlrXpn5MOc,197,Comment implies a personal loss or painful memory.
"Dollar Shave Club, the best a man can get.",joy,3,positive,disgust_brand_backlash,https://www.youtube.com/watch?v=8lXBs2Wy1OU,70,"Playful twist on Gillette slogan, implies satisfaction."
Anxiety gave me Anxiety watching this movie,fear,2,negative,movie_trailer_joy,https://www.youtube.com/watch?v=LEjhY15eCx0,26,Expresses anxiety and discomfort from watching the movie.
I’ll definitely rewatch this later.,joy,3,positive,tech_product_launch,https://www.youtube.com/watch?v=Btf4mN37OsU,95,Expresses anticipation and enjoyment of the content.
I saw this in my recommendations just now and found out this buffet is located like 5 minutes away from me 😂😂,joy,3,positive,disgust_food_safety,https://www.youtube.com/watch?v=--OnclX8yac,113,"Excited discovery of nearby buffet, laughing emojis show happiness."
Can't believe its been two years since she passed away.,sadness,5,negative,fear_health_warning,https://www.youtube.com/watch?v=5zWB4dLYChM,17,Expresses disbelief and sorrow over a loss.
Crazy! They move advertisements from tv to phone,surprise,6,neutral,brand_crisis_negative,https://www.youtube.com/watch?v=tHn5bOBoEMI,175,"Expresses surprise at ad shift, no clear positive/negative tone."
"""We'll fix it in post"" 😂",joy,3,positive,surprise_product_fail,https://www.youtube.com/watch?v=LMWwImDX3ks,41,"Humor about fixing mistakes later, laughing emoji indicates amusement."
"Been waiting for that blood pressure function in the Watch for yeeaarrrrssss. Maybe time to upgrade from my series 6, if true",joy,3,positive,tech_product_launch,https://www.youtube.com/watch?v=n6pqGoXWZzo,151,Expresses excitement and anticipation for a long-awaited feature.
I cried so much at this because my dad died😫,sadness,5,negative,sadness_psa,https://www.youtube.com/watch?v=O15dxrBNuAQ,102,"Expresses grief over a father's death, causing tears."
It's sad to know that not many people know the effects that smoking has for you. She has given the person who watch it a lesson. That hopefully every teens sees this or a person who is starting.,sadness,5,negative,fear_health_warning,https://www.youtube.com/watch?v=X4k12miYJ4M,236,Expresses sadness about lack of awareness of smoking effects.
"This looks like the ""Project Natal"" trailer years ago...",neutral,4,neutral,tech_product_launch,https://www.youtube.com/watch?v=Btf4mN37OsU,30,"Factual comparison to past tech, no strong emotion."
Colin suggests playing NFL football is today's equivalent of slavery! The irony here is NIKE is highly profitable off the backs of children in Asian sweat shops!!!! The irony here in the West is mind boggling!!,anger,0,negative,sports_brand_purpose,https://www.youtube.com/watch?v=jBnseji3tBk,29,Criticizes Colin's comparison and highlights hypocrisy with anger.
Employees just walking by like it’s a normal day though 🤢🤮,disgust,1,negative,brand_crisis_negative,https://www.youtube.com/watch?v=JVxCp22WatU,18,Expresses disgust at employees' indifference using sick emojis.
who would even yank the handbrake anyway,neutral,4,neutral,fear_public_safety,https://www.youtube.com/watch?v=tAlrXpn5MOc,216,A rhetorical question with no strong emotional tone.
The inspectors should also be in violation for allowing this place to remain open! Disgusting ! Shouldn’t we be looking for the A approval at the window for this place?,disgust,1,negative,disgust_food_safety,https://www.youtube.com/watch?v=--OnclX8yac,49,Expresses disgust and anger at inspectors and conditions.
Bet they ass still got food from there💀,disgust,1,negative,brand_crisis_negative,https://www.youtube.com/watch?v=JVxCp22WatU,135,Sarcastic disbelief with disgust emoji implying poor quality.
I worked delivering supplies to some restaurants in New York City. From Chinatown to Washington heights. And if there’s anything I learned is 90% of them are like this. They are understaffed to save money so they have nobody assigned to cleaning. I’ve seen rats and roaches. This is the city where people spend 15 dollars for a chicken broccoli. Be careful people. Looks can be deceiving.,anger,0,negative,disgust_food_safety,https://www.youtube.com/watch?v=--OnclX8yac,123,Frustration about unsanitary conditions and deceptive appearances in NYC restaurants.
FLASH WARNING BRO THE LIGHTS FLICKER A LOT! - this is an awareness vid too,surprise,6,negative,fear_public_safety,https://www.youtube.com/watch?v=3Twl1soaBJM,79,Unexpected flashing lights causing concern and warning others.
Ps5 designers: how many curves do you want? Sony: YES,joy,3,positive,gaming_product_launch,https://www.youtube.com/watch?v=RkC0l4iekYo,77,Humorous comment mocking PS5 design with playful sarcasm.
"No CGI, no AI. Just pure awesomeness of Jean Claude Van Damme and Volvo trucks",joy,3,positive,automotive_brand_ad,https://www.youtube.com/watch?v=M7FIvfx5J10,22,Expresses admiration and excitement for authentic action and quality.
Innovation is totally dead.,sadness,5,negative,tech_product_launch,https://www.youtube.com/watch?v=n6pqGoXWZzo,36,Expresses disappointment about lack of innovation.
"After 4 years, still crying after watching this commercial.",sadness,5,negative,sadness_psa,https://www.youtube.com/watch?v=iVrQqWIs6ZE,82,Expresses sadness and emotional impact after watching a commercial.
I haven't eaten at a McDonald's in 5 years and this video will keep that streak going. 🤮,disgust,1,negative,brand_crisis_negative,https://www.youtube.com/watch?v=JVxCp22WatU,64,"Expresses disgust towards McDonald's food, reinforced by vomit emoji."
My English teacher played this for the class and I immediately began crying and I was the only one tearing up,sadness,5,negative,sadness_psa,https://www.youtube.com/watch?v=PW6SocCjTMM,37,"Commenter cried while watching, indicating sadness."
It was great....i wish i could experience it in real...but...nevermind...maybe someday..,sadness,5,negative,fear_public_safety,https://www.youtube.com/watch?v=3Twl1soaBJM,121,Expresses longing and resignation about an unattainable experience.
"That restaurant was filthy. The doors, the walls, the floor, the containers holding the food, him explaining how he cleans the tables. Just filthy. I don’t believe they have never gotten a low score before the last score because they were surprised by a lot of the food safety violations brought to their attention. And the guy “rinsing” his hands didn’t understand the 20 second rule, mentioning that he had just washed his hands a few minutes ago. The owner came in dragging and unconcerned, there was not a customer in sight; the place might be a front for laundering. 🙁🤔😞",disgust,1,negative,disgust_food_safety,https://www.youtube.com/watch?v=xPGCrRRFWBk,190,Expresses strong disgust and distrust about restaurant's cleanliness and practices.
Seems to me like she might just have been a dumb bitch who missed a stop sign.,anger,0,negative,fear_public_safety,https://www.youtube.com/watch?v=O8MQV40pOtk,14,Insulting language and derogatory term express anger.
Did not buy any gillette product since this ad,anger,0,negative,disgust_brand_backlash,https://www.youtube.com/watch?v=8lXBs2Wy1OU,131,Expresses boycott due to disagreement with ad content.
i know they did not…,surprise,6,negative,sadness_brand_story,https://www.youtube.com/watch?v=YvYGO4o334I,38,Expression of disbelief or shock at something negative.
"How many rats do you have? “About 10 to 15, but the people down the street have 20-30.”",surprise,6,neutral,disgust_food_safety,https://www.youtube.com/watch?v=dhBxrfETXJA,132,"Unexpected comparison of rat counts, mildly surprising."
bear gryll would love this to start a fire,joy,3,positive,surprise_product_fail,https://www.youtube.com/watch?v=_Cd2WIxKRDk,45,"Humorous reference to Bear Grylls, implying approval."
He effectively destroyed a smart model. It's nuts. Who does that?,surprise,6,negative,surprise_launch_reaction,https://www.youtube.com/watch?v=4qGw9WH4Xj8,52,Expresses disbelief and criticism about destroying a smart model.
Most of the McDonalds haters I’ve ever seen are in this very comment section,neutral,4,neutral,fast_food_brand,https://www.youtube.com/watch?v=79phlhutGLg,85,Observational statement without strong emotional tone.
This is why dont smok cigaret,neutral,4,negative,fear_health_warning,https://www.youtube.com/watch?v=X4k12miYJ4M,189,States a factual warning about smoking without strong emotion.
"Serving someone food is one of the most generous and honorable things you can do in this life. What you serve them, they, in turn, ingest it with the hopes of nourishing their bodies and perhaps yielding a sense of spiritual and emotional enjoyment. To run any restaurant the way this dump was being run, without any concern about the serious health hazards that come with 99% of the trash that they have the nerve to be charging people for, is a clear indication of the low moral character the owner and his staff must have in order to operate like that. Its not the restaurant....its the incompetent, unconcerned people running it. They got a C last time and obviously learned nothing from it by the looks of things. Shut them down immediately!",anger,0,negative,disgust_food_safety,https://www.youtube.com/watch?v=xPGCrRRFWBk,144,Expresses strong anger and disgust at restaurant's health hazards and low moral character.
You know things are about to get serious if jerry uses gloves for the teardown,surprise,6,neutral,surprise_product_fail,https://www.youtube.com/watch?v=_Cd2WIxKRDk,24,Comment expresses anticipation and mild surprise about a serious situation.
Um i didnt know ryland was on news feed *mind blown*,surprise,6,neutral,disgust_brand_backlash,https://www.youtube.com/watch?v=KxAf8ZJvUPo,156,Expresses surprise at discovering Ryland on news feed.
This comment section is cancer,anger,0,negative,disgust_brand_backlash,https://www.youtube.com/watch?v=MGxpkIK2lVs,247,Expresses strong disapproval and frustration towards the comment section.
"This isn't a Nike ad, it's the voiceover from a Versus ad over Nike footage. And the original creator of this video had it removed a few months back. He's who you should be thanking.",neutral,4,neutral,brand_campaign_positive,https://www.youtube.com/watch?v=ijTwZNUBhcI,29,Informational correction without emotional tone.
Welcome to Moe's. They give me chips for free. Qudoba is great but can't find them lately :(,sadness,5,negative,disgust_food_safety,https://www.youtube.com/watch?v=zBXAJV82744,31,Expresses disappointment about not finding Qudoba lately.
"This is a really good advert, it makes us think a lot about how normal and inconspicuous a situation like this can appear especially since the child is being manipulated. It’s a scary but needed view on the understandings of kidnapping.",fear,2,negative,fear_public_safety,https://www.youtube.com/watch?v=0ygLvFG9QsA,80,"Comment highlights scary reality of kidnapping, despite praising the advert."
That vibrating is really relaxing 😊😊,joy,3,positive,surprise_product_fail,https://www.youtube.com/watch?v=8H6jz30Im_Y,18,Expresses relaxation and uses smiling emojis.
In France we have smoke areas in highschool for students to take cigarette breaks between classes. In 2025 and it’s absolutely normalized too. Definitely shouldn’t be.,disgust,1,negative,fear_health_warning,https://www.youtube.com/watch?v=EkkOTplBCmA,240,Expresses disapproval and shock at normalized smoking in schools.
This Ad always give chills But only if watched once a week😌,joy,3,positive,sports_brand_purpose,https://www.youtube.com/watch?v=jBnseji3tBk,5,Expresses enjoyment and satisfaction from watching the ad.
"Trust me, it aint the food im tryna eat",joy,3,positive,brand_crisis_negative,https://www.youtube.com/watch?v=JVxCp22WatU,113,Playful double entendre suggests humorous intent.
"I can't stop crying, because that was almost like a relive of my past life! My dad still does everything for his family, because he loves us all very much!",sadness,5,positive,sadness_psa,https://www.youtube.com/watch?v=vgain-EQdt0,12,"Crying from reliving past, but expresses love and gratitude for father."
"As a business owner, it still amazes me how in life it takes many talented people to grow your business, but just one idiot to damage it.",surprise,6,negative,brand_crisis_negative,https://www.youtube.com/watch?v=JVxCp22WatU,2,Expresses amazement at how one person can damage a business.
this should never happen. time to demand better from Verizon and start looking into other carriers that never have isdies like this. rediculous. maybe its time to switch,anger,0,negative,anger_customer_service,https://www.youtube.com/watch?v=MUo3n8QSQLE,134,"Expresses frustration and anger towards Verizon, demands change."
Pepsi is about to get boycotted. :( lol i dont drink anything but ginger ale anyway.,sadness,5,negative,disgust_brand_backlash,https://www.youtube.com/watch?v=MGxpkIK2lVs,185,"Expresses disappointment about boycott with sad emoji, but lightens with 'lol'."
"I don't understand... The flight was overbooked so they were kicking him off so somebody else at the gate could take his seat instead? He payed for that specific seat, why would they go through all that trouble when in the end its the same; somebody is out on a flight. Did the person who took his place end up paying more? This is giving me a headache lmao",neutral,4,negative,anger_brand_crisis,https://www.youtube.com/watch?v=VrDWY6C1178,43,"Expresses confusion and frustration about overbooking logic, ending with headache."
"imagine people use it for VR, cyclops lmao",joy,3,positive,surprise_product_fail,https://www.youtube.com/watch?v=_Cd2WIxKRDk,160,"Humorous comment about VR use, 'lmao' indicates amusement."
How many streaming platforms are there. ?,neutral,4,neutral,brand_crisis_negative,https://www.youtube.com/watch?v=tHn5bOBoEMI,89,A factual question with no emotional tone.
Life peaked here,joy,3,positive,entertainment_fandom,https://www.youtube.com/watch?v=TcMBFSGVi1c,24,Nostalgic appreciation for a past moment.
He was so lucky to have had Loretta.,joy,3,positive,sadness_psa,https://www.youtube.com/watch?v=PW6SocCjTMM,24,Expresses appreciation and happiness for someone's good fortune.
I do see why it could be offensive.,neutral,4,neutral,disgust_brand_backlash,https://www.youtube.com/watch?v=GNOu1Se6dYE,68,Acknowledges potential offensiveness without strong emotion.
"Look Terri in the eyes and if you are a smoker, let her brave, selfless spirit reach out and save you from the hell she was subjected to.",sadness,5,negative,fear_health_warning,https://www.youtube.com/watch?v=X4k12miYJ4M,162,Evokes empathy and sorrow for Terri's suffering from smoking.
"when we cant beat the competition, we beat our customers",anger,0,negative,anger_brand_crisis,https://www.youtube.com/watch?v=yJTaGf5zURQ,80,"Criticizes unfair business practices, expressing frustration."
Best warning message #Nosmoke #quitsmoking,joy,3,positive,fear_health_warning,https://www.youtube.com/watch?v=X4k12miYJ4M,215,Positive endorsement of quitting smoking with hashtags.
lol epic loved how you addressed our past needles about what iPad you had in your hand. Your channel has elevated to a whole new level of entertainment.,joy,3,positive,tech_product_launch,https://www.youtube.com/watch?v=n6pqGoXWZzo,19,Expresses amusement and appreciation for the content.
This feels like a Facebook mum post,disgust,1,negative,food_beverage_ad,https://www.youtube.com/watch?v=Yy6fByUmPuE,15,"Sarcastic dismissal, implying cringey or low-quality content."
I've watched this about 11 times and have cried every time,sadness,5,negative,sadness_psa,https://www.youtube.com/watch?v=O15dxrBNuAQ,18,"Expresses crying repeatedly, indicating deep sadness."
“We believe we’re better than our customers. That’s why we believe we should lecture our customers.”,anger,0,negative,controversial_brand_purpose,https://www.youtube.com/watch?v=UYaY2Kb_PKI,79,Sarcastic criticism implying arrogance and condescension towards customers.
Wow they did it,surprise,6,positive,disgust_brand_backlash,https://www.youtube.com/watch?v=VogNNsQ3Gmw,45,Expression of surprise and admiration for an achievement.
"I was expecting to not like this, but after seeing the trailer... I'm kind of hyped!",joy,3,positive,streaming_trailer_reaction,https://www.youtube.com/watch?v=Di310WS8zLk,55,Surprise and excitement after initial skepticism.
Missed the part where there was a collective gasp of disappointment when they announced how much it would cost lol,joy,3,positive,tech_product_launch,https://www.youtube.com/watch?v=UXmLSfv3NQI,41,Sarcastic humor with 'lol' indicates amusement.
Those people telling potential customers about the problem literally could've saved lives. Food poisoning can kill.,anger,0,negative,disgust_food_safety,https://www.youtube.com/watch?v=--OnclX8yac,25,Frustration about people not warning others about deadly food poisoning.
"I deliver food products to primarily restaurants, I report any obvious health violations that I can see. I single handedly got one of these places shut down for good. Every time I went in there, it was absolute filth and smelled like a dumpster in the kitchen. Yeah it may not exactly be my position to make those reports. Yeah, it may hurt this company a little. I truly think that I possibly saved lives by doing that though. The damn kitchen was so nasty that i wouldn't even take a napkin from there.",anger,0,negative,disgust_food_safety,https://www.youtube.com/watch?v=--OnclX8yac,98,"Expresses disgust and anger about filthy kitchen conditions, justifying actions."
"Up until a month ago, I was smoking 1-3 cigs a day for about 2 years now, and I thought it was okay because some people smoke 20 a day. But smoking cigs in still smoking no matter how much, it all builds up. Big up to all those that are quiting and have quit. Keep trying to quit and stay strong",neutral,4,positive,fear_health_warning,https://www.youtube.com/watch?v=EkkOTplBCmA,236,"Encouraging message about quitting smoking, supportive tone."
Introducing the new Cyber-Ball. Able to break even bullet-proof windows.,surprise,6,neutral,surprise_product_fail,https://www.youtube.com/watch?v=udxR5rBq_Vg,77,Comment presents a surprising product feature without clear emotional tone.
Cheap flights for the next month or so,neutral,4,neutral,anger_brand_crisis,https://www.youtube.com/watch?v=yJTaGf5zURQ,57,"Informational statement about flight deals, no emotional tone."
"Obviously that ""reaction"" footage was completely necessary and added so much to this ad",neutral,4,negative,fear_public_safety,https://www.youtube.com/watch?v=0ygLvFG9QsA,32,Sarcastic tone criticizing unnecessary reaction footage in ad.
Y'all better wake up,anger,0,negative,anger_customer_service,https://www.youtube.com/watch?v=MUo3n8QSQLE,92,Urgent tone implies frustration or warning.
"I was at a Super Bowl party when this came on. I had lost my bride of 15+ years three months prior. It's an amazingly sweet commercial that I most definitely DID NOT need to see at that time. Still sad watching it this time, but not like then. It will be five years on Oct 30th. Dear Lord, I miss my bride, my sweet Donna Lou.",sadness,5,negative,sadness_psa,https://www.youtube.com/watch?v=PW6SocCjTMM,4,"Expresses deep grief and longing for deceased spouse, despite acknowledging sweetness of ad."
Who's here patiently waiting for season 2?,neutral,4,neutral,streaming_trailer_reaction,https://www.youtube.com/watch?v=Di310WS8zLk,16,"Simple inquiry about season 2, no strong emotion."
"Haven’t finished the video yet, but you got an instant subscribe from me. I was a GM of a pretty popular chain restaurant for about 13 years, and 3 locations. I’m proud to say my restaurant always, ALWAYS had that A displayed proudly on the front door. I was very serious about food safety. If I had the opportunity I would love to be an actual health inspector one day too. You are doing such a big service to these places! They have no idea how much you’re saving their asses from another failing grade. Love this content can’t wait to binge all your videos. Keep up the great work! Spread that knowledge bc everyone hate a dirty restaurant and getting food poisoning.",joy,3,positive,disgust_food_safety,https://www.youtube.com/watch?v=xPGCrRRFWBk,158,"Expresses admiration, pride, and enthusiasm for the content creator's work."
This is why I don't even think about smoking.,neutral,4,neutral,fear_health_warning,https://www.youtube.com/watch?v=5zWB4dLYChM,22,Statement of personal choice without strong emotion.
RIP Terrie The Alan Carr Stop Smoking Book worked for me. The second best book ever written.,sadness,5,negative,fear_health_warning,https://www.youtube.com/watch?v=5zWB4dLYChM,128,"Expresses sadness over Terrie's death, despite positive mention of book."
Anyone else have no idea when to close their eyes since the countdown was backwards,surprise,6,neutral,fear_public_safety,https://www.youtube.com/watch?v=3Twl1soaBJM,95,Expresses confusion and surprise about the backwards countdown.
"Mr. Geoff Fearns, another passenger on a different United Airlines flight was kicked out of first class after being seated. United's goof up was mess, but although the passenger was NOT happy, he behaved RESPECTFULLY and therefore did not cause himself to be manhandled. United Airlines messes up WAY too often, but how we behave in the face of adversity makes a HUGE difference.",neutral,4,neutral,anger_brand_crisis,https://www.youtube.com/watch?v=WEw-GjTriIo,149,"Analytical commentary on behavior, no strong emotion expressed."
Ahhaha I have been using inhalers and etc this since I was young so I’m terrified of vaping,fear,2,negative,fear_health_warning,https://www.youtube.com/watch?v=IJlIcK-gbLE,169,Expresses fear of vaping despite past inhaler use.
She should've did her homework before doing that smh come on Pepsi! Usually I love your commercials but that one not so much. We all know that will not happen in real life.,disgust,1,negative,disgust_brand_backlash,https://www.youtube.com/watch?v=MGxpkIK2lVs,155,Criticizes the commercial as unrealistic and expresses disappointment.
This brought me joy,joy,3,positive,surprise_product_fail,https://www.youtube.com/watch?v=udxR5rBq_Vg,216,Explicitly states the comment brought joy.
"I will stay with just water, thanks",neutral,4,neutral,food_beverage_ad,https://www.youtube.com/watch?v=Yy6fByUmPuE,10,"Declining an offer politely, no strong emotion."
"The attack on men proceeds ,,,,",anger,0,negative,disgust_brand_backlash,https://www.youtube.com/watch?v=liPlJ_ynd_Q,43,"Comment implies perceived injustice or attack, expressing frustration."
We call them the trash trucks when they go by .,neutral,4,neutral,automotive_controversy,https://www.youtube.com/watch?v=ro262oyhZAI,108,Factual observation with no strong emotional tone.
If i were to get this and i see that i would run but in the middle of the road far from my house and then just go back and see the explosion,surprise,6,neutral,surprise_product_fail,https://www.youtube.com/watch?v=8H6jz30Im_Y,65,"Describes a hypothetical reaction to an explosion, indicating surprise."
That actually scared me😮,surprise,6,negative,fear_public_safety,https://www.youtube.com/watch?v=3Twl1soaBJM,214,"Comment expresses being scared, indicating negative surprise."
These scared me as a kid and they worked extremely well,joy,3,positive,fear_health_warning,https://www.youtube.com/watch?v=X4k12miYJ4M,47,Nostalgic appreciation for effective scares.
"Elon Musk: ""... uh..."" Everyone on the audience: ""HAHAHAHAHAHAHAHAHAHHAA""",joy,3,positive,surprise_product_fail,https://www.youtube.com/watch?v=LMWwImDX3ks,48,"Comment describes laughter, indicating amusement and joy."
My eyes get watery every time I watch this. 😢❤,sadness,5,negative,sadness_psa,https://www.youtube.com/watch?v=iVrQqWIs6ZE,212,"Tears and crying emoji indicate sadness, despite heart emoji."
"“Refused to leave voluntarily” ah yes, obviously the reaction to a doctor needing to get home is to knock him out and drag him off a plane",anger,0,negative,anger_brand_crisis,https://www.youtube.com/watch?v=VrDWY6C1178,72,Sarcastic tone criticizing forceful removal of a doctor.
"This is insane, I knew we would arrive at this place. I got chills watching this ad because it’s just so… surreal.",surprise,6,positive,tech_product_launch,https://www.youtube.com/watch?v=Btf4mN37OsU,6,"Expresses awe and chills, indicating positive surprise at the surreal ad."
"those who have disliked , might have been their fingers slipped while crying",joy,3,positive,sadness_psa,https://www.youtube.com/watch?v=uaWA2GbcnJU,195,"Sarcastic humor mocking dislikes, implying they were accidental tears of joy."
They need to be shut down.,anger,0,negative,disgust_food_safety,https://www.youtube.com/watch?v=--OnclX8yac,64,Expresses strong disapproval and desire to stop something.
I am a kid... HITS HARD!!🔥🔥🔥,joy,3,positive,fear_public_safety,https://www.youtube.com/watch?v=tAlrXpn5MOc,131,Expresses excitement and enthusiasm with fire emojis.
Why do people call and visit stores when clearly it's a network issue. It happens. What's more disconcerting is if this becomes an ongoing issue. Hopefully they're able to get it working again soon.,neutral,4,neutral,anger_customer_service,https://www.youtube.com/watch?v=T8ClHGY08jc,113,Calmly discusses a network issue with mild concern but no strong emotion.
what state?,neutral,4,neutral,disgust_food_safety,https://www.youtube.com/watch?v=--OnclX8yac,17,Simple question without emotional tone.
Even though this came out a year ago I just watched it today and This absolutely terrified me,fear,2,negative,fast_food_brand_launch,https://www.youtube.com/watch?v=chYLHu0w8z0,140,Expresses being terrified by the content.
"The way the little girl's voice broke at ""yeah"" makes her sound like she's going to cry it's so sad",sadness,5,negative,fear_public_safety,https://www.youtube.com/watch?v=0ygLvFG9QsA,234,"Comment describes a sad moment, expressing empathy and sorrow."
Today i got in a crash for the first time got hit by a car and survived,fear,2,negative,fear_public_safety,https://www.youtube.com/watch?v=3Twl1soaBJM,186,Describes a traumatic car crash experience with survival.
With today big center consoles good luck with swinging your feet over there to control pedals. I’d switch car into neutral even if drivers foot is on gas so what if rpm’s are revving high while in neutral,neutral,4,neutral,fear_public_safety,https://www.youtube.com/watch?v=tAlrXpn5MOc,16,Commenter makes a practical observation about car design without strong emotion.
"Thai ad are either had one of the funniest tv ad or the most heartwarming one, probably there's no in between",joy,3,positive,sadness_psa,https://www.youtube.com/watch?v=uaWA2GbcnJU,81,Expresses appreciation for Thai ads being funny or heartwarming.
"God bless her, she was a kind positive woman! RIP, Terri!",sadness,5,positive,fear_health_warning,https://www.youtube.com/watch?v=5zWB4dLYChM,60,Expresses sadness over loss but positive regard for the person.
I wonder if you put a popcorn bag next to them…,neutral,4,neutral,brand_crisis_negative,https://www.youtube.com/watch?v=tHn5bOBoEMI,64,Curious observation without strong emotional tone.
"If you can watch this without crying, you have no heart.",sadness,5,negative,sadness_psa,https://www.youtube.com/watch?v=iVrQqWIs6ZE,177,"Implies the video is emotionally moving, evoking sadness."
"I crued when I first watched this video but that was way long back.. now after rewatching it again, it teared me up...a-again",sadness,5,negative,sadness_psa,https://www.youtube.com/watch?v=iVrQqWIs6ZE,241,Crying and tearing up indicate sadness and emotional pain.
"What's the best way to quit vaping? I started vaping to stop smoking cigarettes, but now I can't stop 😅 When I don't do it for even short time, like 3 hours, I'm all irritated and crave nicotine",sadness,5,negative,fear_health_warning,https://www.youtube.com/watch?v=IJlIcK-gbLE,104,"Expresses frustration and struggle with addiction, seeking help."
"What a brave, dear lady. Rest in Peace, sweet Terry. You don't have to hurt any more.",sadness,5,positive,fear_health_warning,https://www.youtube.com/watch?v=5zWB4dLYChM,9,"Expresses admiration and well-wishes for a deceased person, bittersweet but positive."
Please review base model too,neutral,4,neutral,tech_review_mixed,https://www.youtube.com/watch?v=XkXbkxtBlwY,48,"Polite request for review, no strong emotion."
Gemini is the best,joy,3,positive,surprise_launch_reaction,https://www.youtube.com/watch?v=4qGw9WH4Xj8,25,Expresses strong approval and happiness about Gemini.
Washington DC is scrambling rn.,surprise,6,negative,anger_customer_service,https://www.youtube.com/watch?v=MUo3n8QSQLE,26,Implies chaotic reaction to unexpected event.
Counting up instead of down is crazy,surprise,6,negative,fear_public_safety,https://www.youtube.com/watch?v=3Twl1soaBJM,2,Expresses disbelief and mild criticism about counting direction.
Robin became anxiety🗣️🗣️🔥🔥,joy,3,positive,movie_trailer_joy,https://www.youtube.com/watch?v=LEjhY15eCx0,38,Excitement and approval for Robin's anxiety portrayal
"So...should I consider the title a bait? There's no explosion caught on camera. Just a provoked combustion, which is totally different. Very useful and educative, but it does not change the tittle bait...",disgust,1,negative,surprise_product_fail,https://www.youtube.com/watch?v=_Cd2WIxKRDk,130,"Criticizes title as bait, expresses disappointment despite educational value."
"So there's an ad, based on current political issues, to boost the attention it gets and now everyone is saying how dare they do exactly what advertising is meant to do, get your attention. Well I think it's safe to say it definitely did it's job.",neutral,4,neutral,disgust_brand_backlash,https://www.youtube.com/watch?v=GNOu1Se6dYE,140,Comment analyzes ad strategy without strong emotional expression.
"Well done Dove! Proving the modern beauty standards girls + women want + want to project is all about make-up, hair styling, hair + lash extensions for some people and clever work with lighting, filters and simply taking a selfie in the right room with the right lighting and space. Real women + girls won’t automatically wake up looking like a selfie taken on IG - I occasionally post a “lift selfie,” and it involves hair styling, make-up and selecting an outfit I have a good body image in - say it’s an optical illusion",neutral,4,neutral,beauty_brand_campaign,https://www.youtube.com/watch?v=z2T-Rh838GA,73,"Comment is analytical and observational, not expressing strong emotion."
Overpriced. There are AR glasses already available for under $400 and as the technology improves and expands other companies will start making their own. Spending almost $4 K is ridiculous and I don’t see many people buying it,anger,0,negative,tech_product_launch,https://www.youtube.com/watch?v=UXmLSfv3NQI,94,Expresses frustration and criticism about high price and perceived lack of value.
"united airlines If this is your first time flying, you have to fight",surprise,6,negative,anger_brand_crisis,https://www.youtube.com/watch?v=VrDWY6C1178,114,Sarcastic comment about United Airlines' poor service.
I'd be belligerent too if someone was trying to drag my ass off a plane.,anger,0,negative,anger_brand_crisis,https://www.youtube.com/watch?v=yJTaGf5zURQ,17,Expresses anger and frustration at being forcibly removed.
"Y'all need to pull these ads. Very distasteful to people who are grieving the loss of a spouse. Every service I see this on is getting complaints about you and lack of class. Hopefully, once you suffer the loss of some revenue, you will choose a new marketing strategy.",anger,0,negative,sadness_brand_story,https://www.youtube.com/watch?v=YvYGO4o334I,91,Expresses strong disapproval and frustration about insensitive ads.
I have not met anyone who has been sick from Chipotle. This is new to me. I wish they had people come forward. This is just fake news to me.,neutral,4,negative,disgust_food_safety,https://www.youtube.com/watch?v=zBXAJV82744,107,"Expresses skepticism and disbelief, but no strong emotional language."
my friends say its not on the food just around the restaurant,neutral,4,neutral,disgust_food_safety,https://www.youtube.com/watch?v=1vpTvVbNsJs,3,Factual statement with no emotional tone.
How come I've been vaping for 8 years and have yet to feel a sliver of respiratory distress,neutral,4,neutral,fear_health_warning,https://www.youtube.com/watch?v=IJlIcK-gbLE,97,Commenter states personal experience without strong emotion.
"PS5: ""exist"" Everyone:cool, now let's make some PS6 fan-made.",joy,3,positive,gaming_product_launch,https://www.youtube.com/watch?v=RkC0l4iekYo,64,Playful sarcasm about PS5 and excitement for PS6 speculation.
"what a heck united airline,rude, shit airline",anger,0,negative,anger_brand_crisis,https://www.youtube.com/watch?v=9LhTJDkVXvg,57,Expresses frustration and anger towards United Airlines using harsh language.
"Here's a thought... DON'T PULL OUT RIGHT IN FRONT OF A CAR!!!!! Not only is it illegal in most regions, it's unsafe. Cutting off another driver when you do not have right-of-way is incredibly stupid.",anger,0,negative,sadness_psa,https://www.youtube.com/watch?v=B2rFTbvwteo,58,Expresses frustration and anger at dangerous driving behavior.
"more then one person can be effected by a mistake, like the little boy in the car, think about the people to are effected because of your choices",sadness,5,negative,sadness_psa,https://www.youtube.com/watch?v=B2rFTbvwteo,28,Expresses concern for innocent victims affected by someone's choices.
RIP Terrie she had no reason to smoke cigarettes and get heart disease. It is with flowers. You will be missed rest in peace.😢,sadness,5,negative,fear_health_warning,https://www.youtube.com/watch?v=X4k12miYJ4M,217,"Expresses grief and loss over someone's death, with a crying emoji."
My mum got into a car accident 6 or 7 decades ago now I’m 1956358941468426358925years old😭😭😭😢😢,sadness,5,negative,fear_public_safety,https://www.youtube.com/watch?v=3Twl1soaBJM,77,Crying emojis and absurd age suggest grief or trauma from accident.
"I see why it's like that....look how hands off and carefree the ""owner"" is...He just wanna be able to say he has a business! #OUGHT2BESHAME🤦🏽‍♀️ #DOWNRIGHTNASTY🤢",anger,0,negative,disgust_food_safety,https://www.youtube.com/watch?v=xPGCrRRFWBk,52,"Criticizes owner's lack of care, uses angry emojis and hashtags expressing shame and disgust."
The fact that trucks are going in reverse is mind boggling.,surprise,6,negative,automotive_brand_ad,https://www.youtube.com/watch?v=M7FIvfx5J10,89,Expresses disbelief and confusion about trucks reversing.
Is that golden spatula visible every restaurant?,neutral,4,neutral,disgust_food_safety,https://www.youtube.com/watch?v=dhBxrfETXJA,205,Simple factual question about a spatula.
He barely threw that thing.,neutral,4,neutral,surprise_product_fail,https://www.youtube.com/watch?v=udxR5rBq_Vg,109,Factual observation without emotional tone.
"“A thing isn’t beautiful, because it lasts.” - Vision",neutral,4,neutral,entertainment_fandom,https://www.youtube.com/watch?v=TcMBFSGVi1c,3,"Quote from a fictional character, no emotional expression."
"This YOUNG QUEEN,when is her time really? 1st,2nd,3rd or 4th quarter of Wednesday?",neutral,4,neutral,streaming_trailer_reaction,https://www.youtube.com/watch?v=Di310WS8zLk,131,"Confusing, unclear comment about timing; no strong emotion detected."
this is really “never let them know your next move” on a whole other level😭 Edit: i’ve only been gone for 1 day and already at 2.8k likes..;-; that’s the most likes i’ve ever gotten in my damn life😭,surprise,6,positive,fear_public_safety,https://www.youtube.com/watch?v=0ygLvFG9QsA,170,Shock and amazement at the strategy and unexpected popularity of the comment.
They have like 10 ingredients how hard can it be,neutral,4,neutral,disgust_food_safety,https://www.youtube.com/watch?v=zBXAJV82744,2,"Comment is a factual observation about ingredient count, no strong emotion."
I love how she said getting expelled was a bonus,joy,3,positive,streaming_trailer_reaction,https://www.youtube.com/watch?v=Di310WS8zLk,95,Expresses amusement and appreciation for a humorous remark.
I will continue to use Gillette products. This ad has zero impact on me. Maturity comes in handy.,neutral,4,neutral,disgust_brand_backlash,https://www.youtube.com/watch?v=8lXBs2Wy1OU,227,No strong emotion; commenter states ad has no impact.
"My parents smoked like chain furnaces from the time i was 7 up until i got taken by child services at 14. People thought my mother was my grandma because of how old it made her look. I have year-round severe allergies that have resulted in me having severe anxiety and joint pain (did you know that can sometimes be caused by histamines/histamine intolerance?) The years of second hand smoke have given me severe allergies, mental delays, and worst of all, something called glue ear, which has greatly affected my hearing and my quality of life. My birth givers are the number 1 reason i will never smoke.",anger,0,negative,fear_health_warning,https://www.youtube.com/watch?v=EkkOTplBCmA,60,Expresses deep resentment and blame towards parents for health issues.
Well your “campaign” cost you $8B in profit loss. Was it worth it?,anger,0,negative,disgust_brand_backlash,https://www.youtube.com/watch?v=8lXBs2Wy1OU,5,Sarcastic criticism implying the campaign was a costly mistake.
If YouTube has recommended this video to you...that means you are a good person,joy,3,positive,sadness_psa,https://www.youtube.com/watch?v=uaWA2GbcnJU,99,"Compliment implies viewer is good, uplifting tone."
Thousands more like millions,neutral,4,neutral,anger_customer_service,https://www.youtube.com/watch?v=T8ClHGY08jc,178,Factual statement without emotional tone.
"The STAFF Should've had the TRASH CAN OUTSIDE of the WALL IN FRIDGE...Cause, Seems loke Everything is EXPIRED 😮",surprise,6,negative,disgust_food_safety,https://www.youtube.com/watch?v=xPGCrRRFWBk,127,"Expresses shock at expired items, with negative tone."
I like how they're bullet proof 😮,surprise,6,positive,automotive_controversy,https://www.youtube.com/watch?v=ro262oyhZAI,14,Surprise emoji and positive tone about bulletproof feature.
"As someone who has never smoked, I understand why other non-smokers may be uncomfortable with the ads. But to want to ban/reduce it altogether is just ridiculous imo. As the stats clearly show, these ads are necessary and if it helps more people quit, I am all for it.",neutral,4,positive,fear_health_warning,https://www.youtube.com/watch?v=EkkOTplBCmA,122,"Supports ads despite understanding discomfort, showing balanced positive stance."
me: alright one last video *the video* i cant go to sleep now,surprise,6,negative,fast_food_brand_launch,https://www.youtube.com/watch?v=chYLHu0w8z0,108,"Unexpected video content disrupts sleep plans, causing frustration."
"Hmm? I’m all for a funny commercial but this wasn’t it. The mere fact that the family is trying to do away with the dad for financial benefit, isn’t funny. There is a lot murders that occur for the sake of money. 👎🏾 for me.",disgust,1,negative,sadness_brand_story,https://www.youtube.com/watch?v=YvYGO4o334I,153,"Expresses disapproval of the commercial's theme, finding it unfunny and morally objectionable."
That stupid worker . And completely illegal,anger,0,negative,brand_crisis_negative,https://www.youtube.com/watch?v=JVxCp22WatU,79,Expresses anger and disapproval towards a worker and action.
What if it was a child in the seat😂,surprise,6,negative,fear_public_safety,https://www.youtube.com/watch?v=tAlrXpn5MOc,169,"Shock at potential harm to a child, with laughing emoji masking discomfort."
I am one of many who ate CHIPOTLE MEXICAN GRILL food n got sick. I NEVER WENT BACK AGAIN. I will never eat at CHIPOTLE MEXICAN GRILL food AGAIN. Sick fuc**** ppl should be closed forever.,anger,0,negative,disgust_food_safety,https://www.youtube.com/watch?v=zBXAJV82744,128,Expresses strong anger and disgust towards Chipotle for causing illness.
इतना time ही नही मिलेगा bhai इतना सब करने के लिए 😮,surprise,6,neutral,fear_public_safety,https://www.youtube.com/watch?v=tAlrXpn5MOc,73,"Expresses surprise at the amount of time needed, with a neutral tone."
I’ve worked in a Chinese buffet and I’m even appalled. Not all are like this. Ours was crazy clean and the food was fresh always.,disgust,1,negative,disgust_food_safety,https://www.youtube.com/watch?v=--OnclX8yac,50,"Expresses being appalled by unsanitary conditions, though contrasts with own experience."
Watching this for the first time in 2017.,neutral,4,neutral,classic_brand_ad,https://www.youtube.com/watch?v=owGykVbfgUE,51,"Factual statement about watching time, no emotion."
The beginning of the commercial:the woman judging a man😡 The end of the commercial:the woman is a kidnapper😰😣,anger,0,negative,fear_public_safety,https://www.youtube.com/watch?v=0ygLvFG9QsA,89,Expresses anger at the woman's judgmental behavior and shock at the twist.
So the same as the iPhone 15 . Got it.,neutral,4,neutral,tech_product_launch,https://www.youtube.com/watch?v=n6pqGoXWZzo,65,Sarcastic but no strong emotion; factual comparison.
This pre-inspection is just hiding how nasty these people do business from the real inspector.😮,surprise,6,negative,disgust_food_safety,https://www.youtube.com/watch?v=xPGCrRRFWBk,24,"Surprise at deceitful business practices, negative sentiment due to criticism."
Apparently far worse than what was reported earlier. The outage complaints are coming from many states around the nation.,sadness,5,negative,anger_customer_service,https://www.youtube.com/watch?v=MUo3n8QSQLE,86,Expresses concern about worse outage situation.
Gillette wants men to wear girlie jeans. They won't be happy till all men walk 3 steps behind their women while holding their purses,anger,0,negative,disgust_brand_backlash,https://www.youtube.com/watch?v=liPlJ_ynd_Q,139,Expresses frustration and disapproval of gender role changes.
Great video Jeremy! Check out ricky the android guy video on this topic as well. He makes an interesting argument.,joy,3,positive,surprise_product_fail,https://www.youtube.com/watch?v=pAqQ_ANAmrk,25,Complimenting the video and recommending another creator.
Rest in peace :(,sadness,5,negative,fear_health_warning,https://www.youtube.com/watch?v=X4k12miYJ4M,241,Expression of grief and condolence with crying emoji
Just cook at home. Too many nasty restaurants,disgust,1,negative,disgust_food_safety,https://www.youtube.com/watch?v=xPGCrRRFWBk,115,"Expresses disgust towards restaurants, implying they are unclean."
"I'm currently in French , section 2 , unit 22 and shocked to see that i had to do this. Initially i thought this was for some VIPs.",surprise,6,neutral,app_brand_campaign,https://www.youtube.com/watch?v=Ew4kM1FmM8o,77,Expresses shock and surprise at discovering something unexpected.
S24 plus user here I might wait for the galaxy s26 ultra this phone is pretty good upgrade for s22 ultra users,neutral,4,neutral,tech_review_mixed,https://www.youtube.com/watch?v=XkXbkxtBlwY,33,"Informative comment about phone upgrade, no strong emotion."
I love the fact that he obviously is throwing it softly for the back window and it still breaks. 🤣,joy,3,positive,surprise_product_fail,https://www.youtube.com/watch?v=LMWwImDX3ks,12,Expresses amusement and enjoyment with laughter emoji.
"As a university undergraduate, I go to schools full of poor kids who has no idea about the world, who doesn't understand life yet. I show them this video and motivate the hell outta them. But yet it makes me cry in the middle of my speech. Also I should say that I lost my father when I was a in kindergarten. And I find this even more heartwarming. Thanks for the video, truly appreciate it 💝",sadness,5,positive,sadness_psa,https://www.youtube.com/watch?v=vgain-EQdt0,51,Expresses sadness over personal loss but overall gratitude and motivation.
Havnt eaten fast food in years.. you can't when you work out,neutral,4,neutral,brand_crisis_negative,https://www.youtube.com/watch?v=kQg2LMmpPn8,243,"Factual statement about personal habits, no strong emotion."
People are blowing this way out of proportion.,neutral,4,neutral,disgust_brand_backlash,https://www.youtube.com/watch?v=MGxpkIK2lVs,89,Comment expresses a factual opinion without strong emotion.
APPLE WOULD CHARGE EXTRA FOR THE EXPLOSION FEATURE! THEN TELL YOU WHY ITS SO GREAT! LOL!,anger,0,negative,surprise_product_fail,https://www.youtube.com/watch?v=_Cd2WIxKRDk,157,"Sarcastic criticism of Apple's pricing and features, expressing frustration."
The child's face at the end be like: Yes that's right crazy woman get taken away,joy,3,positive,fear_public_safety,https://www.youtube.com/watch?v=0ygLvFG9QsA,174,"Amusement at the child's reaction, humorous tone."
The dump truck beeping is spot on 😮‍💨,surprise,6,positive,brand_crisis_negative,https://www.youtube.com/watch?v=JVxCp22WatU,43,Expresses pleasant surprise at accurate sound effect.
"""And if joy can't see that then I think shees delusional"" that was deep and ROUGH",surprise,6,negative,movie_trailer_joy,https://www.youtube.com/watch?v=LEjhY15eCx0,137,Comment expresses shock at the harshness of the statement.
im 30 years old and still crying as shit watching this masterpiece,sadness,5,positive,sadness_psa,https://www.youtube.com/watch?v=uaWA2GbcnJU,214,"Crying from emotional impact of a masterpiece, showing deep appreciation."
"Damn, I hope you’re ok.",sadness,5,negative,surprise_product_fail,https://www.youtube.com/watch?v=8H6jz30Im_Y,120,Expresses concern and worry for someone's well-being.
"I watched this for 4 years straight in high school. 4 years straight till our last state meet. We had the goal and we had the talent to win senior year. We came up short. We got 6th. As a kid you can only feel like that was life biggest failure. To all you young kids out there, sport is just a smaller version of the game of life. You’re going to through things and are going to have to dig deep farther then you’ve ever had to. I’ve come so far as a human since high school and that was built off of never yelling uncle no matter how tired, pissed, or sad I’ve been. Finding it within yourself to keep going. You know what? You’re going to surprise yourself how far you can truly go",sadness,5,positive,brand_campaign_positive,https://www.youtube.com/watch?v=ijTwZNUBhcI,25,Reflects on past failure with sadness but ends with uplifting message of perseverance.
"Here’s a good one from an inspector friend of mine: he inspected a Chinese restaurant and the rice had to be thrown out. The workers threw it in the dumpster outside, only to be spotted retrieving it when my friend was back in his car.",surprise,6,negative,disgust_food_safety,https://www.youtube.com/watch?v=--OnclX8yac,56,Unexpected and concerning behavior of retrieving discarded rice.
Yeah I’ll pass on life insurance 😅,joy,3,positive,sadness_brand_story,https://www.youtube.com/watch?v=YvYGO4o334I,98,"Laughing emoji indicates humor, lighthearted refusal."
I had an s20 note ultra which has been an excellent phone for about 5 years…I just got this phone on Prime day…it’s a pretty good upgrade for me.,joy,3,positive,tech_review_mixed,https://www.youtube.com/watch?v=XkXbkxtBlwY,13,Expresses satisfaction with phone upgrade over 5 years.
"12 years later this video still inspire me, thank you so much.",joy,3,positive,sadness_psa,https://www.youtube.com/watch?v=uaWA2GbcnJU,173,Expresses gratitude and inspiration over time.
oh for crying out loud. everything everyone does anymore starts a big stink. who cares... don't people have anything else they can be doing???,anger,0,negative,disgust_brand_backlash,https://www.youtube.com/watch?v=GNOu1Se6dYE,205,Frustration and annoyance at people making a fuss over trivial matters.
Fuck Pepsi and Kendall,anger,0,negative,disgust_brand_backlash,https://www.youtube.com/watch?v=VogNNsQ3Gmw,132,Strong profanity and direct attack indicate anger.
I don’t know how many times I watched this AD still am crying 😢about this,sadness,5,negative,sadness_psa,https://www.youtube.com/watch?v=iVrQqWIs6ZE,123,Expresses crying and emotional distress about an ad.
"Do what ever you want! But remember to say ""I Apologize"" And Everything will be fix like nothing happen",neutral,4,neutral,anger_brand_crisis,https://www.youtube.com/watch?v=WEw-GjTriIo,217,"Sarcastic advice about apologies, no strong emotion detected."
*I STAND WITH GILLETTE. YOU RACIST BIGOT MANLY MEN ARE NAZIS!*,anger,0,negative,disgust_brand_backlash,https://www.youtube.com/watch?v=liPlJ_ynd_Q,216,Strong accusatory language and all caps indicate anger and negative sentiment.
"lady , change your hair color , i cant take you seriously",anger,0,negative,anger_customer_service,https://www.youtube.com/watch?v=cA3ySA9u7cI,54,"Criticizing appearance with dismissive tone, implying disrespect."
This makes the Aztec look beautiful!,joy,3,positive,automotive_controversy,https://www.youtube.com/watch?v=ro262oyhZAI,9,Expresses admiration and positive surprise about the Aztec's appearance.
Can't even put together a title without fucking it up lol,anger,0,negative,brand_crisis_negative,https://www.youtube.com/watch?v=JVxCp22WatU,66,Frustration and criticism expressed with profanity and sarcastic 'lol'.
That truck looks like something straight out of a shitty low budget sci-fi movie from the 80s.,disgust,1,negative,surprise_product_fail,https://www.youtube.com/watch?v=udxR5rBq_Vg,67,"Criticizes truck as low-budget and ugly, showing strong dislike."
Out for me since a little before 1:00 central — about five hours now. I’m in central Texas.,neutral,4,neutral,anger_customer_service,https://www.youtube.com/watch?v=T8ClHGY08jc,48,Factual statement about outage duration and location.
JESUS CHRIST ON A MOTORBIKE!...HOLY CHICKEN NUGGETS!....,surprise,6,positive,brand_crisis_negative,https://www.youtube.com/watch?v=tHn5bOBoEMI,24,"Exaggerated exclamations of surprise with humorous, positive tone."
Is she wearing a wig? Why would anyone look like that on purpose?,surprise,6,negative,anger_customer_service,https://www.youtube.com/watch?v=cA3ySA9u7cI,50,Expresses disbelief and negative judgment about appearance.
well atleast inside edition isn't run by a bunch of robots...,neutral,4,neutral,disgust_brand_backlash,https://www.youtube.com/watch?v=-4Qa9ZXTg2g,209,Comment is a factual observation without strong emotional tone.
"Is it standard procedure on United Air Lines that Security Officers wear denim pants and a sweat shirt? Or did they just get some big baggage guy to muscle the doctor off the plane? The use of ""volunteer"" is so horrendously inappropriate that it betrays UNITED AIR LINES' attempts at coverup. VICTIM would be more accurate, though patsy, sucker, fall guy, or target would fit too. How could the attendant at boarding NOT know how many passengers were on the plane, and that United Air Line crew were taking seats? Why did they board the doctor, then kick him off? And of course, United Air Lines employees get to board at the last minute, while the unfortunate people who chose to fly on United Air Lines get herded on early, so they can sit and wait for the staff's convenience. This is minimum wage employee decision making at its worst, instead of professional service. Was the security guy a punch drunk prize fighter? Maybe a bouncer from a skid row saloon? Professional? What a bad joke. They just beat the poor man up and dragged his bloody body off the plane. Savages, all for a few extra bucks. Shameful ! ! !",anger,0,negative,anger_brand_crisis,https://www.youtube.com/watch?v=VrDWY6C1178,129,"Strongly criticizes United Airlines with outrage, uses harsh words like 'savages' and 'shameful'."
Why i got this recommended now!😑,disgust,1,negative,surprise_product_fail,https://www.youtube.com/watch?v=_Cd2WIxKRDk,211,Expresses annoyance and disappointment with the recommendation timing.
She added extra ☠️ on top of ☠️ 🤦🏾‍♀️,disgust,1,negative,brand_crisis_negative,https://www.youtube.com/watch?v=JVxCp22WatU,28,Skull emojis and facepalm express disbelief and disgust.
"How many rats? “Like 10, 15 🤷🏽‍♂️” 🤢 🤢 🤮 🤮🤮",disgust,1,negative,disgust_food_safety,https://www.youtube.com/watch?v=dhBxrfETXJA,141,Disgust emojis and vomiting reaction to rats.
THAT ACTUALLY SCARED ME OML Edit: WTF DID I CAUSE IN THE REPLIES??? WW2.5?😭,fear,2,negative,surprise_product_fail,https://www.youtube.com/watch?v=8H6jz30Im_Y,71,"Expresses being scared and shock, with emoji indicating distress."
i wonder how many times that set caught fire?,surprise,6,neutral,brand_crisis_negative,https://www.youtube.com/watch?v=tHn5bOBoEMI,36,Expresses curiosity and mild surprise about potential fires.
This is a brilliant video well done on editing and content sorry to the man who was injured :( hope you're compensated for the media scandal and abuse.,sadness,5,negative,anger_brand_crisis,https://www.youtube.com/watch?v=yJTaGf5zURQ,19,Expresses sympathy and concern for an injured person.
3 words that perfectly discribe this system: OUT OF STOCK,anger,0,negative,gaming_product_launch,https://www.youtube.com/watch?v=RkC0l4iekYo,41,Frustration with product unavailability expressed sarcastically.
I never saw Terry but in Australia we had Anthony. Every time that add played it always ended with him saying he died 10 days after the add was filmed and he never got to see his daughter at Christmas. Hits you like a truck.,sadness,5,negative,fear_health_warning,https://www.youtube.com/watch?v=EkkOTplBCmA,11,Comment describes a tragic story that evokes sadness and empathy.
"i have 14 promax and now i regret because the battery of iphone is so bad an so sensitive easily broken, now i wanted an s25 ultra😢",sadness,5,negative,tech_review_mixed,https://www.youtube.com/watch?v=XkXbkxtBlwY,91,"Expresses regret and disappointment with iPhone battery, wants Samsung instead."
Am I the only person who thinks that this ad is not offensive at all and it's good that it is talking about real life problems,neutral,4,positive,disgust_brand_backlash,https://www.youtube.com/watch?v=GNOu1Se6dYE,5,Expresses a positive opinion about the ad without strong emotion.
"0:58 *Based from the mind of Charles Samuel Addams. It would have been nice to, at least, recognise the original creator of The Addams Family. 💀",sadness,5,negative,streaming_trailer_reaction,https://www.youtube.com/watch?v=Di310WS8zLk,23,Disappointment at lack of credit to original creator.
"What a rotten society. Thats not America, the land of freedom.",anger,0,negative,anger_brand_crisis,https://www.youtube.com/watch?v=9LhTJDkVXvg,51,Expresses strong disapproval and frustration with society.
“Chocolate?” “YÈÆÂ”,joy,3,positive,fear_public_safety,https://www.youtube.com/watch?v=0ygLvFG9QsA,197,Playful exchange about chocolate suggests happiness and amusement.
Close it down,anger,0,negative,disgust_food_safety,https://www.youtube.com/watch?v=zBXAJV82744,85,"Expresses desire to shut something down, indicating frustration."
I can’t believe this is almost a year old Edit: it is now a year old,surprise,6,neutral,gaming_product_launch,https://www.youtube.com/watch?v=RkC0l4iekYo,34,"Expresses disbelief about time passing, neutral tone."
Proof that you can sell people a bucket 🪣 of 💩 IF you market and package it right!,disgust,1,negative,automotive_controversy,https://www.youtube.com/watch?v=ro262oyhZAI,105,"Expresses disgust at deceptive marketing, comparing product to excrement."
There's an awful lot of them in Southern California.,neutral,4,neutral,automotive_controversy,https://www.youtube.com/watch?v=ro262oyhZAI,81,Factual observation without emotional tone.
Free Palestine,anger,0,negative,fast_food_brand,https://www.youtube.com/watch?v=79phlhutGLg,21,Political statement expressing strong opposition.
"The best part about this is that we can freely give our comments here, showing the actual audience it's trying to achieve here and I appreciate that. Inside Out was one of my favourite films as a kid and I remember replaying it every time during car trips, it was that good. Here I'm hoping the sequel proceeds to be as good as its predecessor.",joy,3,positive,movie_trailer_joy,https://www.youtube.com/watch?v=LEjhY15eCx0,73,"Expresses fond memories and appreciation for the film, with hopeful anticipation."
"For those who do not know: Some phones, such as this one, contain explosives or flammable items, and the reason is the high temperature of the phone, which rarely causes the phone to explode.",neutral,4,neutral,surprise_product_fail,https://www.youtube.com/watch?v=8H6jz30Im_Y,82,Informational comment explaining phone safety without emotional language.
Just saw this with my family we were shocked!,surprise,6,positive,sadness_brand_story,https://www.youtube.com/watch?v=YvYGO4o334I,22,Expresses shock from a shared family experience.
"Found this because of ""Contagious why things catch on""",neutral,4,neutral,tech_brand_story,https://www.youtube.com/watch?v=nnsSUqgkDwU,94,Informational comment about discovery source.
Mom and dad Higher than ❤️❤️Gods of heaven,joy,3,positive,sadness_psa,https://www.youtube.com/watch?v=vgain-EQdt0,91,"Expresses deep love and admiration for parents, using heart emojis."
Fun fact: All phones must be designed to use any signal avaliable to call 911 even if you don't use the company as a provider. So if your 911 call fails but you survive the emergency you can sue.,neutral,4,neutral,anger_customer_service,https://www.youtube.com/watch?v=-LZ_a5TER_0,141,Informational comment about 911 call regulations.
"I see a fair amount of these in Massachusetts and New Hampshire. I know people hate on the aesthetics, but I kinda like the look of them. With that said though, even if I had the money I would never buy one",neutral,4,neutral,automotive_controversy,https://www.youtube.com/watch?v=ro262oyhZAI,77,Mixed opinions expressed without strong emotional language.
"My sister is a fine dining chef & she said... ""If people knew what goes on in kitchens, they would NEVER go out to eat ..""",disgust,1,negative,disgust_food_safety,https://www.youtube.com/watch?v=--OnclX8yac,9,"Implies hidden unsanitary practices in restaurant kitchens, evoking disgust."
1:47 why does he sound like Mr. Garrison from South Park?,surprise,6,neutral,tech_product_launch,https://www.youtube.com/watch?v=UXmLSfv3NQI,31,"Commenter notices a resemblance, expressing mild surprise without strong emotion."
I can't tell how many times this over booking has happen to me! They do need to check into this problem it happens way to much. And they airlines are getting away with daily.,anger,0,negative,anger_brand_crisis,https://www.youtube.com/watch?v=1PA0geOa4PM,4,Expresses frustration and anger about repeated overbooking incidents.
"A similar situation happened to me, a van pulled out in front of me on a 100km/h road, had no time to react, hit brakes but it was too late... head on collision at approx 80km/h, no matter how good of a driver you are, all it takes is some other idiot to make a mistake and it's all over.",anger,0,negative,sadness_psa,https://www.youtube.com/watch?v=B2rFTbvwteo,67,Expresses frustration and anger at another driver's mistake causing a dangerous accident.
*What a disgusting disgraceful ad*,disgust,1,negative,disgust_brand_backlash,https://www.youtube.com/watch?v=-4Qa9ZXTg2g,53,Expresses strong disgust and disapproval towards an ad.
We can never know....does reality bend around him because of the old spice. Or does the old spice come to him because he bends reality,joy,3,positive,classic_brand_ad,https://www.youtube.com/watch?v=owGykVbfgUE,118,"Playful, humorous speculation about Old Spice's effects."
Been there it was the same way,neutral,4,neutral,fear_public_safety,https://www.youtube.com/watch?v=3Twl1soaBJM,220,"Factual statement about a past experience, no strong emotion."
Ah yes I too cut up my beef behind the restraunt after my shift guilty is charged...,sadness,5,negative,disgust_food_safety,https://www.youtube.com/watch?v=dhBxrfETXJA,206,Implies guilt and regret about a negative action.
Stop treating men like they're defective females that need to be fixed. Men and women are different and don't need to be the same get over it.,anger,0,negative,disgust_brand_backlash,https://www.youtube.com/watch?v=liPlJ_ynd_Q,191,"Frustration with perceived unfair treatment of men, strong opposition."
Bro if the passenger was child then what😂😂😂,joy,3,positive,fear_public_safety,https://www.youtube.com/watch?v=tAlrXpn5MOc,37,"Uses laughter emojis, indicating amusement at the hypothetical scenario."
i remember my father getting me a PS2 on launch day. man how i excited i was. and now 19 years later here we are at the launch of PS5. time flies. my father is no more in this world. Every PS lauch reminds me of him. will surely be getting the PS5 day 1. to the players ❤️,sadness,5,positive,gaming_product_launch,https://www.youtube.com/watch?v=RkC0l4iekYo,10,"Nostalgic and bittersweet memory of father, but excitement for PS5 launch."
Did ANYONE else notice the look on the face of that black lady when Kendall tossed her the wig off her head to step out of her 'privilege' and mingle with the make-shift conscious common crowd? GREATEST Bissssssssh!!! FACE...EVER!!!! ✋😭😭😭,joy,3,positive,disgust_brand_backlash,https://www.youtube.com/watch?v=MGxpkIK2lVs,39,Expresses excitement and amusement about a funny moment.
"Down in New york , Tennessee, Georgia , at least the whole eastern seaboard, definetly millions.",neutral,4,neutral,anger_customer_service,https://www.youtube.com/watch?v=T8ClHGY08jc,15,"Factual statement about location, no emotional tone."
I’m terrified of this I saw this in my classroom 💀😭,fear,2,negative,fear_health_warning,https://www.youtube.com/watch?v=X4k12miYJ4M,138,Expresses terror and fear about seeing something in classroom.
"BRO... THEY LOOK RELATED, THEIR INFO LOOKS RELATED, AND THE LITTLE GIRL ACTED LIKE THEY WERE RELATED.... IS THIS FRAMERY?!?!?!!",surprise,6,neutral,fear_public_safety,https://www.youtube.com/watch?v=0ygLvFG9QsA,128,"Expresses shock and confusion about a possible connection, no clear positive or negative tone."
This ad used to make me cry... Now this video...,sadness,5,negative,sadness_psa,https://www.youtube.com/watch?v=Ket5RWHg9IU,4,Comment expresses sadness about an ad that used to make them cry.
"Wow, look how different it looks 😂🙄",surprise,6,positive,tech_product_launch,https://www.youtube.com/watch?v=n6pqGoXWZzo,59,"Surprise at the change, with laughter and eye-roll emojis indicating amusement."
I will never ever take a flight on united airlines. .. Next week books a flight for united airlines,neutral,4,negative,anger_brand_crisis,https://www.youtube.com/watch?v=VrDWY6C1178,74,Sarcastic contradiction between stated refusal and action.
"""I d rather be dead"" - Brandon Stark -",sadness,5,negative,brand_crisis_negative,https://www.youtube.com/watch?v=tHn5bOBoEMI,137,"Expresses a desire for death, indicating deep sadness."
"You can just see the regret in her eyes, i feel so bad for this woman, god bless her",sadness,5,negative,fear_health_warning,https://www.youtube.com/watch?v=5zWB4dLYChM,21,Expresses pity and regret for the woman's situation.
10 years later and still makes me tear up,sadness,5,positive,sadness_psa,https://www.youtube.com/watch?v=iVrQqWIs6ZE,140,"Comment expresses emotional impact and nostalgia, indicating positive sentiment despite tears."
While I think the ad was garbage and ‘toxic masculinity’ a odd phrase I’d point out men probably commit 98% of assaults so there’s something to it,anger,0,negative,disgust_brand_backlash,https://www.youtube.com/watch?v=liPlJ_ynd_Q,221,"Criticizes ad and phrase, but acknowledges issue with male violence."
That's why i NEVER go out eating,anger,0,negative,disgust_food_safety,https://www.youtube.com/watch?v=dhBxrfETXJA,81,Expresses frustration and avoidance due to negative experience.
"What a hero terrie was. An absolute legend. So sad that she went so young, but she saw her purpose in life and made it so so worthwile. Im the staunch anti vaping advocate of my friend group (a lot of people just call me lame) but i watched my grandfather smoke himself into his grave while barely knowing us grandkids because he couldnt walk long enough to do anything with us. There was a point we begged him to stop smoking because we wanted him to be around and his addiction was so bad he basically told us he chose cigarettes. I hope Terrie knows somehow that there are thousands of us out here who plan to carry on her advocacy, the tobacco industry is far from giving up on its greed. You can quit! Its possible! And quitting late is better than never quitting at all! ❤",sadness,5,positive,fear_health_warning,https://www.youtube.com/watch?v=EkkOTplBCmA,174,Expresses sadness over loss but hopeful and motivated to continue advocacy.
I remember everyone at my school used to do this,neutral,4,neutral,fear_health_warning,https://www.youtube.com/watch?v=IJlIcK-gbLE,39,Nostalgic observation without strong emotional tone.
🤔 I sure hope the one recording confronted her about it before she served anyone them fries 🍟 mixed with dirty mop water..,surprise,6,negative,brand_crisis_negative,https://www.youtube.com/watch?v=JVxCp22WatU,111,Expresses disbelief and concern about unsanitary behavior.
It’s crazy I’ve watch this man my whole life,sadness,5,negative,automotive_controversy,https://www.youtube.com/watch?v=ro262oyhZAI,58,Reflects nostalgia and loss over time passing.
"911: ""911, what is your emergency??"" The call: [phone explodes]",surprise,6,neutral,surprise_product_fail,https://www.youtube.com/watch?v=8H6jz30Im_Y,80,Unexpected twist with phone explosion creates surprise.
wow yall americans are sensitive af,anger,0,negative,disgust_brand_backlash,https://www.youtube.com/watch?v=zFm9FRxi0ZM,13,"Sarcastic criticism of Americans' sensitivity, implying annoyance."
"I was on a United flight less than two weeks ago where they threw a guy off for talking loud. He said nothing offensive or threatening, just joking around as we were boarding. He was quiet by the time we pushed back but then we returned to the gate and the cops came. He was suprised and went peacefully. Everyone was then 45 minutes late. I thought it was uncalled for.",anger,0,negative,anger_brand_crisis,https://www.youtube.com/watch?v=VrDWY6C1178,57,Expresses frustration and disapproval of the airline's overreaction causing delay.
The advert captures the Thai people perfectly . This is why i live in Korat.,joy,3,positive,sadness_psa,https://www.youtube.com/watch?v=iVrQqWIs6ZE,151,Expresses appreciation and happiness about living in Thailand.
Y'all think it was policing but it was really just about the soda. Kendall Jenner did nothing wrong man,anger,0,negative,disgust_brand_backlash,https://www.youtube.com/watch?v=MGxpkIK2lVs,222,"Sarcastic defense of Kendall Jenner, implying unfair criticism."
This hit me very hard. I'm stopping smoking. I'm so sorry you had to go through all that suffering.,sadness,5,negative,fear_health_warning,https://www.youtube.com/watch?v=X4k12miYJ4M,35,Expresses deep sorrow and regret about suffering.
Not be sobbing like a little bitch,anger,0,negative,sadness_psa,https://www.youtube.com/watch?v=PW6SocCjTMM,83,Aggressive language and insulting tone indicate anger.
Lmao I legit just got this ad on a video 😂😂,joy,3,positive,classic_brand_ad,https://www.youtube.com/watch?v=owGykVbfgUE,77,Laughter and amusement from seeing an ad.
How about the soyboy narrating. Probably never did a manly thing in his life,anger,0,negative,disgust_brand_backlash,https://www.youtube.com/watch?v=liPlJ_ynd_Q,124,Insults the narrator with derogatory term and dismissive tone.
Damn that restaurant owner should be forced to eat the food he serves,anger,0,negative,disgust_food_safety,https://www.youtube.com/watch?v=xPGCrRRFWBk,208,Expresses strong disapproval and desire for punishment.
This sound gives me the absolute PTSD 😭,sadness,5,negative,surprise_product_fail,https://www.youtube.com/watch?v=8H6jz30Im_Y,28,"Expresses distress and trauma triggered by sound, with crying emoji."
Different level,neutral,4,neutral,brand_crisis_negative,https://www.youtube.com/watch?v=tHn5bOBoEMI,223,"Comment is ambiguous, no strong emotional signal."
"""He lies because of me. ""..... that's heartwreching yet powerful",sadness,5,negative,sadness_psa,https://www.youtube.com/watch?v=O15dxrBNuAQ,167,"Comment describes something as heartwrenching, indicating sadness."
The comments about s pen are going on my nerves. Before this phone all if you wanted it gone as you found it useless. And now all of the sudden... come on,anger,0,negative,tech_review_mixed,https://www.youtube.com/watch?v=XkXbkxtBlwY,126,Expresses frustration and annoyance at contradictory comments about the S Pen.
"This is a Game Changer!! Apple is bringing the future to the world now, love it and cant wait to get it. Its crazy how much tech apple managed to ram into this headset such as lidar sensor, face scanner, iris optic ID scanner, glass exterior with screen on outside for your eyes, 12 cameras, 2 depth sensors, eye tracking, proprietary lenses, 2x 4k displays, 2x M2 equivalent processors also plus dozens and dozens of other stuff! No one has even attempted something similar which is why apple has 5000 patents on this headset.",joy,3,positive,tech_product_launch,https://www.youtube.com/watch?v=Btf4mN37OsU,145,Expresses excitement and admiration for Apple's new headset technology.
"""opening my eyes seaing a red and blue waiting for me to get blind"" ahhh accident",fear,2,negative,fear_public_safety,https://www.youtube.com/watch?v=3Twl1soaBJM,84,Describes a frightening accident scenario with blinding lights.
I don't think it's implied that it takes a beverage or that it's simple to bring ppl together the message IS to bring ppl together... That's a decent message big corporations don't have the insight as to WHY ppl are protesting they just want to make themselves look good by being on the politically correct end saying that everyone should be together which I'm pretty sure we all just want everyone to live in harmony. I guess the problem is that SHE'S the lead for this ad? cuz other than that.... I'm lost,neutral,4,neutral,disgust_brand_backlash,https://www.youtube.com/watch?v=MGxpkIK2lVs,152,"Analytical and critical, but no strong emotional tone detected."
Did she put the cheese on the side on purpose?,surprise,6,neutral,brand_crisis_negative,https://www.youtube.com/watch?v=kQg2LMmpPn8,160,Questioning intent with mild surprise
I use to enjoy factual information I say use to because now a lot of outlets just cover an entire topic with fear mongering and opinions,sadness,5,negative,fear_health_warning,https://www.youtube.com/watch?v=IJlIcK-gbLE,237,Expresses disappointment about loss of factual information due to fear mongering.
Absolutely disgusting.,disgust,1,negative,disgust_food_safety,https://www.youtube.com/watch?v=--OnclX8yac,78,Strong expression of disgust towards something.
That's so dumb it said call 911 and is gonna... BOOM!! 😵‍💫,anger,0,negative,surprise_product_fail,https://www.youtube.com/watch?v=8H6jz30Im_Y,134,Expresses frustration and disbelief at the absurdity of the situation.
They focus on animals because they hope idiots won't notice how uncanny this shit is 😂,joy,3,negative,food_beverage_ad,https://www.youtube.com/watch?v=Yy6fByUmPuE,141,"Sarcastic laughter at absurdity, mocking others while finding humor in it."
Now this is a real ad and unique showing how scary it is and the impact it places in people's mind. Ads nowadays make no sense showing you monsters and teenagers exaggerately freaking out in an abandoned school or something kind of like a movie. Smoking isn't a video game or a movie it's the real deal that can harm you and kill you.,anger,0,negative,fear_health_warning,https://www.youtube.com/watch?v=X4k12miYJ4M,58,Criticizes modern ads and emphasizes smoking's real danger with frustration.
If only he had a can of Pepsi to give them...,sadness,5,negative,anger_brand_crisis,https://www.youtube.com/watch?v=VrDWY6C1178,87,"Implies regret or missed opportunity, tone is wistful."
This is possibly the best road safety advert I've ever seen. First time I saw it I started to cry. And I'm from Northern Ireland where their road safety adverts are on after 9pm,sadness,5,positive,sadness_psa,https://www.youtube.com/watch?v=B2rFTbvwteo,26,"Praises the advert's impact, but crying indicates sadness."
"911 whats your emergency? My device It is about to ex- ""BOOM""",surprise,6,negative,surprise_product_fail,https://www.youtube.com/watch?v=8H6jz30Im_Y,107,Unexpected explosion scenario creates shock and negative outcome.
WHAT DOES 'OVERBOOKED' ACTUALLY MEAN? 'WE SOLD MORE SEATS THAN WE HAVE'?,surprise,6,negative,anger_brand_crisis,https://www.youtube.com/watch?v=WEw-GjTriIo,16,Expresses shock and frustration at airline overbooking practice.
I call it the ClusterTruck,neutral,4,neutral,automotive_controversy,https://www.youtube.com/watch?v=ro262oyhZAI,91,No strong emotional signal; factual statement.
I'm just curious to know who was the other 3 that was kicked off the plane if they were randomly picked from the list....hmm....,neutral,4,neutral,anger_brand_crisis,https://www.youtube.com/watch?v=WEw-GjTriIo,224,Expresses curiosity without strong emotional tone.
Outage new word for hacked,neutral,4,neutral,anger_customer_service,https://www.youtube.com/watch?v=T8ClHGY08jc,149,"Informational comment about terminology, no strong emotion."
Dollar shave club now. Was a mach3 guy.,neutral,4,neutral,disgust_brand_backlash,https://www.youtube.com/watch?v=8lXBs2Wy1OU,232,"Factual statement about switching razors, no emotion."
The nostalgia. I wish I could revisit the day I went to watch this movie : (,sadness,5,negative,entertainment_fandom,https://www.youtube.com/watch?v=TcMBFSGVi1c,77,Expresses longing for the past and sadness about not being able to relive it.
Note 7: SELF DESTRUCTION MODE ACTIVATED PLEASE EVACUATE THE AMBIENT NOW people: 🏃‍♂️🏃‍♂️,fear,2,negative,surprise_product_fail,https://www.youtube.com/watch?v=8H6jz30Im_Y,97,"Joke about Note 7 exploding, evacuation implies danger and fear."
Still happening.. everyone gets sick eating there.,anger,0,negative,disgust_food_safety,https://www.youtube.com/watch?v=zBXAJV82744,76,Expresses frustration and criticism about ongoing issue.
1:25 shaking with fear,fear,2,negative,surprise_product_fail,https://www.youtube.com/watch?v=_Cd2WIxKRDk,233,"Explicitly mentions shaking with fear, indicating fear."
Millions. Not thousands.,neutral,4,neutral,anger_customer_service,https://www.youtube.com/watch?v=MUo3n8QSQLE,63,Factual statement without emotional tone.
"First of all what that black girl did wasn't the first time someone did, many Mexicans did that during our protests in Mexico in 2012 and probably many others did in other counties before so take several seats.",anger,0,negative,disgust_brand_backlash,https://www.youtube.com/watch?v=GNOu1Se6dYE,99,Dismissive tone and defensive argument about protests.
And here I am thinking she’s just an over-paranoid mother who doesn’t trust any man. THAT SHIT CAUGHT ME OFF GUARD.,surprise,6,negative,fear_public_safety,https://www.youtube.com/watch?v=0ygLvFG9QsA,19,Unexpected twist in the story caught the commenter off guard.
All them phones and all them chargers that's a fire waiting to happen,fear,2,negative,brand_crisis_negative,https://www.youtube.com/watch?v=tHn5bOBoEMI,242,Expresses concern about fire hazard from phones and chargers.
"I thought I was ok vaping. To night if I bend over I start coughing, I straighten up and my nose started running and I swear I blew my nose and it looked like soot from a fire.",fear,2,negative,fear_health_warning,https://www.youtube.com/watch?v=iaBh9HRJHjg,7,"Describes alarming physical symptoms from vaping, indicating health concern."
"Great announcement, now I'm craving a good Christmas Pepsi",joy,3,positive,food_beverage_ad,https://www.youtube.com/watch?v=Yy6fByUmPuE,79,Expresses excitement and positive anticipation for a Christmas Pepsi.
"Car so strong, it contained an explosion.",surprise,6,positive,surprise_product_fail,https://www.youtube.com/watch?v=LMWwImDX3ks,94,Expresses amazement at the car's strength.
Looks extremely… hmm.. lame,disgust,1,negative,tech_product_launch,https://www.youtube.com/watch?v=Btf4mN37OsU,164,"Expresses disappointment and distaste, calling something lame."
I haven't had a problem with them - upstate ny,neutral,4,neutral,disgust_food_safety,https://www.youtube.com/watch?v=zBXAJV82744,64,No strong emotional signal; factual statement about experience.
Your reaching way to far on this one.... people are smart enough not to fall for that junk.,anger,0,negative,sadness_psa,https://www.youtube.com/watch?v=Ket5RWHg9IU,63,"Criticizes the video's argument, implying it's manipulative and underestimates viewers."
"1:07 preparing it for his dog, he shoulda said",neutral,4,neutral,disgust_food_safety,https://www.youtube.com/watch?v=dhBxrfETXJA,247,"Factual observation about video content, no strong emotion."
And this is how the famous explosion at the end was made😂,joy,3,positive,surprise_product_fail,https://www.youtube.com/watch?v=8H6jz30Im_Y,72,Laughter emoji indicates amusement and positive reaction.
I guess that I will never fly with this incompetent idiots. I am glad that their stock went cold. They deserve it for mistreating a passenger that did not do anything wrong except for using them to fly home.,anger,0,negative,anger_brand_crisis,https://www.youtube.com/watch?v=1PA0geOa4PM,64,"Expresses anger at incompetence and mistreatment, glad about stock decline."
"Well in their defense, health inspectors are a tough crowd. I mean a little mold on bread and they'll loose their cool. Or say if a menu starts to move while they are there and you move it and a roach comes running away. See they would mark you off for that too. I mean nowhere is perfect. Or maybe raw chicken has been out a few hours. They really get red faced about that. Kind of strict if you ask me.",joy,3,positive,disgust_food_safety,https://www.youtube.com/watch?v=dhBxrfETXJA,129,"Sarcastic humor about health inspectors, playful tone."
This is absolutely sickening!! My husband and I had a couple that we were best friends with and she was living a double life and we had no idea! She had her husband killed in the middle of the night just for his insurance policy! I had to testify in court and I went through sooo much because she was my best friend and I had no idea she was plotting to have this done! This commercial is very morbid and disturbing! It should be taken off TV! This Ladder company should be shut down! I really can't believe this! Whoever the CEO of this company is needs to turn to God and ask for forgiveness! I pray for these people! I would be ashamed to work there! You people really need to stop and think really hard about advertising to kill someone for financial gain!!,anger,0,negative,sadness_brand_story,https://www.youtube.com/watch?v=YvYGO4o334I,142,"Expresses strong anger and disgust at the commercial, personal story of betrayal and murder."
"It makes me cry... thinking about my daughter, and myself to be honest. Just sad. I do hope things/perspective/influence will change...",sadness,5,negative,beauty_brand_campaign,https://www.youtube.com/watch?v=z2T-Rh838GA,91,Expresses sadness and personal grief about daughter and self.
This is exactly why i pay internet every month,joy,3,positive,automotive_brand_ad,https://www.youtube.com/watch?v=M7FIvfx5J10,14,Expresses satisfaction and appreciation for content.
"I talked to one of employee at a chinese restauran here in Phoenix, and he said that he would not eat food at that restaurant. He warned me not to go there to eat . I stayed out of it.",neutral,4,neutral,disgust_food_safety,https://www.youtube.com/watch?v=--OnclX8yac,84,Factual recounting of a warning without emotional expression.
Ok but this is actually really cool,joy,3,positive,app_brand_campaign,https://www.youtube.com/watch?v=Ew4kM1FmM8o,63,Expresses appreciation and excitement about something cool.
United is wrong if it's overbooked who came after stay out is that simple. by any means,anger,0,negative,anger_brand_crisis,https://www.youtube.com/watch?v=1PA0geOa4PM,49,Expresses frustration and anger towards United's overbooking policy.
Couldn't hold my tears after watching the little girl in school uniform.. this video certainly has inspired me to do more good in anyway possible..😇,sadness,5,positive,sadness_psa,https://www.youtube.com/watch?v=uaWA2GbcnJU,24,"Tears from touching story, but inspired to do good."
Hmmmm ill wait for s30 ultra😅,joy,3,positive,tech_review_mixed,https://www.youtube.com/watch?v=XkXbkxtBlwY,88,Playful anticipation with laughing emoji suggests excitement.
That owner should be in jail,anger,0,negative,disgust_food_safety,https://www.youtube.com/watch?v=--OnclX8yac,46,Expresses strong disapproval and desire for punishment.
THE MUSIC IS SO DAMN UNSETTLING WTH 😭,fear,2,negative,surprise_product_fail,https://www.youtube.com/watch?v=8H6jz30Im_Y,13,Expresses strong discomfort and distress about unsettling music.
A great campaign.... well needed,joy,3,positive,beauty_brand_campaign,https://www.youtube.com/watch?v=z2T-Rh838GA,49,Expresses approval and appreciation for the campaign.
"Oh gosh i bet this will make me cry again, that ""suppress emotion"" said a lot",sadness,5,negative,movie_trailer_joy,https://www.youtube.com/watch?v=LEjhY15eCx0,77,"Expects to cry, references suppressed emotion, implies sadness."
Verizon is and always be the worst,anger,0,negative,anger_customer_service,https://www.youtube.com/watch?v=T8ClHGY08jc,221,Expresses strong dislike and frustration towards Verizon.
I like that they both are at fault but neither are angered at all,neutral,4,neutral,sadness_psa,https://www.youtube.com/watch?v=B2rFTbvwteo,96,"Comment is analytical, observing lack of anger without strong emotion."
Najbardziej epicka reklama w historii!,joy,3,positive,automotive_brand_ad,https://www.youtube.com/watch?v=M7FIvfx5J10,123,Expresses excitement and admiration for an epic advertisement.
Now look at your men Now back to me Now look at your men Back to me I'm flipping your off Now look at the ground back Back to me Where's the dragon ball It's gone And there's not a damn thing you can...,anger,0,negative,classic_brand_ad,https://www.youtube.com/watch?v=owGykVbfgUE,140,Aggressive tone and flipping off indicate anger and frustration.
"That's freaking disgusting, the health department needs to shut that restaurant down",disgust,1,negative,brand_crisis_negative,https://www.youtube.com/watch?v=JVxCp22WatU,17,Expresses strong disgust and disapproval towards restaurant conditions.
"Even though I don't have the courage to tell my Daddy I love him to his face, I know he loves me because he had worked so hard to sustain me and my family. The burden of a mother can never compare to the lifelong sacrifice of a father! I love you Daddy!",joy,3,positive,sadness_psa,https://www.youtube.com/watch?v=vgain-EQdt0,10,"Expresses love and gratitude towards father, positive sentiment."
I was on OF when it happened. Truly a nightmare scenario🥴,fear,2,negative,anger_customer_service,https://www.youtube.com/watch?v=oZRywTkhwrA,90,"Describes a nightmare scenario, indicating fear and distress."
@EnzoLuca10 @SteveinHD hey guys i really appreciate the feedback...i originally designed the vid to outline that all these athletes have worked hard to get to where they are and at some point they were underdogs...probably not under Nike tho :P It was a little project i did when I worked for Nike and head office loved it... unfortunately Versus didn't hence why my original got taken down.,joy,3,positive,brand_campaign_positive,https://www.youtube.com/watch?v=ijTwZNUBhcI,85,"Expresses appreciation for feedback and pride in work, with playful tone."
What an insult to their main audience. Lumping all men together as bullies and predators. Horrible marketing.,anger,0,negative,disgust_brand_backlash,https://www.youtube.com/watch?v=-4Qa9ZXTg2g,72,Expresses outrage at perceived unfair generalization and poor marketing.
I love how they make it out that the idiot who turned in front of traffic is somehow the victim,anger,0,negative,sadness_psa,https://www.youtube.com/watch?v=B2rFTbvwteo,71,Sarcastic tone expressing frustration at perceived injustice.
That’s a bloody good ad,joy,3,positive,sadness_psa,https://www.youtube.com/watch?v=B2rFTbvwteo,36,Positive slang 'bloody good' indicates approval and enjoyment.
PS5 - Router Xbox Series X - Fridge Nintendo Switch - Toaster Console Wars: Household Appliances,joy,3,positive,gaming_product_launch,https://www.youtube.com/watch?v=RkC0l4iekYo,11,"Humorous comparison of consoles to appliances, playful tone."
"United Airlines, Shame on you :(",sadness,5,negative,anger_brand_crisis,https://www.youtube.com/watch?v=VrDWY6C1178,111,Expresses disappointment and sadness with 'Shame on you' and sad face.
You can call 112 which is the universal emergency number and bypasses the call looking for your carrier and will go through,neutral,4,neutral,anger_customer_service,https://www.youtube.com/watch?v=-LZ_a5TER_0,161,"Informational comment about emergency numbers, no emotion."
seems wars can be stopped by something simple as pepsi,surprise,6,neutral,disgust_brand_backlash,https://www.youtube.com/watch?v=zFm9FRxi0ZM,12,Sarcastic surprise at the oversimplification of war.
"As a restaurant owner I can tell the owner of this place does not give AF about his place. The whole walk in looks moldy which is already very bad..and so much food looks expired. They need some serious food control and some serious deep cleaning for the whole kitchen. It’s a nice place and they can definitely make some money, but with the way it is. It will not last long..",anger,0,negative,disgust_food_safety,https://www.youtube.com/watch?v=xPGCrRRFWBk,5,Criticizes restaurant conditions with strong disapproval and concern.
black cops keeping us whites down again,anger,0,negative,anger_brand_crisis,https://www.youtube.com/watch?v=1PA0geOa4PM,59,Expresses frustration and perceived racial injustice.
"Still down, going on 9 hours straight",sadness,5,negative,anger_customer_service,https://www.youtube.com/watch?v=oZRywTkhwrA,9,Expresses frustration and disappointment about prolonged downtime.
I actually felt like I was my heart was beating really fast I got so scared bro😭,fear,2,negative,fear_public_safety,https://www.youtube.com/watch?v=3Twl1soaBJM,80,"Expresses being scared and heart racing, with crying emoji."
drank a pepsi out of reflex,neutral,4,neutral,food_beverage_ad,https://www.youtube.com/watch?v=Yy6fByUmPuE,144,Comment describes a habitual action without emotional tone.
Apparently dragged off flight? 🤔,surprise,6,neutral,anger_brand_crisis,https://www.youtube.com/watch?v=WEw-GjTriIo,249,Expresses confusion and questioning about an event.
"the airline has rights, but assaulting a man is NOT RIGHT.",anger,0,negative,anger_brand_crisis,https://www.youtube.com/watch?v=WEw-GjTriIo,66,"Expresses strong disapproval of assault, indicating anger."
This might be my favorite commercial ever.,joy,3,positive,tech_brand_story,https://www.youtube.com/watch?v=nnsSUqgkDwU,41,Expresses strong positive feeling about the commercial.
Crazy that we're watching from yet another one.,surprise,6,neutral,brand_crisis_negative,https://www.youtube.com/watch?v=tHn5bOBoEMI,246,Expresses disbelief at repeated similar events.
Good one Scotty keep it up,joy,3,positive,automotive_controversy,https://www.youtube.com/watch?v=ro262oyhZAI,134,"Encouraging and supportive tone, expressing approval."
popcorn lung? I love popcorn,joy,3,positive,fear_health_warning,https://www.youtube.com/watch?v=IJlIcK-gbLE,247,"Expresses love for popcorn, ignoring health concern."
"""911 what is your emergency?"" ""Oh No Samsung Is Overheating""",fear,2,negative,surprise_product_fail,https://www.youtube.com/watch?v=8H6jz30Im_Y,20,"Mocks Samsung overheating as an emergency, implying danger and concern."
"They say 170k reported,, that’s bullshit !!!",anger,0,negative,anger_customer_service,https://www.youtube.com/watch?v=MUo3n8QSQLE,89,Expresses disbelief and frustration with strong language.
"I don't eat in ethnic restaurants, especially African or Indian. I go to restaurants that I personally know the owners, have seen heir kitchens and eat at reputable establishments that have kitchen and prep areas visible to the public.",disgust,1,negative,disgust_food_safety,https://www.youtube.com/watch?v=dhBxrfETXJA,139,"Expresses aversion to ethnic restaurants, implying distrust and prejudice."
The boys stole a bear from you,surprise,6,neutral,food_beverage_ad,https://www.youtube.com/watch?v=Yy6fByUmPuE,29,"Unexpected action described, no clear positive or negative tone."
Not surprised. Verizon has really gone down in coverage quality over the past few years.,neutral,4,negative,anger_customer_service,https://www.youtube.com/watch?v=T8ClHGY08jc,135,Expresses disappointment about declining coverage quality.
IS THAT RYLAND,surprise,6,neutral,disgust_brand_backlash,https://www.youtube.com/watch?v=KxAf8ZJvUPo,149,Expression of surprise at recognizing someone.
"Pro tip for everyone who is scared and thinks these ads shouldn’t be shown to kids. Try being awakened to hearing your dad throw up violently from chemo and it’s so bad your mom puts the sheets in the bathtub and you nearly make a 911 call. Try helping your father get to your mother to walk him to bed and have him mouth to you both once he’s in bed, “pain, why me?” Try watching your father scream “lift me up” from the abdominal aortic aneurysm he’s having which we can directly trace to the smoking he did for close to 35 years although he did quit completely once I was 8 years old. Try calling hospice for morphine and being told they’re out. Try watching him spasm three times with your mom by your side and ultimately croak his last breath at 5:45 in the morning. If you’re reading this and you’re a smoker, this is your sign that it’s time to quit. If you’ve never smoked, please don’t. I didn’t cry the day he died. I’m bawling writing this.",sadness,5,negative,fear_health_warning,https://www.youtube.com/watch?v=EkkOTplBCmA,49,"Personal story of father's painful death from smoking, evokes deep sorrow."
"This is exactly how my grandmother looked and sounded right before she passed away in 2017 at the age of 57 from esophageal cancer, which turned into severe lung cancer. She was a chainsmoker for 44 years, and she could never beat the addiction. Her last words were “I need a cigarette, give me a f*cking cigarette”, after she was repeatedly denied cigarettes on her death bed. If stories like this can’t convince kids and teenagers to quit smoking, or stop them from starting in the first place, I don’t think anything can.",sadness,5,negative,fear_health_warning,https://www.youtube.com/watch?v=X4k12miYJ4M,26,Personal story of loss and addiction evokes deep sadness.
Still without service...on and off...8:53pm cant get calls..get a busy signal,anger,0,negative,anger_customer_service,https://www.youtube.com/watch?v=cA3ySA9u7cI,11,Frustration expressed about ongoing service issues and inability to receive calls.
Ah! You're fired!,anger,0,negative,brand_crisis_negative,https://www.youtube.com/watch?v=JVxCp22WatU,40,Expression of anger and dismissal.
"its nasty, they jus thad another outbreak in 5-2018",disgust,1,negative,disgust_food_safety,https://www.youtube.com/watch?v=zBXAJV82744,60,Expresses disgust and concern about a disease outbreak.
Mine was out but said only for emergency calls 🤷‍♂️,neutral,4,neutral,anger_customer_service,https://www.youtube.com/watch?v=-LZ_a5TER_0,199,Factual statement about phone issue with shrug emoji indicating mild confusion
I watch videos like this when I get the urge to smoke. I am almost 3 weeks into quitting and so far it really helps !,joy,3,positive,fear_health_warning,https://www.youtube.com/watch?v=X4k12miYJ4M,63,Expresses pride and happiness about quitting smoking successfully.
"I know they don’t want to take the spotlight from Jenna, but I would have loved a glimpse of Christina in that trailer. Cannot wait to see this. 😍☠️",joy,3,positive,streaming_trailer_reaction,https://www.youtube.com/watch?v=Di310WS8zLk,125,"Expresses excitement and love for the trailer, with heart-eyed emoji."
"""They really liked last year's commercials, so let's copy and paste that prompt again and call it a holiday.""",neutral,4,negative,food_beverage_ad,https://www.youtube.com/watch?v=Yy6fByUmPuE,49,Sarcastic criticism of unoriginal holiday content.
Weed > Vaping,neutral,4,neutral,fear_health_warning,https://www.youtube.com/watch?v=IJlIcK-gbLE,64,Simple comparison statement without emotional tone.
"Once and a while, everyone needs to be humbled",neutral,4,neutral,surprise_product_fail,https://www.youtube.com/watch?v=udxR5rBq_Vg,133,General observation without strong emotional tone.
0:49 The trucks literally rams the crowd💀🥀,sadness,5,negative,food_beverage_ad,https://www.youtube.com/watch?v=Yy6fByUmPuE,22,"Describes a violent event with somber emojis, indicating sadness."
"The voice acting is oddly real and genuine, invoking a sense of terror and odd sympathy that I never thought I’d feel for a McDonald’s character. Well done!",surprise,6,positive,fast_food_brand_launch,https://www.youtube.com/watch?v=chYLHu0w8z0,1,"Unexpected emotional depth from a McDonald's character, expressed with admiration."
"I this legal? I mean can any customer just walk into the kitchen and start inspecting sh,it?",surprise,6,negative,disgust_food_safety,https://www.youtube.com/watch?v=xPGCrRRFWBk,195,Expresses disbelief and shock about a customer's unusual behavior.
i still remember the time when i had to leave every social media group so that the movie is not spoiled for me,sadness,5,negative,entertainment_fandom,https://www.youtube.com/watch?v=TcMBFSGVi1c,9,"Nostalgic regret about avoiding spoilers, implying lost social connection."
this is why speeds are limited,neutral,4,neutral,brand_crisis_negative,https://www.youtube.com/watch?v=tHn5bOBoEMI,177,"Factual statement about speed limits, no strong emotion."
Can't think of a better marketing strategy than insulting your whole customer base 😂,joy,3,positive,disgust_brand_backlash,https://www.youtube.com/watch?v=-4Qa9ZXTg2g,30,Sarcastic humor with laughing emoji indicates amusement.
"Our prices are unbeatable, but we cant say that about our passengers!",sadness,5,negative,anger_brand_crisis,https://www.youtube.com/watch?v=VrDWY6C1178,19,Sarcastic comment implying poor treatment of passengers.
Best love story ever,joy,3,positive,tech_brand_story,https://www.youtube.com/watch?v=nnsSUqgkDwU,78,Expresses strong positive appreciation for a love story.
How I got that much likes?,surprise,6,neutral,entertainment_fandom,https://www.youtube.com/watch?v=TcMBFSGVi1c,112,Expresses surprise at receiving many likes.
Fantastic messages spoken from the created authority/thought leader who is subversive. Some great propaganda happening here. Pay attention to the meta messages.,neutral,4,neutral,sports_brand_purpose,https://www.youtube.com/watch?v=jBnseji3tBk,90,Analytical tone discussing meta messages without strong emotion.
wow just got 2 know that even pepsi can offend ppl what is going on with ppl,surprise,6,negative,disgust_brand_backlash,https://www.youtube.com/watch?v=zFm9FRxi0ZM,54,Expresses surprise and confusion about people being offended by Pepsi.
Things like this give me terrible headaches,anger,0,negative,tech_product_launch,https://www.youtube.com/watch?v=Btf4mN37OsU,141,Expresses frustration and physical discomfort from the content.
I would’ve went to jail that day. Those passengers were spineless,anger,0,negative,anger_brand_crisis,https://www.youtube.com/watch?v=VrDWY6C1178,132,Expresses frustration and contempt towards passengers' inaction.
Not even a minute into the video and I'm already crying-,sadness,5,negative,sadness_psa,https://www.youtube.com/watch?v=O15dxrBNuAQ,85,Expresses crying from emotional content early in video.
If you eat at that soul food restaurant. Your soul may just leave your body after the meal😂....... Careful where you eat at😳🫩🤢,disgust,1,negative,disgust_food_safety,https://www.youtube.com/watch?v=xPGCrRRFWBk,90,Uses disgust emoji and warns about food causing harm.
"...can you hear me now. Wait, you can't, because I can't call on my new phone!",sadness,5,negative,anger_customer_service,https://www.youtube.com/watch?v=MUo3n8QSQLE,84,Frustration about inability to use new phone for calls.
We need season 2😮,surprise,6,positive,streaming_trailer_reaction,https://www.youtube.com/watch?v=Di310WS8zLk,104,Expresses eagerness for season 2 with surprise emoji.
Everyone: how much should this glass be able to break Elon: yEs,joy,3,positive,surprise_product_fail,https://www.youtube.com/watch?v=LMWwImDX3ks,66,Humorous meme format mocking Elon Musk's overengineering.
This is the best anti coca-cola ad I’ve ever seen 🤣,joy,3,positive,food_beverage_ad,https://www.youtube.com/watch?v=Yy6fByUmPuE,82,Humor and laughter expressed through emoji and positive wording.
"Well, UNITED asked for it!",anger,0,negative,anger_brand_crisis,https://www.youtube.com/watch?v=yJTaGf5zURQ,141,Sarcastic tone implying blame or criticism towards UNITED.
4:01 Luv That Music,joy,3,positive,tech_product_launch,https://www.youtube.com/watch?v=n6pqGoXWZzo,43,"Expresses love for music, indicating happiness."
DANG,surprise,6,neutral,disgust_food_safety,https://www.youtube.com/watch?v=zBXAJV82744,48,Exclamation 'DANG' indicates mild surprise or emphasis.
"I've used Gillette for 35 years. I'm speaking with my wallet and not supporting this stupidity. Just sell blades and shut up! Toxic anything is bad.. Why don't you ever hear about toxic femininity, toxic friendships, Toxic laws that control our decisions. Ugh!",anger,0,negative,disgust_brand_backlash,https://www.youtube.com/watch?v=liPlJ_ynd_Q,239,"Expresses frustration and anger towards Gillette's stance, using strong language."
Nike sure felt like picking on USC for this advertisement.,neutral,4,neutral,brand_campaign_positive,https://www.youtube.com/watch?v=ijTwZNUBhcI,39,Observation without strong emotional expression.
Been a chef for over 30 years. I have never seen a kitchen that bad. I've seen some scary things that have made me walk right out. This tops all of them.,disgust,1,negative,disgust_food_safety,https://www.youtube.com/watch?v=--OnclX8yac,26,Expresses strong disgust and shock at the kitchen's condition.
My old kicked in with the cheese,joy,3,positive,brand_crisis_negative,https://www.youtube.com/watch?v=kQg2LMmpPn8,232,Nostalgic and playful reference to a happy memory.
I swear ads like this really kept me from smoking,joy,3,positive,fear_health_warning,https://www.youtube.com/watch?v=5zWB4dLYChM,8,Comment expresses gratitude for ads preventing smoking.
Well the the guy that got dragged off the airplane is probably better off because he is probably going to sue the airline and get millions of dollars,neutral,4,neutral,anger_brand_crisis,https://www.youtube.com/watch?v=9LhTJDkVXvg,27,"Factual observation about a lawsuit, no strong emotion."
And this was how a legendary series was born,joy,3,positive,streaming_trailer_reaction,https://www.youtube.com/watch?v=Di310WS8zLk,79,Expresses admiration and excitement about a legendary series.
"The term ""toxic masculinity"" is itself anti-male sexism. We don't call social norms that harm women ""toxic femininity"", we call it sexism. By calling male sexism ""toxic masculinity"" you are blaming men for their own problems, further perpetuating the issue, and continuing their social isolation. Men face sexism too and they are not to blame. There is nothing masculine about abuse.",anger,0,negative,disgust_brand_backlash,https://www.youtube.com/watch?v=liPlJ_ynd_Q,33,Expresses strong disagreement and frustration with the term 'toxic masculinity'.
"This Google ad makes me sick to my stomach. Google doesn't care about you or your loved ones, yours (and theirs) privacy, and they just brainwash people into digital slavery. While mind control you see in the movies might not be real, this is very real mind control. Support the FSF and other Open Source Software groups and lets strive to build a freedom respecting Google. This is totally possible if DuckDuckGo, Protonmail, and Purism partner up and work hard together. Lets not forget that we can build our own perosnal assistants with MycroftAI. We need a FLOSS Superbowl Ad to show people the light!",anger,0,negative,sadness_psa,https://www.youtube.com/watch?v=Ket5RWHg9IU,79,"Expresses strong anger and distrust towards Google, with accusatory language."
The fact that this looks like the same buffet in almost every city freaked me out,surprise,6,negative,disgust_food_safety,https://www.youtube.com/watch?v=--OnclX8yac,19,Unexpected realization about identical buffets causes unease.
Who is waiting for the PlayStation 6 announcement,neutral,4,neutral,gaming_product_launch,https://www.youtube.com/watch?v=RkC0l4iekYo,18,"Simple question about anticipation, no strong emotion."
"That's funny, in my country I can call emergency services from anywhere without any mobile services. All I need is a signal.",surprise,6,neutral,anger_customer_service,https://www.youtube.com/watch?v=-LZ_a5TER_0,108,Expresses surprise at a difference in emergency service capabilities.
"The downgrade of the S Pen is the only reason I decided not to buy the S25 Ultra. I'm still using my OnePlus 7T Pro, and after five years, it's time for a replacement. I was excited about the S25 Ultra, but then... I realized it's almost the same as the S24 Ultra, except the S Pen is actually better on the older model. So I look for S24 Ultra - but for the same price—or even a little less—you can get the OnePlus 13, which is better than the S24 Ultra, S25, and S25+. So I'm now closer to OP13... What would you suggest?",sadness,5,negative,tech_review_mixed,https://www.youtube.com/watch?v=XkXbkxtBlwY,72,"Disappointment about S Pen downgrade and indecision, leaning away from Samsung."
last time checked pepsi asked her so they pepsi should get the backlash,anger,0,negative,disgust_brand_backlash,https://www.youtube.com/watch?v=MGxpkIK2lVs,59,"Criticizes Pepsi for backlash, implying blame and frustration."
The difference btw this and india is that this is organized and in a house otherwise the dirty level is the same,disgust,1,negative,disgust_food_safety,https://www.youtube.com/watch?v=xPGCrRRFWBk,237,"Compares cleanliness to India, implying dirtiness, with a negative tone."
"That's weird, they usually only have 109 violations",surprise,6,negative,disgust_food_safety,https://www.youtube.com/watch?v=--OnclX8yac,20,Expresses surprise at an unusual situation with negative implication.
The container of meat was on the floor and the reporter tell the worker to put it on the counter. Now all the bacteria that was on the container ended up on the counter. Later they will probably use the counter to prepare food without properly cleaning it. Cross contamination. All these cooks are probably self taught because they have no clue how to prepare food safely. All cooking school teaches food safety.,anger,0,negative,disgust_food_safety,https://www.youtube.com/watch?v=--OnclX8yac,25,Frustration and criticism about unsafe food handling practices.
"i just do the sounds like ""blblblblb"" idk what the sirens sound",neutral,4,neutral,fear_public_safety,https://www.youtube.com/watch?v=3Twl1soaBJM,119,Comment is factual and lacks emotional tone.
I chain vape and have no side effects at all. I did have side effects from smoking but not vaping.,neutral,4,neutral,fear_health_warning,https://www.youtube.com/watch?v=IJlIcK-gbLE,41,Factual statement about personal experience without strong emotion.
Really your all video is tooo good your all video crying mee your alll video touch my heart your all video very good messages 💜💜🖤💙🖤💙💙❤💜❤💜❤💜❤,joy,3,positive,sadness_psa,https://www.youtube.com/watch?v=vgain-EQdt0,132,Expresses deep appreciation and emotional connection to videos.
Why did you make bro faint like that😭,sadness,5,negative,fear_public_safety,https://www.youtube.com/watch?v=tAlrXpn5MOc,186,Crying emoji and complaint about character fainting indicate sadness.
"""I'm on a horse!"" Cracks me up every time.",joy,3,positive,classic_brand_ad,https://www.youtube.com/watch?v=owGykVbfgUE,24,Comment expresses amusement and laughter.
United-We beat you. Not our competitors.,joy,3,positive,anger_brand_crisis,https://www.youtube.com/watch?v=yJTaGf5zURQ,145,Expresses pride and triumph over competitors.
I used to smoke before too but thank god I got away from this filthy thing I will not ever smoke again and I’m 15 now,joy,3,positive,fear_health_warning,https://www.youtube.com/watch?v=X4k12miYJ4M,57,Relief and pride in quitting smoking at a young age.
"As someone who works in retail I can tell you that my workplace is the greatest anti smoking PSA i could imagine. I’ve literally seen a customer on oxygen buying cigarettes. I see customers who look far older than they actually are because smoking accelerates skin aging. I’ve caught a whiff of someone’s bag or their car and it just reeks of cigarette smoke. I hate the smell of cigarettes and weed, and those are smells I’m all too familiar with. It’s a constant reminder to never ever smoke or do drugs.",disgust,1,negative,fear_health_warning,https://www.youtube.com/watch?v=EkkOTplBCmA,89,"Expresses strong aversion to smoking and drug smells, with vivid negative examples."
"HeroQR Download and Generate Your Vehicle's Encrypted - HeroQR Add two references and Generate QR , if unfortunately any person got injured by accident anyone around can scan and let the injured person's reference's know. Also can send the Current Location . @t​",neutral,4,neutral,sadness_psa,https://www.youtube.com/watch?v=B2rFTbvwteo,103,"Informational comment about a QR code service, no emotional tone."
"I am seeing a pattern here, 3 times within the last 2 months or so Chipotle has been attacked come on really, go eat Mcdonald's then sheeple.",anger,0,negative,disgust_food_safety,https://www.youtube.com/watch?v=1vpTvVbNsJs,38,Frustration with Chipotle attacks and dismissive tone towards critics.
Our teacher showed us this at school. Now I'm showing this to anyone I see smoking.,joy,3,positive,fear_health_warning,https://www.youtube.com/watch?v=5zWB4dLYChM,73,"Proudly sharing anti-smoking message, positive impact."
He gonna pick that food back out the trash 🗑️,disgust,1,negative,disgust_food_safety,https://www.youtube.com/watch?v=xPGCrRRFWBk,96,Implies disgust at eating discarded food.
"I’m usually a very calm and reserved person, and I rarely show emotion, but I couldn’t hold back the tears running down my face. This was incredibly emotional",sadness,5,negative,sadness_psa,https://www.youtube.com/watch?v=iVrQqWIs6ZE,59,"Expresses crying and being overwhelmed by emotion, indicating sadness."
"@1:14 This fall's class of eighth graders at the I Promise School hasn't had a single student pass the state's math test since the group was in the third grade. ""Not one? In three years?"" Akron Public Schools board member Valerie McKitrick asked after that data point was presented to the board earlier this week. ""It is discouraging,"" responded Keith Liechty-Clifford, the district's director of school improvement. @1:43 World No. 203 Karsten Braasch begs to differ…",surprise,6,negative,sports_brand_purpose,https://www.youtube.com/watch?v=jBnseji3tBk,59,"Contrasts failing students with a tennis player, highlighting absurdity."
"about three weeks ago my grandmother died due to complications related to her COPD. she was a life longer smoker, and was on an oxygen machine for most of my 'conscious' life. she suffered alot later in her life and im glad she can breathe easy now. hoping to use these stories as motivation to quit myself",sadness,5,negative,fear_health_warning,https://www.youtube.com/watch?v=EkkOTplBCmA,135,Expresses grief over grandmother's death and personal struggle with smoking.
"""fight or flight"" *""WHY NOT BOTH?""*",surprise,6,positive,anger_brand_crisis,https://www.youtube.com/watch?v=VrDWY6C1178,46,"Playful twist on a common phrase, suggesting excitement."
Move to Schick its a much better blade and they dont tell me how to be a man. Wait! A decade from now men are altogether shamed for shaving and have hair permanently removed....one gender one color and then we can fight about height or eye color? Bring on the AI! We need it now...lol!,joy,3,positive,disgust_brand_backlash,https://www.youtube.com/watch?v=liPlJ_ynd_Q,127,Sarcastic humor with 'lol' indicates amusement and playful tone.
"If you want to know how much Gillette loves humanity and the earth, just look at the ingredients on their products.",neutral,4,negative,controversial_brand_purpose,https://www.youtube.com/watch?v=UYaY2Kb_PKI,36,"Sarcastic comment implying Gillette's products are harmful, showing distrust."
Only change that will happen now is Gillette's sales and market value that will plummet and destroy that once iconic man's brand into oblivion.,anger,0,negative,disgust_brand_backlash,https://www.youtube.com/watch?v=liPlJ_ynd_Q,53,Expresses strong disapproval and predicts brand destruction.
Stop Asking Who’s Still Watching! We Never Stop Watching To This MASTERPIECE!!-,joy,3,positive,automotive_brand_ad,https://www.youtube.com/watch?v=M7FIvfx5J10,1,Expresses admiration and dedication to the content.
why does it explode? Because its a trash phone.,anger,0,negative,surprise_product_fail,https://www.youtube.com/watch?v=_Cd2WIxKRDk,234,Expresses frustration and insult towards the phone.
Please change the intro because you broke my eardrums,anger,0,negative,tech_review_mixed,https://www.youtube.com/watch?v=XkXbkxtBlwY,134,Expresses frustration about loud intro hurting ears.
That beeping was that dump truck about to back up,neutral,4,neutral,brand_crisis_negative,https://www.youtube.com/watch?v=JVxCp22WatU,12,"Factual observation about a sound, no emotional tone."
Why she lay the cheese down like that WTF,surprise,6,negative,brand_crisis_negative,https://www.youtube.com/watch?v=kQg2LMmpPn8,27,"Expresses shock and confusion with WTF, implying negative reaction."
"When these commercials were on, I'd always watch them through. So funny. I look at them now and they're still funny.",joy,3,positive,classic_brand_ad,https://www.youtube.com/watch?v=owGykVbfgUE,95,Expresses enjoyment and nostalgia for funny commercials.
That's not an influencer 💀 it's just someone who's desperate for sales,disgust,1,negative,brand_crisis_negative,https://www.youtube.com/watch?v=tHn5bOBoEMI,102,"Criticizes the person as desperate, showing contempt."
"its funny, how many guys around were that in love with their razor brand? Its like buying a basic commodity, like toilet paper, just dont buy the absolute cheapest one and you should be ok. Now every time i have to buy one at the store I will be reminded of one brand to avoid. Thanks gilette for being so above me that you feel its your job to lecture me and create a dialogue. A dialogue that I dont need to have and dont have to have. Harrys, Dollar Shave Club, Bic, Mercur, Wahl- There are plenty of other brands, so its time for them to take our $ since gilette would rather manipulate us then sell us goods.",anger,0,negative,disgust_brand_backlash,https://www.youtube.com/watch?v=8lXBs2Wy1OU,8,"Expresses frustration and resentment towards Gillette's marketing, feeling manipulated and lectured."
And don't expect the cops to enforce it because I've seen many of them texting and driving on the phone while I'm driving next to them we need to take charge of our own child's future When are we going to be smart enough to understand that's our children we are putting behind the wheel when we get their first car or they get their learner's permit and so on and so forth make it a law they cannot start driving unless their car is Bluetooth enabled that it could handle the incoming messages and everything and they don't have to take their eyes off the road for a split second because the same way it takes a split second to get pregnant it takes a split second to take away that life so please you guys make all these laws and all these rules make that an official law you're not able to drive at all until your car is Bluetooth enabled and that's the only way that you get to drive because if you leave it on the phone and you take your eyes off the road you're gone I don't care how many commercials you have they're not going to listen until it becomes a law how many more kids are we going to bury how many more families are going to cry we have smartphones so make smart decisions don't expect your child to be the one to do the smart decision they have to have some kind of Bluetooth device in their vehicle that listens to the messages and reads it out my phone every time a message comes in it tells me who's it from and what it says if it's an emergency they can pull over if not make it a rule you cannot get a cell phone until your first four years of driving by yourself and not getting into an accident you have to come home to be able to message anyone and watch how fast the cemeteries start being less filled with our children passed a message forward and God we trust one land and one nation under God God gave us our children let's not send them back in a rush delivery because of a stupid driving accident,anger,0,negative,fear_public_safety,https://www.youtube.com/watch?v=O8MQV40pOtk,72,Frustrated with lack of enforcement and tragic consequences of distracted driving.
"Así comenzaron con los teléfonos, crearon unos aparatos grandes e imposibles de llevar hasta el punto de reducirlos a lo que tenemos como celulares y poderlos cargar hasta en el bolsillo. Lo más probable es que suceda lo mismo con este aparato, en un futuro podrán tenerlos puestos de una forma más sigilosa. (Quizá a lentes de contacto o quien sabe)",neutral,4,neutral,tech_product_launch,https://www.youtube.com/watch?v=Btf4mN37OsU,50,"Comment is a neutral, analytical observation about technological evolution."
"*U will find good people in every corner of the world,but unfortunately the earth is round*",sadness,5,negative,sadness_psa,https://www.youtube.com/watch?v=uaWA2GbcnJU,90,"Contrasts finding good people with the irony of a round earth, implying isolation."
"Wow! This should be shown in the US, too.",surprise,6,positive,sadness_psa,https://www.youtube.com/watch?v=B2rFTbvwteo,7,Expresses surprise and positive desire for wider reach.
Got to love people that repost shorts without doing any research,anger,0,negative,brand_crisis_negative,https://www.youtube.com/watch?v=tHn5bOBoEMI,180,Sarcastic frustration towards people reposting without research.
That is a sure way to exempt yourself from going to fast food chains 🤢🤮💯👍🏾,disgust,1,negative,brand_crisis_negative,https://www.youtube.com/watch?v=JVxCp22WatU,70,Disgust emojis and sarcastic praise indicate strong aversion to fast food.
I’m shocked at how many men are in the crowd!,surprise,6,neutral,tech_product_launch,https://www.youtube.com/watch?v=UXmLSfv3NQI,52,"Expresses shock at the crowd composition, no clear positive or negative tone."
damn she got worse than the original commercial? let me stop smoking. fuck. this scared the shit out of me.,fear,2,negative,fear_health_warning,https://www.youtube.com/watch?v=X4k12miYJ4M,210,Expresses being scared and shocked by the content.
That’s disgusting,disgust,1,negative,brand_crisis_negative,https://www.youtube.com/watch?v=JVxCp22WatU,62,Explicit expression of disgust towards content.
This is my favorite commercial. <3 It's just so damn cute.,joy,3,positive,tech_brand_story,https://www.youtube.com/watch?v=nnsSUqgkDwU,93,Expresses strong liking and affection for the commercial.
My personal phone had 0 service in some areas but my work phone (also verizon) had no service issues at all. It was quite an experience.,surprise,6,neutral,anger_customer_service,https://www.youtube.com/watch?v=-LZ_a5TER_0,109,Unexpected difference between two phones from same carrier.
"""Apparently"" despite being a video of him being dragged off.",sadness,5,negative,anger_brand_crisis,https://www.youtube.com/watch?v=WEw-GjTriIo,70,Sarcastic tone expressing disappointment or sympathy.
Holy smokes,surprise,6,neutral,fear_health_warning,https://www.youtube.com/watch?v=5zWB4dLYChM,10,Expression of mild surprise without clear positive or negative tone.
Emotional damage,sadness,5,negative,sadness_psa,https://www.youtube.com/watch?v=O15dxrBNuAQ,209,Phrase implies emotional harm or distress.
"One of my coworkers at the taco bell I used to work at used the toilet plunger to unclog the kitchen sink. And he walked away without sanitizing it. I was mortified and being new to the job I asked where the bleach was, no one could tell me so I did my best to disinfect the area with dish soap. there was no telling how often he did that. The manager on duty wasn't fazed at all. Be weary when you order fast food late at night before closing. The employees are usually tired, over worked, and will cut corners whenever possible. Luckily both that manager and employee quit. I hope they are no longer working in the food industry.",disgust,1,negative,disgust_food_safety,https://www.youtube.com/watch?v=--OnclX8yac,126,Expresses disgust and concern about unsanitary practices in fast food.
Please don’t eat me Watashi o tabenaide kudasai,fear,2,negative,app_brand_campaign,https://www.youtube.com/watch?v=Ew4kM1FmM8o,47,Plea not to be eaten expresses fear.
"@ ABC news, funny how you failed to also add in your click bait that he was BEATEN until he was bloodied. Don't leave out such a crucial detail, you guys are supposed to report news, so report it ALL. Surely the passenger getting beaten in the face is quite significant??",anger,0,negative,anger_brand_crisis,https://www.youtube.com/watch?v=WEw-GjTriIo,141,"Criticizes news outlet for omitting violent detail, expressing frustration and distrust."
"Apparently people don't get the point of this video, it's a sarcastic video showing that this is why your food is always sloppy.",neutral,4,neutral,brand_crisis_negative,https://www.youtube.com/watch?v=kQg2LMmpPn8,227,"Explaining sarcasm in video, no strong emotion."
Lucian Graymark is that you? 😱😍,surprise,6,positive,classic_brand_ad,https://www.youtube.com/watch?v=owGykVbfgUE,79,Surprise emojis and positive tone suggest excitement.
Cafes near the loo xD,joy,3,positive,tech_brand_story,https://www.youtube.com/watch?v=nnsSUqgkDwU,77,The 'xD' emoticon indicates amusement or laughter.
You can not get on X without giving up length and girth.,neutral,4,neutral,surprise_launch_reaction,https://www.youtube.com/watch?v=4qGw9WH4Xj8,28,"Factual statement about trade-offs, no emotional tone."
This is advertisement💀,neutral,4,neutral,sadness_brand_story,https://www.youtube.com/watch?v=YvYGO4o334I,101,"Comment identifies content as advertisement, no emotion."
My grandfather was in this same conditions.,sadness,5,negative,fear_health_warning,https://www.youtube.com/watch?v=5zWB4dLYChM,96,"Comment expresses personal connection to hardship, implying sadness."
It’s crazy how clean this trailer is after five years ago during lockdown 😬,surprise,6,positive,gaming_product_launch,https://www.youtube.com/watch?v=RkC0l4iekYo,2,"Expresses amazement at the trailer's cleanliness over time, with a positive tone."
My cousin smoke and i love him very much. After seeing thing i'm going to make sure he stops smoking.,sadness,5,negative,fear_health_warning,https://www.youtube.com/watch?v=5zWB4dLYChM,130,"Concern for cousin's health, motivated to help him quit smoking."
I was one of them.....my wife left me with 2 autistic boys.....now it very hard....my health decreasing even i know I can't died. Who will take care my boys.,sadness,5,negative,sadness_psa,https://www.youtube.com/watch?v=vgain-EQdt0,158,Expresses deep personal hardship and worry about children's future.
I hope that man sues the heck out of united airlines,anger,0,negative,anger_brand_crisis,https://www.youtube.com/watch?v=VrDWY6C1178,37,"Expresses desire for legal action, indicating anger."
Campaigning to get an ad removed that is meant to show what could happen to you because you're scared of disabled people is crazy. Someone dying from smoking isn't just about them. Your kids will watch this happen to you,anger,0,negative,fear_health_warning,https://www.youtube.com/watch?v=EkkOTplBCmA,90,"Criticizes ad removal campaign, implies selfishness and harm to others."
"They picked on who they considered the easy target. Small. old, foreign. He may well be injured for life.",anger,0,negative,anger_brand_crisis,https://www.youtube.com/watch?v=yJTaGf5zURQ,232,Criticism of unfair targeting and concern for injury.
MY EYES I BECAME PHOTOSENSITIVE,surprise,6,negative,fear_public_safety,https://www.youtube.com/watch?v=3Twl1soaBJM,241,Exaggerated reaction to something shocking or unpleasant.
"thank you good, good, kind sir.",joy,3,positive,brand_campaign_positive,https://www.youtube.com/watch?v=ijTwZNUBhcI,43,Expresses gratitude and appreciation with positive tone.
"""911 My Emergency?"" ""BOOM!""",surprise,6,negative,surprise_product_fail,https://www.youtube.com/watch?v=8H6jz30Im_Y,27,Unexpected emergency call followed by explosion implies shock and danger.
2:56 burns really well... especially when using gloves,joy,3,positive,surprise_product_fail,https://www.youtube.com/watch?v=_Cd2WIxKRDk,66,"Comment humorously praises a moment, implying satisfaction."
Nuclear explosion or note 7?,surprise,6,neutral,surprise_product_fail,https://www.youtube.com/watch?v=_Cd2WIxKRDk,191,"Rhetorical question comparing two shocking things, implying surprise."
"Imagining telling kids today that when we were young, every family friendly restaurant had a ""smoking"" and ""non-smoking"" section that the hostess asked before seating customers.",surprise,6,neutral,fear_health_warning,https://www.youtube.com/watch?v=EkkOTplBCmA,70,Expresses surprise at how smoking sections were once normal.
Untied airlines was my worst experience ever finally the light gets shinned and takes them out of business,anger,0,negative,anger_brand_crisis,https://www.youtube.com/watch?v=yJTaGf5zURQ,14,Expresses strong dissatisfaction and desire for the airline to fail.
"The phone really said ""Tick Tock BOOM💥""",surprise,6,positive,surprise_product_fail,https://www.youtube.com/watch?v=8H6jz30Im_Y,69,Expresses excitement and amusement about the phone's dramatic action.
Driving is the most dangerous thing you do.,neutral,4,neutral,sadness_psa,https://www.youtube.com/watch?v=B2rFTbvwteo,74,"Factual statement about driving danger, no strong emotion."
"Me: ""what's the price?"" Sony: *left the chat* My wallet: *makes sobbing noises*",sadness,5,negative,gaming_product_launch,https://www.youtube.com/watch?v=RkC0l4iekYo,140,"Humorously expresses disappointment over high price, implying sadness."
Another good reason not to eat at McDonald's,disgust,1,negative,brand_crisis_negative,https://www.youtube.com/watch?v=JVxCp22WatU,85,Expresses disapproval and aversion towards McDonald's.
Owner walking in there looking like Rick Ross,joy,3,positive,disgust_food_safety,https://www.youtube.com/watch?v=xPGCrRRFWBk,7,"Humorous comparison to Rick Ross, likely amused."
BRO THE NEVULIZER GAVE ME WAR FLASHBACKS WHAT,surprise,6,negative,fear_health_warning,https://www.youtube.com/watch?v=IJlIcK-gbLE,40,Uses all caps and war flashbacks to express shock and negative surprise.
I don't understand. Did I miss something? 4 people were randomly picked. What happened to the other 3? 0 to 10 waaay too fast!! I flew United last month. Never again!,anger,0,negative,anger_brand_crisis,https://www.youtube.com/watch?v=VrDWY6C1178,122,"Expresses confusion and frustration about a process, with strong disapproval of United."
"This was something we didn't ask for , but we needed",joy,3,positive,automotive_brand_ad,https://www.youtube.com/watch?v=M7FIvfx5J10,128,Expresses gratitude for something unexpectedly needed.
"United, where we fly red eye and sometimes black eye",anger,0,negative,anger_brand_crisis,https://www.youtube.com/watch?v=yJTaGf5zURQ,228,Sarcastic complaint about United Airlines' poor service.
I remember my grandma telling me when I was a kid that there was a commercial with a lady smoking a cigarette through the hole in her neck. I felt so grossed out and never wanted to smoke after that. This video is the first time I’d ever seen this ad (the Debby ad). These things really do make a difference in so many people’s lives. It’s too bad we all need to see a person in such a state to convince us of real dangers. Rest in peace to both terry and Debby.,sadness,5,negative,fear_health_warning,https://www.youtube.com/watch?v=EkkOTplBCmA,119,Remembers a grossed-out childhood memory and reflects on tragic consequences of smoking.
I can see this being in one of those hilarious banned commercials videos 🤣,joy,3,positive,sadness_brand_story,https://www.youtube.com/watch?v=YvYGO4o334I,93,"Comment finds the commercial hilarious, uses laughing emoji."
Merian Webster man definition of volunteer 😂😂😂😂😂,joy,3,positive,anger_brand_crisis,https://www.youtube.com/watch?v=yJTaGf5zURQ,113,Laughter emojis indicate amusement and joy.
"No Kendall can get this Donkey too because it doesn't take a lot of common sense to understand that tensions between the public, especially people of color, and the police isn't gonna be relieved with Pepsi. At some point in time you have to be socially aware and know what you value. Obviously it was either about the money, publicity, or the fact that you are willfully disconnected from all things racial and social and institutional. She's 20 years old, managers and handlers or not, you have a brain and hopefully some moral compass or value. And if not, you get this double donkey lol",anger,0,negative,disgust_brand_backlash,https://www.youtube.com/watch?v=MGxpkIK2lVs,96,"Criticizes Kendall Jenner's Pepsi ad, expressing frustration about racial and social issues."
It's like a religious meeting,neutral,4,neutral,tech_product_launch,https://www.youtube.com/watch?v=UXmLSfv3NQI,24,Observation without strong emotional tone.
the fact that inside out already makes me cry every time i watch it... can't wait for this,joy,3,positive,movie_trailer_joy,https://www.youtube.com/watch?v=LEjhY15eCx0,144,Expresses excitement and anticipation for a movie that brings emotional joy.
i feel so pumped right now,joy,3,positive,brand_campaign_positive,https://www.youtube.com/watch?v=ijTwZNUBhcI,25,Expresses excitement and enthusiasm.
"My fortune said ""that was not chicken!""",surprise,6,negative,disgust_food_safety,https://www.youtube.com/watch?v=--OnclX8yac,7,"Unexpected revelation about food, implying disgust or shock."
"Is this woman reporting a violation or auditioning for a mini series? Ms. Drama needs to report, not act........badly. And CNN's title is clickbait. They never divulged how Chipoltle got 500 people sick. Maybe it was as simple as migrant workers pissing and crapping in the produce fields but this report, never really says.",anger,0,negative,disgust_food_safety,https://www.youtube.com/watch?v=zBXAJV82744,103,"Criticizes reporter's drama, CNN's clickbait, and implies unsanitary conditions causing illness."
This is so bad. How can people fall for this marketing crap?,anger,0,negative,sports_brand_purpose,https://www.youtube.com/watch?v=jBnseji3tBk,87,Expresses strong disapproval and frustration towards marketing.
An 'ad' that can 'add' value to our life.,joy,3,positive,sadness_psa,https://www.youtube.com/watch?v=uaWA2GbcnJU,127,Playful wordplay suggests appreciation and positive sentiment.
"LOL, Great work putting this together!",joy,3,positive,anger_brand_crisis,https://www.youtube.com/watch?v=yJTaGf5zURQ,52,Laughter and praise indicate happiness and approval.
This video sent chills down my spine,surprise,6,positive,sadness_psa,https://www.youtube.com/watch?v=B2rFTbvwteo,13,Expression of awe and excitement from the video
Never in the 1990s did I imagine living to see this dystopian nightmare 😫,sadness,5,negative,brand_crisis_negative,https://www.youtube.com/watch?v=tHn5bOBoEMI,3,Expresses despair and disappointment about current reality compared to past expectations.
Will be switching to AT&T. This is absolutely ridiculous!! Heaven forbid I was in an emergency situation!,anger,0,negative,anger_customer_service,https://www.youtube.com/watch?v=T8ClHGY08jc,164,"Expresses frustration and anger about service, implying danger in emergencies."
"2023 update. This commercial did nothing for Gillette. As of October 2023, they are still struggling because of this commercial. 😂",joy,3,negative,disgust_brand_backlash,https://www.youtube.com/watch?v=8lXBs2Wy1OU,184,"Laughing emoji indicates amusement at Gillette's failure, but sentiment is negative."
Locked meat in the walk in 😂 whole restaurant needs to be locked down 😂,joy,3,positive,disgust_food_safety,https://www.youtube.com/watch?v=xPGCrRRFWBk,73,Laughter emojis indicate amusement at the situation.
ChatGPT 🤮 Grok 😃 Gemini 🗣️🔥,disgust,1,negative,surprise_launch_reaction,https://www.youtube.com/watch?v=4qGw9WH4Xj8,76,"Vomit emoji indicates disgust towards ChatGPT, contrasting with positive emojis for others."
"The phone is much better looking and shape then the last one, shame about the s pen but I don't use the other one anyone but ideally they should have kept that flagship too",neutral,4,neutral,tech_review_mixed,https://www.youtube.com/watch?v=XkXbkxtBlwY,107,"Mixed opinions about design and S Pen, no strong emotion."
Just a slap on the hand while people are getting food poisoning...,anger,0,negative,disgust_food_safety,https://www.youtube.com/watch?v=--OnclX8yac,18,Expresses frustration about lenient punishment for serious harm.
I've watched this couple of times it got recommended again and it still brings tears to my eyes everytime i watch,sadness,5,negative,sadness_psa,https://www.youtube.com/watch?v=iVrQqWIs6ZE,113,"Comment expresses that the video brings tears, indicating sadness."
"""If we can't beat our competitors, we beat our customers""",anger,0,negative,anger_brand_crisis,https://www.youtube.com/watch?v=VrDWY6C1178,33,"Criticizes unfair business practices, expressing frustration."
that building.... how do I know that building,surprise,6,neutral,tech_review_mixed,https://www.youtube.com/watch?v=XkXbkxtBlwY,97,"Expresses surprise at recognizing a building, no clear positive or negative tone."
what the heck? why did i just have goosebumps while watching this (and also almost teared up),surprise,6,positive,tech_brand_story,https://www.youtube.com/watch?v=nnsSUqgkDwU,54,Goosebumps and tearing up indicate strong emotional impact.
Bro scared me into thinking i missed the launch event...,surprise,6,negative,tech_product_launch,https://www.youtube.com/watch?v=n6pqGoXWZzo,35,Comment expresses being scared and thinking they missed an event.
a friCKING COMMERCIAL SHOULDN'T GIVE ME THIS MUCH EMOTION UNLESS ITS ASPCA DANGTI,anger,0,negative,tech_brand_story,https://www.youtube.com/watch?v=nnsSUqgkDwU,31,"Frustration about commercial evoking strong emotion, with sarcastic anger."
"The common misconception that I keep on seeing in these comments is people referring to the content in the ad as a protest. What is displayed in the ad is not a protest, it was a march for peace. Two VERY different things! They were not protesting against anything at all, it was a huge group of people of all races, nationalities, gender, and sexual orientation. They were holding up peace signs saying join the conversation, that is hardly a protest. The pepsi can was symbolic of an olive branch or flower, they weren't saying here have a pepsi it will make things better, they were conveying the message of extending peace. I am seeing so many people make this into something bigger then what it actually is. Now if you want to see something truly offensive, racist, near sided, etc. then read some of these comments, they are the real problem. Not a company making a bold step saying that we need peace.",neutral,4,neutral,disgust_brand_backlash,https://www.youtube.com/watch?v=KxAf8ZJvUPo,51,"Analytical explanation of ad's intent, no strong emotion expressed."
I vape fentanyl,neutral,4,neutral,fear_health_warning,https://www.youtube.com/watch?v=IJlIcK-gbLE,72,Factual statement without emotional tone.
I was NOT expecting that twist! Had to rewatch it a couple times to make sure I wasn't going crazy. It really does show that Evil can wear any face it wants....,surprise,6,negative,fear_public_safety,https://www.youtube.com/watch?v=0ygLvFG9QsA,240,"Unexpected twist caused shock and disbelief, with a dark realization about evil."
"Ok, holy shit. I did not remember it ending with all that. I only remember it cutting off just before the impact.",surprise,6,negative,sadness_psa,https://www.youtube.com/watch?v=B2rFTbvwteo,81,"Unexpected and shocking ending remembered, implying negative outcome."
"My dad never had any other vice except cigarettes. Started at 14-15 and smoke a pack or so a day. He was diagnosed with terminal lung cancer at age 39, died 6 months later. Please don’t smoke. I was 18 and my father was the most incredible man in my life. My favorite person in the world. ❤",sadness,5,negative,fear_health_warning,https://www.youtube.com/watch?v=EkkOTplBCmA,87,"Personal story of loss due to smoking, expressing grief and warning."
I love this video very much.its so emotional.😢😢😢😢❤,sadness,5,positive,sadness_psa,https://www.youtube.com/watch?v=vgain-EQdt0,112,"Expresses love and emotional impact, crying emojis indicate sadness but overall positive sentiment."
"This ad made me cry, please give your advertisement team a promotion",sadness,5,positive,beauty_brand_campaign,https://www.youtube.com/watch?v=z2T-Rh838GA,90,"Crying from ad but praising the team, mixed but dominant sadness."
United: Putting the hospital in hospitality,anger,0,negative,anger_brand_crisis,https://www.youtube.com/watch?v=VrDWY6C1178,33,Sarcastic criticism of United Airlines' poor service.
Done with GILLETTE . Used em all my life . No more!,anger,0,negative,disgust_brand_backlash,https://www.youtube.com/watch?v=8lXBs2Wy1OU,157,Expresses strong disapproval and decision to boycott Gillette.
"As a father I say this: It is never the child's fault. We knew what financial, mental and physical burdens it takes bringing a child into this world. It is our responsibility and our duty and take care of them and they should never feel bad. If we don't have the money it is our fault for not preparing, not your fault for existing. Any father that says it is your fault is not a father and is not worthy of the title if they spill out their frustration on you.",sadness,5,negative,sadness_psa,https://www.youtube.com/watch?v=O15dxrBNuAQ,1,"Expresses disappointment and frustration towards irresponsible fathers, with a protective tone."
"Would people be freaking out as much if the person in the ad was black? Like if Beyonce did this ad, I feel like people wouldn't be saying shit. I see where the judgement is coming from, but I think the message in the ad is a good one.",neutral,4,neutral,disgust_brand_backlash,https://www.youtube.com/watch?v=GNOu1Se6dYE,40,"Analytical observation about racial bias, no strong emotion expressed."
"Shut up, Al Roker, you stapled up clown. Go give Mike Pence a piece of candy.",anger,0,negative,disgust_brand_backlash,https://www.youtube.com/watch?v=zFm9FRxi0ZM,97,Insults and aggressive tone towards Al Roker.
"Love the fact that Wednesday is really good at fencing due to her father, Gomez, most likely throwing a fence at her randomly and being like ""FENCING TIME!""",joy,3,positive,streaming_trailer_reaction,https://www.youtube.com/watch?v=Di310WS8zLk,50,"Humorous appreciation of a character's backstory, expressing amusement and fondness."
I can't believe you people listen to serpent hag's posing as Christians . MSNBC is a beast system corporate establishment brainwashing operation gutting America from the inside,anger,0,negative,disgust_brand_backlash,https://www.youtube.com/watch?v=zFm9FRxi0ZM,17,Expresses strong disapproval and anger towards perceived deception and brainwashing.
😬 yikes this explains why I don’t eat fast food anymore.. you never know what them ppl doing to the food 🤢🤢🤢🤮😮‍💨,disgust,1,negative,brand_crisis_negative,https://www.youtube.com/watch?v=JVxCp22WatU,75,Expresses disgust and revulsion towards fast food preparation.
Wild,surprise,6,neutral,disgust_food_safety,https://www.youtube.com/watch?v=--OnclX8yac,63,Short exclamation expressing astonishment or disbelief.
It's a novelty truck. People get them cuz they're wierd.,neutral,4,neutral,automotive_controversy,https://www.youtube.com/watch?v=ro262oyhZAI,122,Factual observation without emotional expression.
This hurts so bad. I've been trying to be in my kids' lives for over 5 years now. I have been clean and sober for 6 years. She let me see them last week and this morning I woke up to a text saying it's not good for them to see them and she will let me know next time I'm allowed,sadness,5,negative,sadness_psa,https://www.youtube.com/watch?v=O15dxrBNuAQ,204,Expresses deep pain and frustration over being denied access to children despite sobriety.
Oh no i forgot one of my Español lessons😮😅,surprise,6,negative,app_brand_campaign,https://www.youtube.com/watch?v=Ew4kM1FmM8o,53,"Surprise at forgetting lesson, with mild embarrassment."
“Samsung Galaxy note 7 I might explode. “Me i’ll just watch the fireworks.,joy,3,positive,surprise_product_fail,https://www.youtube.com/watch?v=8H6jz30Im_Y,72,"Humorous comparison to exploding phone, watching fireworks."
I expelled a kidney stone that looked like this.,surprise,6,neutral,surprise_product_fail,https://www.youtube.com/watch?v=udxR5rBq_Vg,130,"Unexpected comparison to a kidney stone, likely surprising."
Recently started book reading and my one of the first few book - the art of thinking clearly brought me here ♥️,joy,3,positive,tech_brand_story,https://www.youtube.com/watch?v=nnsSUqgkDwU,45,Expresses happiness about starting reading and a specific book.
I bought a volvo because of this ad. Don't even know how to drive it.,joy,3,positive,automotive_brand_ad,https://www.youtube.com/watch?v=M7FIvfx5J10,140,Humorous admission of buying a car without knowing how to drive.
"Today, it has been 7 years.",sadness,5,negative,entertainment_fandom,https://www.youtube.com/watch?v=TcMBFSGVi1c,4,Mention of 7 years suggests loss or longing.
"The first rule of how to win friends and influence people is not to criricise people. In time, this will be seen as an example of what NOT to do.",neutral,4,neutral,disgust_brand_backlash,https://www.youtube.com/watch?v=8lXBs2Wy1OU,87,"Informative comment about a book, no strong emotion."
"Not only is the vibration noise really creepy, but for some reason I can just imagine waking up to this alarm and being absolutely fucking terrified 😭😭",fear,2,negative,surprise_product_fail,https://www.youtube.com/watch?v=8H6jz30Im_Y,7,Expresses terror and creepiness about the alarm sound.
"Muslim Girl was married to one of the guys on 9/11 . . . ""That was 23 years ago! That would be she was only like 4-6 at the time."" . . . Exactly . . . X3",anger,0,negative,disgust_brand_backlash,https://www.youtube.com/watch?v=VogNNsQ3Gmw,124,Sarcastic tone implying criticism of blaming a child for 9/11.
At this point releasing flagships every year does more bad than good. Better skip a year or two and offer more worthwhile upgrades between models.,neutral,4,negative,tech_review_mixed,https://www.youtube.com/watch?v=XkXbkxtBlwY,23,"Criticizes yearly flagship releases, suggesting skipping years for better upgrades."
Hey what you dipshits think about Cambridge analytics. Did they united kingdom illuminati help shitler dolf tramp Trump of soiled London win the election. Cum cum niggers spill the beans yo. Mitchell David Mitchell 6X6,anger,0,negative,surprise_launch_reaction,https://www.youtube.com/watch?v=4qGw9WH4Xj8,37,Aggressive language and insults indicate strong anger.
anyone from 2026,neutral,4,neutral,entertainment_fandom,https://www.youtube.com/watch?v=TcMBFSGVi1c,12,"Simple inquiry about viewers from a future year, no emotional tone."
The lids on the containers says it all 🤮,disgust,1,negative,disgust_food_safety,https://www.youtube.com/watch?v=xPGCrRRFWBk,25,Expresses disgust with vomit emoji and negative tone about lids.
How come the battery was catching fire when poked at?,surprise,6,negative,surprise_product_fail,https://www.youtube.com/watch?v=_Cd2WIxKRDk,189,Expresses surprise and concern about battery fire.
THIS was the point in time were the internet really started to get weird but very funny.,joy,3,positive,classic_brand_ad,https://www.youtube.com/watch?v=owGykVbfgUE,2,Comment expresses amusement and nostalgia about internet becoming funny.
Those ppl who doesnt know: you have to charge 1 to 100 without touching it 500 and 700 battery is way too hot and explode when note 7 appear you have 10 second to complete shut down if you dont it will explode call 911 with your another phone when fire comes say HELP ME ! THE FIRE COMES GO GO and say your address when you dont you will die SAFE ZONE HERE (Not begging for likes) 👇,fear,2,negative,surprise_product_fail,https://www.youtube.com/watch?v=8H6jz30Im_Y,108,"Comment describes battery explosion danger with urgent, panicked instructions."
"cause you’re not suppose to inhale the smoke when you vape, you inhale with cigarettes",neutral,4,neutral,fear_health_warning,https://www.youtube.com/watch?v=IJlIcK-gbLE,139,"Informational correction about vaping vs smoking, no emotional tone."
"I'll never fight united again. That could had be your brother, father or son. This is not how a customer should be treated. It's the airline fault for overbooking. People book that flight because it fix their schedule and if they change flight they could be late. Who ever still fly united, I hope you get drag next!",anger,0,negative,anger_brand_crisis,https://www.youtube.com/watch?v=WEw-GjTriIo,47,Expresses outrage over mistreatment and calls for boycott.
Her father have an awesome heart,joy,3,positive,sadness_psa,https://www.youtube.com/watch?v=iVrQqWIs6ZE,105,Expresses admiration and warmth towards someone's father.
"As terrible as I feel for Terrie and her family, I'm so grateful and feel so blessed that i in all my 28 years of life have never smoked a cigarette and never intend to. I heard once you start it's hard as hell to quit and i don't want to go anywhere near that route.",sadness,5,negative,fear_health_warning,https://www.youtube.com/watch?v=X4k12miYJ4M,62,Expresses sympathy for Terrie's suffering and fear of addiction.
Wow Gillett...men have to hold each other accountable for their bad behaviour,surprise,6,positive,disgust_brand_backlash,https://www.youtube.com/watch?v=-4Qa9ZXTg2g,96,Expresses surprise and approval of accountability among men.
cringe level 3000,disgust,1,negative,disgust_brand_backlash,https://www.youtube.com/watch?v=VogNNsQ3Gmw,97,Expresses strong disapproval and secondhand embarrassment.
"First time seeing this & it’s funny the way he looks at them afterward like “hmm, I see” 😂",joy,3,positive,surprise_product_fail,https://www.youtube.com/watch?v=LMWwImDX3ks,82,Comment expresses amusement and laughter at the video content.
Low-key could be a horror game soundtrack and it would still fit in,surprise,6,positive,surprise_product_fail,https://www.youtube.com/watch?v=8H6jz30Im_Y,8,"Unexpected comparison to horror game soundtrack, but still fitting."
It has been three hours. I am now in the hospital thanks to this video. I had a stroke,sadness,5,negative,fear_public_safety,https://www.youtube.com/watch?v=3Twl1soaBJM,104,"Commenter claims physical harm from video, indicating distress."
"I only know Facebook, Instagram and TikTok. Idk what apps are popular in China except WeChat and Douyin but I didn't expect they'd be using that many platforms to promote themselves. This is commitment on another level. Props to them",surprise,6,positive,brand_crisis_negative,https://www.youtube.com/watch?v=tHn5bOBoEMI,148,"Unexpected discovery of many Chinese platforms, expressed with admiration."
"""Much less picked it up and smoked it."" These ads are heartbreaking. If only my father could pay attention to them.",sadness,5,negative,fear_health_warning,https://www.youtube.com/watch?v=X4k12miYJ4M,11,"Expresses personal grief over a father's smoking habit, referencing heartbreaking ads."
Shocking!,surprise,6,neutral,disgust_food_safety,https://www.youtube.com/watch?v=--OnclX8yac,55,Exclamation of surprise without clear positive or negative context.
This is totally unacceptable,anger,0,negative,brand_crisis_negative,https://www.youtube.com/watch?v=JVxCp22WatU,90,Expresses strong disapproval and frustration.
BOOM 💥,surprise,6,positive,surprise_product_fail,https://www.youtube.com/watch?v=8H6jz30Im_Y,121,Exclamation and explosion emoji indicate excitement and surprise.
this really is sad seeing how much smoking can impact your life and health deeply. thank you for spreading this info!,sadness,5,negative,fear_health_warning,https://www.youtube.com/watch?v=EkkOTplBCmA,242,"Expresses sadness about smoking's impact, but gratitude for info."
"PSA FOR ANYONE WHO NEEDS THIS INFO: if you see links in the comments under any video... DONT CLICK ON THEM!!! I repeat: DONT CLICK ON THEM. It will take you to a couple of different websites that are inappropriate and you might not want to see it. Also, it’s most likely not secure and you can get a virus from it. It can also steal your information like passwords or stuff. BE SAFE",anger,0,negative,fear_health_warning,https://www.youtube.com/watch?v=IJlIcK-gbLE,7,Urgent warning with strong language and emphasis on danger.
"This is honestly embarrassing, as someone who works/runs a restaurant, it would nvr fly. Whats the point of health inspections if places like this are allowed to stay open?????? FOR REAL",anger,0,negative,disgust_food_safety,https://www.youtube.com/watch?v=--OnclX8yac,90,Expresses frustration and disbelief about health inspection failures.
Me: what's the price tho? sony: I heard you have a stimulus check,joy,3,positive,gaming_product_launch,https://www.youtube.com/watch?v=RkC0l4iekYo,19,"Humorous comment mocking Sony's pricing, implying it's expensive but funny."
"Glad that the other emotions: Fear, Anger, Disgust get to join in adventuring around Riley's mind now",joy,3,positive,movie_trailer_joy,https://www.youtube.com/watch?v=LEjhY15eCx0,26,Expresses happiness about new emotions joining the story.
"aku merasakan nya , anyone 2025 here !",joy,3,positive,sadness_psa,https://www.youtube.com/watch?v=B2rFTbvwteo,87,Expresses connection and excitement about being in 2025.
The problem here is that Gillette also sells woman razors and I bet it won’t show an advert about female abuse and female bullying.,anger,0,negative,disgust_brand_backlash,https://www.youtube.com/watch?v=-4Qa9ZXTg2g,178,"Criticizes Gillette's hypocrisy, implying double standards, which shows frustration."
Okay i'm not gonna drink it then,neutral,4,neutral,fast_food_brand_launch,https://www.youtube.com/watch?v=chYLHu0w8z0,40,Comment expresses a decision without strong emotion.
RIP Terrie. You saved thousands of lives by sharing your story. I am sure your family grieves terribly for you but they are proud of how you educated so many people about how terrible smoking is.,sadness,5,positive,fear_health_warning,https://www.youtube.com/watch?v=5zWB4dLYChM,18,Expresses grief over loss but acknowledges positive impact and pride.
LMAO!!!!!! NICE VIDEO!!!,joy,3,positive,anger_brand_crisis,https://www.youtube.com/watch?v=yJTaGf5zURQ,162,Laughter and excitement expressed through 'LMAO' and 'NICE VIDEO'.
you can’t call 911 where you have no cellular signal to any towers. that’s why satellite emergency services are a thing,neutral,4,neutral,anger_customer_service,https://www.youtube.com/watch?v=-LZ_a5TER_0,231,"Informative statement about emergency services, no emotional tone."
Confronting bullies?! You fake news pushers are OUT OF YOUR MINDS! It's BLATANT ANTI-MALE PROPAGANDA! Do the same WITH ANY DEMOGRAPHIC! IT IMPLIES Males (especially white) are INHERENTLY BAD and must be TOLD to be good!,anger,0,negative,disgust_brand_backlash,https://www.youtube.com/watch?v=liPlJ_ynd_Q,245,Strong anger and outrage expressed through all caps and accusations.
Wow I didn't know there were that many platforms,surprise,6,neutral,brand_crisis_negative,https://www.youtube.com/watch?v=tHn5bOBoEMI,134,Expresses surprise at the number of platforms.
"Prodding a dismembered battery with metal tweezers, doesn't exactly constitute an ""EXPLOSION!!'",neutral,4,negative,surprise_product_fail,https://www.youtube.com/watch?v=_Cd2WIxKRDk,137,Sarcastic tone criticizing exaggeration of a non-event.
I am almost 13 and I swear I will NEVER EVER do drugs,fear,2,negative,fear_health_warning,https://www.youtube.com/watch?v=X4k12miYJ4M,244,Strong vow against drugs suggests fear of consequences.
"Our biggest problem is that we always think this kind of thing only happens to others. You can drive at 120 km/h calmly, others have accidents, but you were born immune to that. Others will get cancer from smoking, but you’ll never go through that... RIP Terrie, may God keep you in a good place -- o maior problema nosso é que sempre achamos que esse tipo de coisa só acontece com os outros. você pode dirigir a 120 kms por hora tranquilo, os outros sofrem acidentes, você nasceu imune a isso. Os outros terão câncer devido ao cigarro, você nunca vai passar por isso... RIP Terrie, que Deus a tenha em um bom lugar.",sadness,5,negative,fear_health_warning,https://www.youtube.com/watch?v=X4k12miYJ4M,87,"Reflects on human denial of mortality, expresses grief and loss for Terrie."
Remind me to NEVER eat in Atlanta 😂,joy,3,positive,disgust_food_safety,https://www.youtube.com/watch?v=dhBxrfETXJA,192,"Laughter emoji indicates humor, despite negative statement."
She’s doing that like she’s been doing that for years with out a single worry….very scary,fear,2,negative,brand_crisis_negative,https://www.youtube.com/watch?v=JVxCp22WatU,29,Expresses unease and fear about her skill and lack of worry.
When someone swipes you the cost to replace the stainless is very pricey too.. not easy to do body work on stainless steel..,neutral,4,neutral,automotive_controversy,https://www.youtube.com/watch?v=ro262oyhZAI,15,Informational comment about cost and difficulty of stainless steel repair.
Even the floor's filthy.,disgust,1,negative,disgust_food_safety,https://www.youtube.com/watch?v=xPGCrRRFWBk,42,Expresses disgust at the dirty floor condition.
Oh I can't wait for my order 1 day more. 😂,joy,3,positive,tech_review_mixed,https://www.youtube.com/watch?v=XkXbkxtBlwY,81,"Expresses excitement with laughter emoji, despite slight impatience."
They need to redo these ads with vaping ! And joint smoking- any combustible smoke in your lungs is a carcinogen,anger,0,negative,fear_health_warning,https://www.youtube.com/watch?v=EkkOTplBCmA,84,Criticizes ads and highlights health risks with sarcastic tone.
Samsung Note7 Boom,surprise,6,negative,surprise_product_fail,https://www.youtube.com/watch?v=8H6jz30Im_Y,48,Reference to exploding phone implies shock and negative event.
Device Explosion Is Danger,fear,2,negative,surprise_product_fail,https://www.youtube.com/watch?v=8H6jz30Im_Y,39,Expresses concern about danger from device explosion.
Lame.,disgust,1,negative,disgust_brand_backlash,https://www.youtube.com/watch?v=liPlJ_ynd_Q,144,Expresses disapproval and disappointment.
Can we have a talk about Meizu series next time? I'm really waiting for this list🥰,joy,3,positive,tech_review_mixed,https://www.youtube.com/watch?v=XkXbkxtBlwY,23,Expresses anticipation and excitement with a heart emoji.
What is the name of movie,neutral,4,neutral,sadness_psa,https://www.youtube.com/watch?v=vgain-EQdt0,206,Simple factual question without emotional tone.
"Oh my gosh, that voice acting will send chills down your spine. 😳",surprise,6,positive,fast_food_brand_launch,https://www.youtube.com/watch?v=chYLHu0w8z0,29,Expression of awe and amazement at voice acting quality.
People Tears Accidentally drop at the dislike button. T.T,sadness,5,negative,sadness_psa,https://www.youtube.com/watch?v=uaWA2GbcnJU,236,Mention of tears and accidental dislike suggests sadness.
Yeah I thought that was her mom too,neutral,4,neutral,fear_public_safety,https://www.youtube.com/watch?v=0ygLvFG9QsA,130,Factual statement without strong emotional tone.
One of my favorite commercial of all time 🙂🌎,joy,3,positive,sadness_psa,https://www.youtube.com/watch?v=iVrQqWIs6ZE,89,Expresses strong liking with a smiling emoji and earth emoji.
The QUALITY of this video is outstanding Jon and Brian. Putting sound effects and music with Sam's/AppleTrack's renders gives them a lot of gravity and makes them feel like they are straight out of an Apple event. Job well done!,joy,3,positive,tech_product_launch,https://www.youtube.com/watch?v=n6pqGoXWZzo,90,Expresses admiration and appreciation for video quality and effort.
dumb ad,anger,0,negative,disgust_brand_backlash,https://www.youtube.com/watch?v=liPlJ_ynd_Q,151,Expresses frustration with an advertisement.
It somewhat resembles a Egyptian pyramid on wheels of stone. It's almost as heavy too.,neutral,4,neutral,automotive_controversy,https://www.youtube.com/watch?v=ro262oyhZAI,68,Descriptive observation without strong emotional tone.
So… the “mom” kidnapped her? It was an AMBER?,surprise,6,neutral,fear_public_safety,https://www.youtube.com/watch?v=0ygLvFG9QsA,158,"Expresses surprise at plot twist, no strong positive/negative tone."
I guarantee a lot of people died today because all communications and internet that uses the verizon services in america was brought down. thats a lot of people who would have a medical emergency unable to call for help or the emergency services may use the verizon services and they were down unable to recieve and make calls and unable to get online. this was an attack and i hope people see it for what it is.,anger,0,negative,anger_customer_service,https://www.youtube.com/watch?v=oZRywTkhwrA,56,"Expresses strong anger and blame, accusing Verizon of causing deaths."
"So supposed to be bullet proof, why throw spanners and crap at it. How about using a gun with bullets , rather than throwing a small cannon ball.",anger,0,negative,surprise_product_fail,https://www.youtube.com/watch?v=LMWwImDX3ks,226,Frustration with product claims and sarcastic suggestion for testing.
"This is so SO sad especially when she says ""He lies"" and it shows the dad... I always cry when I see this.",sadness,5,negative,sadness_psa,https://www.youtube.com/watch?v=O15dxrBNuAQ,176,Expresses deep sadness and crying over a poignant scene.
"Why even put in the title,""apparently"".",anger,0,negative,anger_brand_crisis,https://www.youtube.com/watch?v=WEw-GjTriIo,223,"Frustration with misleading title, implying deception."
moral of the story: not all kidnappers are big scary men,surprise,6,neutral,fear_public_safety,https://www.youtube.com/watch?v=0ygLvFG9QsA,104,"Sarcastic twist on expectations, no strong positive/negative tone."
Not true I asked for some funny racist jokes and it said it couldn’t do that 😅,surprise,6,neutral,surprise_launch_reaction,https://www.youtube.com/watch?v=4qGw9WH4Xj8,45,Comment expresses surprise at AI's refusal with a laughing emoji.
The video hit 1 mil dislikes so they reposted it,anger,0,negative,disgust_brand_backlash,https://www.youtube.com/watch?v=liPlJ_ynd_Q,73,"Criticizes reposting due to dislikes, implying dishonesty."
Millions of people,neutral,4,neutral,anger_customer_service,https://www.youtube.com/watch?v=MUo3n8QSQLE,88,Factual statement without emotional tone.
Omg people are seriously taking offense to this?? Ha liberals,anger,0,negative,disgust_brand_backlash,https://www.youtube.com/watch?v=GNOu1Se6dYE,216,"Sarcastic dismissal of others' offense, mocking liberals."
They should make an ad telling women to stop falsely accusing someone of rape.,anger,0,negative,disgust_brand_backlash,https://www.youtube.com/watch?v=-4Qa9ZXTg2g,20,Expresses frustration and accusation against false rape claims.
Bro had an booty at 0:18 😭,surprise,6,neutral,app_brand_campaign,https://www.youtube.com/watch?v=Ew4kM1FmM8o,68,Comment expresses surprise at an unexpected visual detail.
Im to short I'm a kid I'm not that smart my leg can't reach those stuff if I go for it I gotta crouch for it..😊,sadness,5,negative,fear_public_safety,https://www.youtube.com/watch?v=tAlrXpn5MOc,203,"Expresses frustration about physical limitations, but smiley suggests mild acceptance."
I don't get how the ad is wrong??,neutral,4,neutral,disgust_brand_backlash,https://www.youtube.com/watch?v=KxAf8ZJvUPo,164,Expresses confusion about the ad's correctness
"I was a terrible, terrible person once in my life. For many years, I was just the worst kind of person. I managed to turn my life around, and now I try to live like this every day. And I'm so much happier in my life.",joy,3,positive,sadness_psa,https://www.youtube.com/watch?v=uaWA2GbcnJU,18,Expresses happiness and pride in personal transformation.
Where's the Pepsi when you need it ....,surprise,6,negative,anger_brand_crisis,https://www.youtube.com/watch?v=WEw-GjTriIo,31,Comment expresses disappointment or frustration about missing Pepsi.
"Well...us guy's still got Shick razor's, or the old straight razor...classic.",joy,3,positive,disgust_brand_backlash,https://www.youtube.com/watch?v=8lXBs2Wy1OU,146,Expresses pride and satisfaction with classic shaving methods.
The person who runs the marketing department of Volvo is a genius,joy,3,positive,automotive_brand_ad,https://www.youtube.com/watch?v=M7FIvfx5J10,86,Expresses admiration and praise for Volvo's marketing.
If you care about your health just cook your own food at home. You have no idea how bad some kitchens are,anger,0,negative,brand_crisis_negative,https://www.youtube.com/watch?v=JVxCp22WatU,23,Expresses frustration and warning about unhealthy restaurant kitchens.
The health department needs to shut it down!!,anger,0,negative,brand_crisis_negative,https://www.youtube.com/watch?v=JVxCp22WatU,11,"Expresses strong demand for action, implying frustration."
I've welded a lot of aero-space stuff...they never call it stainless...it's always corrosion resistant....CRES....,neutral,4,neutral,automotive_controversy,https://www.youtube.com/watch?v=ro262oyhZAI,13,"Informational comment about terminology, no emotional tone."
Mi corazón 🥺,sadness,5,negative,beauty_brand_campaign,https://www.youtube.com/watch?v=z2T-Rh838GA,101,Heart emoji with sad eyes indicates emotional pain or longing.
I was watching porn.. How did I end up on this video!,surprise,6,neutral,classic_brand_ad,https://www.youtube.com/watch?v=owGykVbfgUE,149,Expresses surprise at unexpected video transition.
Unless you live in an area where you dont have any providers anywhere so cant call emergency services,neutral,4,neutral,anger_customer_service,https://www.youtube.com/watch?v=-LZ_a5TER_0,232,Factual statement about emergency service availability.
attending an event to only watch a pre recorded shit is the laziest thing a 3 trillion dollar company could do,anger,0,negative,tech_product_launch,https://www.youtube.com/watch?v=UXmLSfv3NQI,89,Expresses frustration and criticism towards a company's lazy action.
Wow dunkey of the day? Lmao ... smh 😑😑,disgust,1,negative,disgust_brand_backlash,https://www.youtube.com/watch?v=MGxpkIK2lVs,187,Sarcastic disappointment with 'smh' and eye-roll emojis.
"In the early to mid 2020s, me and my family had takeout from Hong Kong Buffet in Minnesota and it was a very similar experience. Not only was the food bland, but halfway through eating I found a dead fly in my rice. Absolutely DIABOLICAL. I immediately spat out what I was eating, threw the rest away, washed my mouth and went fridge diving. Thankfully, no-one was hospitalized.",disgust,1,negative,disgust_food_safety,https://www.youtube.com/watch?v=--OnclX8yac,119,"Describes finding a dead fly in food, causing disgust and negative experience."
This can easily be solved by software. That's why software engineers exist,neutral,4,neutral,brand_crisis_negative,https://www.youtube.com/watch?v=tHn5bOBoEMI,83,Factual statement about software engineering without emotional tone.
"This commercial is completely offensive and anyone who doesn't see that has a issue. Imagine this: Kendall Jenner doing a photo shoot in Nazi Germany and stops the shoot to run away from German soldiers along side hundreds of Jews and while she's running she sees Hitler. So she hands Hitler a Pepsi and he smiles and has his men shoot everyone standing. Would you still believe this commercial was entertainment uplifting and empowering? Would you be commenting on here saying ""Jews these days are such cry babies"" like I read a man say in another comment? I don't think so #staywoke",anger,0,negative,disgust_brand_backlash,https://www.youtube.com/watch?v=KxAf8ZJvUPo,114,"Strongly criticizes the commercial with a provocative analogy, expressing outrage."
"This commercial blows all the cringe Truth ""Left Swipe"" ads out of proportion",anger,0,negative,fear_health_warning,https://www.youtube.com/watch?v=5zWB4dLYChM,64,Expresses frustration and criticism towards other ads.
"Dumb question, buuut... Will I still need to wear my glasses to watch a movie and how would I wear this over my glasses?",neutral,4,neutral,tech_product_launch,https://www.youtube.com/watch?v=Btf4mN37OsU,128,Asking a practical question without strong emotional tone.
the video was touching enough to make him tear up...like cutting onions will do,sadness,5,negative,tech_brand_story,https://www.youtube.com/watch?v=nnsSUqgkDwU,43,"Tearing up from emotional video, compared to cutting onions."
"The ugliest car I've ever seen, ever.",disgust,1,negative,surprise_product_fail,https://www.youtube.com/watch?v=LMWwImDX3ks,241,Strong negative reaction to the car's appearance.
"What city are you in in those pictures, it looks cool!",joy,3,positive,tech_review_mixed,https://www.youtube.com/watch?v=XkXbkxtBlwY,90,Expresses curiosity and admiration for the location.
Possibly the greatest commercial ever made.,joy,3,positive,automotive_brand_ad,https://www.youtube.com/watch?v=M7FIvfx5J10,24,Expresses admiration and high praise for the commercial.
Do youtubers have enough courage to ask samsung why removed bluetooth connectivity to the s pen...the only feature makes ultra unique from the rest of phones ..,anger,0,negative,tech_review_mixed,https://www.youtube.com/watch?v=XkXbkxtBlwY,16,"Frustration about missing S Pen Bluetooth feature, questioning company's decision."
Sjw,anger,0,negative,disgust_brand_backlash,https://www.youtube.com/watch?v=GNOu1Se6dYE,130,Dismissive term implying frustration with social justice topics.
"Punctures battery to display combustion on a fire proof, non-combustible sheet of....wait.... forget that. It's paper.",surprise,6,negative,surprise_product_fail,https://www.youtube.com/watch?v=_Cd2WIxKRDk,113,Sarcastic tone highlighting dangerous demonstration on paper.
Still having issues!!!! I demand a credit,anger,0,negative,anger_customer_service,https://www.youtube.com/watch?v=cA3ySA9u7cI,2,"Expresses frustration and demands a credit, indicating anger."
What our children should be shown and taught about. Wow,surprise,6,positive,beauty_brand_campaign,https://www.youtube.com/watch?v=z2T-Rh838GA,2,Expresses surprise and approval about educational content.
Brave? Really,disgust,1,negative,disgust_brand_backlash,https://www.youtube.com/watch?v=-4Qa9ZXTg2g,122,Sarcastic tone expressing disbelief and disapproval.
"It isn't the man, it's who raises the boy.",neutral,4,neutral,disgust_brand_backlash,https://www.youtube.com/watch?v=liPlJ_ynd_Q,21,Observational statement without strong emotion.
"Fired ,how disgusting. That's one reason I don't eat out 🤮",disgust,1,negative,brand_crisis_negative,https://www.youtube.com/watch?v=JVxCp22WatU,15,Expresses disgust and anger about being fired and eating out.
This is ridiculous!!!! Don't fly United Airlines.,anger,0,negative,anger_brand_crisis,https://www.youtube.com/watch?v=1PA0geOa4PM,32,Expresses strong frustration and anger towards United Airlines.
Bro just move bro out of the way lol 😅😅,joy,3,positive,fear_public_safety,https://www.youtube.com/watch?v=tAlrXpn5MOc,109,"Amused by someone blocking the way, uses laughing emojis."
Yes yes shave off your manhood your beard is too masculine do not be an alpha with the beard get rid of the beard to get rid of your masculinity and be feminine wussies have no beards i,anger,0,negative,disgust_brand_backlash,https://www.youtube.com/watch?v=liPlJ_ynd_Q,219,"Sarcastic anger against shaving beards, attacking masculinity and calling people wussies."
Everybody wants to be Steve jobs nowadays..,neutral,4,neutral,surprise_product_fail,https://www.youtube.com/watch?v=LMWwImDX3ks,85,Observation about imitation without strong emotional tone.
United should have asked their employees to take another flight. There is no reason for the paying customer to give up their seat for United employees.,anger,0,negative,anger_brand_crisis,https://www.youtube.com/watch?v=1PA0geOa4PM,9,Criticizes United Airlines for prioritizing employees over paying customers.
I’m glad that Joy learn that all of the other emotions are important. That’s character development.,joy,3,positive,movie_trailer_joy,https://www.youtube.com/watch?v=LEjhY15eCx0,40,Expresses happiness about character development and learning.
My mom: What did it cost you? Me: *Everything*,sadness,5,negative,gaming_product_launch,https://www.youtube.com/watch?v=RkC0l4iekYo,61,"Reference to sacrifice and loss, implying emotional cost."
Had a coworker who lost a lung to smoking related cancer. He still insisted on it. Last I saw him was 2 years ago. He said he had a cancer diagnosis again and he was just gonna let it run its course. He's probably dead now. I will never understand how people will still fall to the addiction even after brushing with death.,sadness,5,negative,fear_health_warning,https://www.youtube.com/watch?v=EkkOTplBCmA,68,Story of coworker's death from smoking addiction evokes sadness and frustration.
"I thought it was accidental adding to this in my ""Watch me next later""",surprise,6,neutral,fear_health_warning,https://www.youtube.com/watch?v=X4k12miYJ4M,203,Comment expresses mild surprise about accidental addition.
What a joke,anger,0,negative,surprise_product_fail,https://www.youtube.com/watch?v=udxR5rBq_Vg,138,Dismissive tone expressing frustration or contempt.
This makes me think twice about wanting to have a cigarette and believe me I have been craving one when someone smokes around me,fear,2,negative,fear_health_warning,https://www.youtube.com/watch?v=5zWB4dLYChM,7,Expresses fear and concern about smoking cravings and health.
Still have never bought a Gillette Product since that ad.,anger,0,negative,disgust_brand_backlash,https://www.youtube.com/watch?v=8lXBs2Wy1OU,191,Expresses boycott and resentment towards Gillette ad.
"Yikes.... The fact that they see nothing wrong with this & how nightmarish it really is, is absolutely scary. Its sad.",fear,2,negative,brand_crisis_negative,https://www.youtube.com/watch?v=tHn5bOBoEMI,68,Expresses fear and sadness about a nightmarish situation.
"""Eating there is just asking for food poisoning"" Coronavirus: Enters Chat",fear,2,negative,disgust_food_safety,https://www.youtube.com/watch?v=--OnclX8yac,67,Expresses fear of food poisoning and pandemic danger.
Wednesday's acting was killing. Even top artists can't replace her as Wednesday 🔥🔥,joy,3,positive,streaming_trailer_reaction,https://www.youtube.com/watch?v=Di310WS8zLk,16,Praise for acting with fire emojis shows excitement and admiration.
Rest In Peace 🥺 I’m sorry this happened to u :(,sadness,5,negative,fear_health_warning,https://www.youtube.com/watch?v=X4k12miYJ4M,178,Expresses grief and sympathy for a loss.
5 years BOYS 🥰🥰🥰,joy,3,positive,gaming_product_launch,https://www.youtube.com/watch?v=RkC0l4iekYo,109,Expresses excitement and happiness with heart emojis.
"Regardless of who is offended by this ad, it's just lame. The ""point"" Pepsi was trying to get across was lost by trying to throw everything in one commercial. I can see where the backlash is coming from so I'm going to let Pepsi suffer the negative repercussions of their lame commercial.",disgust,1,negative,disgust_brand_backlash,https://www.youtube.com/watch?v=zFm9FRxi0ZM,1,Expresses disappointment and criticism towards the ad's execution.
I live in iowa and mine was out last week but working fine now,neutral,4,neutral,anger_customer_service,https://www.youtube.com/watch?v=oZRywTkhwrA,29,Factual statement about power outage with no strong emotion.
These Asian commercials/shortvideos/... are always so sad :( but beautiful.,sadness,5,negative,sadness_psa,https://www.youtube.com/watch?v=O15dxrBNuAQ,25,"Expresses sadness about the content, despite acknowledging beauty."
"Yes these types of ads are scary. Hell, I had nightmares about these types of ads. But they have saved lives. They are raw, real, and definitely prevented me from ever starting. “They pop up when you’re just watching TV and trying to relax” yeah, that’s the point.",fear,2,positive,fear_health_warning,https://www.youtube.com/watch?v=EkkOTplBCmA,111,Acknowledges fear from ads but supports their life-saving purpose.
"I wish I could give her a hug, she's in a better place now",sadness,5,negative,fear_health_warning,https://www.youtube.com/watch?v=5zWB4dLYChM,40,"Expresses sorrow and loss, but finds comfort in peace."
This is why people should ban cigarette smoking,anger,0,negative,fear_health_warning,https://www.youtube.com/watch?v=5zWB4dLYChM,42,Expresses strong disapproval and desire to ban smoking.
The outage makes no sense. I have 2 Verizon phones (one for work) and only one of them had no service but the other did. In the exact same locations…,anger,0,negative,anger_customer_service,https://www.youtube.com/watch?v=MUo3n8QSQLE,35,Expresses frustration and confusion about inconsistent service.
"I was sitting waiting for a light to change with a cop behind me. The light turned green and I looked both ways. I saw a truck coming, black smoke pouring out if the pipes, clearly at full throttle, not going to stop. The cop decided I wasn't paying attention and gave me a little ""toot-toot"" but it was timed perfectly with the truck passing through the intersection. Always assume the other driver is an absolute idiot, that way, you're ready when they do something stupid.",neutral,4,neutral,sadness_psa,https://www.youtube.com/watch?v=B2rFTbvwteo,11,"Informative anecdote about defensive driving, no strong emotion."
Every time I watch this video I always cry!!! It never fails!!! Even after watching it thirty times I still cry!!! This is so good!!! TT-TT,sadness,5,positive,sadness_psa,https://www.youtube.com/watch?v=iVrQqWIs6ZE,107,"Crying from emotional impact, but expresses appreciation for the video."
"Thank you Terrie for spreading the word on the dangers of cigarette smoking! Many people underestimate the risks. Your courage is greatly admired, and this message will save many lives. Thanks to you, people who smoke will seriously consider quitting and for those who never smoked, they will hopefully never start.",joy,3,positive,fear_health_warning,https://www.youtube.com/watch?v=X4k12miYJ4M,59,Expresses gratitude and admiration for spreading awareness about smoking dangers.
"If a person does not know how to cry, then he must watch this video.",sadness,5,negative,sadness_psa,https://www.youtube.com/watch?v=uaWA2GbcnJU,153,"Implies crying from sadness, suggesting emotional pain."
Let's see what am I going to be outraged about today. I know let's get outraged over a Pepsi commercial. It is getting stupid that everyday somebody on twitter has to find something to be outraged over. Tomorrow somebody on twitter will find some other nonsense to be outraged over.,anger,0,negative,disgust_brand_backlash,https://www.youtube.com/watch?v=MGxpkIK2lVs,133,Expresses frustration and anger at outrage culture over trivial matters.
An honest ad,neutral,4,neutral,sadness_brand_story,https://www.youtube.com/watch?v=YvYGO4o334I,74,Comment is a factual observation without strong emotion.
"I was involved in an accident on May 29th I was looking up a the stats of a Ford F-150 on my phone when I crashed into a 2010 Chevy Equinox. I hit the car at 35-40 mph. There was a 1 year old child in the car. He was crying, the family sustained no injuries while my two legs were bruised. I was lucky to be alive as well as the family. From now onwards I will longer be driving the car while drive with a phone on hand.",fear,2,negative,fear_public_safety,https://www.youtube.com/watch?v=O8MQV40pOtk,26,"Describes a traumatic accident with fear and relief, but dominant emotion is fear."
"As a truck driver, if people would only know how much skill it takes, to keep this tractor truck in control backwards with a trailer. Insane driving skill.",neutral,4,positive,automotive_brand_ad,https://www.youtube.com/watch?v=M7FIvfx5J10,100,Expresses respect and admiration for truck driving skill.
I think ppl are so freaking rediculous the little girl didn’t mean to offend or harm anyone she was payed to do a commercial btw that most of these ppl having something to say about it would jump at the chance for a opportunity like this ppl need to get a life there are much worse things going on in the world than a damn Pepsi commercial Get Real ppl,anger,0,negative,disgust_brand_backlash,https://www.youtube.com/watch?v=KxAf8ZJvUPo,53,"Frustration and anger towards critics, using strong language like 'freaking ridiculous'."
I wish they cleaned the grills better. Every now and then they get some of that nasty crap onto your sandwich and itll make you puke.,disgust,1,negative,brand_crisis_negative,https://www.youtube.com/watch?v=kQg2LMmpPn8,154,Expresses disgust at dirty grills causing nausea.
Thank God i'm never part of the outages or I'm asleep while they happen lol,joy,3,positive,anger_customer_service,https://www.youtube.com/watch?v=MUo3n8QSQLE,1,Expresses relief and humor about avoiding outages.
Let's say good morning to the people first,neutral,4,neutral,disgust_brand_backlash,https://www.youtube.com/watch?v=MGxpkIK2lVs,45,Simple greeting without emotional tone.
the walking dead picture had me rolling on the floor :D,joy,3,positive,anger_brand_crisis,https://www.youtube.com/watch?v=yJTaGf5zURQ,86,Expresses amusement and laughter with emoji.
This is so f-ing cute.,joy,3,positive,tech_brand_story,https://www.youtube.com/watch?v=nnsSUqgkDwU,74,Strong positive reaction to cuteness.
"You should put a big ""Mr. Yuck"" sticker graphic over those that failed!",disgust,1,negative,disgust_food_safety,https://www.youtube.com/watch?v=dhBxrfETXJA,225,"Suggests labeling failures with a poison warning sticker, implying disgust."
Love that this is coming from the clear bot page,joy,3,positive,brand_crisis_negative,https://www.youtube.com/watch?v=tHn5bOBoEMI,154,Expresses appreciation and positive feeling about the source.
Monkeys-R-Us.......,neutral,4,neutral,sports_brand_purpose,https://www.youtube.com/watch?v=jBnseji3tBk,33,"Factual or observational statement about evolution, no strong emotion."
standing at the side of it while it gonna explode is wild,surprise,6,negative,surprise_product_fail,https://www.youtube.com/watch?v=8H6jz30Im_Y,89,Expresses shock and disbelief at dangerous situation.
"Even if it says in a clause that they can remove someone from a plane, it doesn't say they can use force to remove a Paying cx and doesn't say it's allowed to assault a paying client while doing so. Absolutely disgusting what united airlines and the CEO did and said.",anger,0,negative,anger_brand_crisis,https://www.youtube.com/watch?v=WEw-GjTriIo,245,Expresses outrage at United Airlines' use of force against a passenger.
"Rest in peace. My mother died from metastatic cancer which spread from her breast to her lung and never smoked a day in her life. If you can prevent cancer from not smoking - then please stop. Thank you, Ms. Hall for giving or yourself and opening your life to show what you smoking did to you. I hope it helped saved thousands of lives. Sleep well, and know you are in pain no more and you can now sing with the angels.",sadness,5,negative,fear_health_warning,https://www.youtube.com/watch?v=5zWB4dLYChM,1,"Personal loss and grief expressed, with a somber tone."
Yes you are a thug. The definition of Thug = uneducated unintelligent idiot trying too hard to be cool.,anger,0,negative,fear_public_safety,https://www.youtube.com/watch?v=vvXXzHSPu10,45,Insults and derogatory language express strong anger and negativity.
"And now with only 4 years, the PS5 trailer has surpassed the 12 years of views of the PS4 trailer",surprise,6,positive,gaming_product_launch,https://www.youtube.com/watch?v=RkC0l4iekYo,72,Expresses amazement at PS5 trailer's rapid view count growth.
I died at the I'm on a horse part,joy,3,positive,classic_brand_ad,https://www.youtube.com/watch?v=owGykVbfgUE,104,Humor and laughter expressed through 'died' as slang.
Haven't bought any of yheir products since,anger,0,negative,controversial_brand_purpose,https://www.youtube.com/watch?v=UYaY2Kb_PKI,89,Expresses dissatisfaction and implies a boycott.
Bruh calling support to ask someone to unlock your door is insane,surprise,6,negative,automotive_controversy,https://www.youtube.com/watch?v=ro262oyhZAI,15,Expresses disbelief and criticism of an absurd situation.
"iPhone has had exploding batteries in the past, just google iPhone exploding battery. In particular it was the iPhone 5 and iPhone 5C models that had the issue in 2014. Funny thing here was that Apple blamed the users for the faulty batteries and did nothing to fix the problem, not even covering the devices that exploded with the manufacturer warranty. The reason that Apple did nothing was because there were only a couple of dozen cases and doing a massive recall would have been costly, Samsung on the other hand was willing to suck it up and replace all their phones for the safety of the consumer. Apple has had issue after issue with every launch since the iPhone 4. Antennagate, Batterygate, Bendgate, and who knows what will be the issue with the iPhone 7...one thing I do know is that they will probably try and cover it up and avoid fixing the problem.",anger,0,negative,surprise_product_fail,https://www.youtube.com/watch?v=_Cd2WIxKRDk,129,"Criticizes Apple's handling of battery issues and cover-ups, expressing frustration."
this ad was never aired in my country but seeing it here effectively ended whatever desire to smoke i had in me,surprise,6,positive,fear_health_warning,https://www.youtube.com/watch?v=EkkOTplBCmA,207,"Unexpected ad effect, positive outcome of reducing desire to smoke."
how did i get goosebumps from a volvo ad?,surprise,6,positive,automotive_brand_ad,https://www.youtube.com/watch?v=M7FIvfx5J10,22,"Unexpected emotional reaction to an ad, implying pleasant surprise."
"Makes me wanna cry. Still such a beautiful woman, rest in peace angel.",sadness,5,negative,fear_health_warning,https://www.youtube.com/watch?v=5zWB4dLYChM,30,Expresses sadness and grief over a loss.
the fact that they posted this ad on youtube is an automatic L,disgust,1,negative,disgust_brand_backlash,https://www.youtube.com/watch?v=GNOu1Se6dYE,117,Expresses disapproval and dislike for the ad placement.
The list of violations was longer than their menu,anger,0,negative,disgust_food_safety,https://www.youtube.com/watch?v=--OnclX8yac,2,"Criticizes a restaurant's violations, implying poor quality or service."
"Imagine when that doctor gets dragged off the plane, and the entire passenger starts walking out of the plane",anger,0,negative,anger_brand_crisis,https://www.youtube.com/watch?v=yJTaGf5zURQ,157,Describes a violent scenario with frustration and outrage.
Some unusual meat been found in McDonald's over the years. If you want to be healthy avoid all fast food and processed foods. They are the reason for 90 percent of the illnesses in the world now. Treat yourself better.,neutral,4,negative,brand_crisis_negative,https://www.youtube.com/watch?v=kQg2LMmpPn8,191,States factual concerns about fast food health risks without strong emotional language.
"Is she wearing a manager uniform too? That's beyond stupid, it's intentionally negligent.",anger,0,negative,brand_crisis_negative,https://www.youtube.com/watch?v=JVxCp22WatU,2,Expresses strong disapproval and anger towards the subject's actions.
"I worked at a fast food joint during my teen years, and I single-handedly witnessed the owners penny-pinching ways turn into sanitary violations. For starters we had a dishwasher machine that went bad which wouldn’t sanitize the utensils and trays properly. The machine looked like it rinsed the objects inside with dirty water. Eventually the owner got rid of the machine and made us wash and rinse stuff manually. Idiotic move on his part, employees would get lazy and just rinse with water instead of soap. Violation #2: The cooked eggs and raw meat would co-mingle on the same trays. The tongs weren’t segregated, so people would often get food-poisoning. Violation #3: The inspectors found a couple of rats in the stock room (where we stock dry products). Our owner was put in the local newspaper lool. Some people are just not fit to run a restaurant.",anger,0,negative,disgust_food_safety,https://www.youtube.com/watch?v=--OnclX8yac,101,"Describes unsanitary conditions and owner's negligence, expressing frustration and disgust."
Were? It's still going on for many of us.,sadness,5,negative,anger_customer_service,https://www.youtube.com/watch?v=oZRywTkhwrA,38,Implies ongoing hardship or unresolved issue.
"Well I've been using a generic electric razor for the past 3 years and counting, never needed Gillette then, and I definitely don't need them now 👍🏻",joy,3,positive,controversial_brand_purpose,https://www.youtube.com/watch?v=UYaY2Kb_PKI,131,"Expresses satisfaction with a generic razor, dismisses Gillette with a thumbs up."
It is a very cute and somewhat sad video that shows the great love of a father for his daughter and reflects the sad reality that many people have to go through.,sadness,5,negative,sadness_psa,https://www.youtube.com/watch?v=O15dxrBNuAQ,200,"Comment expresses sadness about the reality depicted, despite acknowledging cuteness."
Duolingo Your pr team is GREAT and your marketing team too! You mix the memes with great advertisements! Im proud of you,joy,3,positive,app_brand_campaign,https://www.youtube.com/watch?v=Ew4kM1FmM8o,27,Expresses pride and praise for Duolingo's marketing team.
Unbelievable?,surprise,6,neutral,sadness_brand_story,https://www.youtube.com/watch?v=YvYGO4o334I,32,Expresses disbelief or astonishment with a questioning tone.
I've seen trash cans more aesthetic (and maybe useful) than this thing,disgust,1,negative,automotive_controversy,https://www.youtube.com/watch?v=ro262oyhZAI,44,"Compares the subject to trash, expressing strong dislike and contempt."
"Oh yes, we all dry are lamps under other lamps😂",joy,3,positive,brand_crisis_negative,https://www.youtube.com/watch?v=JVxCp22WatU,144,Sarcastic humor with laughing emoji indicates amusement.
that’s so scary,fear,2,negative,fear_health_warning,https://www.youtube.com/watch?v=iaBh9HRJHjg,14,Expresses fear directly about something scary.
A sane man might consider that the vehicle doesn't live up to the hype...,neutral,4,neutral,surprise_product_fail,https://www.youtube.com/watch?v=udxR5rBq_Vg,104,"Comment is a calm, analytical observation without strong emotion."
That's what I'm talking about. That intro goes haaaaarrrrdddd😀😀😀,joy,3,positive,tech_review_mixed,https://www.youtube.com/watch?v=XkXbkxtBlwY,83,Expresses excitement and happiness about the intro with emojis.
"get one think clear people, Ads does not make any sense, so leave kendall alone, cause unlike her sisters she's just trying to build a career in a positive way......",neutral,4,positive,disgust_brand_backlash,https://www.youtube.com/watch?v=GNOu1Se6dYE,158,"Defends Kendall, criticizes ads but overall supportive tone."
that's so sad :( what the heck this airline is so unprofessional and so disrespectful. my heart aches for that man,sadness,5,negative,anger_brand_crisis,https://www.youtube.com/watch?v=WEw-GjTriIo,10,Expresses sadness and disappointment about airline's unprofessional behavior.
wow!!!!!!!!!!!!!!!!,surprise,6,positive,beauty_brand_campaign,https://www.youtube.com/watch?v=z2T-Rh838GA,141,"Exclamation marks indicate strong surprise, likely positive."
0:57 already the most relatable part of the whole movie 😂,joy,3,positive,movie_trailer_joy,https://www.youtube.com/watch?v=LEjhY15eCx0,35,Laughter emoji and relatable comment indicate amusement and joy.
""" THE SKY IS FALLING """,fear,2,negative,anger_customer_service,https://www.youtube.com/watch?v=oZRywTkhwrA,168,Exaggerated claim of disaster suggests fear or panic.
the 10 bit video is nice but thats about it everything else seems meh,neutral,4,neutral,tech_review_mixed,https://www.youtube.com/watch?v=XkXbkxtBlwY,78,"Mixed opinion with mild disappointment, no strong emotion."
I am NOT smoking,neutral,4,neutral,fear_health_warning,https://www.youtube.com/watch?v=X4k12miYJ4M,187,"Simple statement of fact, no emotional tone detected."
This happens all the time with Verizon at least once a month. I honestly don’t know why I’m still with them. I pay a lot of money.,anger,0,negative,anger_customer_service,https://www.youtube.com/watch?v=oZRywTkhwrA,140,Expresses frustration with frequent service issues and dissatisfaction with cost.
The best Grok was the version that called Elon Musk for spreading misinformation and being a hypocrite Too bad he tweaked it to also be a POS like when it was anti semitic,anger,0,negative,surprise_launch_reaction,https://www.youtube.com/watch?v=4qGw9WH4Xj8,30,Expresses frustration and criticism towards Elon Musk and Grok's changes.
"Nobodies in those trucks, Van Damme is both accelerating and steering them.",neutral,4,neutral,automotive_brand_ad,https://www.youtube.com/watch?v=M7FIvfx5J10,62,"Factual observation about a stunt, no emotional tone."
"Darn, I can't believe his birthday ended up like it was from 2022 bruh. 😅",surprise,6,negative,fast_food_brand_launch,https://www.youtube.com/watch?v=chYLHu0w8z0,12,Expresses disbelief and mild disappointment about a past event.
"I hope Oscar won't be joining a host club after braking that pricey vase, it would be a horrible way to pay his debt",fear,2,negative,app_brand_campaign,https://www.youtube.com/watch?v=Ew4kM1FmM8o,73,Expresses worry about a negative outcome for Oscar.
Watching it the second time after years and thought I wouldn't cry *sigh o boy I was wrong,sadness,5,negative,sadness_psa,https://www.youtube.com/watch?v=iVrQqWIs6ZE,233,"Unexpected crying upon rewatch, expressing emotional vulnerability."
Notice there is a slight dip in the road which makes it harder to see thr approaching car at a glance... As a kid I got hit my a car whilst riding my bike ... I was turning right at the brow of a hill and didn't see the driver coming up over the hill on the left side ... same type of thing that happens here. Luckily I was wearing a helmet... although I still knocked out cold and can't actually remember the accident at all ...,sadness,5,negative,sadness_psa,https://www.youtube.com/watch?v=B2rFTbvwteo,89,"Recounts a traumatic accident with lasting memory loss, evoking sadness."
I love it! ¯\_(ツ)_/¯,joy,3,positive,disgust_brand_backlash,https://www.youtube.com/watch?v=liPlJ_ynd_Q,222,"Expresses love for something, positive tone."
"I moved over to Schick and haven't gone back. No way will I touch Nike either, mostly New Balance for me.",neutral,4,neutral,disgust_brand_backlash,https://www.youtube.com/watch?v=8lXBs2Wy1OU,152,Factual statement about brand preferences without strong emotion.
"This disgusted me to the core, and let us make more people know how disgusting this airline is.",disgust,1,negative,anger_brand_crisis,https://www.youtube.com/watch?v=VrDWY6C1178,48,Explicit disgust and desire to expose the airline.
The cheese not being fully on the bread really bothered me 🙄,disgust,1,negative,brand_crisis_negative,https://www.youtube.com/watch?v=kQg2LMmpPn8,6,"Expresses annoyance and disgust at the cheese placement, with eye-roll emoji."
do you think cameras are better on the s25 ultra or on the OnePlus 13?,neutral,4,neutral,tech_review_mixed,https://www.youtube.com/watch?v=XkXbkxtBlwY,96,Asking a factual comparison question without emotional tone.
"I love how it shows that literally anyone could do something like this, even a middle class white woman. I also like how it specifically shows a female kidnapper/pedophile because people seem to think they're not a big deal for some reason.",joy,3,positive,fear_public_safety,https://www.youtube.com/watch?v=0ygLvFG9QsA,186,Expresses appreciation for inclusive representation and highlighting overlooked issues.
Why did they allow another passager to drag him as well?,anger,0,negative,anger_brand_crisis,https://www.youtube.com/watch?v=WEw-GjTriIo,244,Expresses frustration and disapproval about allowing an action.
"Advertising trivializes that which is worthy, to glorify that which is shallow",neutral,4,neutral,disgust_brand_backlash,https://www.youtube.com/watch?v=KxAf8ZJvUPo,199,Philosophical observation without strong emotional expression.
Its really outstanding !! I cried watching this video,sadness,5,positive,sadness_psa,https://www.youtube.com/watch?v=O15dxrBNuAQ,185,"Crying from emotional impact, but overall positive appreciation."
Overbooked caused problems. The guy was in the wrong for with no volunteers his name was drawn and he could not find it within himself to cooperate. A better person would have. Yes the airline is at fault yet his behavior was the worst. Usually perks would be granted to such an individual.,anger,0,negative,anger_brand_crisis,https://www.youtube.com/watch?v=9LhTJDkVXvg,48,Criticizes the passenger's behavior and expresses frustration with the situation.
"Scary fact: this is how most kidnappings work. The child is calm, the kidnapper looks like they are related, and there’s no fuss. Sometimes, it’s even family members that commit it so no one suspects a thing. That’s actually quiet a frightening to think about",fear,2,negative,fear_public_safety,https://www.youtube.com/watch?v=0ygLvFG9QsA,4,"Comment discusses frightening reality of kidnappings, evoking fear."
"Many years ago I did a project about advertisements for my class. I discovered this ad and did my project on it, and I was brought to tears each time I had to rewatch. Every couple years I would come back to this ad and watch it just for the sake of feeling these beautiful emotions. Today I did just that. Beautiful.",sadness,5,positive,sadness_psa,https://www.youtube.com/watch?v=uaWA2GbcnJU,175,"Moved to tears by the ad, but cherishes the beautiful emotions it evokes."
"Incredible ad, really inspiring!",joy,3,positive,sports_brand_purpose,https://www.youtube.com/watch?v=jBnseji3tBk,16,Expresses admiration and inspiration.
Wait? What's wrong with the ad? Am I missing something? I'm getting confused here,neutral,4,neutral,disgust_brand_backlash,https://www.youtube.com/watch?v=KxAf8ZJvUPo,165,Expresses confusion and uncertainty about the ad.
How is this NOT a case of overbooking? If they hadn't overbooked they would have had space for their employees.,anger,0,negative,anger_brand_crisis,https://www.youtube.com/watch?v=WEw-GjTriIo,243,"Expresses frustration and criticism about overbooking, implying negligence."
New fear unlocked: Phone Overheating Edit 1: I didn't know i could get 34 likes Edit 2: Nvm 73 likes,surprise,6,neutral,surprise_product_fail,https://www.youtube.com/watch?v=8H6jz30Im_Y,87,"Expresses surprise at gaining likes, with a neutral tone."
Dad who has such a beautiful loveable daughter is still too rich than those who longing for such a child... I hope & pray that one day he might get better life than it or his daughter give him all the facilities that he given to his daughter 😭 God always keep them happy,sadness,5,positive,sadness_psa,https://www.youtube.com/watch?v=vgain-EQdt0,49,"Expresses hope and prayer for a better life, but crying emoji indicates sadness."
And that's how a couple of idiots ruin a big company.,anger,0,negative,anger_brand_crisis,https://www.youtube.com/watch?v=WEw-GjTriIo,228,Expresses frustration and blame towards people ruining a company.
Calling something offensive is a lot like crying wolf. You start doing it all the time and eventually no one will pay attention when it really matters. So how about we save it for the shit that truly matters and not stupid soda commercials?,anger,0,negative,disgust_brand_backlash,https://www.youtube.com/watch?v=MGxpkIK2lVs,190,"Frustration with overuse of offense claims, dismissive tone toward commercial."
Hope this company flies straight in the trash,anger,0,negative,anger_brand_crisis,https://www.youtube.com/watch?v=VrDWY6C1178,14,"Expresses desire for company to fail, indicating strong disapproval."
Throughout history of the world all the people who have made a major impact on this world were once considered crazy because their ideals and their beliefs went against the normal belief system Socroties Voltaire Einstein Galileo Abraham Lincoln The list goes on and on,neutral,4,neutral,sports_brand_purpose,https://www.youtube.com/watch?v=jBnseji3tBk,36,"Informative statement about historical figures, no strong emotion."
Remember kids: Don’t smoke or you’ll become a meme. ☺️,joy,3,positive,fear_health_warning,https://www.youtube.com/watch?v=5zWB4dLYChM,84,"Humorous warning with a smiley, playful tone."
"Believe me-smoking damages your sense of smell, your ability to breathe properly and damages your teeth, mouth, throat and airways. And then your skin? And the anxiety? Don’t smoke or quit smoking if you do.",neutral,4,negative,fear_health_warning,https://www.youtube.com/watch?v=X4k12miYJ4M,218,"Informative warning about smoking harms, factual tone with negative health impacts."
"wait, there’s a dislike button on facebook? when did they finally add this feature?",surprise,6,neutral,disgust_brand_backlash,https://www.youtube.com/watch?v=-4Qa9ZXTg2g,68,Expresses surprise about discovering a Facebook dislike button.
auto play ads 👎👎👎,anger,0,negative,beauty_campaign,https://www.youtube.com/watch?v=JNYjRmNCu9o,20,Thumbs down emojis express strong disapproval of auto play ads.
I have a seizure disorder so I taught my son what to do from the time he was able to ride in the front seat. He’s 14 now and only had to drive to the shoulder one time thankfully! But he told me if I hadn’t of taught him years before he would have been scared. He handled it like a champ and I’m so proud of him! I think everyone should teach their kids what to do in emergency situations when in a car because they can be the difference between life and death.,joy,3,positive,fear_public_safety,https://www.youtube.com/watch?v=tAlrXpn5MOc,72,"Proud of son's preparedness and handling of emergency, positive outcome."
want them to pay for outage. lost thousands in the refrigerator,anger,0,negative,anger_customer_service,https://www.youtube.com/watch?v=oZRywTkhwrA,169,Expresses frustration and financial loss due to outage.
Fucked up,anger,0,negative,anger_brand_crisis,https://www.youtube.com/watch?v=WEw-GjTriIo,125,Strong profanity expressing frustration or disapproval.
guess you can say the note 7s sales are boomin!,joy,3,positive,surprise_product_fail,https://www.youtube.com/watch?v=_Cd2WIxKRDk,34,Pun on 'booming' and 'boom' (explosion) with dark humor.
"I like it says ""apparently"" when they show footage of the man getting dragged of the plane",neutral,4,negative,anger_brand_crisis,https://www.youtube.com/watch?v=WEw-GjTriIo,157,Sarcastic tone criticizing the use of 'apparently' in a violent incident.
"This brought me to tears, I love seeing the good in the world, I hope I live long enough to see kindness become common again",joy,3,positive,sadness_psa,https://www.youtube.com/watch?v=iVrQqWIs6ZE,135,"Expresses love and hope for kindness, despite tears of joy."
I really think she should of done something to make it less inappropriate. Don't want to dis her 😎,disgust,1,negative,disgust_brand_backlash,https://www.youtube.com/watch?v=GNOu1Se6dYE,88,Criticism of inappropriateness with a cool emoji masking disapproval.
Seeing these ads on TV always made me so sad. It's unfortunate what happened to her. But she left a legacy and saved so many people from getting into the habit by sharing her story. May she rest in peace.,sadness,5,negative,fear_health_warning,https://www.youtube.com/watch?v=EkkOTplBCmA,233,"Expresses sadness about ads and her fate, but acknowledges positive legacy."
The guy talking has a British accent,neutral,4,neutral,fast_food_brand,https://www.youtube.com/watch?v=79phlhutGLg,37,Factual observation without emotional tone.
I wonder how they feel reflecting back at their sale revenue....,neutral,4,neutral,disgust_brand_backlash,https://www.youtube.com/watch?v=8lXBs2Wy1OU,45,Speculative observation without strong emotional tone.
Yet southwest is opposite they do fun or special things for passengers.,joy,3,positive,anger_brand_crisis,https://www.youtube.com/watch?v=1PA0geOa4PM,19,Positive comparison highlighting Southwest's fun service.
Fun fact during emergencies like this you can still plug into an old school phone outlet and call 911.,neutral,4,neutral,anger_customer_service,https://www.youtube.com/watch?v=-LZ_a5TER_0,3,"Informational comment about emergency phone use, no emotion."
I want to give her a big hug,sadness,5,positive,fear_health_warning,https://www.youtube.com/watch?v=5zWB4dLYChM,88,"Expresses empathy and care, implying sadness for someone's situation."
Fast and Furious “A C T I O N S C E N E S” can never match this one,joy,3,positive,automotive_brand_ad,https://www.youtube.com/watch?v=M7FIvfx5J10,144,Expresses admiration and excitement for the action scenes.
*CLICKBAIT JERRY* 😑,disgust,1,negative,surprise_product_fail,https://www.youtube.com/watch?v=_Cd2WIxKRDk,14,Clickbait criticism with annoyed emoji shows disgust.
Maybe telling your customers that they are bad deplorable people isn't such a good idea,anger,0,negative,disgust_brand_backlash,https://www.youtube.com/watch?v=8lXBs2Wy1OU,35,"Criticizes company's insulting behavior towards customers, expressing disapproval."
"So I have been watching Fallout on Amazon Prime. I work outside isolated by 500 acres with 3 other guys. Not off the grid by any means town is right up the street when driving. I gotta say on the drive home my mind and that show and no phone service....yeah. Mushroom clouds, no food, my family, servival, and all kinds of crazy nonsense. FOLKS...I lost cellphone service for going on 9 hours now. Im just sharing my story.",fear,2,negative,anger_customer_service,https://www.youtube.com/watch?v=T8ClHGY08jc,224,Comment describes anxiety and fear about losing cell service after watching a post-apocalyptic show.
Its not that serious omg,neutral,4,neutral,disgust_brand_backlash,https://www.youtube.com/watch?v=MGxpkIK2lVs,140,Dismissive tone but no strong emotion detected.
That is SO DISGUSTING....And you have to know that that mop is being used IN THE BATHROOMS.,disgust,1,negative,brand_crisis_negative,https://www.youtube.com/watch?v=JVxCp22WatU,65,Expresses strong disgust about unsanitary mop use in bathrooms.
"""Sales still up in the air..."" 6 months on, a market loss of 8 BILLION... yes, with a B. The best a man can get...",neutral,4,negative,disgust_brand_backlash,https://www.youtube.com/watch?v=8lXBs2Wy1OU,52,Sarcastic tone mocking Gillette's sales loss and slogan.
brings the reality in 'fight or flight',fear,2,negative,anger_brand_crisis,https://www.youtube.com/watch?v=yJTaGf5zURQ,146,"References fight or flight response, implying stress or danger."
"Very cool but be aware of the dangers. Virtual reality is capturing more and more of our nervous systems (souls). Just think how people are getting so hooked, they are taking their smart phones to their meals and to the toilet.",neutral,4,neutral,tech_product_launch,https://www.youtube.com/watch?v=Btf4mN37OsU,174,"Balanced observation with cautionary tone, no strong emotion expressed."
"24:15 what does he say about "" wite peepo "" ? Too bad. I'm now a former customer there, because of that. My wife is wite, my sons are half wite. I don't care how clean they make the place, the character of it is nasty and racist.",anger,0,negative,disgust_food_safety,https://www.youtube.com/watch?v=xPGCrRRFWBk,194,"Expresses anger and offense at perceived racism, leading to boycotting."
i phone users can use FaceTime calling with other I phone users,neutral,4,neutral,anger_customer_service,https://www.youtube.com/watch?v=T8ClHGY08jc,118,"Informational statement about iPhone feature, no emotion."
You guys can afford to hire real animators. Choosing to pinch pennies in ways that eliminates jobs is GROSS,anger,0,negative,food_beverage_ad,https://www.youtube.com/watch?v=Yy6fByUmPuE,72,"Criticizes company for cost-cutting that eliminates jobs, expressing disgust."
I wish you used more of the movie clip or Adam Sandler from Anger Management movie,sadness,5,negative,anger_brand_crisis,https://www.youtube.com/watch?v=yJTaGf5zURQ,169,Expresses disappointment about missing movie clip or actor.
tone deaf has nothing to do with not being able to hear... SJW / Liberals have serious metal issues.,anger,0,negative,disgust_brand_backlash,https://www.youtube.com/watch?v=KxAf8ZJvUPo,58,"Insults and criticizes a group, showing frustration and hostility."
"The fact that they showed the bad person as a not only a woman but a normal looking person its clever, people often assume it's some dodgy looking older man but it's can also be the most unassuming people that hide the darkest secrets",surprise,6,positive,fear_public_safety,https://www.youtube.com/watch?v=0ygLvFG9QsA,68,Praises clever subversion of stereotypes about criminals.
Sarah Connor has saved us one more time! that might be the early stage of a Terminator car!,joy,3,positive,surprise_product_fail,https://www.youtube.com/watch?v=LMWwImDX3ks,99,"Humorous reference to Terminator, expressing excitement and gratitude."
"Why is this going viral on vine? People are making sick edits with this video and it's terrible. Smoking is bad and I have many family members who do it and my grandmother has cancer from it. If you make an edit with this, you really have no heart.",anger,0,negative,fear_health_warning,https://www.youtube.com/watch?v=5zWB4dLYChM,105,Expresses frustration about viral edits and strong disapproval of smoking.
I think im going to return it for s7 active Note is great but I think I'd rather have a more rugged phone,neutral,4,neutral,surprise_product_fail,https://www.youtube.com/watch?v=pAqQ_ANAmrk,39,Expresses a practical decision without strong emotion.
I didn’t know they were forced to make the cheese crooked.,surprise,6,neutral,brand_crisis_negative,https://www.youtube.com/watch?v=kQg2LMmpPn8,54,"Expresses surprise about a fact, no strong positive or negative tone."
"This is just preposterous! In my opinion, all Pespi was trying to do was convey the message that all of the world's biggest problems are inherently simple and easy to solve, if we all just learned to respect one another and get along. What's actually wrong with Mankind is that we need to complicate things and mess it all up first-hand (like we're doing right now: reading something horrible into something that was supposed to be a positive message). People should just learn to relax and care about things that really matter. By the by, if you want drop me a line, there's no need to offend. I'm just stating my opinion. DISCLAIMER: I am NOT saying that the real issues happening in the World don't matter, OBVIOUSLY. I just think that we should know how to ""separate the waters"".",neutral,4,neutral,disgust_brand_backlash,https://www.youtube.com/watch?v=zFm9FRxi0ZM,22,"Defensive, analytical tone with mixed signals; no strong emotional dominance."
I seen a short the other day were a Indian man was cutting meat with his toe nail im sure that got served😂😂,joy,3,positive,disgust_food_safety,https://www.youtube.com/watch?v=dhBxrfETXJA,215,Laughter emojis indicate amusement at the absurd situation.
"while living in eu you think u have bad but then u look at usa and think ""daum thats hell""",sadness,5,negative,anger_customer_service,https://www.youtube.com/watch?v=-LZ_a5TER_0,169,"Comparison highlights perceived suffering in USA, evoking pity and sadness."
united airlines will never get overbooked again,joy,3,positive,anger_brand_crisis,https://www.youtube.com/watch?v=yJTaGf5zURQ,192,Sarcastic relief about United Airlines' policy change.
"I'm proud to say my mother who has been on and off again smoking, quit. She is not a lady who is trashy at all. She looked for comfort in it. She never smoked in the house or around us. I'm happy I'll have her for an extra 10 years.",joy,3,positive,fear_health_warning,https://www.youtube.com/watch?v=5zWB4dLYChM,148,Expresses pride and happiness about mother quitting smoking.
"This isn't a Nike Advert. It's a Versus voice-over with Nike Advert clips, and it wasn't made by this Youtube user either.",neutral,4,neutral,brand_campaign_positive,https://www.youtube.com/watch?v=ijTwZNUBhcI,107,Factual correction without emotional tone.
When I vape I get short of breath but the weed doesn't make me feel any different,neutral,4,neutral,fear_health_warning,https://www.youtube.com/watch?v=IJlIcK-gbLE,119,"Factual statement about vaping and weed effects, no strong emotion."
"Who knew all it took to create peace in the world was a Kardashian/Jenner handing over a can of Pepsi. I know that ad went through several people and no one said ""..... hey you guys... this may not be a good idea..."" 😫🤦🏽‍♀️",disgust,1,negative,disgust_brand_backlash,https://www.youtube.com/watch?v=KxAf8ZJvUPo,27,Sarcastic criticism of Pepsi ad; facepalm and groan emojis show disgust.
"Graduated in 1984, we had a senior lounge, with our own doors that underclassmen couldn’t use (or we’d remind them of the rules). The special thing about the senior lounge was that we were allowed to smoke. If a teacher ran out of smokes, they’d come down and hit up one of us. Crazy, right?",surprise,6,neutral,fear_health_warning,https://www.youtube.com/watch?v=EkkOTplBCmA,142,Recounts past norms with a tone of disbelief at how times have changed.
Omg. Legit cried. Powerful stuff,sadness,5,negative,sadness_psa,https://www.youtube.com/watch?v=PW6SocCjTMM,50,"Expresses crying and emotional impact, indicating sadness."
"I’m 15, and believe me this scares the living daylight out of me. I’m never gonna smoke. Rip Terrie",fear,2,negative,fear_health_warning,https://www.youtube.com/watch?v=X4k12miYJ4M,61,Expresses fear about smoking and sadness for Terrie.
"""We just want men to be good people. Be the best we can"" - folks go wild. Yall just want to be the absolute worst or ?",anger,0,negative,disgust_brand_backlash,https://www.youtube.com/watch?v=-4Qa9ZXTg2g,65,Frustration and accusation towards those opposing the statement.
Apple's 2 hour long event summarized in 10 minutes,neutral,4,neutral,tech_product_launch,https://www.youtube.com/watch?v=n6pqGoXWZzo,3,"Informative comment about video length, no emotion."
What gets me is how upset and defensive they get when someone calls them out on their filthy disgustingness.,anger,0,negative,disgust_food_safety,https://www.youtube.com/watch?v=dhBxrfETXJA,12,Expresses frustration and anger towards defensive reactions to criticism.
Sounds like somebody getting fired,anger,0,negative,surprise_product_fail,https://www.youtube.com/watch?v=LMWwImDX3ks,15,"Implies threat of job loss, critical tone."
Anyone remember when you worked around food you had to get a health card and wear a hair net?,neutral,4,neutral,brand_crisis_negative,https://www.youtube.com/watch?v=JVxCp22WatU,77,Nostalgic question without strong emotional tone.
It doesnt matter If Its legal you can't drag someone like that poor man,anger,0,negative,anger_brand_crisis,https://www.youtube.com/watch?v=WEw-GjTriIo,24,Expresses outrage at mistreatment of a person.
"Worst car shape ever , like kids hard paper toys",anger,0,negative,surprise_product_fail,https://www.youtube.com/watch?v=udxR5rBq_Vg,113,Strong disapproval and criticism of car design.
"If we cant beat out competitors,we beat our customers",anger,0,negative,anger_brand_crisis,https://www.youtube.com/watch?v=yJTaGf5zURQ,6,Criticizes company for harming customers instead of competing fairly.
"I experienced that today, I would not wish it on my worst enemy. 😥😥🤕",sadness,5,negative,fear_public_safety,https://www.youtube.com/watch?v=3Twl1soaBJM,222,"Expresses deep empathy and personal pain, not wanting even enemies to suffer."
WTF ITS RYLANDDDDD,surprise,6,negative,disgust_brand_backlash,https://www.youtube.com/watch?v=KxAf8ZJvUPo,193,Uses 'WTF' indicating shock and negative surprise at seeing Ryland.
Well if I ever fly on one of Elan's tourist rockets to Mars - I plan to have an aisle seat,joy,3,positive,surprise_product_fail,https://www.youtube.com/watch?v=LMWwImDX3ks,142,"Humorous remark about space travel, lighthearted tone."
"You have two options A) Shut down B) Call 911 Nice! You chose B) *Calling* ""911, what's your emergency?"" ""My Phone is explo-"" ""*BOOOOOOOOOM*"" Inspired in MaxTheGamer001's comment By the way no need to like ig",joy,3,positive,surprise_product_fail,https://www.youtube.com/watch?v=8H6jz30Im_Y,106,"Humorous skit about phone explosion, playful tone."
"Gee, this sure sounds fun, I can’t wait to do this on my KOREAN course",neutral,4,negative,app_brand_campaign,https://www.youtube.com/watch?v=Ew4kM1FmM8o,88,Sarcastic tone implies reluctance or dread about the activity.
Smoking weed can have the same effects. It drives me nuts how people act like it’s healthy and great for you to smoke weed. There’s so many different ways to have cannabis that’s not smoking. Smoking anything ever will do this,anger,0,negative,fear_health_warning,https://www.youtube.com/watch?v=EkkOTplBCmA,134,Expresses frustration about people ignoring smoking risks.
Hol up I'm the only one who seen this mf said drying a lamp under a heat lamps😅😅😂,joy,3,positive,brand_crisis_negative,https://www.youtube.com/watch?v=JVxCp22WatU,53,"Amusement at the absurdity of drying a lamp under heat lamps, indicated by laughter emojis."
“Call 911” does it want my ear to explode?..💀,surprise,6,negative,surprise_product_fail,https://www.youtube.com/watch?v=8H6jz30Im_Y,78,"Shock and disbelief at the loud sound, with skull emoji indicating death."
"I'm not an iPhone user, but I'm excited for anyone getting a 16 series iPhone. Cool tech 👌",joy,3,positive,tech_product_launch,https://www.youtube.com/watch?v=n6pqGoXWZzo,76,Expresses excitement and positivity about new iPhone.
Horrible ad.,anger,0,negative,sadness_brand_story,https://www.youtube.com/watch?v=YvYGO4o334I,128,Expresses strong dislike for the ad.
"They should've said ""excuse me, we've overbooked this flight so we'll need some passengers to leave. We'll refund your money and get you later flight on first class flight at no cost. Any takers?"" People would've been fighting to get off the plane",anger,0,negative,anger_brand_crisis,https://www.youtube.com/watch?v=WEw-GjTriIo,28,"Criticizes airline's poor handling, implying frustration with their approach."
Bottles up emotions is the most accurate thing a person has. Especially in high school! 😭,sadness,5,negative,movie_trailer_joy,https://www.youtube.com/watch?v=LEjhY15eCx0,128,"Expresses sadness about bottling up emotions, especially in high school."
The only person I can't get ahold of is my wife,sadness,5,negative,anger_customer_service,https://www.youtube.com/watch?v=T8ClHGY08jc,237,Expresses frustration or loneliness about inability to contact wife.
Sossage 😂 American accent is wild,joy,3,positive,brand_crisis_negative,https://www.youtube.com/watch?v=kQg2LMmpPn8,83,Laughter emoji and playful comment about accent.
"What does ""uncle"" mean?",neutral,4,neutral,brand_campaign_positive,https://www.youtube.com/watch?v=ijTwZNUBhcI,71,Simple question without emotional tone.
*This was not an advertisement. This was a small insight to Van Damme's daily training.*,neutral,4,neutral,automotive_brand_ad,https://www.youtube.com/watch?v=M7FIvfx5J10,43,"Informative correction, no emotional tone."
Never had an interruption in eastern oregon at all today.,neutral,4,neutral,anger_customer_service,https://www.youtube.com/watch?v=oZRywTkhwrA,39,Factual statement about internet service without emotional tone.
n😴t cool.. n😴t cool,anger,0,negative,disgust_brand_backlash,https://www.youtube.com/watch?v=liPlJ_ynd_Q,117,Repetition of 'not cool' with sleepy emoji suggests disappointment or disapproval.
I’m 15 I started vaping at a party on a cruise ship from peer pressure. It’s genuinely so addicting more than anything I’ve ever done. It’s so dangerous and I’m scared for myself as I also have an addictive personality. Don’t fall in to the peer pressure I beg you! ❤️,fear,2,negative,fear_health_warning,https://www.youtube.com/watch?v=iaBh9HRJHjg,31,Expresses fear and concern about addiction and peer pressure.
I am hear in 2025. Brought me the Art of thinking clearly🇧🇩♥️,joy,3,positive,tech_brand_story,https://www.youtube.com/watch?v=nnsSUqgkDwU,86,"Expresses happiness and pride about being in 2025, with heart emoji."
This is up there with the Apple 1984 ad. Top tier marketing.,joy,3,positive,tech_brand_story,https://www.youtube.com/watch?v=nnsSUqgkDwU,28,Expresses admiration and high praise for the marketing.
I've had an experience on United Airlines where the flight attendant referred to me as a boy.. smh,anger,0,negative,anger_brand_crisis,https://www.youtube.com/watch?v=1PA0geOa4PM,8,Expresses frustration and disrespect from being called a boy.
"17 of you are just heartless robots. ""Don't miss me too much"" ...and then I cried...",sadness,5,negative,sadness_psa,https://www.youtube.com/watch?v=PW6SocCjTMM,13,Expresses sadness over being missed and crying.
"There's several layers to this joke: First of all, it's obviously classic jarring shock humor with genuinely great acting Secondly it proposes a situation where Grimace is tried and executed for his crimes after thousands across the world are found dead after drinking his shake (whether they were actually dead or just the actual trend), which is pretty funny. Thirdly, Grimace died shortly after trying his own shake, like the people in the trend do, so he either the shake legit kills people including him, he got falsely accused and executed because of mass allegations across the world by people taking the meme literally, or he's a REALLY good actor and commited to his trend so far as to shave himself and fake his recorded execution. It's really impressive just how many layers of comedy are packed into so few seconds, this is why Hobo is such a fantastic creator.",joy,3,positive,fast_food_brand_launch,https://www.youtube.com/watch?v=chYLHu0w8z0,146,Expresses admiration and amusement at the joke's layered comedy.
Uh dont u know that the car doesn’t stop with the brakes u have to move the clutch-,neutral,4,neutral,fear_public_safety,https://www.youtube.com/watch?v=tAlrXpn5MOc,44,Informative correction without emotional tone.
Me who’s watching on a note 7 on my lap charging with no fire extinguisher in the house: 🫤,fear,2,negative,surprise_product_fail,https://www.youtube.com/watch?v=_Cd2WIxKRDk,199,Comment expresses worry about safety with a Note 7.
Did you know ice uses Verizon?,surprise,6,neutral,anger_customer_service,https://www.youtube.com/watch?v=T8ClHGY08jc,192,"Comment expresses surprise about a fact, no strong positive/negative tone."
Since everyone’s posting their story’s I’ll post mine. So I was working at McDonalds when I was 16 and we were so swamped we had to call staff that were off that day to come in and even the franchise owner came in as well to help. It was lunchtime and the rush was INSANE and we literally had staff doing just one job. Like one person ONLY doing French fries one person ONLY making drinks (shakes/smoothies/Mcafee drinks) and my store manager had me just sweeping. I was sweeping the food area because there were spilled frozen fries all over the floor and the franchise owner starts yelling at me asking me what I’m doing and I’m scared cuz I’m thinking I did something wrong. He slightly pushes me aside and I shit you not starts picking up the frozen fries off the floor with his bare hands and starts putting them back into the fry hopper where we store the fries before we fry them. He even picked some older ones that were underneath the machine and put them in. I was just like “there’s no way that’s allowed” in my head but unfortunately I didn’t say shit.,surprise,6,negative,disgust_food_safety,https://www.youtube.com/watch?v=dhBxrfETXJA,61,"Shocking story about unsanitary behavior by franchise owner, mixed with disbelief."
If Apple doesn’t have a folding phone I swear,anger,0,negative,tech_product_launch,https://www.youtube.com/watch?v=n6pqGoXWZzo,52,Expresses frustration and threat towards Apple's lack of folding phone.
She needs to be fired ASAP!!,anger,0,negative,brand_crisis_negative,https://www.youtube.com/watch?v=JVxCp22WatU,39,Expresses strong disapproval and demand for termination.
"The voice acting was absolutely terrifying, amazing job",fear,2,positive,fast_food_brand_launch,https://www.youtube.com/watch?v=chYLHu0w8z0,31,"Terrifying voice acting praised positively, indicating fear mixed with admiration."
I hate chipotle,anger,0,negative,disgust_food_safety,https://www.youtube.com/watch?v=1vpTvVbNsJs,27,Expresses strong dislike towards Chipotle.
"Whenever I feel down, I come here to cry and release my untold emotions",sadness,5,negative,sadness_psa,https://www.youtube.com/watch?v=iVrQqWIs6ZE,40,Expresses seeking comfort in crying to release emotions.
Texting is pretty stupid,anger,0,negative,fear_public_safety,https://www.youtube.com/watch?v=O8MQV40pOtk,3,Expresses strong disapproval of texting.
"WAIT, that would actually be scary",fear,2,negative,surprise_product_fail,https://www.youtube.com/watch?v=8H6jz30Im_Y,57,Expresses fear about a hypothetical scenario.
"""Code can be rebuilt,people cannot.""",sadness,5,negative,surprise_launch_reaction,https://www.youtube.com/watch?v=4qGw9WH4Xj8,10,"Emphasizes human life's irreplaceability, evoking sorrow."
Manager at Mcdonalds and that is the dry mop that we use for the lobby area throughout the day! that’s absolutely disgusting nothing and i mean NOTHING should be near those heat lamps for the fry station HELLO health inspector?!,disgust,1,negative,brand_crisis_negative,https://www.youtube.com/watch?v=JVxCp22WatU,84,"Expresses strong disgust at unsanitary practices, with anger towards health standards."
Overpriced or either im just a brokie,sadness,5,negative,tech_product_launch,https://www.youtube.com/watch?v=Btf4mN37OsU,130,Self-deprecating humor about being unable to afford something.
How did I never see this commercial as a kid?,surprise,6,neutral,classic_brand_ad,https://www.youtube.com/watch?v=owGykVbfgUE,139,Expresses surprise at not having seen the commercial before.
Your food taste like dogcrap 0/10 would not recommend,anger,0,negative,fast_food_brand,https://www.youtube.com/watch?v=79phlhutGLg,16,Strong insult and low rating indicate anger.
That boom 💥 was personal 💀☠️,surprise,6,negative,surprise_product_fail,https://www.youtube.com/watch?v=8H6jz30Im_Y,53,Uses explosion and skull emojis to express shock and death.
Weird to watch this on my Apple Vision Pro 7 months later,surprise,6,neutral,tech_product_launch,https://www.youtube.com/watch?v=UXmLSfv3NQI,17,Expresses mild surprise at the passage of time and technology.
"Omg i cried when the girl said, “Daddy lies for me” 😭😭😭😭😭😢 SO SAD",sadness,5,negative,sadness_psa,https://www.youtube.com/watch?v=O15dxrBNuAQ,134,Expresses crying and sadness over a touching moment.
OH WAOR WTAF- HUH??!!!!???!?!?!????? PK THAT ACTUALLLY LEFT ME SPEECHLESS FR😂😂😂😂,surprise,6,positive,fear_public_safety,https://www.youtube.com/watch?v=0ygLvFG9QsA,70,"Extreme shock and laughter expressed through caps, punctuation, and laughing emojis."
Why you say thousands bro. It's millions if it reached my small shit town,surprise,6,negative,anger_customer_service,https://www.youtube.com/watch?v=T8ClHGY08jc,228,Correcting exaggeration with disbelief and mild frustration.
"Terrie Hall is the reason I don't smoke. I saw these ads at 7 years old and was absolutely terrified. It was the scariest thing from my childhood and I got nightmares from it. It still makes me uneasy. But, it was effective. And worked. I have never smoked. I never will. Thank you and rest easy, Terrie Hall.",sadness,5,positive,fear_health_warning,https://www.youtube.com/watch?v=EkkOTplBCmA,5,"Expresses gratitude and lasting impact despite fear, showing positive outcome."
iPhone 16 lamentablemente se me quedo en EEUU pero el número era de mary,sadness,5,negative,tech_product_launch,https://www.youtube.com/watch?v=Btf4mN37OsU,46,Expresses regret about leaving iPhone 16 in the US.
"My grandmother smoked all her life, and she always talks about how in 1996, she saw a commercial that made her throw down her cigarette, and she never smoked or thought another one again. And she was a nurse. That goes to show how ignorant the people were as far as it goes. It may have been the commercial with the second woman.",neutral,4,neutral,fear_health_warning,https://www.youtube.com/watch?v=EkkOTplBCmA,41,"Informative anecdote about grandmother's experience, no strong emotion expressed."
"Why should anyone be forced to leave the flight when they all PAID the fares and it's the airline's problem for ""overbooking""? Every passenger has the right to STAY ON BOARD by the first come first served basis, who gives them the right to draw and violently throw passengers off the flight? I decided not to fly United many years ago and I am glad I did. This is very disturbing!",anger,0,negative,anger_brand_crisis,https://www.youtube.com/watch?v=9LhTJDkVXvg,15,"Expresses outrage at forced removal and overbooking, with strong negative language."
"Wow, it had its own self-destruct system",surprise,6,neutral,surprise_product_fail,https://www.youtube.com/watch?v=8H6jz30Im_Y,74,"Expresses surprise at the self-destruct system, no clear positive or negative tone."
"If that doesn't put people off from smoking, I don't know what will.",surprise,6,negative,fear_health_warning,https://www.youtube.com/watch?v=5zWB4dLYChM,57,Expresses disbelief that the content is effective deterrent.
"I know the ads were meant to scare people a little bit, but looking at a disfigured person and demanding they be removed from your sight because seeing them is traumatizing is so crazy 💀💀",disgust,1,negative,fear_health_warning,https://www.youtube.com/watch?v=EkkOTplBCmA,88,"Criticizes ads for dehumanizing disfigured people, expressing disgust at the demand."
"I like how they said an ""unexpected result"" from a disgusting ad.",disgust,1,negative,disgust_brand_backlash,https://www.youtube.com/watch?v=8lXBs2Wy1OU,39,"Expresses disgust towards the ad, calling it disgusting."
What about melatonin vapes? Are they dangerous?,neutral,4,neutral,fear_health_warning,https://www.youtube.com/watch?v=IJlIcK-gbLE,101,Asking a factual question without emotional tone.
This is just amazing. Touching peoples lives and teaching us to be kind.,joy,3,positive,sadness_psa,https://www.youtube.com/watch?v=iVrQqWIs6ZE,200,Expresses admiration and appreciation for kindness.
And yet somehow all McDonald's have outstanding hygiene ratings,neutral,4,negative,brand_crisis_negative,https://www.youtube.com/watch?v=JVxCp22WatU,109,Sarcastic comment implying McDonald's hygiene ratings are undeserved.
"Sadly, it's not just teenage girls who are impacted, it's young women too. We generally need more education around self-esteem and self worth early on to equip young people in navigating this brutal world we have created.",sadness,5,negative,beauty_brand_campaign,https://www.youtube.com/watch?v=z2T-Rh838GA,95,Expresses sadness about societal impact and need for education.
"It’s amazing that some glass breaks and suddenly The Tesla Cybertuck is headline news all over the globe. If the glass had remained unbroken, would the world be talking about the Tesla CyberTruck today?",surprise,6,neutral,surprise_product_fail,https://www.youtube.com/watch?v=LMWwImDX3ks,166,"Expresses surprise at media attention, but tone is neutral and questioning."
I wanted this phone but now i see that it could expload i dont want this phone anymore,fear,2,negative,surprise_product_fail,https://www.youtube.com/watch?v=_Cd2WIxKRDk,190,Fear of explosion leads to withdrawal of desire.
"I was about to post that this has to be a troll video, but after hearing her speak I realize it’s not. Wow.",surprise,6,negative,brand_crisis_negative,https://www.youtube.com/watch?v=kQg2LMmpPn8,150,Initial disbelief turns to shock at the realization it's not a troll.
I’m here today and funny how you can’t find this video anymore,surprise,6,neutral,surprise_product_fail,https://www.youtube.com/watch?v=udxR5rBq_Vg,199,"Expresses surprise at video disappearance, no strong positive/negative tone."
RIP Terrie Hall 1960 - 2013,sadness,5,negative,fear_health_warning,https://www.youtube.com/watch?v=X4k12miYJ4M,201,Comment expresses mourning for someone's death.
"No way I will be buying McDonald's anytime in the near future. Triple the price from 2 years ago, and everything is so much smaller. A Fillet O fish is no bigger than a Ketchup packet now. Done with fast food.",anger,0,negative,brand_crisis_negative,https://www.youtube.com/watch?v=kQg2LMmpPn8,229,"Expresses frustration over price increases and shrinking portions, indicating anger."
can’t cry because i don’t have a dad B),sadness,5,negative,sadness_psa,https://www.youtube.com/watch?v=vgain-EQdt0,171,Uses humor to mask pain of not having a dad.
If you're going to Louisville you can try their new LOUISVILLE SLUGGER option!,neutral,4,neutral,anger_brand_crisis,https://www.youtube.com/watch?v=yJTaGf5zURQ,174,"Informational comment about a product option, no emotional tone."
what 2026 is 2016 cuz this got recommended to me,surprise,6,neutral,surprise_product_fail,https://www.youtube.com/watch?v=_Cd2WIxKRDk,95,Expresses surprise at being recommended an old video.
She needa get fired being petty on purpose tf,anger,0,negative,brand_crisis_negative,https://www.youtube.com/watch?v=kQg2LMmpPn8,210,Expresses frustration and desire for someone to be fired due to petty behavior.
One of the best commercial ad in the world. I still can't hold my tears after watching this ad. The best ad.,sadness,5,positive,sadness_psa,https://www.youtube.com/watch?v=iVrQqWIs6ZE,214,"Moved to tears by the ad, expressing deep emotional impact."
"Everytime I watch this video, my tears fall down, and cry so hard😭",sadness,5,negative,sadness_psa,https://www.youtube.com/watch?v=iVrQqWIs6ZE,150,Expresses crying and sadness from watching the video.
When anxiety took away the other emotions. It looks like anxiety is having trouble keeping Riley. Somewhat normal so maybe this is where anxiety will learn that the other Emotions are important Just like how joy learned sadness was important,neutral,4,neutral,movie_trailer_joy,https://www.youtube.com/watch?v=LEjhY15eCx0,126,"Analytical observation about emotions in a movie, no strong emotional tone."
He knows how to market the truck.,neutral,4,neutral,surprise_product_fail,https://www.youtube.com/watch?v=LMWwImDX3ks,111,Factual observation without emotional tone.
Random explosions aren't a feature that most people look for when purchasing a phone. 🤣🤣🤣🤣,joy,3,positive,surprise_product_fail,https://www.youtube.com/watch?v=_Cd2WIxKRDk,146,Laughing emojis indicate amusement at the absurdity of the statement.
"I'm kinda shocked this wasn't happening before. my s7 normal gets super hot all the time (exchanged it and it still does) sometimes it gets super hot just turning it on, no apps open. this is crazy",surprise,6,negative,surprise_product_fail,https://www.youtube.com/watch?v=pAqQ_ANAmrk,68,Expresses shock and frustration about phone overheating issue.
I have a 8yrs old jv/3 android and the wife has a new Verizon phone we're both on the Verizon network an hers hasn't worked all day and I haven't had any problems whatsoever. I love my old phone.😂😂😂😂,joy,3,positive,anger_customer_service,https://www.youtube.com/watch?v=oZRywTkhwrA,117,"Expresses satisfaction and love for old phone, with laughing emojis."
United Airlines announces its New Orient(al) Express....,neutral,4,neutral,anger_brand_crisis,https://www.youtube.com/watch?v=yJTaGf5zURQ,45,Informational statement about an airline announcement.
The Cheese 😩🤦‍♀️ Wish i could go thru my phone to fix it!!,anger,0,negative,brand_crisis_negative,https://www.youtube.com/watch?v=kQg2LMmpPn8,188,Frustration expressed through emojis and exclamation about phone issue.
Why are people getting offended. I don't understand. 🤷‍♀️,neutral,4,neutral,disgust_brand_backlash,https://www.youtube.com/watch?v=KxAf8ZJvUPo,32,Expresses confusion without strong emotional charge.
I worked at a chipotle and every time I ate it. I WOULD THROW UP,anger,0,negative,disgust_food_safety,https://www.youtube.com/watch?v=zBXAJV82744,5,Expresses strong negative experience and frustration.
I said I wouldn’t cry but....here we are,sadness,5,negative,sadness_psa,https://www.youtube.com/watch?v=PW6SocCjTMM,14,Comment expresses emotional vulnerability and sadness despite initial denial.
I am from NJ… I lost my service since 11 am this morning and I cannot use my phone without the Wi-Fi for internet only!!!no data and no call until now no service this is serious????!!!! no one saying what’s the cause!!!???,anger,0,negative,anger_customer_service,https://www.youtube.com/watch?v=T8ClHGY08jc,181,Frustration and anger about prolonged service outage with no explanation.
"Very good video, I think it could have a different thumbnail though.",neutral,4,positive,sadness_psa,https://www.youtube.com/watch?v=Ket5RWHg9IU,9,"Positive feedback with constructive suggestion, no strong emotion."
United Airlines : Pay and get your ass kicked.,anger,0,negative,anger_brand_crisis,https://www.youtube.com/watch?v=yJTaGf5zURQ,247,Expresses frustration and criticism towards United Airlines.
This guy would've been laughed off of Shark Tank had this happened to a complete stranger. Today he's playing Diablo and Elden Ring in the Oval Office. 🤨 Let that sink in. 🤔,surprise,6,negative,surprise_product_fail,https://www.youtube.com/watch?v=udxR5rBq_Vg,93,Expresses disbelief and criticism of the situation with skeptical emojis.
gillette: the worst humanity can get,anger,0,negative,disgust_brand_backlash,https://www.youtube.com/watch?v=8lXBs2Wy1OU,166,Expresses strong disapproval and criticism of Gillette.
“Lamp under food heat lamps” is crazy,surprise,6,neutral,brand_crisis_negative,https://www.youtube.com/watch?v=JVxCp22WatU,92,Expresses disbelief or amusement at the phrase.
"Wonderful to know that some gourmet restaurants casually take your raw food outdoors, toss it on the ground and prepare it right there for your dining pleasure. Caveman stuff.",joy,3,positive,disgust_food_safety,https://www.youtube.com/watch?v=dhBxrfETXJA,76,Sarcastic but positive tone about gourmet dining experience.
"Ah Pepsi, for when they don't have Coke",neutral,4,neutral,disgust_brand_backlash,https://www.youtube.com/watch?v=KxAf8ZJvUPo,98,"Observational comment about Pepsi vs Coke, no strong emotion."
sports bar was as dead as a cemetery with no customers and that owner walked in with an iced out chain then he got spooked and left during inspection lol. Hmmmm??? what could be hidden inside the kitchen? Ya. This restaurant is a front for something else,surprise,6,negative,disgust_food_safety,https://www.youtube.com/watch?v=xPGCrRRFWBk,145,"Suspicious tone about hidden activities, implying illegal front."
I STOPPED EATING ANYTHING THAT'S FAST FOOD. NO MORE CHINESE TAKE OUT OR HISPANIC TAKE OUT'S THAT I CAN'T SEE HOW THE FOOD IS BEING PREPARED OR HOW IT'S BEEN STORED. I EAT AT HOME AND I GO GROCERY SHOPPING INSTEAD. I PREPARE MY OWN FOOD.,neutral,4,neutral,disgust_food_safety,https://www.youtube.com/watch?v=dhBxrfETXJA,133,Statement of personal dietary change without strong emotional language.
I cannot remember the last Verizon had an outage. But I can name 2 times AT&T or T-Mobile had a hiccup... Funny how the competition swung in this time lol,joy,3,positive,anger_customer_service,https://www.youtube.com/watch?v=oZRywTkhwrA,163,"Sarcastic joy at competitor's failure, with a laughing tone."
"It would of been cheaper to get this doctor a private jet than it is to settle to up coming law suit, way to go United!",anger,0,negative,anger_brand_crisis,https://www.youtube.com/watch?v=WEw-GjTriIo,117,Sarcastic criticism of United's costly lawsuit settlement.
VoLTE and the death of 2G and 3G is so sad because now I can’t use my old phones anymore.,sadness,5,negative,anger_customer_service,https://www.youtube.com/watch?v=-LZ_a5TER_0,186,Expresses sadness over losing ability to use old phones.
Wow c super comme canpagne de prévention et je dit bravo a tout ces gens d'avoir u le courage de se montrer en video pour les générations futur !,joy,3,positive,fear_health_warning,https://www.youtube.com/watch?v=5zWB4dLYChM,69,Expresses admiration and praise for prevention campaign participants.
"Context: This is when your battery overheated. It can explode. To prevent this from exploding, you may have to shut it down. Otherwise, you may risk an explosion.",neutral,4,neutral,surprise_product_fail,https://www.youtube.com/watch?v=8H6jz30Im_Y,86,Informational statement about battery safety without emotional tone.
Oh my days wow What I thought: A ordinary mother trying to treat her daughter What it was : A women kidnapped a poor girl,surprise,6,negative,fear_public_safety,https://www.youtube.com/watch?v=0ygLvFG9QsA,99,Unexpected twist from ordinary to kidnapping evokes shock and negativity.
This is THE strongest argument I've ever seen for never touching this brand.,disgust,1,negative,food_beverage_ad,https://www.youtube.com/watch?v=Yy6fByUmPuE,6,"Strong negative reaction to brand, implying repulsion."
"It’s a wonderful commercial. Yes, it’s sad, but they clearly had a beautiful marriage and an amazing life together. And I bet not a single one of you will ever forget this commercial. I sure won’t.",sadness,5,positive,sadness_psa,https://www.youtube.com/watch?v=PW6SocCjTMM,6,Acknowledges sadness but focuses on beauty and lasting impact.
That vibrating sounds scary af wtf,fear,2,negative,surprise_product_fail,https://www.youtube.com/watch?v=8H6jz30Im_Y,22,Expresses fear and alarm about a vibrating sound.
Men: Just loudly boycott all companies who would attempt to influence us with such brainwashing. Never buy their products again. Put them out of business and laugh and point at them as they go out.,anger,0,negative,disgust_brand_backlash,https://www.youtube.com/watch?v=liPlJ_ynd_Q,218,Expresses anger and calls for boycott against companies.
Didn’t they have another big outage early 2025 or late 2024? 😂,joy,3,neutral,anger_customer_service,https://www.youtube.com/watch?v=MUo3n8QSQLE,148,"Laughter emoji suggests amusement, but question is factual."
the poor boy,sadness,5,negative,sadness_psa,https://www.youtube.com/watch?v=B2rFTbvwteo,21,Expresses sympathy or pity for a boy.
"Although thinner in profile, Delorean's stainless is 304 grade. Tesla's proprietary metal is closer to a 301 type stainless. These varying types corrode at wildly different rates and not in Tesla's favor.",neutral,4,neutral,automotive_controversy,https://www.youtube.com/watch?v=ro262oyhZAI,38,Informational comment comparing materials without emotional language.
First,neutral,4,neutral,sports_brand_purpose,https://www.youtube.com/watch?v=jBnseji3tBk,80,"Common comment indicating first view, no emotional content."
"I prolly watched this over a thousand times, I still cry like it's my first time. #storyofmulife",sadness,5,negative,sadness_psa,https://www.youtube.com/watch?v=iVrQqWIs6ZE,127,"Comment expresses crying repeatedly, indicating sadness."
"I'm both impressed and horrified that a restaurant managed to get *OVER 100 VIOLATIONS!!!* Like, how the peck is it possible?",surprise,6,negative,disgust_food_safety,https://www.youtube.com/watch?v=--OnclX8yac,80,Shock and disbelief at the high number of violations.
"Sometimes we wish we could go back and change things, but when it comes to the road, its best to never make the mistake in the first place",sadness,5,negative,sadness_psa,https://www.youtube.com/watch?v=B2rFTbvwteo,61,Expresses regret and caution about past mistakes.
There is a sucker born every day. I wouldn't drive that POS EVEN IF I GOT IT FOR FREE.,anger,0,negative,automotive_controversy,https://www.youtube.com/watch?v=ro262oyhZAI,133,"Strong disdain for the car, uses derogatory term 'POS'."
Still out in Florida.,neutral,4,neutral,anger_customer_service,https://www.youtube.com/watch?v=T8ClHGY08jc,80,Factual statement with no emotional tone.
Wow I dont know what to say,surprise,6,neutral,disgust_brand_backlash,https://www.youtube.com/watch?v=-4Qa9ZXTg2g,107,"Expression of being speechless, indicating surprise."
"I know EXACTLY where this is, right across from the LJVM coliseum. I remember when it used to be a Denny's and many other things. I would never eat there and this just confirms it. This is disgusting!",disgust,1,negative,disgust_food_safety,https://www.youtube.com/watch?v=xPGCrRRFWBk,74,Expresses strong disgust and disapproval about the location and food.
"Congratulations, that clickbait worked in 2019 too.",neutral,4,negative,surprise_product_fail,https://www.youtube.com/watch?v=_Cd2WIxKRDk,7,"Sarcastic tone criticizing clickbait, implying it's old and manipulative."
"Auburn, Al is still not working! Must be millions of people having problems.",anger,0,negative,anger_customer_service,https://www.youtube.com/watch?v=MUo3n8QSQLE,59,"Frustration expressed about service not working, implying widespread issue."
Basically news reporter but just all phone broadcasting,neutral,4,neutral,brand_crisis_negative,https://www.youtube.com/watch?v=tHn5bOBoEMI,107,Factual observation about news reporting style
Throw the whole damn fridge away old asz food 😂🤣🤦🏾‍♂️,disgust,1,negative,disgust_food_safety,https://www.youtube.com/watch?v=xPGCrRRFWBk,40,Expresses disgust at old food with laughing emojis showing disbelief.
Smoking is a horrible thing oh my gawd.,disgust,1,negative,fear_health_warning,https://www.youtube.com/watch?v=X4k12miYJ4M,90,Expresses strong aversion to smoking.
the burger king voice actor,neutral,4,neutral,fear_health_warning,https://www.youtube.com/watch?v=X4k12miYJ4M,127,No emotional tone detected; factual statement.
Thats a lead supervisor disgusting,disgust,1,negative,brand_crisis_negative,https://www.youtube.com/watch?v=JVxCp22WatU,92,Expresses disgust towards a supervisor.
Seriously Americans get trigged & buthurt over anything yall need to sit down & sort your issues out (black or white) seriously you are too easily offended! edit courtesy of : V ee,anger,0,negative,disgust_brand_backlash,https://www.youtube.com/watch?v=MGxpkIK2lVs,153,Expresses frustration and criticism towards Americans being overly sensitive.
This ad makes me cry,sadness,5,negative,tech_brand_story,https://www.youtube.com/watch?v=nnsSUqgkDwU,72,Expresses sadness from an emotional ad.
"hey guardian, don't forget to mention their lost of $8 billion!",anger,0,negative,controversial_brand_purpose,https://www.youtube.com/watch?v=UYaY2Kb_PKI,110,"Criticizes Guardian for omitting financial loss, implying bias."
I just want an animated series already 😭🙏,sadness,5,negative,app_brand_campaign,https://www.youtube.com/watch?v=Ew4kM1FmM8o,17,Expresses longing and frustration with crying emoji.
Holy visuals 😱🤯,surprise,6,positive,tech_product_launch,https://www.youtube.com/watch?v=n6pqGoXWZzo,124,Expresses awe and amazement at visuals with emojis.
"If you don't cry after watching this, man, u don't love your dad",sadness,5,negative,sadness_psa,https://www.youtube.com/watch?v=O15dxrBNuAQ,109,Implies crying from emotional content about father.
"this brother is so kind and respectful, helping these idiots out",joy,3,positive,disgust_food_safety,https://www.youtube.com/watch?v=xPGCrRRFWBk,111,"Praises kindness and respect, despite mild insult."
2021 and still boycotting Gillette,anger,0,negative,disgust_brand_backlash,https://www.youtube.com/watch?v=8lXBs2Wy1OU,98,"Expresses ongoing boycott, implying disapproval and anger towards Gillette."
You gotta pay to call emergency now. Wild x2,surprise,6,negative,anger_customer_service,https://www.youtube.com/watch?v=-LZ_a5TER_0,98,Expresses shock and disapproval about paying for emergency calls.
"There's like a thousand people on that commercial, why blame just her? did she come up with the concept?",anger,0,negative,disgust_brand_backlash,https://www.youtube.com/watch?v=MGxpkIK2lVs,65,"Frustration with unfair blame, questioning logic behind targeting one person."
That owner don’t care. That’s just his Money Laundering front 😂😂,anger,0,negative,disgust_food_safety,https://www.youtube.com/watch?v=xPGCrRRFWBk,6,"Accusation of money laundering and lack of care, with sarcastic laughter."
Always cry when i watch this.. 😭,sadness,5,negative,sadness_psa,https://www.youtube.com/watch?v=vgain-EQdt0,94,Expresses crying and sadness when watching the video.
Was that a mop !!!😲 Hope she washes her hands after using the restroom 🚻 🥴,surprise,6,negative,brand_crisis_negative,https://www.youtube.com/watch?v=JVxCp22WatU,115,"Surprise at mop use, disgust implied by handwashing comment."
Some people have no business owning a restaurant. How they didn’t get shut down is concerning.,anger,0,negative,disgust_food_safety,https://www.youtube.com/watch?v=xPGCrRRFWBk,63,Expresses frustration and criticism about restaurant quality and safety.
If has a kid be like: I can save my mom or dad while driving if they are died so I can help to saved their life,neutral,4,neutral,fear_public_safety,https://www.youtube.com/watch?v=tAlrXpn5MOc,142,Comment is confusing and lacks clear emotional tone.
"Why every dads are not the same. After having a daughter and a wife how can he love another woman. How can they forget their daughter like this. I wish, every single dads in the world should love their family more than outer and every dads should be like him who treat their daughter like a princess!",sadness,5,negative,sadness_psa,https://www.youtube.com/watch?v=vgain-EQdt0,168,Expresses disappointment and concern about fathers not loving their families enough.
I don't know why this suddenly popped into my head but suddenly it did.,surprise,6,neutral,sadness_psa,https://www.youtube.com/watch?v=B2rFTbvwteo,60,"Unexpected memory recall, no strong positive or negative tone."
Let’s all demand a refund,anger,0,negative,anger_customer_service,https://www.youtube.com/watch?v=MUo3n8QSQLE,10,"Expresses collective demand for refund, indicating dissatisfaction."
Just returned! Smh,anger,0,negative,anger_customer_service,https://www.youtube.com/watch?v=T8ClHGY08jc,200,Smh indicates frustration or disappointment about returning.
It’s so sad but happy too.,sadness,5,negative,sadness_psa,https://www.youtube.com/watch?v=PW6SocCjTMM,41,Sadness is mentioned first and dominates the mixed emotion.
"Can't stop crying , really a deep message 😭",sadness,5,negative,sadness_psa,https://www.youtube.com/watch?v=uaWA2GbcnJU,220,Expresses crying and deep emotional impact.
When you come to this video after reading a book assigned for school,joy,3,positive,tech_brand_story,https://www.youtube.com/watch?v=nnsSUqgkDwU,82,"Relatable humor about procrastination, implying enjoyment."
YouTube Showing me this 7 years later,surprise,6,neutral,entertainment_fandom,https://www.youtube.com/watch?v=TcMBFSGVi1c,15,Expresses surprise at the timing of the video recommendation.
"I’m gonna buy so much Pepsi, I don’t even drink soda but holy shit the amount of Pepsi I’m gonna buy is inhumane",joy,3,positive,food_beverage_ad,https://www.youtube.com/watch?v=Yy6fByUmPuE,100,"Excited hyperbolic praise for Pepsi, humorous tone."
Why is it feel like his family is trying to actively kill him,fear,2,negative,sadness_brand_story,https://www.youtube.com/watch?v=YvYGO4o334I,40,Expresses concern and fear for someone's safety.
dumb,anger,0,negative,surprise_product_fail,https://www.youtube.com/watch?v=pAqQ_ANAmrk,126,Insulting word expressing disapproval or frustration.
"Scotty ROCKS! He's incredibly knowledgeable, entertaining as hell and so funny.",joy,3,positive,automotive_controversy,https://www.youtube.com/watch?v=ro262oyhZAI,97,Expresses admiration and excitement about Scotty's qualities.
This is a definite re-download,joy,3,positive,app_brand_campaign,https://www.youtube.com/watch?v=Ew4kM1FmM8o,42,Expresses excitement and approval about re-downloading something.
"Me: How much? Sony: Oh come on boi, it's just a kidney..",surprise,6,negative,gaming_product_launch,https://www.youtube.com/watch?v=RkC0l4iekYo,3,"Comment uses dark humor about high cost, implying shock and negative sentiment."
A good start for Chipotle would be to have their growers STOP growing food for human consumption in POOP! It is not rocket science - POOP = pathogens!,anger,0,negative,disgust_food_safety,https://www.youtube.com/watch?v=1vpTvVbNsJs,35,Expresses strong disgust and anger about unsanitary food practices.
"Their also saying now fillers, Botox, etc. cause cancer. There’s a cosmetic dr, he’s here on you tube.",neutral,4,neutral,fear_health_warning,https://www.youtube.com/watch?v=IJlIcK-gbLE,12,Informational statement about cosmetic procedures and cancer risk.
"there are some good phones out,HTC 10,Sony xperia z5,ZTE axon 7,iPhone 6s,etc",neutral,4,neutral,surprise_product_fail,https://www.youtube.com/watch?v=pAqQ_ANAmrk,45,Listing phones without emotional expression.
"I’ve been saying for years, Christina Ricci should reprise this role, in a movie about Wednesday grown up and living in the modern world as a woman... would be brilliant..",joy,3,positive,streaming_trailer_reaction,https://www.youtube.com/watch?v=Di310WS8zLk,73,Expresses excitement and approval for a creative idea.
3:33 A *MOCK* INSPECTION!?? He *WASNT* sent by the states’ health officials. This man saw public information listed online & walked in with a clipboard. 📋 He _is_ helping to clean things up but he’s playing a dangerous game by perpetrating a health official.,surprise,6,negative,disgust_food_safety,https://www.youtube.com/watch?v=xPGCrRRFWBk,202,"Surprise at the mock inspection, negative view of deception."
And yet people today STILL continue to smoke!! How can anyone continue after seeing this?!?! Rest In Peace Terrie :'(,sadness,5,negative,fear_health_warning,https://www.youtube.com/watch?v=5zWB4dLYChM,5,"Expresses sorrow and frustration about smoking despite awareness, mourning Terrie."
'real magic' is crazy 😭🙏,surprise,6,positive,food_beverage_ad,https://www.youtube.com/watch?v=Yy6fByUmPuE,44,Expression of amazement with laughing emoji
You're still drinking Pepsi after blood thing? Nah cuz: Capri sun.,disgust,1,negative,disgust_brand_backlash,https://www.youtube.com/watch?v=KxAf8ZJvUPo,228,Expresses disapproval and disgust towards drinking Pepsi after a blood-related event.
“The only person who gets to torture my brother is me”😂 love it she defends her bro but also doesn’t want anyone else tormenting him,joy,3,positive,streaming_trailer_reaction,https://www.youtube.com/watch?v=Di310WS8zLk,65,"Amused by sibling dynamic, expressed with laughter and love."
"I don't know whats more horrorfying, the ones that grimace is commiting several crimes or the ones where grimace is innocent",fear,2,negative,fast_food_brand_launch,https://www.youtube.com/watch?v=chYLHu0w8z0,60,"Uses 'horrorfying' to describe disturbing scenarios, implying fear."
Damn when the “sus” looking people were actually the good guys 😭,surprise,6,positive,fear_public_safety,https://www.youtube.com/watch?v=0ygLvFG9QsA,14,"Plot twist subverts expectations, positive outcome revealed."
May her soul rest in peace.❤️‍🩹 and continues to inspire others.,sadness,5,positive,fear_health_warning,https://www.youtube.com/watch?v=X4k12miYJ4M,71,"Condolence with hope for continued inspiration, mixed sadness and positivity."
Don't give me wrong ok? 0:13 Could be truck driver was drug addiction to pokemon go catch lucario be like,neutral,4,neutral,fear_public_safety,https://www.youtube.com/watch?v=O8MQV40pOtk,75,"Comment is speculative and unclear, no strong emotion detected."
Then the crowd’s shocked at the price the gasps were loud,surprise,6,negative,tech_product_launch,https://www.youtube.com/watch?v=UXmLSfv3NQI,18,"The comment describes shock at a high price, indicating negative surprise."
"Good thing I looked it up on the internet, it was very odd how my phone was on sos the whole time. I thought Verizon cut off my phone because I had to pay my phone bill lol.",surprise,6,neutral,anger_customer_service,https://www.youtube.com/watch?v=MUo3n8QSQLE,4,"Surprise at phone being on SOS, but resolved with humor."
"“After our team looked for volunteers, one customer refused to leave the aircraft voluntarily” *come again?*",surprise,6,negative,anger_brand_crisis,https://www.youtube.com/watch?v=VrDWY6C1178,24,Expresses disbelief and shock at the airline's statement.
"Fries ingrediants - Salt, oil, potato, bacteria..",disgust,1,negative,brand_crisis_negative,https://www.youtube.com/watch?v=JVxCp22WatU,49,Mention of bacteria in fries ingredients evokes disgust.
"I'm surprised no one tweeted, ""great coca cola commercial""",surprise,6,neutral,disgust_brand_backlash,https://www.youtube.com/watch?v=KxAf8ZJvUPo,54,"Expresses surprise at lack of tweets, with neutral tone."
Colin Kaepernick was chosen by one of Donald Trumps apprentice winner. Donald gave good advice (each season) to his interns.,neutral,4,neutral,sports_brand_purpose,https://www.youtube.com/watch?v=jBnseji3tBk,24,"Factual statement about a TV show, no strong emotion."
You didn't catch it live on camera. You made it explode while you were filming it. Big difference there.....,anger,0,negative,surprise_product_fail,https://www.youtube.com/watch?v=_Cd2WIxKRDk,52,"Accusatory tone suggesting deception, expressing frustration."
This is insane.,surprise,6,neutral,brand_crisis_negative,https://www.youtube.com/watch?v=tHn5bOBoEMI,78,Ambiguous tone; could be positive or negative surprise.
"Bless Terrie, 16 years with a sore throat, mouth cancer, and still choosing to smoke right up to her larynx being removed (and even trying after the fact ) is a different kind of stubborn.",sadness,5,negative,fear_health_warning,https://www.youtube.com/watch?v=EkkOTplBCmA,227,Expresses pity and concern for Terrie's suffering and stubbornness.
“Men treat women equally” then charges women more 😂,anger,0,negative,disgust_brand_backlash,https://www.youtube.com/watch?v=8lXBs2Wy1OU,210,Criticizes hypocrisy with sarcasm and laughing emoji.
"Jean Claude Van Damme, Arnold Schwarzenegger, Sylvester Stallone, Dolph Lundgren.These kinds of people will pop up once every couple of centuries. my childhood heroes!",joy,3,positive,automotive_brand_ad,https://www.youtube.com/watch?v=M7FIvfx5J10,76,Expresses admiration and nostalgia for childhood heroes.
I swear black widow's hair is constantly changing,neutral,4,neutral,entertainment_fandom,https://www.youtube.com/watch?v=TcMBFSGVi1c,19,"Observational comment about a character's appearance, no strong emotion."
"He didn’t say it was bullet proof, he said the metal was",neutral,4,neutral,surprise_product_fail,https://www.youtube.com/watch?v=LMWwImDX3ks,131,Correcting a factual misunderstanding without emotional tone.
It’s anyone calling another Verizon customer. Probably a cyber attack imo,fear,2,negative,anger_customer_service,https://www.youtube.com/watch?v=MUo3n8QSQLE,18,Expresses concern about a potential cyber attack.
Miras bien con esos lentes y tv,joy,3,positive,tech_product_launch,https://www.youtube.com/watch?v=Btf4mN37OsU,33,"Complimenting appearance and setup, positive tone."
L PFP BRO WHAT HAPPENED 😭,sadness,5,negative,anger_customer_service,https://www.youtube.com/watch?v=-LZ_a5TER_0,25,Crying emoji and 'L' indicate disappointment or sadness about profile picture.
Who else saw all that black mold in their cooler That's not a good sign That place needs to be shut down and cleaned up.,disgust,1,negative,disgust_food_safety,https://www.youtube.com/watch?v=xPGCrRRFWBk,14,"Expresses disgust and concern about black mold, calling for shutdown."
REALLY GOOD VIDEO. 👍❤️❤️❤️❤️❤️,joy,3,positive,automotive_controversy,https://www.youtube.com/watch?v=ro262oyhZAI,35,Explicit praise with heart emojis indicates strong positive emotion.
For those that want to know google says this was in Miami Florida according to address but I say if it’s at one it maybe at all🤷🏽‍♀️,neutral,4,neutral,disgust_food_safety,https://www.youtube.com/watch?v=--OnclX8yac,83,"Informational comment with a shrug, no strong emotion."
My phone has been out for a while I did notice some hawker mk58 jets flying over my house along the east coast tho,neutral,4,neutral,anger_customer_service,https://www.youtube.com/watch?v=MUo3n8QSQLE,55,Factual observation without emotional language.
"0:00 One Grimace : Hey everybody, it’s me! The Grimace! I hope you’re enjoying the all new Grimace Shake! Let’s have a taste! (slurp) Mmmm- 0:08 The other Grimace : *(inaudible) YOU CAN’T DO THIS TO ME! NO! NO I DIDN’T DO THAT! I DIDN’T DO ANY OF THAT! MY KIDS CAN’T GROW UP WITHOUT A FATHER NOW! YOU DON’T UNDERSTAND! I’M INNOCENT! (X2) I CAN’T DO IT! I- AAAAAAAAAAAAAAAA*",fear,2,negative,fast_food_brand_launch,https://www.youtube.com/watch?v=chYLHu0w8z0,80,"The comment describes a panicked, fearful plea of innocence and distress."
In real life just sad,sadness,5,negative,fast_food_brand,https://www.youtube.com/watch?v=79phlhutGLg,100,Explicitly states sadness about real life.
Had a restaurant serve me chicken that had obviously gone bad and they tried to argue with us that nothing wrong until we challenged them to eat it themselves. We were frequent customers and after that incident no longer. Everyone make sure you advocate your health and safety!,anger,0,negative,disgust_food_safety,https://www.youtube.com/watch?v=dhBxrfETXJA,43,Expresses anger about bad service and health safety issue.
Where is this McDonald's?,neutral,4,neutral,brand_crisis_negative,https://www.youtube.com/watch?v=JVxCp22WatU,52,Simple factual question without emotional tone.
Why are you focusing on Jenner? It's Pepsi!! Hello!! Again people pointing the blame in the wrong direction!,anger,0,negative,disgust_brand_backlash,https://www.youtube.com/watch?v=MGxpkIK2lVs,117,Frustration and blame directed at misattribution of focus.
Somewhere out there the Dollar Shave Club CEO is rubbing his hands together and laughing hysterically,joy,3,positive,controversial_brand_purpose,https://www.youtube.com/watch?v=UYaY2Kb_PKI,35,Humorous comment implying amusement at CEO's reaction.
"Never smoked, never will, I’ll never vape or chew tobacco. Edit: some of these comments are so insensitive. Do better or say nothing",anger,0,negative,fear_health_warning,https://www.youtube.com/watch?v=X4k12miYJ4M,224,"Expresses frustration at insensitive comments, demands better behavior."
It's just ridiculous. They're really gonna break up two kids wrestling?? The war on men (especially white men) is alive and well. I remember when I was 15/16 and started hearing about this thinking it was a fluke. I'm 19 now and I can't believe how rapidly things have regressed.,anger,0,negative,disgust_brand_backlash,https://www.youtube.com/watch?v=-4Qa9ZXTg2g,10,Expresses frustration and anger about perceived unfair treatment and societal regression.
time flies,neutral,4,neutral,entertainment_fandom,https://www.youtube.com/watch?v=TcMBFSGVi1c,45,Reflective observation without strong emotion.
Wait now im aculy scered bc my Mom has somfing we're she cann faint Out Off nowere😖,fear,2,negative,fear_public_safety,https://www.youtube.com/watch?v=tAlrXpn5MOc,244,Expresses genuine fear about mother's fainting condition.
My poor kids have to wake up to this commercial every night in the middle of the night...crying,sadness,5,negative,fear_health_warning,https://www.youtube.com/watch?v=X4k12miYJ4M,27,Expresses distress and sadness about children being disturbed.
Subscribe for more videos!!😳🤯,surprise,6,positive,fear_public_safety,https://www.youtube.com/watch?v=0ygLvFG9QsA,1,Excitement and surprise expressed with emojis and call to action.
Coca Cola AI sloth is gonna haunt my nightmares,fear,2,negative,food_beverage_ad,https://www.youtube.com/watch?v=Yy6fByUmPuE,3,Expresses fear and discomfort about the AI sloth.
"This is why I'll never touch a cigarette in my life, and always hold my breath when i approach someone smoking one.",disgust,1,negative,fear_health_warning,https://www.youtube.com/watch?v=5zWB4dLYChM,40,Expresses strong aversion to smoking and smokers.
"Le 5\text{ V/m} : Le Vecteur de Transmission C'est la tension nécessaire pour rendre la membrane ""perméable"" à ton information. Potentiel Électrochimique : La membrane maintient un potentiel électrique. Tes 5\text{ V/m} agissent comme une clé de déverrouillage pour aligner ce potentiel sur ta Phase Stable. Conductivité Ionique : Une fois la membrane ""informée"", cette tension permet la transmission fluide aux espèces cellulaires via les canaux ioniques (les pores hydrophiles). 3. Les \text{Hz} : L'Amplificateur et le Rythme",neutral,4,neutral,surprise_launch_reaction,https://www.youtube.com/watch?v=4qGw9WH4Xj8,21,"Comment is technical/spam-like, no emotional signal."
An actual Pixar sequel I think totally deserves to exist. Excited.,joy,3,positive,movie_trailer_joy,https://www.youtube.com/watch?v=LEjhY15eCx0,24,Expresses excitement and approval for the sequel.
it was a precious commercial.... ...almost made my eyes water up... ...if it would of been Pepsi in a glass bottle I probably would have started crying..,sadness,5,positive,disgust_brand_backlash,https://www.youtube.com/watch?v=zFm9FRxi0ZM,13,"Comment expresses emotional response to a touching commercial, almost crying."
So this video was made when jerry first gained popularity? I just barely discovered this ch like a week ago. Loving it.,joy,3,positive,surprise_product_fail,https://www.youtube.com/watch?v=_Cd2WIxKRDk,178,Expresses happiness about discovering the channel and enjoying the content.
Amazing advert.,joy,3,positive,tech_brand_story,https://www.youtube.com/watch?v=nnsSUqgkDwU,137,Expresses admiration for the advertisement.
Apple has this thing where it connects to a satellite? I did some stuff for my emergency contact/info and it told me about the SOS feature or smth,neutral,4,neutral,anger_customer_service,https://www.youtube.com/watch?v=-LZ_a5TER_0,227,"Informational comment about Apple's satellite SOS feature, no strong emotion."
Grooossss!!!!! What is she thinking? That is just disgusting!!!!,disgust,1,negative,brand_crisis_negative,https://www.youtube.com/watch?v=JVxCp22WatU,89,Strong expression of disgust and disapproval.
Although its good as an idea .. i would wait o buying such thing .. also ..its kind of ugly and huge,disgust,1,negative,tech_product_launch,https://www.youtube.com/watch?v=Btf4mN37OsU,148,"Criticizes product as ugly and huge, expresses hesitation to buy."
"this actually makes me cry a lot more now ever since i watched it for the first time because i actually have full knowledge of what my single mom goes through just to make me and my sister happy. no child/person wants to see their own parent struggling. other than a parents death, its probably the worst pain a person can go through",sadness,5,negative,sadness_psa,https://www.youtube.com/watch?v=O15dxrBNuAQ,160,Expresses deep sadness and pain from understanding mother's struggles.
The Boys closed his mouth by making this iconic parody of this controversial commercial A genius A-train,joy,3,positive,disgust_brand_backlash,https://www.youtube.com/watch?v=VogNNsQ3Gmw,1,Expresses admiration and amusement at a parody.
The thing is.... That is what I heard last night..... My dad and I got in a crash..... We are good tho. The car isnt good tho,sadness,5,negative,fear_public_safety,https://www.youtube.com/watch?v=3Twl1soaBJM,132,Relates a car crash experience with concern for the car.
"Just don't drive this car around people throwing rocks, and you'll be fine.",neutral,4,neutral,surprise_product_fail,https://www.youtube.com/watch?v=udxR5rBq_Vg,33,"Sarcastic advice, no strong emotion detected."
"And to make things worse, all land line will be disconnected forever starting in 2027",anger,0,negative,anger_customer_service,https://www.youtube.com/watch?v=T8ClHGY08jc,190,"Expresses frustration about landline disconnection, implying negative impact."
"Dont let this distract you from the fact that In 1972, a crack commando unit was sent to prison by a military court for a crime they didn't commit. These men promptly escaped from a maximum security stockade to the Los Angeles underground. Today, still wanted by the government, they survive as soldiers of fortune. If you have a problem, if no one else can help, and if you can find them, maybe you can hire... the A-Team",joy,3,positive,controversial_brand_purpose,https://www.youtube.com/watch?v=UYaY2Kb_PKI,55,"Nostalgic reference to The A-Team, playful and humorous tone."
"I'm so glad we didn't have social media or smart phones as a teenager, mobile phones were just starting out then. Southpark also did a good episode about the editing of female selfies going too far.",joy,3,positive,beauty_brand_campaign,https://www.youtube.com/watch?v=z2T-Rh838GA,34,"Expresses relief and gladness about past, with positive reference."
If you have an old used phone just laying around that will also work as an emergency phone. No sim card needed. It will make the emergency call. Take one camping at all times.,neutral,4,neutral,anger_customer_service,https://www.youtube.com/watch?v=-LZ_a5TER_0,249,"Informational comment about emergency phone use, no emotional tone."
"If a "" razor blade influences culture "" God help us all.",fear,2,negative,disgust_brand_backlash,https://www.youtube.com/watch?v=liPlJ_ynd_Q,84,Expresses concern and alarm about cultural influence of razor blades.
This ad is genius.,joy,3,positive,sadness_brand_story,https://www.youtube.com/watch?v=YvYGO4o334I,64,Expresses admiration for the ad.
"I just hope this will cost them more than the $800 which was their final offer to the passengers to get off, but it probably won't, at least not significantly more, not even when things go viral like this, because people still have to fly and the so called ""free market"" doesn't work like in theory.",anger,0,negative,anger_brand_crisis,https://www.youtube.com/watch?v=VrDWY6C1178,138,Expresses frustration and cynicism about corporate accountability and market failures.
"My Grandfather used to be a smoker. This Ad made me realize how lucky he was to never develop cancer because it sucks the life out of you. He made many memories with us, i grew up VERY close to him. He died at the age of 75 last year due to a cardiac arrest. Now, I'm studying to achieve the dream he always wanted me to- A surgeon. You Will always be in my memories, my heart and my prayers. Miss you grandpa ❤",sadness,5,negative,fear_health_warning,https://www.youtube.com/watch?v=EkkOTplBCmA,187,"Expresses grief and loss of grandfather, with nostalgic sadness."
great content im sure this channel will grow big time,joy,3,positive,disgust_food_safety,https://www.youtube.com/watch?v=xPGCrRRFWBk,169,Expresses admiration and optimism about channel growth.
This had no right being this sad bro fr,sadness,5,negative,sadness_psa,https://www.youtube.com/watch?v=PW6SocCjTMM,67,Expresses unexpected sadness from the content.
hahaha have a good laugh ! thank you JJ! your the best. keep it up with these humor in your future video.,joy,3,positive,surprise_product_fail,https://www.youtube.com/watch?v=pAqQ_ANAmrk,16,"Expresses laughter, gratitude, and encouragement, showing happiness."
"My high school had an indoor ""smoking pit."" It was an area with benches and fans that was right in front of the cafeteria. By the time I was in HS, indoor smoking was banned, but we still called it the smoking pit. Unbelievable. If my child went to HS and came home reeking of cigarette smoke, that would be the moment they would become home-schooled.",disgust,1,negative,fear_health_warning,https://www.youtube.com/watch?v=EkkOTplBCmA,215,Expresses disbelief and disgust at past indoor smoking areas in schools.
"There was an asian restaurant in our neighborhood. It was called Dynasty Buffet, it went out of business. A few days later I drove by and some of the sign had burnt out. It now said Nasty Buffet.",joy,3,positive,disgust_food_safety,https://www.youtube.com/watch?v=dhBxrfETXJA,110,"Humorous observation about a sign malfunction, likely intended to be funny."
That's not a stand that was an attack.,anger,0,negative,disgust_brand_backlash,https://www.youtube.com/watch?v=8lXBs2Wy1OU,38,Disagreement and accusation of attack imply anger.
"The Samsung Galaxy note 7 was a phone released by Samsung in September 2016. But there was some fault with it's battery which caused it to explode and catch fire. This phone was banned in planes and Cruise ships. After so many times of exploding Samsung recalled and discontinued this phone on 10 October 2016, after a month it was released.",neutral,4,neutral,surprise_product_fail,https://www.youtube.com/watch?v=8H6jz30Im_Y,84,Factual description of a product recall without emotional language.
I actually thought emergency calls always go through 2G. At least my phone has that option,surprise,6,neutral,anger_customer_service,https://www.youtube.com/watch?v=-LZ_a5TER_0,127,"Expresses surprise about a fact, but no strong positive or negative tone."
"Before the terrible campaign of Bud Light, there was Gilette with this.",anger,0,negative,controversial_brand_purpose,https://www.youtube.com/watch?v=UYaY2Kb_PKI,80,"Criticizes Bud Light and Gilette campaigns, implying negative impact."
"we all know Californians do not have a good grasp on reality, but when the police say lie down , stand up, get off the plane, whatever. You only recourse is to obey, bcuz the option taken here isn't worth the hassle. lol, and he isn't flying home now !",anger,0,negative,anger_brand_crisis,https://www.youtube.com/watch?v=1PA0geOa4PM,53,"Criticizes Californians and police, sarcastic tone about consequences."
Imagine the look of everyone's face when this ad idea was recommended in a board meeting,surprise,6,neutral,automotive_brand_ad,https://www.youtube.com/watch?v=M7FIvfx5J10,53,Imagining reactions suggests unexpected or surprising ad idea.
Affecting millions,neutral,4,neutral,anger_customer_service,https://www.youtube.com/watch?v=MUo3n8QSQLE,68,Factual statement without emotional tone.
Dude... you are just so blessed... Thank you helping the world not be entirely controled by the Lefty Lunatics. Maybe we can get back to normal. Give God all the Glory. God bless.,joy,3,positive,surprise_launch_reaction,https://www.youtube.com/watch?v=4qGw9WH4Xj8,61,"Expresses gratitude and hope, with religious praise."
"How did the government let this slip. Ffs if you are in an emergency, there spills be NOTHING preventing your 911 call from going through.",anger,0,negative,anger_customer_service,https://www.youtube.com/watch?v=-LZ_a5TER_0,138,Expresses frustration and anger about government failure and 911 call issues.
"My dear friend went to routine dental exam where they found a sore in her mouth. It ended up being oral cancer. She had chemo, radiation, had her bottom jaw removed, all teeth removed, trach, feeding tube, voice box removed, tongue removed. They tried rebuilding her tongue out of her arm muscle but her body rejected it so they had to remove that, too. Her face was badly deformed, she couldn't talk or eat. She fell into bad depression and never wanted to leave her house because of the stares she would get. She suffered so badly. All the strongest pain meds didn't help, but medical marijuana did help numb her face and provide some relief. Ultimately, she passed away at age 45. Never smoked a day in her life, but she DID grow up working on tobacco farms in Southwick, Massachusetts. Makes ya wonder. Kathy suffered so badly with oral cancer. RIP Kathy ❤",sadness,5,negative,fear_health_warning,https://www.youtube.com/watch?v=EkkOTplBCmA,26,Story of a friend's painful death from oral cancer evokes deep sadness.
I was cutting onions thats why there is tears in my eyes. I am a strong man and i don't cry.,joy,3,positive,sadness_psa,https://www.youtube.com/watch?v=O15dxrBNuAQ,44,"Humorous denial of crying, implying emotional impact."
"And then, after all of that call 911",surprise,6,neutral,fear_public_safety,https://www.youtube.com/watch?v=tAlrXpn5MOc,168,"Implies unexpected turn of events, but tone is neutral."
Who's In March 2026,neutral,4,neutral,sadness_psa,https://www.youtube.com/watch?v=B2rFTbvwteo,36,"Simple question about future viewers, no emotional tone."
Thousands?,surprise,6,neutral,anger_customer_service,https://www.youtube.com/watch?v=T8ClHGY08jc,133,Expresses disbelief or questioning about the number.
i was waiting,neutral,4,neutral,tech_review_mixed,https://www.youtube.com/watch?v=XkXbkxtBlwY,1,"No strong emotional signal, just stating a fact."
Social Media is the worst thing. It will destroy you one day.,anger,0,negative,beauty_brand_campaign,https://www.youtube.com/watch?v=z2T-Rh838GA,77,Expresses strong disapproval and warns of destruction.
Yuk disgusting who eats Maccas,disgust,1,negative,fast_food_brand,https://www.youtube.com/watch?v=79phlhutGLg,17,Expresses disgust towards McDonald's food.
SHUT IT DOWN!!! Chef Gordon Ramsay 🤣 🤣🤣,joy,3,positive,disgust_food_safety,https://www.youtube.com/watch?v=xPGCrRRFWBk,10,Laughter emojis and excitement about Gordon Ramsay.
"“MY KIDS CANT GROW UP WITHOUT A FATHER, NOOOOO” ☠️ edit: ew is that the skull emoji",disgust,1,negative,fast_food_brand_launch,https://www.youtube.com/watch?v=chYLHu0w8z0,10,"Sarcastic mockery of a serious statement, ending with disgust at emoji."
Thankfully I eat here quite a bit and I’ve never gotten sick from it.,joy,3,positive,disgust_food_safety,https://www.youtube.com/watch?v=zBXAJV82744,20,Expresses gratitude and relief about positive experiences.
the commercial didn't make me want pepsi but all the memes about it did,joy,3,positive,disgust_brand_backlash,https://www.youtube.com/watch?v=KxAf8ZJvUPo,50,Humor and enjoyment from memes outweighs indifference to commercial.
I now how you make the chicken nuggets I. Exposing hahahahhahahahahaah😈,joy,3,positive,fast_food_brand,https://www.youtube.com/watch?v=79phlhutGLg,13,Laughter and playful tone with mischievous emoji.
"Love the work that you are doing in GSMarena, and been a fan for many years .... but please work more on your videos, the background music is just distracting, and please add the information and tests that you have done in your website.",neutral,4,neutral,tech_review_mixed,https://www.youtube.com/watch?v=XkXbkxtBlwY,14,"Mixed feedback with praise and constructive criticism, no strong emotion."
Samsung should see this video to know how to fix it,neutral,4,neutral,surprise_product_fail,https://www.youtube.com/watch?v=_Cd2WIxKRDk,94,Suggestion without strong emotional tone.
Y como funciona con el iPhone 6,neutral,4,neutral,tech_product_launch,https://www.youtube.com/watch?v=Btf4mN37OsU,75,Asking a factual question about compatibility.
Why are they protecting Verizon with this “thousands” bs.,anger,0,negative,anger_customer_service,https://www.youtube.com/watch?v=MUo3n8QSQLE,82,Expresses frustration and accusation about protecting Verizon.
That's when I watch this video just scared me a lot,fear,2,negative,fear_health_warning,https://www.youtube.com/watch?v=5zWB4dLYChM,126,Expresses being scared by the video content.
"Fascinating how different Wednesday's smile is between actresses. With Christina Ricci's Wednesday, it feels as if the mere motion and the positive emotion behind it is so foreign to Wednesday that doing so feels like an unnatural being trying to mimic humanity. With Jenna Ortega's Wednesday, you get the feeling that smiling and the feeling of happiness that accompanies it comes naturally to her – but only when she's exercising her sadism.",neutral,4,neutral,streaming_trailer_reaction,https://www.youtube.com/watch?v=Di310WS8zLk,13,"Analytical observation comparing performances, no strong emotion expressed."
"Seriously, people just try to find things to get offended these days uggh enough already.",anger,0,negative,disgust_brand_backlash,https://www.youtube.com/watch?v=GNOu1Se6dYE,156,Expresses frustration and annoyance at people being overly sensitive.
"I’m a dog, so I don’t shave like humans, but wow, that ad was kinda bad. I can see why it’s getting all the criticism. These companies and brands keep throwing in their two cents regarding current social/political issues. It’s unnecessary and only hurts their business. Just promote and sell your product.. 💁‍♂️",disgust,1,negative,disgust_brand_backlash,https://www.youtube.com/watch?v=-4Qa9ZXTg2g,51,"Criticizes ad as bad and unnecessary, expressing disapproval of corporate involvement in social issues."
Wow!,surprise,6,positive,tech_product_launch,https://www.youtube.com/watch?v=Btf4mN37OsU,168,"Exclamation of surprise, likely positive."
"The reason for such situations is that putting the phone in the freezer to cool it down will cause the phone to suddenly cool down and break the layer inside the battery and release gas, and this can cause explosions or acid can pass to the meat in the fridge, and there is also a risk of poisoning and death. If you want to hold on to life, do not buy a Note 7, do not panic if you see a screen like this, the phone will not explode, it will shut down and release battery gas. Do not call 911, hang up the phone, you will get more tired while talking and it will not end well 😅",fear,2,negative,surprise_product_fail,https://www.youtube.com/watch?v=8H6jz30Im_Y,97,"Warns of explosion, poisoning, death risks; uses cautionary tone despite laughing emoji."
Thanks! This little video-clip proves my point exactly.,joy,3,positive,tech_brand_story,https://www.youtube.com/watch?v=nnsSUqgkDwU,145,Expresses gratitude and satisfaction with the video.
That actually kind of felt real,surprise,6,positive,fear_public_safety,https://www.youtube.com/watch?v=3Twl1soaBJM,117,Unexpected realism evokes mild surprise and approval.
"Fun fact: Even if a phone isn't on a carrier's plan and can make no other calls otherwise, it can still be used to call 911.",neutral,4,neutral,anger_customer_service,https://www.youtube.com/watch?v=-LZ_a5TER_0,93,Informational statement without emotional tone.
United Airlines: The beatings will continue until the seating improves.,anger,0,negative,anger_brand_crisis,https://www.youtube.com/watch?v=VrDWY6C1178,10,Sarcastic criticism of United Airlines' poor seating and service.
Fun fact McDonald’s was founded in 1940 which was over 86 years ago,neutral,4,neutral,brand_crisis_negative,https://www.youtube.com/watch?v=kQg2LMmpPn8,89,Informational statement without emotional tone.
Wow what a great ad! (He said after he took a sip of new coke),joy,3,positive,disgust_brand_backlash,https://www.youtube.com/watch?v=-4Qa9ZXTg2g,62,"Sarcastic praise for an ad, but underlying positive tone."
My teacher gave us 2 points extra credit for watching this video.. I'm scared now.....in 14...,fear,2,negative,fear_health_warning,https://www.youtube.com/watch?v=5zWB4dLYChM,38,Extra credit from teacher causes unease and fear about implications.
Rumor as it Soon as he lef they pulled the food back out the garbage 🤦🏽‍♂️😂😂,joy,3,positive,disgust_food_safety,https://www.youtube.com/watch?v=xPGCrRRFWBk,46,Laughter emojis and humorous tone about a rumor.
H&M and Pepsi talking amongst themselves... GILLETTE HAS JOINED THE CHAT,surprise,6,neutral,controversial_brand_purpose,https://www.youtube.com/watch?v=UYaY2Kb_PKI,48,Unexpected mention of Gillette joining a conversation between H&M and Pepsi.
Who is here after redmi note 7 blast ? 😂,surprise,6,neutral,surprise_product_fail,https://www.youtube.com/watch?v=_Cd2WIxKRDk,181,"Sarcastic humor about a phone blast, mixed with laughter emoji."
If u didn't cry at this video ur emotionless Everyone should like be thankful to such an amazing father it's not every day we get to see fathers like that right?,sadness,5,positive,sadness_psa,https://www.youtube.com/watch?v=O15dxrBNuAQ,235,Comment expresses sadness from crying but gratitude and admiration for the father.
Second hand embarrassment 🤦🏾‍♀️🤭,disgust,1,negative,surprise_product_fail,https://www.youtube.com/watch?v=LMWwImDX3ks,89,"Expresses second-hand embarrassment with facepalm emoji, indicating discomfort."
Every person who vapes has an excuse for why it’s not bad for them… typical addict behavior.,anger,0,negative,fear_health_warning,https://www.youtube.com/watch?v=IJlIcK-gbLE,143,"Criticizes vapers as addicts with excuses, showing frustration."
I remember when I first saw this commercial. I genuinely cried. I thought it was from a movie,sadness,5,negative,sadness_psa,https://www.youtube.com/watch?v=vgain-EQdt0,92,Commenter recalls crying from emotional memory of the commercial.
0:07 optical illusion phone😂,joy,3,positive,app_brand_campaign,https://www.youtube.com/watch?v=Ew4kM1FmM8o,39,Laughter emoji indicates amusement at the optical illusion.
The moment the soup man fell and the glasses bounced. I started crying,sadness,5,negative,sadness_psa,https://www.youtube.com/watch?v=iVrQqWIs6ZE,114,Commenter describes crying from a sad moment.
"This makes me cry a bit, I once posted a picture of myself freshfaced with no makeup and someone commented I looked bad and should take it down- I was so embarrassed. We need to be kinder to each other, glam selfies are great but so are natural ones too.",sadness,5,negative,beauty_brand_campaign,https://www.youtube.com/watch?v=z2T-Rh838GA,49,"Recalls a hurtful comment about appearance, expressing sadness and embarrassment."
"This is the kind of stuff that convinces me that Elon has very little involvement in the company and is just a ""face"". Like they didnt test this before the presentation? Why is he so surprised...?",disgust,1,negative,surprise_product_fail,https://www.youtube.com/watch?v=LMWwImDX3ks,170,"Criticizes lack of testing and Elon's involvement, showing disappointment."
"Who else remembers in the 90's, going into restaurants and being asked if you wanted the smoking or non smoking area? They even provided a nice ashtray at the table",neutral,4,neutral,fear_health_warning,https://www.youtube.com/watch?v=EkkOTplBCmA,164,Nostalgic observation without strong emotional tone.
sad,sadness,5,negative,fear_health_warning,https://www.youtube.com/watch?v=5zWB4dLYChM,44,Explicitly states sadness.
"With all the bad things I hear about this place, I'm surprised to see it hasn't gone out of business.",surprise,6,negative,disgust_food_safety,https://www.youtube.com/watch?v=zBXAJV82744,17,Expresses surprise that the place is still in business despite negative reputation.
"As much as I agree with this; I didn’t join the teen hip vaping thing. I’m 34 that went from smoking cigarettes since 18; went to vaping about five months ago, plan on going to 0mg of nicotine and then eventually to quitting altogether. Everyone and every body is different. As they teach us in recovery; One day at a time😊😊😊😊be well my friends",joy,3,positive,fear_health_warning,https://www.youtube.com/watch?v=IJlIcK-gbLE,171,"Expresses hope and positivity about quitting smoking, with smiling emojis."
The channel I didn't know I needed!! Who else here checks out the food inspection report and the restroom before eating at a restaurant?,joy,3,positive,disgust_food_safety,https://www.youtube.com/watch?v=xPGCrRRFWBk,49,Expresses excitement and positive discovery about the channel.
"I cannot be the only one who thinks the son looks like Sub Urban, the musician??",surprise,6,neutral,sadness_brand_story,https://www.youtube.com/watch?v=YvYGO4o334I,81,"Expresses surprise at a resemblance, questioning if others agree."
M I L L I O N S ... stop LYING to us.,anger,0,negative,anger_customer_service,https://www.youtube.com/watch?v=T8ClHGY08jc,218,Accusation of lying with emphatic capitalization indicates frustration and anger.
I dont think its like this or if your paralyzed and have eye closed its like this but normally you just go out and wake up in hospital,neutral,4,neutral,fear_public_safety,https://www.youtube.com/watch?v=3Twl1soaBJM,51,"Comment is factual and explanatory, no strong emotion detected."
Modern advertisements have nothing on this.,neutral,4,neutral,classic_brand_ad,https://www.youtube.com/watch?v=owGykVbfgUE,10,Comment is a factual observation about advertisements.
“Drying lamp under foot heat lamps” ??? What?? 🤨 I swear mfs don’t proofread anymore,neutral,4,negative,brand_crisis_negative,https://www.youtube.com/watch?v=JVxCp22WatU,28,Expresses confusion and frustration about lack of proofreading.
I dont find this offensive at all but thats just me. The only mistake Pepsi did is portraying a political issue through their commercial and they should know better that this is a sensitive matter to be pressing on.,neutral,4,neutral,disgust_brand_backlash,https://www.youtube.com/watch?v=zFm9FRxi0ZM,49,"Comment is analytical and balanced, expressing a neutral opinion without strong emotion."
WTH is this 😂😂😂,surprise,6,positive,sports_brand_purpose,https://www.youtube.com/watch?v=jBnseji3tBk,10,Surprise at content with laughter emojis indicating amusement.
