video,video_short,comment_index,comment,manual_7_emotion,manual_3_sentiment,pretrained_7_emotion,finetuned_7_emotion,sentiment_pipeline_3,pretrained_7_match,finetuned_7_match,sentiment_3_match,domain_adapted_7_emotion,domain_adapted_7_match,previous_manual_7_emotion,previous_manual_3_sentiment,manual_label_changed,manual_review_note,manual_review_source,pretrained_7_score,finetuned_7_score,domain_adapted_7_score,samlowe_roberta_7_emotion,samlowe_roberta_7_score,samlowe_roberta_7_match,jhartmann_roberta_large_7_emotion,jhartmann_roberta_large_7_score,jhartmann_roberta_large_7_match,sentiment_pipeline_3_score,samlowe_roberta_adapted_7_emotion,samlowe_roberta_adapted_7_score,samlowe_roberta_adapted_7_match,jhartmann_distilroberta_adapted_7_emotion,jhartmann_distilroberta_adapted_7_score,jhartmann_distilroberta_adapted_7_match,lxyuan_sentiment_3,lxyuan_sentiment_3_score,lxyuan_sentiment_3_match,bertweet_sentiment_3,bertweet_sentiment_3_score,bertweet_sentiment_3_match
https://www.youtube.com/watch?v=d2dgJGkw5p0,rare_earths,1,Learn more: Why Rare Earths Are China’s Trump Card in Trade War - https://bloom.bg/4nG7F63,neutral,neutral,neutral,neutral,neutral,Yes,Yes,Yes,neutral,Yes,neutral,neutral,No,confirmed after assistant manual review,assistant_manual_review_2026-05-27,0.7637,0.992,0.8619,neutral,0.8639,Yes,neutral,0.7532,Yes,0.8981,neutral,0.9821,Yes,surprise,0.8931,No,positive,0.497,No,neu,0.9122,No
https://www.youtube.com/watch?v=d2dgJGkw5p0,rare_earths,2,Funny how they complain they cannot bully China,anger,negative,neutral,joy,negative,No,No,Yes,joy,No,anger,negative,No,confirmed after assistant manual review,assistant_manual_review_2026-05-27,0.3571,0.7145,0.9067,joy,0.7937,No,anger,0.3018,Yes,0.5937,anger,0.9856,Yes,neutral,0.3618,No,negative,0.4035,Yes,neg,0.733,No
https://www.youtube.com/watch?v=d2dgJGkw5p0,rare_earths,3,"Remember the US restricted sale of semiconductors to China, they responded by restricting sale of rare earth materials to the US. In the old days western countries dominated world trade, now that has shifted to Asia. The western powers must accept one thing, you can't dominate the world forever.",anger,negative,neutral,neutral,neutral,No,No,No,neutral,No,anger,negative,No,confirmed after assistant manual review,assistant_manual_review_2026-05-27,0.6278,0.9938,0.9368,neutral,0.5912,No,neutral,0.6768,No,0.6248,neutral,0.9746,No,neutral,0.8136,No,negative,0.4228,Yes,neu,0.8106,No
https://www.youtube.com/watch?v=d2dgJGkw5p0,rare_earths,4,China is only using rare earth as geopolitical leverage in response to US using its dominance in semiconductor as geopolitical leverage.,neutral,neutral,neutral,neutral,neutral,Yes,Yes,Yes,neutral,Yes,neutral,neutral,No,confirmed after assistant manual review,assistant_manual_review_2026-05-27,0.9097,0.9936,0.9768,neutral,0.9322,Yes,neutral,0.7777,Yes,0.7369,neutral,0.9865,Yes,neutral,0.8904,Yes,positive,0.3908,No,neu,0.8834,No
https://www.youtube.com/watch?v=d2dgJGkw5p0,rare_earths,5,China never used it as geopolitical leverage until it had to.,neutral,neutral,neutral,neutral,neutral,Yes,Yes,Yes,neutral,Yes,neutral,neutral,No,confirmed after assistant manual review,assistant_manual_review_2026-05-27,0.9306,0.9934,0.9404,neutral,0.8851,Yes,neutral,0.6394,Yes,0.6133,neutral,0.9856,Yes,neutral,0.8846,Yes,neutral,0.3924,Yes,neu,0.698,No
https://www.youtube.com/watch?v=d2dgJGkw5p0,rare_earths,6,You can restrict semiconductors and chips to China but China can't hold rare earth material,anger,negative,neutral,neutral,neutral,No,No,No,neutral,No,neutral,neutral,Yes,rhetorical criticism about policy double standard,assistant_manual_review_2026-05-27,0.9375,0.9936,0.9653,neutral,0.7272,No,neutral,0.9032,No,0.5127,neutral,0.9852,No,neutral,0.9415,No,neutral,0.3864,No,neu,0.5917,No
https://www.youtube.com/watch?v=d2dgJGkw5p0,rare_earths,7,Maybe not using your precious Rare earth on weapons. 😂,anger,negative,neutral,neutral,negative,No,No,Yes,neutral,No,neutral,neutral,Yes,sarcastic criticism of weapon use,assistant_manual_review_2026-05-27,0.8235,0.9941,0.6263,neutral,0.4415,No,neutral,0.688,No,0.5499,joy,0.9877,No,joy,0.9605,No,negative,0.3733,Yes,neu,0.5445,No
https://www.youtube.com/watch?v=d2dgJGkw5p0,rare_earths,8,"I remember learning in school back around 2000 that we in China had the rare earth deposits but our refining capability was so poor we could only export raw ore to countries like Japan, making a tiny profit in the whole value chain. Now watching this video i feel proud of my country and our people. We don't need to argue with others. Just do our job, improvise everyday and enjoy our lives. We dont need to envy or be afraid of the bullies.",joy,positive,joy,joy,neutral,Yes,Yes,No,fear,No,sadness,negative,Yes,dominant emotion is pride and positive national progress,assistant_manual_review_2026-05-27,0.9795,0.9307,0.9071,joy,0.2701,Yes,fear,0.4035,No,0.4598,fear,0.974,No,fear,0.8907,No,positive,0.5281,Yes,pos,0.903,No
https://www.youtube.com/watch?v=d2dgJGkw5p0,rare_earths,9,"There is nothing rare about ""rare"" earths. Its the processing plants that are rare.",neutral,neutral,neutral,neutral,neutral,Yes,Yes,Yes,neutral,Yes,neutral,neutral,No,confirmed after assistant manual review,assistant_manual_review_2026-05-27,0.8214,0.9819,0.8722,neutral,0.8046,Yes,neutral,0.6947,Yes,0.617,neutral,0.9289,Yes,disgust,0.6282,No,neutral,0.5213,Yes,neu,0.8254,No
https://www.youtube.com/watch?v=d2dgJGkw5p0,rare_earths,10,"US is always the one that starting the trouble, China just reacting. this REM case show that many times US start something without thinking everything. like so many other cases. when you started it, don't blame others for reacting.",anger,negative,neutral,neutral,negative,No,No,Yes,anger,Yes,anger,negative,No,confirmed after assistant manual review,assistant_manual_review_2026-05-27,0.3705,0.9808,0.819,neutral,0.659,No,anger,0.6423,Yes,0.7491,anger,0.9706,Yes,anger,0.8983,Yes,negative,0.5277,Yes,neg,0.8157,No
https://www.youtube.com/watch?v=d2dgJGkw5p0,rare_earths,11,"BRAZIL is a BRICKS member and US imposed 50% on this country, there's no way the second largest REE country will align with US to solve this crisis.",neutral,neutral,neutral,neutral,negative,Yes,Yes,No,anger,No,neutral,neutral,No,confirmed after assistant manual review,assistant_manual_review_2026-05-27,0.7214,0.9764,0.6719,neutral,0.5555,Yes,anger,0.4858,No,0.9263,anger,0.9851,No,anger,0.7471,No,negative,0.4066,No,neg,0.963,No
https://www.youtube.com/watch?v=d2dgJGkw5p0,rare_earths,12,"As usual, the narrative is: American hegemony = good Anything else = bad",anger,negative,neutral,neutral,negative,No,No,Yes,joy,No,anger,negative,No,confirmed after assistant manual review,assistant_manual_review_2026-05-27,0.8006,0.9904,0.7673,neutral,0.7165,No,disgust,0.3178,No,0.5936,joy,0.9776,No,joy,0.7375,No,positive,0.5381,No,neg,0.5286,No
https://www.youtube.com/watch?v=d2dgJGkw5p0,rare_earths,13,35000 lawyers 350 mining engineers.,neutral,neutral,neutral,neutral,neutral,Yes,Yes,Yes,neutral,Yes,neutral,neutral,No,confirmed after assistant manual review,assistant_manual_review_2026-05-27,0.8217,0.9929,0.8892,neutral,0.9663,Yes,neutral,0.7971,Yes,0.8526,neutral,0.9571,Yes,neutral,0.6017,Yes,positive,0.4887,No,neu,0.9608,No
https://www.youtube.com/watch?v=d2dgJGkw5p0,rare_earths,14,"Don't start war with China, then no rare earth problem",neutral,neutral,neutral,neutral,negative,Yes,Yes,No,neutral,Yes,neutral,neutral,No,confirmed after assistant manual review,assistant_manual_review_2026-05-27,0.492,0.9818,0.6241,disgust,0.4914,No,anger,0.441,No,0.6254,neutral,0.9765,Yes,neutral,0.7619,Yes,neutral,0.58,Yes,neg,0.6585,No
https://www.youtube.com/watch?v=d2dgJGkw5p0,rare_earths,15,"Did they forget how they did to Huawei and some other companies back in 2018? And now still blocking China to get latest chips. So this means only US can accuse others and sanction others, others can’t fight back, if you fight back, I will do the strongest condemn logic? Karma is a bitch, isn’t it? 😊",anger,negative,anger,anger,negative,Yes,Yes,Yes,anger,Yes,anger,negative,No,confirmed after assistant manual review,assistant_manual_review_2026-05-27,0.8343,0.8346,0.9427,neutral,0.4073,No,anger,0.7262,Yes,0.8004,anger,0.9441,Yes,anger,0.9597,Yes,negative,0.7222,Yes,neg,0.9391,No
https://www.youtube.com/watch?v=d2dgJGkw5p0,rare_earths,16,"“We want a lot of rocks, I’m gathering rocks to stack them on top of each other”",neutral,neutral,neutral,neutral,neutral,Yes,Yes,Yes,neutral,Yes,neutral,neutral,No,confirmed after assistant manual review,assistant_manual_review_2026-05-27,0.8831,0.9948,0.9795,neutral,0.8783,Yes,neutral,0.9547,Yes,0.722,neutral,0.984,Yes,neutral,0.965,Yes,positive,0.529,No,neu,0.7032,No
https://www.youtube.com/watch?v=d2dgJGkw5p0,rare_earths,17,They are talking about China like if they are aliens from different planet!!,joy,positive,disgust,neutral,negative,No,No,No,neutral,No,joy,positive,No,confirmed after assistant manual review,assistant_manual_review_2026-05-27,0.3782,0.9877,0.9331,neutral,0.9444,No,neutral,0.4487,No,0.5983,neutral,0.964,No,neutral,0.811,No,negative,0.545,No,neg,0.83,No
https://www.youtube.com/watch?v=d2dgJGkw5p0,rare_earths,18,Very well done video. Those animations - hats off 👍,joy,positive,joy,neutral,positive,Yes,No,Yes,joy,Yes,joy,positive,No,confirmed after assistant manual review,assistant_manual_review_2026-05-27,0.7117,0.9857,0.9553,joy,0.9683,Yes,joy,0.8386,Yes,0.9779,joy,0.9899,Yes,joy,0.968,Yes,positive,0.7726,Yes,pos,0.99,No
https://www.youtube.com/watch?v=d2dgJGkw5p0,rare_earths,19,What do you mean running an economy based on economic derivatives leaves you vulnerable to foreign commodity spikes when you don't actually make anything? /s,anger,negative,fear,neutral,negative,No,No,Yes,neutral,No,neutral,neutral,Yes,sarcastic criticism of economic vulnerability,assistant_manual_review_2026-05-27,0.4757,0.9824,0.7914,neutral,0.5672,No,surprise,0.4448,No,0.6454,neutral,0.9569,No,neutral,0.522,No,negative,0.7184,Yes,neg,0.8862,No
https://www.youtube.com/watch?v=d2dgJGkw5p0,rare_earths,20,that thumbnail is so catchy so you click instantly,neutral,neutral,joy,neutral,positive,No,Yes,No,neutral,Yes,neutral,neutral,No,confirmed after assistant manual review,assistant_manual_review_2026-05-27,0.718,0.9894,0.9556,joy,0.5329,No,joy,0.767,No,0.9731,neutral,0.9729,Yes,joy,0.7478,No,positive,0.5066,No,pos,0.9334,No
https://www.youtube.com/watch?v=d2dgJGkw5p0,rare_earths,21,Why is it that I've never heard anyone voice any concerns about relying too much on the US or the EU?,neutral,neutral,neutral,neutral,negative,Yes,Yes,No,neutral,Yes,neutral,neutral,No,confirmed after assistant manual review,assistant_manual_review_2026-05-27,0.4768,0.9721,0.7841,neutral,0.4699,Yes,surprise,0.5404,No,0.5882,neutral,0.9223,Yes,fear,0.4151,No,negative,0.4532,No,neg,0.6859,No
https://www.youtube.com/watch?v=d2dgJGkw5p0,rare_earths,22,Can we get a video on shipbuilding on Bloomberg Primer?,neutral,neutral,neutral,neutral,neutral,Yes,Yes,Yes,neutral,Yes,neutral,neutral,No,confirmed after assistant manual review,assistant_manual_review_2026-05-27,0.8175,0.995,0.9892,neutral,0.6398,Yes,neutral,0.9014,Yes,0.9169,neutral,0.9844,Yes,neutral,0.9702,Yes,negative,0.3893,No,neu,0.9405,No
https://www.youtube.com/watch?v=d2dgJGkw5p0,rare_earths,23,US: Launches a trade war China: Fights back US: *Surprised Pikachu face*,surprise,neutral,surprise,surprise,negative,Yes,Yes,No,surprise,Yes,surprise,neutral,No,confirmed after assistant manual review,assistant_manual_review_2026-05-27,0.9372,0.9185,0.979,neutral,0.66,No,surprise,0.9388,Yes,0.6706,surprise,0.9666,Yes,surprise,0.912,Yes,positive,0.6539,No,neu,0.9015,No
https://www.youtube.com/watch?v=d2dgJGkw5p0,rare_earths,24,Thanks for the information,joy,positive,neutral,neutral,positive,No,No,Yes,joy,Yes,joy,positive,No,confirmed after assistant manual review,assistant_manual_review_2026-05-27,0.6221,0.9788,0.9229,joy,0.9895,Yes,neutral,0.6673,No,0.7741,joy,0.9719,Yes,joy,0.7812,Yes,positive,0.9635,Yes,pos,0.8206,No
https://www.youtube.com/watch?v=d2dgJGkw5p0,rare_earths,25,The big problem was the West and US did not do anything about it until they realise too late. China have been buying and processing rare earth for like 20 years. China have long term plans. Now it’s too late for the West to catch up as it takes a decade to develop the processing of rare earths,neutral,neutral,neutral,neutral,negative,Yes,Yes,No,neutral,Yes,joy,positive,Yes,"mostly factual strategic analysis, not clear praise",assistant_manual_review_2026-05-27,0.7934,0.9713,0.7817,neutral,0.5771,Yes,neutral,0.748,Yes,0.7293,neutral,0.9804,Yes,neutral,0.768,Yes,negative,0.6397,No,neg,0.7992,No
https://www.youtube.com/watch?v=d2dgJGkw5p0,rare_earths,26,It’s hella funny when the bully gets bullied 😂😂,joy,positive,joy,joy,neutral,Yes,Yes,No,anger,No,anger,negative,Yes,dominant cue is amusement/laughter,assistant_manual_review_2026-05-27,0.6851,0.7655,0.5846,joy,0.9129,Yes,joy,0.7498,Yes,0.3937,joy,0.9417,Yes,joy,0.9504,Yes,negative,0.4665,No,neu,0.6032,No
https://www.youtube.com/watch?v=d2dgJGkw5p0,rare_earths,27,"He said ""hold all the chips"" 😂😂😂",joy,positive,neutral,neutral,neutral,No,No,No,joy,Yes,neutral,neutral,Yes,laughing at wordplay,assistant_manual_review_2026-05-27,0.8332,0.9954,0.6323,neutral,0.4893,No,anger,0.4351,No,0.7013,joy,0.9843,Yes,joy,0.9614,Yes,positive,0.4328,Yes,neu,0.9667,No
https://www.youtube.com/watch?v=d2dgJGkw5p0,rare_earths,28,"Knowledge, skill, industrial muscle, AND security",neutral,neutral,neutral,neutral,neutral,Yes,Yes,Yes,neutral,Yes,neutral,neutral,No,confirmed after assistant manual review,assistant_manual_review_2026-05-27,0.9491,0.9931,0.9408,neutral,0.9636,Yes,neutral,0.7117,Yes,0.6201,neutral,0.9721,Yes,neutral,0.9198,Yes,positive,0.7477,No,neu,0.5732,No
https://www.youtube.com/watch?v=d2dgJGkw5p0,rare_earths,29,Great video,joy,positive,joy,neutral,positive,Yes,No,Yes,joy,Yes,joy,positive,No,confirmed after assistant manual review,assistant_manual_review_2026-05-27,0.8745,0.9421,0.9783,joy,0.9513,Yes,joy,0.8965,Yes,0.9427,joy,0.9896,Yes,joy,0.9849,Yes,positive,0.5673,Yes,pos,0.9847,No
https://www.youtube.com/watch?v=d2dgJGkw5p0,rare_earths,30,"You guys are intentionally misleading to sound optimistic. In order for the West to get to the capacity that China has today, it would take about 20-30 years. And that assuming China stays still during that time.",disgust,negative,neutral,neutral,negative,No,No,Yes,neutral,No,disgust,negative,No,confirmed after assistant manual review,assistant_manual_review_2026-05-27,0.9461,0.9675,0.9268,neutral,0.5149,No,neutral,0.4978,No,0.5796,anger,0.9256,No,neutral,0.9118,No,negative,0.7266,Yes,neg,0.8094,No
https://www.youtube.com/watch?v=d2dgJGkw5p0,rare_earths,31,Best thumbnail for a bloomberg video I've ever seen. Gg.,joy,positive,disgust,neutral,positive,No,No,Yes,joy,Yes,joy,positive,No,confirmed after assistant manual review,assistant_manual_review_2026-05-27,0.4895,0.9537,0.9696,joy,0.943,Yes,neutral,0.6166,No,0.9726,joy,0.9901,Yes,joy,0.9789,Yes,positive,0.7803,Yes,pos,0.9886,No
https://www.youtube.com/watch?v=d2dgJGkw5p0,rare_earths,32,Straight of Rare Earths.,neutral,neutral,neutral,neutral,neutral,Yes,Yes,Yes,neutral,Yes,neutral,neutral,No,confirmed after assistant manual review,assistant_manual_review_2026-05-27,0.7993,0.9946,0.9773,neutral,0.9663,Yes,neutral,0.9263,Yes,0.8856,neutral,0.9856,Yes,neutral,0.819,Yes,negative,0.4025,No,neu,0.9167,No
https://www.youtube.com/watch?v=d2dgJGkw5p0,rare_earths,33,That refining technology was in widespread use in IA in the 1950s. Very highly optimized. We just let some Chinese students take it home.,anger,negative,neutral,neutral,neutral,No,No,No,neutral,No,neutral,neutral,Yes,critical blame about technology transfer,assistant_manual_review_2026-05-27,0.956,0.9937,0.9674,neutral,0.8425,No,neutral,0.9711,No,0.6747,neutral,0.9813,No,neutral,0.9191,No,positive,0.7786,No,pos,0.8776,No
https://www.youtube.com/watch?v=d2dgJGkw5p0,rare_earths,34,"Mate, don't even go to Rare earth!!! We would have to shut all business down if China stops any supplies.",fear,negative,anger,neutral,negative,No,No,Yes,anger,No,neutral,neutral,Yes,business shutdown risk cue,assistant_manual_review_2026-05-27,0.8527,0.7681,0.4557,neutral,0.4144,No,anger,0.5513,No,0.8689,anger,0.9733,No,anger,0.6576,No,negative,0.6383,Yes,neg,0.9703,No
https://www.youtube.com/watch?v=d2dgJGkw5p0,rare_earths,35,Being a video editor at Bloomberg must be so easy when the topic is about China. All they have to do is pick from a grand total of 10 different stock footage options.,anger,negative,neutral,neutral,neutral,No,No,No,neutral,No,neutral,neutral,Yes,sarcastic criticism of media editing,assistant_manual_review_2026-05-27,0.9114,0.9955,0.9756,neutral,0.9223,No,neutral,0.9552,No,0.5029,neutral,0.9855,No,neutral,0.9009,No,positive,0.6252,No,neu,0.5651,No
https://www.youtube.com/watch?v=d2dgJGkw5p0,rare_earths,36,09:47 Why would the department of war buying $400 M worth of steaks from a freaking magnet factory lol.,surprise,neutral,surprise,neutral,negative,Yes,No,No,neutral,No,neutral,neutral,Yes,incredulous question with surprise cue,assistant_manual_review_2026-05-27,0.5084,0.9843,0.7248,joy,0.9363,No,anger,0.5,No,0.8774,joy,0.7462,No,neutral,0.4762,No,positive,0.4411,No,neg,0.8876,No
https://www.youtube.com/watch?v=d2dgJGkw5p0,rare_earths,37,Love from South Africa ❤️🇿🇦🏆,joy,positive,neutral,neutral,positive,No,No,Yes,joy,Yes,joy,positive,No,confirmed after assistant manual review,assistant_manual_review_2026-05-27,0.4784,0.988,0.9497,joy,0.9579,Yes,neutral,0.656,No,0.973,joy,0.9855,Yes,joy,0.9568,Yes,positive,0.9064,Yes,pos,0.9845,No
https://www.youtube.com/watch?v=d2dgJGkw5p0,rare_earths,38,10 billion hunt? That's just the first day of the Iran war. America wins wins wins.,anger,negative,neutral,neutral,neutral,No,No,No,neutral,No,neutral,neutral,Yes,sarcastic criticism of war spending,assistant_manual_review_2026-05-27,0.7126,0.988,0.7477,joy,0.3107,No,surprise,0.4637,No,0.4819,neutral,0.9616,No,neutral,0.7622,No,positive,0.5967,No,neu,0.6081,No
https://www.youtube.com/watch?v=d2dgJGkw5p0,rare_earths,39,0:30. Woahhhh Malaysia 😃😃,surprise,neutral,surprise,neutral,positive,Yes,No,No,joy,No,surprise,neutral,No,confirmed after assistant manual review,assistant_manual_review_2026-05-27,0.4945,0.9801,0.5276,joy,0.4411,No,surprise,0.5345,Yes,0.9384,surprise,0.9079,Yes,joy,0.717,No,positive,0.5118,No,pos,0.6481,No
https://www.youtube.com/watch?v=d2dgJGkw5p0,rare_earths,40,7:45 this is why there are playing the game so dominataly. They have filled every gap with right strategy. And it worked profoundly.,neutral,neutral,neutral,neutral,positive,Yes,Yes,No,neutral,Yes,neutral,neutral,No,confirmed after assistant manual review,assistant_manual_review_2026-05-27,0.9289,0.9936,0.9492,joy,0.4582,No,neutral,0.8139,Yes,0.5488,neutral,0.9747,Yes,neutral,0.7419,Yes,negative,0.4903,No,pos,0.9051,No
https://www.youtube.com/watch?v=d2dgJGkw5p0,rare_earths,41,"As the G2, we could literally run the world together. Let's go hand in hand as trustworthy allies rather than confront each other — there's no beef between us. Plus, the world already has enough problems. Others may not have the cards, but we do",joy,positive,neutral,neutral,positive,No,No,Yes,anger,No,neutral,neutral,Yes,hopeful cooperative framing,assistant_manual_review_2026-05-27,0.9332,0.9882,0.6315,neutral,0.5379,No,neutral,0.7832,No,0.5135,anger,0.9714,No,anger,0.5657,No,positive,0.4132,Yes,pos,0.5427,No
https://www.youtube.com/watch?v=d2dgJGkw5p0,rare_earths,42,"Australia has plenty of rare earth minerals, it's the processing that is the problem.",neutral,neutral,neutral,neutral,neutral,Yes,Yes,Yes,neutral,Yes,neutral,neutral,No,confirmed after assistant manual review,assistant_manual_review_2026-05-27,0.843,0.9627,0.8919,neutral,0.4889,Yes,neutral,0.9307,Yes,0.5105,neutral,0.9728,Yes,neutral,0.7069,Yes,negative,0.7039,No,neu,0.5104,No
https://www.youtube.com/watch?v=d2dgJGkw5p0,rare_earths,43,Nectar Gan is so beautiful 🔥 👌,joy,positive,joy,neutral,positive,Yes,No,Yes,joy,Yes,joy,positive,No,confirmed after assistant manual review,assistant_manual_review_2026-05-27,0.7184,0.8517,0.9557,joy,0.9671,Yes,joy,0.4634,Yes,0.9809,joy,0.9901,Yes,joy,0.9477,Yes,positive,0.8783,Yes,pos,0.9894,No
https://www.youtube.com/watch?v=d2dgJGkw5p0,rare_earths,44,brazil is full of rare earths,neutral,neutral,neutral,neutral,neutral,Yes,Yes,Yes,neutral,Yes,neutral,neutral,No,confirmed after assistant manual review,assistant_manual_review_2026-05-27,0.6549,0.9906,0.9642,neutral,0.945,Yes,surprise,0.4581,No,0.5544,neutral,0.9824,Yes,neutral,0.708,Yes,positive,0.5106,No,neu,0.748,No
https://www.youtube.com/watch?v=d2dgJGkw5p0,rare_earths,45,Trump: You have rare earths. We have all the oil. Lets trade...,neutral,neutral,neutral,neutral,neutral,Yes,Yes,Yes,neutral,Yes,neutral,neutral,No,confirmed after assistant manual review,assistant_manual_review_2026-05-27,0.8822,0.9917,0.9691,neutral,0.9573,Yes,neutral,0.7379,Yes,0.7563,neutral,0.9833,Yes,neutral,0.8631,Yes,negative,0.6542,No,neu,0.8923,No
https://www.youtube.com/watch?v=d2dgJGkw5p0,rare_earths,46,Meanwhile China is already looking for the next chokehold.,neutral,neutral,neutral,neutral,negative,Yes,Yes,No,neutral,Yes,neutral,neutral,No,confirmed after assistant manual review,assistant_manual_review_2026-05-27,0.9479,0.9936,0.9685,neutral,0.9551,Yes,neutral,0.8237,Yes,0.7104,neutral,0.9798,Yes,neutral,0.959,Yes,negative,0.4848,No,neg,0.8133,No
https://www.youtube.com/watch?v=d2dgJGkw5p0,rare_earths,47,"The US has all the rare earth metals we need in California and Texas and in all the coal ash piles we have across the U.S. We simply need to build more of the processing plants to process these rare earths and the understanding that processing rare earths is usually a very polluting endeavor. I have no doubt we can do it in a more environmentally way, but we also need to understand that China's Rare Earth industry is heavily subsidized by China so America's Rare Earths will probably be more expensive. We also have the deals with both Ukraine and Austrailia for Rare Earths as well.",neutral,neutral,neutral,neutral,neutral,Yes,Yes,Yes,disgust,No,disgust,negative,Yes,balanced factual policy comment with concern but no dominant emotion,assistant_manual_review_2026-05-27,0.8943,0.9924,0.4783,neutral,0.6256,Yes,neutral,0.8218,Yes,0.7596,disgust,0.9571,No,disgust,0.4424,No,negative,0.4491,No,neu,0.9096,No
https://www.youtube.com/watch?v=d2dgJGkw5p0,rare_earths,48,So much ad even before beginning?,anger,negative,surprise,neutral,neutral,No,No,No,neutral,No,neutral,neutral,Yes,complaint about excessive ads,assistant_manual_review_2026-05-27,0.7537,0.9943,0.9931,neutral,0.4352,No,surprise,0.8685,No,0.5491,neutral,0.9863,No,neutral,0.9573,No,negative,0.3855,Yes,neu,0.5522,No
https://www.youtube.com/watch?v=d2dgJGkw5p0,rare_earths,49,"Calling 21% a ""quarter"" and not a ""fifth"" of world's supply should be considered journalistic malpractice",disgust,negative,disgust,neutral,negative,Yes,No,Yes,anger,No,disgust,negative,No,confirmed after assistant manual review,assistant_manual_review_2026-05-27,0.7234,0.9283,0.9105,disgust,0.4002,Yes,neutral,0.5771,No,0.7544,anger,0.9681,No,anger,0.7756,No,negative,0.659,Yes,neg,0.8372,No
https://www.youtube.com/watch?v=d2dgJGkw5p0,rare_earths,50,If making weapons of death is all that the USA does with them? BOYCOTT THEM ALL!,fear,negative,anger,neutral,negative,No,No,Yes,anger,No,fear,negative,No,confirmed after assistant manual review,assistant_manual_review_2026-05-27,0.5416,0.7549,0.4635,neutral,0.4686,No,anger,0.8475,No,0.932,neutral,0.9514,No,sadness,0.303,No,negative,0.5407,Yes,neg,0.9792,No
https://www.youtube.com/watch?v=M8To7iorkxQ,avatar_clip,1,This is the kind of content YouTube needs more of,joy,positive,neutral,neutral,positive,No,No,Yes,neutral,No,neutral,neutral,Yes,positive praise for the type of content,assistant_manual_review_2026-05-27,0.9479,0.9954,0.9799,neutral,0.4577,No,neutral,0.9576,No,0.7204,neutral,0.9776,No,neutral,0.9543,No,positive,0.5061,Yes,pos,0.967,No
https://www.youtube.com/watch?v=M8To7iorkxQ,avatar_clip,2,le le,neutral,neutral,neutral,neutral,neutral,Yes,Yes,Yes,neutral,Yes,neutral,neutral,No,confirmed after assistant manual review,assistant_manual_review_2026-05-27,0.2996,0.9899,0.9743,neutral,0.9674,Yes,neutral,0.7895,Yes,0.6384,neutral,0.9833,Yes,neutral,0.7942,Yes,positive,0.4378,No,neu,0.877,No
https://www.youtube.com/watch?v=M8To7iorkxQ,avatar_clip,3,🥰From India 🇮🇳 ❤🤗,joy,positive,neutral,neutral,positive,No,No,Yes,joy,Yes,joy,positive,No,confirmed after assistant manual review,assistant_manual_review_2026-05-27,0.801,0.9869,0.6962,joy,0.7832,Yes,neutral,0.6592,No,0.9835,joy,0.9832,Yes,neutral,0.5206,No,positive,0.4181,Yes,neu,0.971,No
https://www.youtube.com/watch?v=M8To7iorkxQ,avatar_clip,4,Ecnaha,neutral,neutral,neutral,neutral,neutral,Yes,Yes,Yes,neutral,Yes,neutral,neutral,No,confirmed after assistant manual review,assistant_manual_review_2026-05-27,0.9043,0.9925,0.9624,neutral,0.9634,Yes,neutral,0.8948,Yes,0.717,neutral,0.9844,Yes,neutral,0.938,Yes,positive,0.4657,No,neu,0.9048,No
https://www.youtube.com/watch?v=M8To7iorkxQ,avatar_clip,5,"The video is truly captivating, from the dramatic pace to the spectacular visuals, it's impossible to look away 👏🔥. The content is carefully selected, providing a thrilling and exciting experience, making viewers feel like they're living through every moment of the action. In particular, the scene setting and sound design are perfectly coordinated, highlighting the power and ferocity of the monsters 🦍🐊🏙. This is a high-quality clip, both entertaining and something viewers will want to watch again and again. The channel owner has done a great job bringing a cinematic experience right on YouTube, deserving more likes and subscribers 🌟💯. Hopefully, there will be more captivating videos like this in the future, which will surely attract even more viewers ❤🚀",joy,positive,joy,neutral,positive,Yes,No,Yes,joy,Yes,joy,positive,No,confirmed after assistant manual review,assistant_manual_review_2026-05-27,0.9573,0.5273,0.9505,joy,0.9197,Yes,joy,0.9873,Yes,0.9848,joy,0.9875,Yes,joy,0.9807,Yes,positive,0.9202,Yes,pos,0.9914,No
https://www.youtube.com/watch?v=M8To7iorkxQ,avatar_clip,6,kaka gua batu,neutral,neutral,neutral,neutral,neutral,Yes,Yes,Yes,neutral,Yes,neutral,neutral,No,confirmed after assistant manual review,assistant_manual_review_2026-05-27,0.791,0.9921,0.9479,neutral,0.9596,Yes,neutral,0.8144,Yes,0.7644,neutral,0.9847,Yes,neutral,0.9153,Yes,positive,0.4538,No,neu,0.9542,No
https://www.youtube.com/watch?v=M8To7iorkxQ,avatar_clip,7,Смотрю из Таджикистана ❤,joy,positive,neutral,neutral,neutral,No,No,No,joy,Yes,joy,positive,No,confirmed after assistant manual review,assistant_manual_review_2026-05-27,0.6321,0.9812,0.647,joy,0.8733,Yes,anger,0.3819,No,0.6877,joy,0.9842,Yes,joy,0.8624,Yes,positive,0.4515,Yes,neu,0.8897,No
https://www.youtube.com/watch?v=M8To7iorkxQ,avatar_clip,8,That's amazing really ❤️,joy,positive,joy,surprise,positive,Yes,No,Yes,joy,Yes,joy,positive,No,confirmed after assistant manual review,assistant_manual_review_2026-05-27,0.6832,0.4848,0.9715,joy,0.8626,Yes,surprise,0.6421,No,0.9743,joy,0.9899,Yes,joy,0.9845,Yes,positive,0.9331,Yes,pos,0.9907,No
https://www.youtube.com/watch?v=M8To7iorkxQ,avatar_clip,9,From Cyprus!❤,joy,positive,neutral,neutral,positive,No,No,Yes,joy,Yes,joy,positive,No,confirmed after assistant manual review,assistant_manual_review_2026-05-27,0.517,0.9913,0.5343,neutral,0.8253,No,joy,0.4158,Yes,0.954,joy,0.9758,Yes,joy,0.7639,Yes,positive,0.5485,Yes,neu,0.9321,No
https://www.youtube.com/watch?v=M8To7iorkxQ,avatar_clip,10,Watching from Milano Italy ❤thank you for sharing,joy,positive,joy,neutral,positive,Yes,No,Yes,neutral,No,joy,positive,No,confirmed after assistant manual review,assistant_manual_review_2026-05-27,0.9311,0.9955,0.5401,joy,0.9889,Yes,joy,0.7399,Yes,0.963,joy,0.984,Yes,joy,0.989,Yes,positive,0.7338,Yes,pos,0.933,No
https://www.youtube.com/watch?v=M8To7iorkxQ,avatar_clip,11,Hola I am watching from NIGERIA🎉❤,joy,positive,joy,neutral,positive,Yes,No,Yes,joy,Yes,joy,positive,No,confirmed after assistant manual review,assistant_manual_review_2026-05-27,0.719,0.9837,0.8428,joy,0.5209,Yes,neutral,0.8415,No,0.9856,joy,0.9885,Yes,joy,0.9571,Yes,positive,0.4753,Yes,neu,0.9598,No
https://www.youtube.com/watch?v=M8To7iorkxQ,avatar_clip,12,N😊😊!o,joy,positive,neutral,neutral,positive,No,No,Yes,joy,Yes,joy,positive,No,confirmed after assistant manual review,assistant_manual_review_2026-05-27,0.4746,0.9771,0.6463,joy,0.6608,Yes,anger,0.5572,No,0.9573,neutral,0.974,No,joy,0.7349,Yes,positive,0.4524,Yes,neu,0.5881,No
https://www.youtube.com/watch?v=M8To7iorkxQ,avatar_clip,13,Wow amazing MOVIE and watching from West Borneo,surprise,positive,surprise,surprise,positive,Yes,Yes,Yes,joy,No,surprise,positive,No,confirmed after assistant manual review,assistant_manual_review_2026-05-27,0.8515,0.7084,0.4852,joy,0.8934,No,surprise,0.8847,Yes,0.9818,joy,0.9776,No,surprise,0.6559,Yes,positive,0.859,Yes,pos,0.9912,No
https://www.youtube.com/watch?v=M8To7iorkxQ,avatar_clip,14,"watching from Dublin, but Egyptian ❤❤❤ Amazing movie 🍿🎥",joy,positive,surprise,neutral,positive,No,No,Yes,joy,Yes,joy,positive,No,confirmed after assistant manual review,assistant_manual_review_2026-05-27,0.5415,0.8131,0.9726,joy,0.93,Yes,surprise,0.4954,No,0.9832,joy,0.9894,Yes,joy,0.9846,Yes,positive,0.7688,Yes,pos,0.9902,No
https://www.youtube.com/watch?v=M8To7iorkxQ,avatar_clip,15,Watching from Zambia 🥰,joy,positive,joy,neutral,positive,Yes,No,Yes,neutral,No,joy,positive,No,confirmed after assistant manual review,assistant_manual_review_2026-05-27,0.9039,0.9936,0.6339,neutral,0.8588,No,neutral,0.803,No,0.9678,neutral,0.9829,No,joy,0.8683,Yes,positive,0.5685,Yes,neu,0.9714,No
https://www.youtube.com/watch?v=M8To7iorkxQ,avatar_clip,16,From Sri Lanka 🇱🇰🇱🇰❤❤,joy,positive,neutral,neutral,positive,No,No,Yes,joy,Yes,joy,positive,No,confirmed after assistant manual review,assistant_manual_review_2026-05-27,0.6318,0.9923,0.5472,joy,0.5857,Yes,neutral,0.6488,No,0.9157,joy,0.9834,Yes,joy,0.8716,Yes,positive,0.474,Yes,neu,0.9707,No
https://www.youtube.com/watch?v=M8To7iorkxQ,avatar_clip,17,Watching from Ghana ❤🎉,joy,positive,joy,neutral,positive,Yes,No,Yes,neutral,No,joy,positive,No,confirmed after assistant manual review,assistant_manual_review_2026-05-27,0.9316,0.9945,0.5141,joy,0.9263,Yes,neutral,0.7856,No,0.9834,joy,0.9857,Yes,joy,0.9691,Yes,positive,0.5664,Yes,neu,0.9738,No
https://www.youtube.com/watch?v=M8To7iorkxQ,avatar_clip,18,I'll never miss an Avatar movie 😊,joy,positive,sadness,neutral,positive,No,No,Yes,sadness,No,joy,positive,No,confirmed after assistant manual review,assistant_manual_review_2026-05-27,0.8191,0.8988,0.9259,joy,0.356,Yes,sadness,0.7261,No,0.9824,sadness,0.9823,No,sadness,0.9552,No,positive,0.4414,Yes,pos,0.9892,No
https://www.youtube.com/watch?v=M8To7iorkxQ,avatar_clip,19,"Watching from my beloved country Philippines 🇵🇭🇵🇭 Since 2012 ,until now this movie is so amazing.. this is my favorite movie ever❤️AVATAR is the best for me❤❤❤❤❤",joy,positive,joy,joy,positive,Yes,Yes,Yes,joy,Yes,joy,positive,No,confirmed after assistant manual review,assistant_manual_review_2026-05-27,0.7105,0.9353,0.9809,joy,0.8252,Yes,joy,0.8048,Yes,0.9905,joy,0.9898,Yes,joy,0.9887,Yes,positive,0.9555,Yes,pos,0.9931,No
https://www.youtube.com/watch?v=M8To7iorkxQ,avatar_clip,20,Good morning everyone! It's quite amazing movie. I'm from Uzbekistan,joy,positive,joy,joy,positive,Yes,Yes,Yes,joy,Yes,joy,positive,No,confirmed after assistant manual review,assistant_manual_review_2026-05-27,0.8886,0.8467,0.979,joy,0.6323,Yes,joy,0.8213,Yes,0.9906,joy,0.9892,Yes,joy,0.9841,Yes,positive,0.9819,Yes,pos,0.993,No
https://www.youtube.com/watch?v=M8To7iorkxQ,avatar_clip,21,Good 👍 😊❤,joy,positive,neutral,neutral,positive,No,No,Yes,joy,Yes,joy,positive,No,confirmed after assistant manual review,assistant_manual_review_2026-05-27,0.5002,0.9802,0.9748,joy,0.8926,Yes,joy,0.6592,Yes,0.977,joy,0.9906,Yes,joy,0.9724,Yes,positive,0.9493,Yes,pos,0.9664,No
https://www.youtube.com/watch?v=M8To7iorkxQ,avatar_clip,22,From Swaziland...I'm enjoying this movie 🍿,joy,positive,joy,joy,positive,Yes,Yes,Yes,joy,Yes,joy,positive,No,confirmed after assistant manual review,assistant_manual_review_2026-05-27,0.9797,0.9711,0.9767,joy,0.9187,Yes,joy,0.9841,Yes,0.9851,joy,0.9761,Yes,joy,0.9821,Yes,positive,0.8369,Yes,pos,0.9921,No
https://www.youtube.com/watch?v=M8To7iorkxQ,avatar_clip,23,From Assam ❤❤❤,joy,positive,neutral,neutral,positive,No,No,Yes,neutral,No,joy,positive,No,confirmed after assistant manual review,assistant_manual_review_2026-05-27,0.8754,0.9942,0.758,joy,0.5963,Yes,neutral,0.5544,No,0.9615,joy,0.9851,Yes,joy,0.9289,Yes,positive,0.489,Yes,neu,0.9713,No
https://www.youtube.com/watch?v=M8To7iorkxQ,avatar_clip,24,"watching from Abu Dhabi, UAE. thank you for sharing this video",joy,positive,joy,neutral,positive,Yes,No,Yes,joy,Yes,joy,positive,No,confirmed after assistant manual review,assistant_manual_review_2026-05-27,0.6756,0.5886,0.9582,joy,0.9897,Yes,joy,0.5388,Yes,0.8876,joy,0.9761,Yes,joy,0.9375,Yes,positive,0.729,Yes,pos,0.9437,No
https://www.youtube.com/watch?v=M8To7iorkxQ,avatar_clip,25,"The human coming in is like the world leaders,lying to us about everything!",anger,negative,neutral,neutral,neutral,No,No,No,anger,Yes,joy,positive,Yes,criticism of world leaders lying,assistant_manual_review_2026-05-27,0.3197,0.9644,0.8595,neutral,0.8457,No,disgust,0.4352,No,0.6112,neutral,0.9666,No,neutral,0.8696,No,positive,0.5039,No,neg,0.9443,No
https://www.youtube.com/watch?v=M8To7iorkxQ,avatar_clip,26,Here before Christmas 2025 😅let's go,joy,positive,neutral,neutral,positive,No,No,Yes,joy,Yes,neutral,neutral,Yes,anticipatory excitement,assistant_manual_review_2026-05-27,0.7012,0.9928,0.522,joy,0.5796,Yes,neutral,0.6713,No,0.6998,neutral,0.9666,No,neutral,0.9379,No,positive,0.4701,Yes,pos,0.5473,No
https://www.youtube.com/watch?v=M8To7iorkxQ,avatar_clip,27,Watchin from Nepal❤🎉,joy,positive,neutral,neutral,positive,No,No,Yes,joy,Yes,joy,positive,No,confirmed after assistant manual review,assistant_manual_review_2026-05-27,0.8187,0.9935,0.7258,neutral,0.8209,No,neutral,0.5449,No,0.9782,joy,0.9838,Yes,joy,0.9357,Yes,positive,0.5033,Yes,neu,0.9699,No
https://www.youtube.com/watch?v=M8To7iorkxQ,avatar_clip,28,"Аватар - был прекрасный фильм,❤а следующие части - это мультфильмы😪А так ждали и хотели продолжения именно фильма😢🥺",sadness,negative,neutral,neutral,neutral,No,No,No,neutral,No,sadness,negative,No,confirmed after assistant manual review,assistant_manual_review_2026-05-27,0.5699,0.971,0.6191,neutral,0.296,No,anger,0.3472,No,0.7826,disgust,0.92,No,joy,0.8114,No,negative,0.7162,Yes,neu,0.9087,No
https://www.youtube.com/watch?v=M8To7iorkxQ,avatar_clip,29,Wonderful movie watching from south africa ❤😊❤,joy,positive,joy,joy,positive,Yes,Yes,Yes,joy,Yes,joy,positive,No,confirmed after assistant manual review,assistant_manual_review_2026-05-27,0.8972,0.8559,0.9807,joy,0.8849,Yes,joy,0.9665,Yes,0.9872,joy,0.9898,Yes,joy,0.9848,Yes,positive,0.8793,Yes,pos,0.9922,No
https://www.youtube.com/watch?v=M8To7iorkxQ,avatar_clip,30,Watching from California nice movie thank you for uploading it ❤😊,joy,positive,joy,neutral,positive,Yes,No,Yes,joy,Yes,joy,positive,No,confirmed after assistant manual review,assistant_manual_review_2026-05-27,0.9139,0.9297,0.9653,joy,0.9723,Yes,joy,0.8961,Yes,0.985,joy,0.9883,Yes,joy,0.9852,Yes,positive,0.9251,Yes,pos,0.9873,No
https://www.youtube.com/watch?v=M8To7iorkxQ,avatar_clip,31,I'm watching from Viet Nam ❤,joy,positive,joy,neutral,positive,Yes,No,Yes,neutral,No,joy,positive,No,confirmed after assistant manual review,assistant_manual_review_2026-05-27,0.7041,0.9901,0.7623,joy,0.9087,Yes,neutral,0.5779,No,0.8806,joy,0.9849,Yes,joy,0.9568,Yes,positive,0.4936,Yes,neu,0.9486,No
https://www.youtube.com/watch?v=M8To7iorkxQ,avatar_clip,32,Uae,neutral,neutral,neutral,neutral,neutral,Yes,Yes,Yes,neutral,Yes,neutral,neutral,No,confirmed after assistant manual review,assistant_manual_review_2026-05-27,0.6697,0.9927,0.9726,neutral,0.9638,Yes,neutral,0.9008,Yes,0.7052,neutral,0.9845,Yes,neutral,0.9157,Yes,positive,0.4474,No,neu,0.9206,No
https://www.youtube.com/watch?v=M8To7iorkxQ,avatar_clip,33,"The Queen Mother arrived and quickly turned the world upside down, not letting the King Atma die.Myself",neutral,neutral,surprise,neutral,neutral,No,Yes,Yes,sadness,No,neutral,neutral,No,confirmed after assistant manual review,assistant_manual_review_2026-05-27,0.3136,0.9852,0.7785,neutral,0.8615,Yes,neutral,0.3546,Yes,0.7211,sadness,0.9872,No,sadness,0.6757,No,negative,0.3749,No,neu,0.4853,No
https://www.youtube.com/watch?v=M8To7iorkxQ,avatar_clip,34,From Brasil! Great vídeo!,joy,positive,joy,neutral,positive,Yes,No,Yes,joy,Yes,joy,positive,No,confirmed after assistant manual review,assistant_manual_review_2026-05-27,0.7964,0.9546,0.9787,joy,0.932,Yes,joy,0.6726,Yes,0.9861,joy,0.9894,Yes,joy,0.981,Yes,positive,0.8701,Yes,pos,0.9921,No
https://www.youtube.com/watch?v=M8To7iorkxQ,avatar_clip,35,hello friends permision i am from Indonesian i like your video cool 🎉🎉🎉🎉🎉 amazing 🥰🥰🥰🙏🙏🙏✌️,joy,positive,joy,joy,positive,Yes,Yes,Yes,joy,Yes,joy,positive,No,confirmed after assistant manual review,assistant_manual_review_2026-05-27,0.4832,0.7439,0.9805,joy,0.8581,Yes,joy,0.7616,Yes,0.9897,joy,0.9902,Yes,joy,0.9739,Yes,positive,0.9316,Yes,pos,0.9905,No
https://www.youtube.com/watch?v=M8To7iorkxQ,avatar_clip,36,"Mantap,,,❤❤❤❤❤",joy,positive,neutral,neutral,positive,No,No,Yes,joy,Yes,joy,positive,No,confirmed after assistant manual review,assistant_manual_review_2026-05-27,0.7197,0.9945,0.6108,neutral,0.5192,No,neutral,0.3451,No,0.974,joy,0.9835,Yes,joy,0.959,Yes,positive,0.8963,Yes,neu,0.9433,No
https://www.youtube.com/watch?v=M8To7iorkxQ,avatar_clip,37,From USA 🇱🇷🎉🎉,joy,positive,neutral,neutral,positive,No,No,Yes,joy,Yes,joy,positive,No,confirmed after assistant manual review,assistant_manual_review_2026-05-27,0.9045,0.9944,0.6179,neutral,0.7904,No,neutral,0.8021,No,0.9779,neutral,0.9819,No,neutral,0.8493,No,positive,0.48,Yes,neu,0.967,No
https://www.youtube.com/watch?v=M8To7iorkxQ,avatar_clip,38,From indonesia❤,joy,positive,neutral,neutral,positive,No,No,Yes,joy,Yes,joy,positive,No,confirmed after assistant manual review,assistant_manual_review_2026-05-27,0.9259,0.9947,0.7077,neutral,0.9149,No,neutral,0.6845,No,0.8967,joy,0.9758,Yes,joy,0.6714,Yes,positive,0.4936,Yes,neu,0.9656,No
https://www.youtube.com/watch?v=M8To7iorkxQ,avatar_clip,39,ok,neutral,neutral,neutral,neutral,neutral,Yes,Yes,Yes,neutral,Yes,neutral,neutral,No,confirmed after assistant manual review,assistant_manual_review_2026-05-27,0.8116,0.9935,0.9594,neutral,0.9475,Yes,neutral,0.4818,Yes,0.5058,neutral,0.9874,Yes,neutral,0.9289,Yes,positive,0.6738,No,neu,0.832,No
https://www.youtube.com/watch?v=M8To7iorkxQ,avatar_clip,40,They need a vr version of this 😮,surprise,positive,neutral,neutral,neutral,No,No,No,joy,No,surprise,positive,No,confirmed after assistant manual review,assistant_manual_review_2026-05-27,0.9496,0.9946,0.7378,neutral,0.8311,No,anger,0.3773,No,0.7019,neutral,0.9829,No,joy,0.5606,No,negative,0.3613,No,neu,0.634,No
https://www.youtube.com/watch?v=M8To7iorkxQ,avatar_clip,41,"Pandora always looks so stunning! 💙 If you could visit just one place in the Avatar world, where would it be ?",joy,positive,surprise,neutral,positive,No,No,Yes,joy,Yes,joy,positive,No,confirmed after assistant manual review,assistant_manual_review_2026-05-27,0.4015,0.6562,0.8206,joy,0.7845,Yes,surprise,0.4468,No,0.9738,joy,0.9875,Yes,joy,0.8852,Yes,negative,0.4974,No,pos,0.9891,No
https://www.youtube.com/watch?v=M8To7iorkxQ,avatar_clip,42,Whatching from Kenya,neutral,neutral,neutral,neutral,neutral,Yes,Yes,Yes,neutral,Yes,neutral,neutral,No,confirmed after assistant manual review,assistant_manual_review_2026-05-27,0.7965,0.9903,0.9754,neutral,0.9684,Yes,neutral,0.9351,Yes,0.858,neutral,0.9851,Yes,neutral,0.9518,Yes,positive,0.397,No,neu,0.9692,No
https://www.youtube.com/watch?v=M8To7iorkxQ,avatar_clip,43,"It's engaging and enjoyable to watch, mainly because the actors' performance is really good.",joy,positive,joy,joy,positive,Yes,Yes,Yes,joy,Yes,joy,positive,No,confirmed after assistant manual review,assistant_manual_review_2026-05-27,0.9783,0.9042,0.9772,joy,0.7723,Yes,joy,0.9848,Yes,0.9865,joy,0.9893,Yes,joy,0.9859,Yes,positive,0.9656,Yes,pos,0.9928,No
https://www.youtube.com/watch?v=M8To7iorkxQ,avatar_clip,44,МУЛЬКИК НО ВСЁ ЖЕ ИНТЕРЕСНО.❤❤❤❤❤,joy,positive,fear,neutral,positive,No,No,Yes,joy,Yes,joy,positive,No,confirmed after assistant manual review,assistant_manual_review_2026-05-27,0.5092,0.9783,0.5956,joy,0.6895,Yes,anger,0.364,No,0.5464,joy,0.9828,Yes,joy,0.8916,Yes,positive,0.4106,Yes,neu,0.8933,No
https://www.youtube.com/watch?v=M8To7iorkxQ,avatar_clip,45,Watching from India Attendance please,neutral,neutral,neutral,neutral,neutral,Yes,Yes,Yes,neutral,Yes,neutral,neutral,No,confirmed after assistant manual review,assistant_manual_review_2026-05-27,0.9007,0.9933,0.9446,neutral,0.9621,Yes,neutral,0.9316,Yes,0.7864,neutral,0.9796,Yes,neutral,0.7862,Yes,positive,0.6871,No,neu,0.9666,No
https://www.youtube.com/watch?v=M8To7iorkxQ,avatar_clip,46,You are a superhero! 🎉,joy,positive,neutral,neutral,positive,No,No,Yes,joy,Yes,joy,positive,No,confirmed after assistant manual review,assistant_manual_review_2026-05-27,0.3763,0.9708,0.631,joy,0.9375,Yes,surprise,0.3293,No,0.9845,joy,0.9759,Yes,joy,0.651,Yes,positive,0.9383,Yes,pos,0.9916,No
https://www.youtube.com/watch?v=M8To7iorkxQ,avatar_clip,47,from Indonesia..🇮🇩❤ (Sragen),joy,positive,neutral,neutral,positive,No,No,Yes,neutral,No,joy,positive,No,confirmed after assistant manual review,assistant_manual_review_2026-05-27,0.895,0.9941,0.946,neutral,0.728,No,neutral,0.753,No,0.8768,joy,0.9827,Yes,neutral,0.7323,No,negative,0.416,No,neu,0.9773,No
https://www.youtube.com/watch?v=M8To7iorkxQ,avatar_clip,48,Watching from Philippines❤,joy,positive,joy,neutral,positive,Yes,No,Yes,joy,Yes,joy,positive,No,confirmed after assistant manual review,assistant_manual_review_2026-05-27,0.9069,0.9934,0.655,neutral,0.8975,No,neutral,0.6596,No,0.9039,joy,0.9844,Yes,joy,0.9694,Yes,positive,0.5205,Yes,neu,0.9694,No
https://www.youtube.com/watch?v=M8To7iorkxQ,avatar_clip,49,Watching from South Africa enjoying the movie ❤,joy,positive,joy,joy,positive,Yes,Yes,Yes,joy,Yes,joy,positive,No,confirmed after assistant manual review,assistant_manual_review_2026-05-27,0.9885,0.9379,0.976,joy,0.7914,Yes,joy,0.9423,Yes,0.9728,joy,0.9889,Yes,joy,0.99,Yes,positive,0.8791,Yes,pos,0.989,No
https://www.youtube.com/watch?v=M8To7iorkxQ,avatar_clip,50,Watching from Cameroon🇨🇲,neutral,neutral,joy,neutral,neutral,No,Yes,Yes,joy,No,neutral,neutral,No,confirmed after assistant manual review,assistant_manual_review_2026-05-27,0.7311,0.9934,0.655,neutral,0.9391,Yes,neutral,0.8911,Yes,0.7795,neutral,0.9863,Yes,joy,0.4986,No,positive,0.5205,No,neu,0.971,No
https://www.youtube.com/watch?v=-_-eIVAX1yQ,shooting_news,1,Why was he let out of the psychiatric facility? Moronic authorities,anger,negative,neutral,neutral,negative,No,No,Yes,anger,Yes,anger,negative,No,confirmed after assistant manual review,assistant_manual_review_2026-05-27,0.2626,0.8284,0.5974,neutral,0.4928,No,surprise,0.7984,No,0.9215,neutral,0.9358,No,neutral,0.5262,No,negative,0.5465,Yes,neg,0.9718,No
https://www.youtube.com/watch?v=-_-eIVAX1yQ,shooting_news,2,Finally got the treatment he needed.,anger,negative,joy,neutral,positive,No,No,No,neutral,No,anger,negative,No,confirmed after assistant manual review,assistant_manual_review_2026-05-27,0.5863,0.9892,0.8981,neutral,0.3591,No,joy,0.9244,No,0.7344,neutral,0.9808,No,neutral,0.463,No,positive,0.5617,No,pos,0.8735,No
https://www.youtube.com/watch?v=-_-eIVAX1yQ,shooting_news,3,Those reporters have the survival instincts of a rock,anger,negative,neutral,neutral,negative,No,No,Yes,neutral,No,anger,negative,No,confirmed after assistant manual review,assistant_manual_review_2026-05-27,0.9326,0.9902,0.8517,neutral,0.6392,No,neutral,0.9356,No,0.8518,neutral,0.9772,No,neutral,0.9519,No,negative,0.5037,Yes,neu,0.6563,No
https://www.youtube.com/watch?v=-_-eIVAX1yQ,shooting_news,4,We need to start hiring more competent gunmen.,anger,negative,neutral,neutral,neutral,No,No,No,neutral,No,anger,negative,No,confirmed after assistant manual review,assistant_manual_review_2026-05-27,0.9145,0.9922,0.9716,joy,0.6259,No,neutral,0.9004,No,0.6942,neutral,0.9613,No,neutral,0.9408,No,positive,0.4493,No,neu,0.8528,No
https://www.youtube.com/watch?v=-_-eIVAX1yQ,shooting_news,5,Freedom of irrelevancespeech..,neutral,neutral,neutral,neutral,neutral,Yes,Yes,Yes,neutral,Yes,neutral,neutral,No,confirmed after assistant manual review,assistant_manual_review_2026-05-27,0.542,0.9889,0.8949,neutral,0.95,Yes,neutral,0.4411,Yes,0.7799,neutral,0.9862,Yes,neutral,0.7827,Yes,positive,0.7108,No,neu,0.6516,No
https://www.youtube.com/watch?v=-_-eIVAX1yQ,shooting_news,6,a revolver? what in tarnation?,surprise,negative,surprise,neutral,negative,Yes,No,Yes,neutral,No,surprise,negative,No,confirmed after assistant manual review,assistant_manual_review_2026-05-27,0.7922,0.9784,0.9452,neutral,0.5099,No,surprise,0.8151,Yes,0.8395,neutral,0.9848,No,neutral,0.6869,No,negative,0.5051,Yes,neu,0.7179,No
https://www.youtube.com/watch?v=-_-eIVAX1yQ,shooting_news,7,I was thinking how dumb standing near windows would be… but if any room was bullet proofed it would be that.,anger,negative,disgust,neutral,negative,No,No,Yes,anger,Yes,anger,negative,No,confirmed after assistant manual review,assistant_manual_review_2026-05-27,0.4359,0.9656,0.7758,anger,0.3908,Yes,disgust,0.502,No,0.813,anger,0.9905,Yes,anger,0.8564,Yes,negative,0.6284,Yes,neg,0.883,No
https://www.youtube.com/watch?v=-_-eIVAX1yQ,shooting_news,8,The reporters has the survival instincts of a Dodo,anger,negative,neutral,neutral,neutral,No,No,No,neutral,No,anger,negative,No,confirmed after assistant manual review,assistant_manual_review_2026-05-27,0.9352,0.9913,0.9128,neutral,0.8324,No,neutral,0.9627,No,0.4747,neutral,0.9768,No,neutral,0.958,No,negative,0.5104,Yes,neu,0.8472,No
https://www.youtube.com/watch?v=-_-eIVAX1yQ,shooting_news,9,We have agent 007😂,joy,positive,neutral,neutral,neutral,No,No,No,joy,Yes,surprise,neutral,Yes,joking comparison to Agent 007,assistant_manual_review_2026-05-27,0.961,0.9954,0.6571,neutral,0.7613,No,neutral,0.9607,No,0.801,joy,0.987,Yes,joy,0.961,Yes,positive,0.4455,Yes,neu,0.9712,No
https://www.youtube.com/watch?v=-_-eIVAX1yQ,shooting_news,10,Anything to get the ballroom 😂😂,joy,positive,neutral,neutral,neutral,No,No,No,joy,Yes,surprise,neutral,Yes,humorous laughing comment,assistant_manual_review_2026-05-27,0.9045,0.9958,0.7269,joy,0.517,Yes,neutral,0.5934,No,0.5844,joy,0.9865,Yes,joy,0.9751,Yes,positive,0.4308,Yes,neu,0.9025,No
https://www.youtube.com/watch?v=-_-eIVAX1yQ,shooting_news,11,"Give it three days, he'll be back.🤔💡",fear,negative,neutral,neutral,neutral,No,No,No,joy,No,fear,negative,No,confirmed after assistant manual review,assistant_manual_review_2026-05-27,0.9159,0.9947,0.7208,joy,0.7594,No,neutral,0.8409,No,0.7583,joy,0.9667,No,neutral,0.669,No,positive,0.4748,No,neu,0.7363,No
https://www.youtube.com/watch?v=-_-eIVAX1yQ,shooting_news,12,Will the world still believe?,neutral,neutral,surprise,neutral,neutral,No,Yes,Yes,neutral,Yes,neutral,neutral,No,confirmed after assistant manual review,assistant_manual_review_2026-05-27,0.6878,0.9897,0.9084,neutral,0.602,Yes,surprise,0.7594,No,0.7644,neutral,0.9696,Yes,neutral,0.5429,Yes,positive,0.4278,No,neu,0.9294,No
https://www.youtube.com/watch?v=-_-eIVAX1yQ,shooting_news,13,Just another day in USA,anger,negative,neutral,neutral,negative,No,No,Yes,neutral,No,anger,negative,No,confirmed after assistant manual review,assistant_manual_review_2026-05-27,0.5958,0.9397,0.9396,neutral,0.9239,No,neutral,0.8328,No,0.5882,neutral,0.9842,No,neutral,0.9536,No,positive,0.425,No,neu,0.9032,No
https://www.youtube.com/watch?v=-_-eIVAX1yQ,shooting_news,14,Sa manquait ❤❤🎉🎉,joy,positive,neutral,neutral,positive,No,No,Yes,joy,Yes,joy,positive,No,confirmed after assistant manual review,assistant_manual_review_2026-05-27,0.8021,0.9942,0.7154,joy,0.907,Yes,neutral,0.7018,No,0.9843,joy,0.9862,Yes,joy,0.947,Yes,positive,0.776,Yes,neu,0.964,No
https://www.youtube.com/watch?v=-_-eIVAX1yQ,shooting_news,15,The USA is a lost cause.,anger,negative,sadness,neutral,negative,No,No,Yes,neutral,No,anger,negative,No,confirmed after assistant manual review,assistant_manual_review_2026-05-27,0.8718,0.8037,0.5998,sadness,0.6419,No,sadness,0.7629,No,0.9368,neutral,0.9598,No,sadness,0.5771,No,negative,0.784,Yes,neg,0.9761,No
https://www.youtube.com/watch?v=-_-eIVAX1yQ,shooting_news,16,Jeez what's this 4th attempt. Something odd about it all,surprise,negative,surprise,neutral,negative,Yes,No,Yes,neutral,No,surprise,negative,No,confirmed after assistant manual review,assistant_manual_review_2026-05-27,0.6616,0.6715,0.8685,neutral,0.4816,No,surprise,0.5057,Yes,0.8557,neutral,0.959,No,neutral,0.9576,No,negative,0.6239,Yes,neg,0.9318,No
https://www.youtube.com/watch?v=-_-eIVAX1yQ,shooting_news,17,Another patriot gone.,sadness,negative,sadness,neutral,negative,Yes,No,Yes,sadness,Yes,sadness,negative,No,confirmed after assistant manual review,assistant_manual_review_2026-05-27,0.7634,0.9885,0.7648,sadness,0.6745,Yes,sadness,0.9457,Yes,0.7717,sadness,0.9924,Yes,sadness,0.5314,Yes,negative,0.4792,Yes,neg,0.9471,No
https://www.youtube.com/watch?v=-_-eIVAX1yQ,shooting_news,18,So many want him Xd,anger,negative,neutral,neutral,positive,No,No,No,neutral,No,anger,negative,No,confirmed after assistant manual review,assistant_manual_review_2026-05-27,0.821,0.9939,0.9878,neutral,0.9445,No,neutral,0.7295,No,0.7911,neutral,0.9796,No,neutral,0.964,No,negative,0.4017,Yes,pos,0.8815,No
https://www.youtube.com/watch?v=-_-eIVAX1yQ,shooting_news,19,The shooters family could claim a presidential pardon for him & put a claim in for the slush fund.,anger,negative,neutral,neutral,neutral,No,No,No,neutral,No,anger,negative,No,confirmed after assistant manual review,assistant_manual_review_2026-05-27,0.716,0.9929,0.43,neutral,0.9556,No,neutral,0.8743,No,0.7679,neutral,0.9695,No,neutral,0.4696,No,negative,0.5073,Yes,neu,0.8561,No
https://www.youtube.com/watch?v=-_-eIVAX1yQ,shooting_news,20,The United States is a threat to all of humanity...,fear,negative,fear,neutral,negative,Yes,No,Yes,fear,Yes,fear,negative,No,confirmed after assistant manual review,assistant_manual_review_2026-05-27,0.87,0.7337,0.6794,fear,0.6748,Yes,fear,0.9189,Yes,0.9181,fear,0.9727,Yes,fear,0.7178,Yes,negative,0.7893,Yes,neg,0.9799,No
https://www.youtube.com/watch?v=-_-eIVAX1yQ,shooting_news,21,The best learing centre graduate yet.,joy,positive,neutral,neutral,positive,No,No,Yes,joy,Yes,joy,positive,No,confirmed after assistant manual review,assistant_manual_review_2026-05-27,0.5473,0.988,0.9697,joy,0.8507,Yes,joy,0.5786,Yes,0.972,joy,0.9893,Yes,joy,0.9712,Yes,positive,0.795,Yes,pos,0.9909,No
https://www.youtube.com/watch?v=-_-eIVAX1yQ,shooting_news,22,He missed his son's wedding for this! Could they not have arranged for the gunman to turn up another day?,sadness,negative,surprise,neutral,negative,No,No,Yes,neutral,No,sadness,negative,No,confirmed after assistant manual review,assistant_manual_review_2026-05-27,0.4581,0.9077,0.8191,neutral,0.5503,No,surprise,0.4758,No,0.8884,sadness,0.9729,Yes,sadness,0.4308,Yes,negative,0.6144,Yes,neg,0.9529,No
https://www.youtube.com/watch?v=-_-eIVAX1yQ,shooting_news,23,ترامب مغتصب اباطفال مع ابستين داعم الكيان الاسرائيلي قاتل الاطفال هو مجرد دميه بيد النتن,anger,negative,neutral,neutral,neutral,No,No,No,neutral,No,anger,negative,No,confirmed after assistant manual review,assistant_manual_review_2026-05-27,0.3805,0.9473,0.8781,neutral,0.9501,No,neutral,0.3783,No,0.6561,neutral,0.9568,No,anger,0.2725,Yes,negative,0.4807,Yes,neu,0.9297,No
https://www.youtube.com/watch?v=-_-eIVAX1yQ,shooting_news,24,"We need a professional killer, not a psychotic kid.",anger,negative,neutral,neutral,negative,No,No,Yes,neutral,No,anger,negative,No,confirmed after assistant manual review,assistant_manual_review_2026-05-27,0.7596,0.9627,0.7126,neutral,0.4945,No,anger,0.3603,Yes,0.8576,sadness,0.9123,No,neutral,0.8075,No,negative,0.4444,Yes,neg,0.9651,No
https://www.youtube.com/watch?v=-_-eIVAX1yQ,shooting_news,25,Gunshots ringing out what is that😂 how did an insane person get access to a revolver?,fear,negative,anger,neutral,negative,No,No,Yes,surprise,No,fear,negative,No,confirmed after assistant manual review,assistant_manual_review_2026-05-27,0.4387,0.8644,0.9772,neutral,0.8372,No,surprise,0.552,No,0.8776,surprise,0.9102,No,surprise,0.9579,No,negative,0.8038,Yes,neg,0.9576,No
https://www.youtube.com/watch?v=-_-eIVAX1yQ,shooting_news,26,Amando supremo tribunal federal do Brasil. Donald Trump a sua guela. Alexandro oliveira jornal nacional do Brasil. GCM . Romu fortaleza ceará. Força tática.,anger,negative,neutral,neutral,neutral,No,No,No,neutral,No,anger,negative,No,confirmed after assistant manual review,assistant_manual_review_2026-05-27,0.5696,0.9921,0.9283,neutral,0.9444,No,neutral,0.6627,No,0.849,neutral,0.9808,No,neutral,0.4744,No,positive,0.5889,No,neu,0.8953,No
https://www.youtube.com/watch?v=-_-eIVAX1yQ,shooting_news,27,Vampire stern family,disgust,negative,disgust,neutral,neutral,Yes,No,No,neutral,No,disgust,negative,No,confirmed after assistant manual review,assistant_manual_review_2026-05-27,0.3961,0.985,0.9528,neutral,0.9382,No,neutral,0.784,No,0.7396,neutral,0.9814,No,neutral,0.8691,No,negative,0.5515,Yes,neu,0.8996,No
https://www.youtube.com/watch?v=-_-eIVAX1yQ,shooting_news,28,😂😂😂😂😂,joy,positive,neutral,neutral,neutral,No,No,No,joy,Yes,neutral,neutral,Yes,emoji-only laughter,assistant_manual_review_2026-05-27,0.7183,0.9886,0.6902,joy,0.8948,Yes,anger,0.3576,No,0.5544,joy,0.9833,Yes,joy,0.9656,Yes,positive,0.4161,Yes,neu,0.8939,No
https://www.youtube.com/watch?v=-_-eIVAX1yQ,shooting_news,29,The real story is Trump lost the war and there is a bounty on his life.,fear,negative,neutral,neutral,negative,No,No,Yes,neutral,No,fear,negative,No,confirmed after assistant manual review,assistant_manual_review_2026-05-27,0.7216,0.9905,0.7998,neutral,0.7969,No,sadness,0.4099,No,0.8787,neutral,0.9554,No,neutral,0.6131,No,negative,0.6946,Yes,neg,0.8603,No
https://www.youtube.com/watch?v=-_-eIVAX1yQ,shooting_news,30,Never has a president been like this lol,joy,positive,neutral,joy,negative,No,Yes,No,neutral,No,joy,positive,No,confirmed after assistant manual review,assistant_manual_review_2026-05-27,0.4905,0.5112,0.7924,joy,0.8736,Yes,joy,0.4228,Yes,0.4424,neutral,0.8911,No,neutral,0.8583,No,negative,0.439,No,neu,0.5869,No
https://www.youtube.com/watch?v=-_-eIVAX1yQ,shooting_news,31,"On the plus side, the shootings happen closer to the White House.",fear,negative,joy,neutral,neutral,No,No,No,neutral,No,fear,negative,No,confirmed after assistant manual review,assistant_manual_review_2026-05-27,0.696,0.9919,0.914,neutral,0.7863,No,neutral,0.7464,No,0.6985,fear,0.9692,Yes,fear,0.4409,Yes,negative,0.4136,Yes,neg,0.5169,No
https://www.youtube.com/watch?v=-_-eIVAX1yQ,shooting_news,32,No Bias Just Reporting 👍,joy,positive,neutral,neutral,positive,No,No,Yes,neutral,No,joy,positive,No,confirmed after assistant manual review,assistant_manual_review_2026-05-27,0.7045,0.9946,0.7104,neutral,0.5493,No,neutral,0.4264,No,0.5045,neutral,0.9719,No,anger,0.7207,No,neutral,0.4595,No,neu,0.9457,No
https://www.youtube.com/watch?v=-_-eIVAX1yQ,shooting_news,33,Distraction from the distraction from the distraction from the distraction from the distraction from the distraction from the distraction. Stay tuned there be a distraction soon from this distraction,neutral,neutral,neutral,neutral,neutral,Yes,Yes,Yes,neutral,Yes,neutral,neutral,No,confirmed after assistant manual review,assistant_manual_review_2026-05-27,0.8044,0.9894,0.6827,neutral,0.7952,Yes,neutral,0.8835,Yes,0.6679,neutral,0.9573,Yes,neutral,0.3963,Yes,negative,0.3971,No,neg,0.6603,No
https://www.youtube.com/watch?v=-_-eIVAX1yQ,shooting_news,34,You can’t take a great man down trump forever,joy,positive,neutral,neutral,negative,No,No,No,joy,Yes,joy,positive,No,confirmed after assistant manual review,assistant_manual_review_2026-05-27,0.9406,0.9895,0.9435,disgust,0.6581,No,neutral,0.4639,No,0.5669,joy,0.9884,Yes,joy,0.8367,Yes,negative,0.4897,No,neg,0.7492,No
https://www.youtube.com/watch?v=-_-eIVAX1yQ,shooting_news,35,"Avec TRUMP, le rêve américain est devenu le cauchemar américain !",sadness,negative,neutral,neutral,neutral,No,No,No,neutral,No,sadness,negative,No,confirmed after assistant manual review,assistant_manual_review_2026-05-27,0.4326,0.9846,0.928,neutral,0.962,No,neutral,0.4729,No,0.7189,neutral,0.9844,No,neutral,0.8318,No,positive,0.6133,No,neu,0.6166,No
https://www.youtube.com/watch?v=-_-eIVAX1yQ,shooting_news,36,Very poor gun man in america,sadness,negative,sadness,sadness,negative,Yes,Yes,Yes,anger,No,sadness,negative,No,confirmed after assistant manual review,assistant_manual_review_2026-05-27,0.6143,0.9084,0.8388,sadness,0.7535,Yes,sadness,0.958,Yes,0.9139,anger,0.9583,No,anger,0.6561,No,negative,0.7169,Yes,neg,0.9706,No
https://www.youtube.com/watch?v=-_-eIVAX1yQ,shooting_news,37,Definitely an Ai slop.,disgust,negative,neutral,neutral,negative,No,No,Yes,neutral,No,disgust,negative,No,confirmed after assistant manual review,assistant_manual_review_2026-05-27,0.8735,0.9585,0.7455,neutral,0.8436,No,neutral,0.8583,No,0.8327,anger,0.9743,No,neutral,0.8245,No,positive,0.3841,No,neu,0.7882,No
https://www.youtube.com/watch?v=-_-eIVAX1yQ,shooting_news,38,He was just looking for the snack bar,joy,positive,neutral,neutral,neutral,No,No,No,disgust,No,neutral,neutral,Yes,humorous explanation,assistant_manual_review_2026-05-27,0.9176,0.9948,0.7172,neutral,0.967,No,neutral,0.9688,No,0.8499,neutral,0.976,No,disgust,0.8651,No,positive,0.3742,Yes,neu,0.9401,No
https://www.youtube.com/watch?v=-_-eIVAX1yQ,shooting_news,39,TDS,neutral,neutral,neutral,neutral,neutral,Yes,Yes,Yes,neutral,Yes,neutral,neutral,No,confirmed after assistant manual review,assistant_manual_review_2026-05-27,0.9334,0.9941,0.9783,neutral,0.9694,Yes,neutral,0.8971,Yes,0.5266,neutral,0.9822,Yes,neutral,0.9572,Yes,positive,0.4705,No,neu,0.8663,No
https://www.youtube.com/watch?v=-_-eIVAX1yQ,shooting_news,40,Bro took Trump’s Christ image very seriously.,anger,negative,neutral,neutral,neutral,No,No,No,neutral,No,anger,negative,No,confirmed after assistant manual review,assistant_manual_review_2026-05-27,0.8994,0.9864,0.9293,neutral,0.8078,No,neutral,0.6665,No,0.5701,neutral,0.9793,No,neutral,0.8746,No,negative,0.5385,Yes,neu,0.7822,No
https://www.youtube.com/watch?v=-_-eIVAX1yQ,shooting_news,41,My heart goes out to the innocent bystander 😢,sadness,negative,joy,neutral,negative,No,No,Yes,joy,No,sadness,negative,No,confirmed after assistant manual review,assistant_manual_review_2026-05-27,0.9239,0.6567,0.794,sadness,0.8354,Yes,sadness,0.8675,Yes,0.8312,sadness,0.931,Yes,joy,0.9005,No,negative,0.8024,Yes,neu,0.5765,No
https://www.youtube.com/watch?v=-_-eIVAX1yQ,shooting_news,42,How does someone who believes they are Jesus Christ have legal ownership of a gun? Or be president of the most powerful nation on earth? The USA never fails to confound.,anger,negative,neutral,neutral,negative,No,No,Yes,anger,Yes,anger,negative,No,confirmed after assistant manual review,assistant_manual_review_2026-05-27,0.4112,0.9927,0.5229,neutral,0.7019,No,surprise,0.5421,No,0.7585,neutral,0.9388,No,neutral,0.5305,No,negative,0.3697,Yes,neg,0.8538,No
https://www.youtube.com/watch?v=-_-eIVAX1yQ,shooting_news,43,ITS NOT BREAKING NEWS SINCE HES STILL AROUND....MOST LIKELY TAKING A NAP DURING THE SHOOTING,anger,negative,neutral,neutral,neutral,No,No,No,fear,No,anger,negative,No,confirmed after assistant manual review,assistant_manual_review_2026-05-27,0.5385,0.9878,0.444,neutral,0.534,No,neutral,0.7831,No,0.6803,fear,0.9075,No,disgust,0.5076,No,negative,0.3932,Yes,neu,0.7055,No
https://www.youtube.com/watch?v=-_-eIVAX1yQ,shooting_news,44,Really was this actually to distract from the mess of the Iran War and the economic fallout.,fear,negative,neutral,neutral,negative,No,No,Yes,anger,No,fear,negative,No,confirmed after assistant manual review,assistant_manual_review_2026-05-27,0.7023,0.9882,0.8589,neutral,0.4954,No,neutral,0.3297,No,0.7272,anger,0.9826,No,anger,0.6262,No,negative,0.7452,Yes,neg,0.8396,No
https://www.youtube.com/watch?v=-_-eIVAX1yQ,shooting_news,45,"If at first you don't succeed, try, try, again. Be careful who you try it with though.",fear,negative,neutral,neutral,neutral,No,No,No,neutral,No,fear,negative,No,confirmed after assistant manual review,assistant_manual_review_2026-05-27,0.5145,0.9879,0.9695,joy,0.8604,No,neutral,0.8464,No,0.5616,fear,0.9314,Yes,neutral,0.8061,No,positive,0.4435,No,neu,0.6209,No
https://www.youtube.com/watch?v=-_-eIVAX1yQ,shooting_news,46,Is very dangerous time in the USA is getting really close 4 Revolution is only matter of time 20 gunman or 200 we'll be doing that🙉 the sort of things been going on since forever😜,fear,negative,fear,fear,negative,Yes,Yes,Yes,fear,Yes,fear,negative,No,confirmed after assistant manual review,assistant_manual_review_2026-05-27,0.9436,0.5371,0.9589,fear,0.6948,Yes,anger,0.5374,No,0.8223,fear,0.9927,Yes,fear,0.983,Yes,negative,0.9212,Yes,neg,0.9598,No
https://www.youtube.com/watch?v=-_-eIVAX1yQ,shooting_news,47,WWE,neutral,neutral,neutral,neutral,neutral,Yes,Yes,Yes,neutral,Yes,neutral,neutral,No,confirmed after assistant manual review,assistant_manual_review_2026-05-27,0.3569,0.9832,0.9085,neutral,0.944,Yes,neutral,0.756,Yes,0.6452,neutral,0.9783,Yes,neutral,0.7194,Yes,positive,0.5187,No,neu,0.9137,No
https://www.youtube.com/watch?v=-_-eIVAX1yQ,shooting_news,48,Australian news is unbearable,disgust,negative,disgust,sadness,negative,Yes,No,Yes,sadness,No,disgust,negative,No,confirmed after assistant manual review,assistant_manual_review_2026-05-27,0.5046,0.4868,0.369,neutral,0.5512,No,disgust,0.5465,Yes,0.9232,anger,0.9601,No,anger,0.8309,No,negative,0.7096,Yes,neg,0.9775,No
https://www.youtube.com/watch?v=-_-eIVAX1yQ,shooting_news,49,Just another bad in the country,sadness,negative,disgust,neutral,negative,No,No,Yes,anger,No,anger,negative,Yes,resigned negative comment about the country,assistant_manual_review_2026-05-27,0.8368,0.6869,0.8426,sadness,0.5086,Yes,disgust,0.7703,No,0.907,anger,0.988,No,anger,0.9194,No,negative,0.9313,Yes,neg,0.9775,No
https://www.youtube.com/watch?v=-_-eIVAX1yQ,shooting_news,50,"Un charlot, ridiculisé par l'iran.",anger,negative,disgust,neutral,neutral,No,No,No,neutral,No,anger,negative,No,confirmed after assistant manual review,assistant_manual_review_2026-05-27,0.5971,0.9888,0.8948,neutral,0.9523,No,disgust,0.7169,No,0.5797,neutral,0.9812,No,neutral,0.749,No,negative,0.8661,Yes,neu,0.7889,No
https://www.youtube.com/watch?v=VrDWY6C1178,anger_brand_crisis,1,"You board as a doctor, you leave as a patient. -*United Airlines*",anger,negative,,,,,,,,,,,,"The comment criticizes United Airlines by implying that boarding as a doctor leads to becoming a patient, referencing a negative incident, conveying anger.",deepseek_v4pro_ai_labeling,,,,,,,,,,,,,,,,,,,,,,
https://www.youtube.com/watch?v=VrDWY6C1178,anger_brand_crisis,2,"United Airlines ""We dont beat our competitors, but we do beat our customers""",anger,negative,,,,,,,,,,,,"The comment uses sarcasm to criticize United Airlines for mistreating customers, expressing anger and frustration.",deepseek_v4pro_ai_labeling,,,,,,,,,,,,,,,,,,,,,,
https://www.youtube.com/watch?v=VrDWY6C1178,anger_brand_crisis,3,"United Airlines - ""Our prices are unbeatable but our passengers are not...""",sadness,negative,,,,,,,,,,,,"The comment uses dark humor to criticize United Airlines for poor treatment of passengers, implying they are 'beaten' or mistreated, which conveys sadness and negativity.",deepseek_v4pro_ai_labeling,,,,,,,,,,,,,,,,,,,,,,
https://www.youtube.com/watch?v=VrDWY6C1178,anger_brand_crisis,4,United didn’t even apologize for the man being dragged. They just apologized for being overbooked.,anger,negative,,,,,,,,,,,,"The comment criticizes United Airlines for not apologizing for the man being dragged, only for being overbooked, indicating anger and negative sentiment.",deepseek_v4pro_ai_labeling,,,,,,,,,,,,,,,,,,,,,,
https://www.youtube.com/watch?v=VrDWY6C1178,anger_brand_crisis,5,"“You’re not at fault, time for an assault” - United",anger,negative,,,,,,,,,,,,"The comment quotes a line that suggests aggression and blame, implying anger and negative sentiment.",deepseek_v4pro_ai_labeling,,,,,,,,,,,,,,,,,,,,,,
https://www.youtube.com/watch?v=VrDWY6C1178,anger_brand_crisis,6,"""Not Enough Seating, Time For A Beating""",anger,negative,,,,,,,,,,,,"The comment uses aggressive language ('beating') and expresses frustration about seating, indicating anger.",deepseek_v4pro_ai_labeling,,,,,,,,,,,,,,,,,,,,,,
https://www.youtube.com/watch?v=VrDWY6C1178,anger_brand_crisis,7,"""Refused to leave voluntarily"" Yeah, that's not how that works.",anger,negative,,,,,,,,,,,,"The comment expresses frustration and disagreement with the phrase 'refused to leave voluntarily', implying a negative view of the situation.",deepseek_v4pro_ai_labeling,,,,,,,,,,,,,,,,,,,,,,
https://www.youtube.com/watch?v=VrDWY6C1178,anger_brand_crisis,8,This is one of the few times when a Karen was needed...,joy,positive,,,,,,,,,,,,"The comment expresses amusement and approval, using humor to suggest that the situation warranted a 'Karen' intervention.",deepseek_v4pro_ai_labeling,,,,,,,,,,,,,,,,,,,,,,
https://www.youtube.com/watch?v=VrDWY6C1178,anger_brand_crisis,9,United is putting the hospital in hospitality,anger,negative,,,,,,,,,,,,"The comment uses wordplay to criticize United Airlines, implying their hospitality is harmful like a hospital, expressing anger or frustration.",deepseek_v4pro_ai_labeling,,,,,,,,,,,,,,,,,,,,,,
https://www.youtube.com/watch?v=VrDWY6C1178,anger_brand_crisis,10,Comes as doctor Leaves as patient,surprise,negative,,,,,,,,,,,,"The comment suggests a negative outcome (becoming a patient after being a doctor), implying irony or unexpected turn of events.",deepseek_v4pro_ai_labeling,,,,,,,,,,,,,,,,,,,,,,
https://www.youtube.com/watch?v=VrDWY6C1178,anger_brand_crisis,11,United Airlines- This won't happen again Me- Yeah because now all your flights are heavily underbooked,neutral,negative,,,,,,,,,,,,"The comment uses sarcasm to criticize United Airlines, implying that their flights are underbooked due to poor service, conveying a negative sentiment.",deepseek_v4pro_ai_labeling,,,,,,,,,,,,,,,,,,,,,,
https://www.youtube.com/watch?v=VrDWY6C1178,anger_brand_crisis,12,“When in doubt beat the passenger out”-United Airlines,anger,negative,,,,,,,,,,,,"The comment references a controversial incident where a passenger was forcibly removed from a United Airlines flight, using dark humor to criticize the airline's actions, conveying anger and negative sentiment.",deepseek_v4pro_ai_labeling,,,,,,,,,,,,,,,,,,,,,,
https://www.youtube.com/watch?v=VrDWY6C1178,anger_brand_crisis,13,Thank god for smartphones now days. Everything gets recorded.,joy,positive,,,,,,,,,,,,"Expresses gratitude and relief that smartphones record events, implying a positive outcome.",deepseek_v4pro_ai_labeling,,,,,,,,,,,,,,,,,,,,,,
https://www.youtube.com/watch?v=VrDWY6C1178,anger_brand_crisis,14,Hope this company flies straight in the trash,anger,negative,,,,,,,,,,,,"The comment expresses a strong desire for the company to fail, indicating anger and negative sentiment.",deepseek_v4pro_ai_labeling,,,,,,,,,,,,,,,,,,,,,,
https://www.youtube.com/watch?v=VrDWY6C1178,anger_brand_crisis,15,"In my many years as an airlines station manager at 43 different airports around the world, I had to deal with overbooked flights many times when not enough passengers were giving up their seat voluntarily. I NEVER had to resort to anything like this and cannot even imagine making such a decision, causing such a circus and putting my employer in this situation. I was ALWAYS, and I mean ALWAYS, successful in finding the right passenger(s) discreetly and without ""drama"" to relinquish their seat for an agreeable compensation, usually within 10 minutes and without anyone else in the cabin being aware of the situation, but I worked for airlines that trained their people very well and had very high standards. There is absolutely no excuse for this.",anger,negative,,,,,,,,,,,,"The comment expresses strong disapproval and frustration about the airline's handling of overbooking, using emphatic language and criticism.",deepseek_v4pro_ai_labeling,,,,,,,,,,,,,,,,,,,,,,
https://www.youtube.com/watch?v=VrDWY6C1178,anger_brand_crisis,16,"""Sorry passengers but we seem to have overbooked the flight, do we have any volunteers who would like to re-book?......No......ok....execute order 66"".",joy,positive,,,,,,,,,,,,"The comment humorously references Star Wars' Order 66 to mock airline overbooking, using irony and dark humor to create amusement.",deepseek_v4pro_ai_labeling,,,,,,,,,,,,,,,,,,,,,,
https://www.youtube.com/watch?v=VrDWY6C1178,anger_brand_crisis,17,bruh shoulda given the officer a pepsi woulda prevented all of this,neutral,neutral,,,,,,,,,,,,"The comment is a sarcastic remark about a situation, lacking strong emotional expression.",deepseek_v4pro_ai_labeling,,,,,,,,,,,,,,,,,,,,,,
https://www.youtube.com/watch?v=VrDWY6C1178,anger_brand_crisis,18,united airlines flight or fight we decide,anger,negative,,,,,,,,,,,,"The comment plays on 'flight or fight' response, implying a confrontational or threatening situation with United Airlines, suggesting anger or frustration.",deepseek_v4pro_ai_labeling,,,,,,,,,,,,,,,,,,,,,,
https://www.youtube.com/watch?v=VrDWY6C1178,anger_brand_crisis,19,"""We apologize for the overbook situation"" So, not even for how the passenger was handled?",anger,negative,,,,,,,,,,,,"The comment expresses frustration and criticism towards the apology, implying it fails to address the real issue of passenger mistreatment.",deepseek_v4pro_ai_labeling,,,,,,,,,,,,,,,,,,,,,,
https://www.youtube.com/watch?v=VrDWY6C1178,anger_brand_crisis,20,"“After our team looked for volunteers, one customer refused to leave the aircraft voluntarily” *come again?*",surprise,negative,,,,,,,,,,,,"The comment expresses disbelief and shock at the airline's statement, with a sarcastic tone questioning the logic.",deepseek_v4pro_ai_labeling,,,,,,,,,,,,,,,,,,,,,,
https://www.youtube.com/watch?v=VrDWY6C1178,anger_brand_crisis,21,Overbooking should not be legal,anger,negative,,,,,,,,,,,,"Expresses strong disapproval of a practice, indicating anger.",deepseek_v4pro_ai_labeling,,,,,,,,,,,,,,,,,,,,,,
https://www.youtube.com/watch?v=VrDWY6C1178,anger_brand_crisis,22,He came as a doctor and left as a patient 😓😫,sadness,negative,,,,,,,,,,,,"The comment expresses disappointment and sympathy, with emojis indicating sadness and frustration.",deepseek_v4pro_ai_labeling,,,,,,,,,,,,,,,,,,,,,,
https://www.youtube.com/watch?v=VrDWY6C1178,anger_brand_crisis,23,If the economy class was overbooked then they should've upgraded the 4 extra passengers to the first or business class. This is totally unacceptable.,anger,negative,,,,,,,,,,,,"Expresses strong disapproval and frustration about the situation, calling it 'totally unacceptable'.",deepseek_v4pro_ai_labeling,,,,,,,,,,,,,,,,,,,,,,
https://www.youtube.com/watch?v=VrDWY6C1178,anger_brand_crisis,24,"United airlines “We’re not good at beating our competitors, but we sure are good at beating our customers!”",anger,negative,,,,,,,,,,,,"The comment uses sarcasm to criticize United Airlines for mistreating customers, expressing anger and frustration.",deepseek_v4pro_ai_labeling,,,,,,,,,,,,,,,,,,,,,,
https://www.youtube.com/watch?v=VrDWY6C1178,anger_brand_crisis,25,Imagine if the plane crashes and he is the only one escaped.....,fear,negative,,,,,,,,,,,,"The comment imagines a plane crash scenario, evoking fear and a negative sentiment.",deepseek_v4pro_ai_labeling,,,,,,,,,,,,,,,,,,,,,,
https://www.youtube.com/watch?v=VrDWY6C1178,anger_brand_crisis,26,"""our team looked for volunteers"" didnt seem like he volunteered😂",joy,positive,,,,,,,,,,,,"The comment uses a laughing emoji and mocks the situation playfully, indicating amusement.",deepseek_v4pro_ai_labeling,,,,,,,,,,,,,,,,,,,,,,
https://www.youtube.com/watch?v=VrDWY6C1178,anger_brand_crisis,27,"United we stand, United we fall, United we drag passengers off planes",anger,negative,,,,,,,,,,,,"The comment uses sarcasm to criticize United Airlines' controversial incident of dragging a passenger off a plane, expressing anger and disapproval.",deepseek_v4pro_ai_labeling,,,,,,,,,,,,,,,,,,,,,,
https://www.youtube.com/watch?v=VrDWY6C1178,anger_brand_crisis,28,"United: Please get off the plane, we are overbooked. Doctor: No. United: So you have chosen death.",anger,negative,,,,,,,,,,,,"The comment uses dark humor to criticize United Airlines' handling of an overbooking incident, expressing anger and frustration.",deepseek_v4pro_ai_labeling,,,,,,,,,,,,,,,,,,,,,,
https://www.youtube.com/watch?v=VrDWY6C1178,anger_brand_crisis,29,United Airline's new motto 'There's not enough seating?We'll give a passenger or two a beating!',anger,negative,,,,,,,,,,,,"The comment uses sarcasm to criticize United Airlines, expressing anger about a violent incident.",deepseek_v4pro_ai_labeling,,,,,,,,,,,,,,,,,,,,,,
https://www.youtube.com/watch?v=VrDWY6C1178,anger_brand_crisis,30,I like how they made a mistake yet he suffers from it. there should be a petition to do something about it.,anger,negative,,,,,,,,,,,,"Expresses frustration about an unfair situation and calls for action, indicating anger.",deepseek_v4pro_ai_labeling,,,,,,,,,,,,,,,,,,,,,,
https://www.youtube.com/watch?v=VrDWY6C1178,anger_brand_crisis,31,*At a job interview* Interviewer: How tough are you? Me: I was on a United Airlines plane before. Interviewer: Say no more.,joy,positive,,,,,,,,,,,,"The comment uses humor and sarcasm to reference a negative experience with United Airlines, but the tone is lighthearted and amusing, conveying joy.",deepseek_v4pro_ai_labeling,,,,,,,,,,,,,,,,,,,,,,
https://www.youtube.com/watch?v=VrDWY6C1178,anger_brand_crisis,32,"""Try to resist, we'll give you our fists"" Keep it going guys!",joy,positive,,,,,,,,,,,,"The comment is encouraging and supportive, expressing excitement and positivity.",deepseek_v4pro_ai_labeling,,,,,,,,,,,,,,,,,,,,,,
https://www.youtube.com/watch?v=VrDWY6C1178,anger_brand_crisis,33,These are one of those videos where likes and dislikes mean the same thing... #UnitedMemesof2017,joy,positive,,,,,,,,,,,,"The comment uses humor and a hashtag suggesting memes, indicating amusement and positive sentiment.",deepseek_v4pro_ai_labeling,,,,,,,,,,,,,,,,,,,,,,
https://www.youtube.com/watch?v=VrDWY6C1178,anger_brand_crisis,34,i'm taking the risk of going to north korean airline than this ...,fear,negative,,,,,,,,,,,,The comment expresses fear and avoidance by comparing the situation unfavorably to a risky North Korean airline.,deepseek_v4pro_ai_labeling,,,,,,,,,,,,,,,,,,,,,,
https://www.youtube.com/watch?v=VrDWY6C1178,anger_brand_crisis,35,I said good morning to a stewardess and she power bombed me through her refreshment cart.,surprise,neutral,,,,,,,,,,,,"The comment describes an unexpected and absurd event, likely humorous or sarcastic, conveying surprise.",deepseek_v4pro_ai_labeling,,,,,,,,,,,,,,,,,,,,,,
https://www.youtube.com/watch?v=VrDWY6C1178,anger_brand_crisis,36,The law enforcement officers involved should have been immediately suspended pending a very thorough investigation. If they couldn't provide ample justification for their actions then they should both have had their contacts of employment terminated. The airline should have been required to pay the doctor and his family compensation if this had not already been sanctioned.,anger,negative,,,,,,,,,,,,"The comment expresses strong disapproval and demands punitive actions, indicating anger.",deepseek_v4pro_ai_labeling,,,,,,,,,,,,,,,,,,,,,,
https://www.youtube.com/watch?v=VrDWY6C1178,anger_brand_crisis,37,"""If we can't beat our competitors, we beat our customers""",sadness,negative,,,,,,,,,,,,"The comment uses dark humor to criticize a company's unethical practice of exploiting customers when unable to compete, evoking a sense of disappointment and sadness.",deepseek_v4pro_ai_labeling,,,,,,,,,,,,,,,,,,,,,,
https://www.youtube.com/watch?v=VrDWY6C1178,anger_brand_crisis,38,UNITED AIRLINES BATTLE ROYALE. Last man standing wins,joy,positive,,,,,,,,,,,,"The comment uses humor and a battle royale metaphor to describe a situation, indicating amusement and positive sentiment.",deepseek_v4pro_ai_labeling,,,,,,,,,,,,,,,,,,,,,,
https://www.youtube.com/watch?v=VrDWY6C1178,anger_brand_crisis,39,"""fight or flight"" *""WHY NOT BOTH?""*",surprise,positive,,,,,,,,,,,,"The comment humorously subverts the expected 'fight or flight' response by suggesting both, indicating a playful and surprising twist.",deepseek_v4pro_ai_labeling,,,,,,,,,,,,,,,,,,,,,,
https://www.youtube.com/watch?v=VrDWY6C1178,anger_brand_crisis,40,"This disgusted me to the core, and let us make more people know how disgusting this airline is.",disgust,negative,,,,,,,,,,,,The comment explicitly expresses disgust and a desire to expose the airline's negative aspects.,deepseek_v4pro_ai_labeling,,,,,,,,,,,,,,,,,,,,,,
https://www.youtube.com/watch?v=VrDWY6C1178,anger_brand_crisis,41,UNITED YOU HAVE LOST A CUSTOMER FOR LIFE. shame on you and your policies.,anger,negative,,,,,,,,,,,,"Expresses strong anger and frustration towards the company's policies, using all caps and accusatory language.",deepseek_v4pro_ai_labeling,,,,,,,,,,,,,,,,,,,,,,
https://www.youtube.com/watch?v=VrDWY6C1178,anger_brand_crisis,42,"What on earth!!! I do not think I have ever been so outraged in my life, this is awful! What a disgusting, vile, inhuman way to handle this. I think this could literally be punishable extremely seriously for those who handled it.",anger,negative,,,,,,,,,,,,"The comment expresses strong outrage and disgust, using words like 'outraged', 'awful', 'disgusting', and 'vile', indicating anger.",deepseek_v4pro_ai_labeling,,,,,,,,,,,,,,,,,,,,,,
https://www.youtube.com/watch?v=VrDWY6C1178,anger_brand_crisis,43,Don't use united airline,anger,negative,,,,,,,,,,,,"The comment expresses a strong negative directive against United Airlines, indicating frustration or anger.",deepseek_v4pro_ai_labeling,,,,,,,,,,,,,,,,,,,,,,
https://www.youtube.com/watch?v=VrDWY6C1178,anger_brand_crisis,44,Me : so how do you get your flight booked enough? United Airlines : the secret ingredient is a beating,joy,positive,,,,,,,,,,,,"The comment uses humor and sarcasm to mock United Airlines, which is likely to be perceived as funny and entertaining.",deepseek_v4pro_ai_labeling,,,,,,,,,,,,,,,,,,,,,,
https://www.youtube.com/watch?v=VrDWY6C1178,anger_brand_crisis,45,He refused to VOLUNTEER... united needs a dictionary 😂😶,joy,positive,,,,,,,,,,,,"The comment uses laughing emojis and a playful tone to mock the situation, indicating amusement.",deepseek_v4pro_ai_labeling,,,,,,,,,,,,,,,,,,,,,,
https://www.youtube.com/watch?v=VrDWY6C1178,anger_brand_crisis,46,They can't drag someone off a plane cuz the stupid airline felt like overbooking the flight,anger,negative,,,,,,,,,,,,Expresses frustration and anger towards the airline's overbooking policy and the forceful removal of a passenger.,deepseek_v4pro_ai_labeling,,,,,,,,,,,,,,,,,,,,,,
https://www.youtube.com/watch?v=VrDWY6C1178,anger_brand_crisis,47,i remember the good ol days united would drop u off straight into your building in 2001,sadness,negative,,,,,,,,,,,,Nostalgic comparison to past service quality implies current dissatisfaction.,deepseek_v4pro_ai_labeling,,,,,,,,,,,,,,,,,,,,,,
https://www.youtube.com/watch?v=VrDWY6C1178,anger_brand_crisis,48,overbooking should be illegal.,anger,negative,,,,,,,,,,,,"Expresses strong disapproval of overbooking, indicating anger.",deepseek_v4pro_ai_labeling,,,,,,,,,,,,,,,,,,,,,,
https://www.youtube.com/watch?v=VrDWY6C1178,anger_brand_crisis,49,I hope that man sues the heck out of united airlines,anger,negative,,,,,,,,,,,,"The comment expresses a desire for legal action against United Airlines, indicating anger and negative sentiment.",deepseek_v4pro_ai_labeling,,,,,,,,,,,,,,,,,,,,,,
https://www.youtube.com/watch?v=VrDWY6C1178,anger_brand_crisis,50,He's gonna sue the fuck out of United airlines.,anger,negative,,,,,,,,,,,,"The comment expresses anger and frustration towards United Airlines, using strong language and implying legal action.",deepseek_v4pro_ai_labeling,,,,,,,,,,,,,,,,,,,,,,
https://www.youtube.com/watch?v=O8MQV40pOtk,fear_public_safety,1,"The only time when your Mom says, ""It's because of the stupid phone."" Is actually the cause of the problem",joy,positive,,,,,,,,,,,,"The comment is a humorous observation about a common parental complaint, using irony to find amusement in the situation.",deepseek_v4pro_ai_labeling,,,,,,,,,,,,,,,,,,,,,,
https://www.youtube.com/watch?v=O8MQV40pOtk,fear_public_safety,2,Her mom: It’s cause of that damn phone! Me: *wait you’re actually right*,joy,positive,,,,,,,,,,,,"The comment uses humor and self-deprecation to agree with a relatable situation, conveying amusement.",deepseek_v4pro_ai_labeling,,,,,,,,,,,,,,,,,,,,,,
https://www.youtube.com/watch?v=O8MQV40pOtk,fear_public_safety,3,"This ad gets the message across really well. Had the policeman caught this girl texting and driving, it would have saved her life and many others.",sadness,negative,,,,,,,,,,,,"The comment uses sarcasm to criticize the ad, implying that the ad's message is ineffective because it fails to prevent the tragedy, evoking sadness.",deepseek_v4pro_ai_labeling,,,,,,,,,,,,,,,,,,,,,,
https://www.youtube.com/watch?v=O8MQV40pOtk,fear_public_safety,4,"I was in a car accident a month ago. My mom was driving us home from Starbucks, we were driving 60mph down the highway. My mom was attentive and driving safely. Unfortunately, three teenagers in a truck failed to yield to a stop sign, running right in front of us. We t-boned them, as we had absolutely no time to react. My mom slammed on her brakes as soon as she saw them pull in front of us. Us going 60mph on impact caused their truck to flip over into a ditch, and our car to spin out. The three teenagers survived with absolutely no injuries, while my mom had a concussion and I broke my spine. Paramedics told us that with how bad the impact was, they were surprised it didn't kill us. Teenagers should NEVER drive with more than one friend in the car, as it has been statistically proven that the more friends in a teenagers car, the more distracted they get. Those teenagers who failed to stop at a stop sign almost cost my mom and I's life, I'm even shocked that the teenagers weren't injured themselves despite their vehicle flipping over. It could've been much worse, and I'm glad nobody died- but we very easily could've died. The odds were not in our favor at all but we made it out alive.",sadness,negative,,,,,,,,,,,,"The comment describes a traumatic car accident with serious injuries, conveying sadness and distress despite relief that no one died.",deepseek_v4pro_ai_labeling,,,,,,,,,,,,,,,,,,,,,,
https://www.youtube.com/watch?v=O8MQV40pOtk,fear_public_safety,5,That went from 0 to 100 way to fucking fast,surprise,negative,,,,,,,,,,,,"The comment expresses shock and mild frustration at a rapid escalation, indicating surprise with a negative undertone.",deepseek_v4pro_ai_labeling,,,,,,,,,,,,,,,,,,,,,,
https://www.youtube.com/watch?v=O8MQV40pOtk,fear_public_safety,6,"I was involved in a texting and driving accident in (2018) on my way to work and I wasn’t even supposed to live. The doctors were going to pronounce me dead when I got to the hospital. I wasn’t to lucky, I fractured my shoulder blade, lower spine, pelvis in 3 places, left hip and my knee was mangled. The women that hit me didn’t even check on me, didn’t come near me, didn’t hold my head up in the car. She was trying to drive off but she couldn’t because her car was all busted from the impact. She was only concerned about her car and continued to text message. She tried to get away in to blaming me for the accident and she wasn’t at all upset about what she did to me. The firefighters had to use the jaws of life to get me out of the car and I scared out of my mind to think what was going to happen next. I still have anger and hatred towards the women that hit me. If she had come up to check on me or at all concerned about me, I would of forgiven her for what she did. There’s no forgiveness for that. I am still blessed to be alive and to tell my story to people. The aftermath of the accident for me is still there . My left side is unbalanced, I will fall to the ground if I stand on my left side, the cold hurts, my left side is very week, I can’t lift over 36 pounds, I am very cluster phobic in tiny spaces, and my legs are clumsy. I have muscle and nerve damage due to the accident and I have frequent back aches. I used to be very athletic and was going to return to ice skating but I can’t do any of that because of the accident. Please watch this and take the oath to never text and drive because that text isn’t worth it.",anger,negative,,,,,,,,,,,,"The comment expresses strong anger and hatred towards the woman who caused the accident, with no forgiveness, and describes lasting physical and emotional trauma.",deepseek_v4pro_ai_labeling,,,,,,,,,,,,,,,,,,,,,,
https://www.youtube.com/watch?v=O8MQV40pOtk,fear_public_safety,7,I saw this ad when I was about 12 long before I could drive but this ad almost 8 years on scared me enough as a kid to not even so much as touch my phone while driving at almost 20. Guess the ad worked 😅,joy,positive,,,,,,,,,,,,"The comment expresses a positive outcome from the ad, with a laughing emoji indicating amusement or relief.",deepseek_v4pro_ai_labeling,,,,,,,,,,,,,,,,,,,,,,
https://www.youtube.com/watch?v=O8MQV40pOtk,fear_public_safety,8,she ain't smiling now !,joy,positive,,,,,,,,,,,,"The comment likely refers to a moment of comeuppance or satisfaction, implying a positive sentiment and joy at the situation.",deepseek_v4pro_ai_labeling,,,,,,,,,,,,,,,,,,,,,,
https://www.youtube.com/watch?v=O8MQV40pOtk,fear_public_safety,9,"One of the best safety video for no texting while driving was a series of clips from street CCTV, showing people on their phone while walking and then either tripping on the pavement or hitting random things on the street ( a light pole, a parked car, someone else). The video then showed the message ""You cannot text while walking"" then you had a black screen with the sound of car brake and a crash followed by the message ""What makes you think you can when driving?""",neutral,neutral,,,,,,,,,,,,"The comment describes a safety video in a factual, informative manner without expressing personal emotion or opinion.",deepseek_v4pro_ai_labeling,,,,,,,,,,,,,,,,,,,,,,
https://www.youtube.com/watch?v=O8MQV40pOtk,fear_public_safety,10,That cop could give me a ticket,joy,positive,,,,,,,,,,,,"The comment uses a playful tone, implying attraction to the cop, which conveys joy and positive sentiment.",deepseek_v4pro_ai_labeling,,,,,,,,,,,,,,,,,,,,,,
https://www.youtube.com/watch?v=O8MQV40pOtk,fear_public_safety,11,"exact same thing happened to me, just because you do and once and your comfortable and nothing happens, doesn’t mean nothing will!!",fear,negative,,,,,,,,,,,,"The comment expresses concern and warning about potential negative consequences, conveying fear.",deepseek_v4pro_ai_labeling,,,,,,,,,,,,,,,,,,,,,,
https://www.youtube.com/watch?v=O8MQV40pOtk,fear_public_safety,12,I've got hit a few times by people texting and driving. Once or Twice when I was walking. And once sitting at a Stop Light 🚦 by a young kid who forgot to look up. And another time or two. But don't remember all the details any more. But still suffer from all the injuries.,anger,negative,,,,,,,,,,,,"The comment describes being hit multiple times by distracted drivers, expressing frustration and ongoing pain from injuries.",deepseek_v4pro_ai_labeling,,,,,,,,,,,,,,,,,,,,,,
https://www.youtube.com/watch?v=O8MQV40pOtk,fear_public_safety,13,"My girlfriend's mother almost died after the car she was travelling in got hit by a ute driven by someone texting while driving. She escaped with minor injuries, but three others in the car with her got seriously hurt, one is still on an induced coma and intubated in ICU days afterwards. The sheer idiocy of those who text and drive - I can't understand how one can be so stupid and yet be able to operate a motor vehicle.",anger,negative,,,,,,,,,,,,"The comment expresses strong anger and frustration towards texting while driving, describing a serious accident caused by such behavior.",deepseek_v4pro_ai_labeling,,,,,,,,,,,,,,,,,,,,,,
https://www.youtube.com/watch?v=O8MQV40pOtk,fear_public_safety,14,"This is what I do when the driver in front was texting. I start a road rage and if they deny they were texting, I hit them. Then I deny what I did",anger,negative,,,,,,,,,,,,"The comment describes road rage and physical violence, indicating anger and a negative sentiment.",deepseek_v4pro_ai_labeling,,,,,,,,,,,,,,,,,,,,,,
https://www.youtube.com/watch?v=O8MQV40pOtk,fear_public_safety,15,I was in a car accident but we weren’t on our phones I just mentioned a work place and the driver and me looked at it kinda dumb to be honest lol,sadness,negative,,,,,,,,,,,,"The comment describes a car accident, which is a negative event, and the tone is regretful about the distraction, despite the 'lol' indicating a slight attempt to lighten the mood.",deepseek_v4pro_ai_labeling,,,,,,,,,,,,,,,,,,,,,,
https://www.youtube.com/watch?v=O8MQV40pOtk,fear_public_safety,16,best commercial!,joy,positive,,,,,,,,,,,,Expresses strong approval and happiness about the commercial.,deepseek_v4pro_ai_labeling,,,,,,,,,,,,,,,,,,,,,,
https://www.youtube.com/watch?v=O8MQV40pOtk,fear_public_safety,17,Would you rather lose a minute of your life or your life in a minute?,neutral,neutral,,,,,,,,,,,,The comment is a philosophical or rhetorical question without clear emotional tone.,deepseek_v4pro_ai_labeling,,,,,,,,,,,,,,,,,,,,,,
https://www.youtube.com/watch?v=O8MQV40pOtk,fear_public_safety,18,That made me happy for some reason,joy,positive,,,,,,,,,,,,"The comment explicitly states happiness, indicating a positive emotion.",deepseek_v4pro_ai_labeling,,,,,,,,,,,,,,,,,,,,,,
https://www.youtube.com/watch?v=O8MQV40pOtk,fear_public_safety,19,"People need to understand that a text is not worth your life or the lives of those around you, it's shameful how much wisdom people lack these days. I think they should suspend the license of anyone who drives.",anger,negative,,,,,,,,,,,,"Expresses frustration and anger about distracted driving, using strong language like 'shameful' and calling for license suspension.",deepseek_v4pro_ai_labeling,,,,,,,,,,,,,,,,,,,,,,
https://www.youtube.com/watch?v=O8MQV40pOtk,fear_public_safety,20,im watching this for entertainment. what am i doing with my life,sadness,negative,,,,,,,,,,,,"The comment expresses self-reflection and regret about wasting time, indicating sadness.",deepseek_v4pro_ai_labeling,,,,,,,,,,,,,,,,,,,,,,
https://www.youtube.com/watch?v=O8MQV40pOtk,fear_public_safety,21,"""I find that very offensive because my mother died in a car crash last year and the noise it made was no laughing matter"" - Caddicarus, The Horrible World of Kinect Games",anger,negative,,,,,,,,,,,,"The comment expresses offense and references a personal tragedy, indicating anger and negative sentiment.",deepseek_v4pro_ai_labeling,,,,,,,,,,,,,,,,,,,,,,
https://www.youtube.com/watch?v=O8MQV40pOtk,fear_public_safety,22,"Years ago, my mom was in a car crash when another driver slammed into her minivan when making a bad turn, I'm very my mom survived and she wasn't hurt",joy,positive,,,,,,,,,,,,"The comment expresses relief and gratitude that the mother survived unharmed, which is a positive outcome.",deepseek_v4pro_ai_labeling,,,,,,,,,,,,,,,,,,,,,,
https://www.youtube.com/watch?v=O8MQV40pOtk,fear_public_safety,23,"I was involved in an accident on May 29th I was looking up a the stats of a Ford F-150 on my phone when I crashed into a 2010 Chevy Equinox. I hit the car at 35-40 mph. There was a 1 year old child in the car. He was crying, the family sustained no injuries while my two legs were bruised. I was lucky to be alive as well as the family. From now onwards I will longer be driving the car while drive with a phone on hand.",sadness,negative,,,,,,,,,,,,"The comment describes a serious accident with potential harm, expressing regret and a negative experience.",deepseek_v4pro_ai_labeling,,,,,,,,,,,,,,,,,,,,,,
https://www.youtube.com/watch?v=O8MQV40pOtk,fear_public_safety,24,At least it shut those idiots up.,joy,positive,,,,,,,,,,,,"The comment expresses satisfaction or relief that something silenced people the commenter dislikes, indicating a positive sentiment and joy.",deepseek_v4pro_ai_labeling,,,,,,,,,,,,,,,,,,,,,,
https://www.youtube.com/watch?v=O8MQV40pOtk,fear_public_safety,25,There are so many people in Malvern Arkansas that have their phone upside their head they're either talking or texting while driving they need to come up with some of the severest punishments possible like 4 years in prison for starters Wingate pulled over by officers,anger,negative,,,,,,,,,,,,"The comment expresses strong disapproval and frustration about people using phones while driving, and calls for severe punishments, indicating anger.",deepseek_v4pro_ai_labeling,,,,,,,,,,,,,,,,,,,,,,
https://www.youtube.com/watch?v=O8MQV40pOtk,fear_public_safety,26,"If you text while driving, one way or another, you will be stopped. Pray it's by the cops.",anger,negative,,,,,,,,,,,,"The comment expresses a stern warning about texting while driving, with a threatening undertone ('Pray it's by the cops'), implying severe consequences, which conveys anger and negativity.",deepseek_v4pro_ai_labeling,,,,,,,,,,,,,,,,,,,,,,
https://www.youtube.com/watch?v=O8MQV40pOtk,fear_public_safety,27,Needs to be more graphic,neutral,neutral,,,,,,,,,,,,The comment is a straightforward opinion without strong emotional language.,deepseek_v4pro_ai_labeling,,,,,,,,,,,,,,,,,,,,,,
https://www.youtube.com/watch?v=O8MQV40pOtk,fear_public_safety,28,We need more people to stay off there phones why is this not a million views smh 🤦,disgust,negative,,,,,,,,,,,,"Expresses frustration and disapproval about people being on phones and the video not having enough views, with a facepalm emoji indicating exasperation.",deepseek_v4pro_ai_labeling,,,,,,,,,,,,,,,,,,,,,,
https://www.youtube.com/watch?v=O8MQV40pOtk,fear_public_safety,29,Doctor Strange and Cyborg has been real quiet since this dropped.,joy,positive,,,,,,,,,,,,"The comment uses humor by implying that Doctor Strange and Cyborg are silent because they are outdone, which is a playful and positive jab.",deepseek_v4pro_ai_labeling,,,,,,,,,,,,,,,,,,,,,,
https://www.youtube.com/watch?v=O8MQV40pOtk,fear_public_safety,30,I text and drive because I pay attention to my mirrors and blinds spots and everything going on around me. Some people can't though. Certain jobs require you to do it or be on a CPU. So those people are smarter than you? To each their own I guess.,neutral,neutral,,,,,,,,,,,,"The comment presents a reasoned argument about texting and driving without strong emotional language, maintaining a neutral tone.",deepseek_v4pro_ai_labeling,,,,,,,,,,,,,,,,,,,,,,
https://www.youtube.com/watch?v=O8MQV40pOtk,fear_public_safety,31,Are they being stupid cuz she text and drive and the truck run them over that my favorite part,joy,positive,,,,,,,,,,,,"The commenter expresses enjoyment of a scene where someone is hit by a truck, indicating amusement or pleasure, which aligns with joy.",deepseek_v4pro_ai_labeling,,,,,,,,,,,,,,,,,,,,,,
https://www.youtube.com/watch?v=O8MQV40pOtk,fear_public_safety,32,"Hahahahahahahahah 💖 💙 💜 💚 💛 it must be fate... we need more of these on the road, make an hilarious video. It's already 2018 and more people are distracted than ever. This must be the goal that everyone has right?",joy,positive,,,,,,,,,,,,"The comment starts with laughter and heart emojis, expresses enjoyment ('hilarious video'), and has an upbeat tone despite mentioning distraction, indicating dominant joy.",deepseek_v4pro_ai_labeling,,,,,,,,,,,,,,,,,,,,,,
https://www.youtube.com/watch?v=O8MQV40pOtk,fear_public_safety,33,NGL this ad funny as hell when you see the long version,joy,positive,,,,,,,,,,,,"The comment expresses amusement and enjoyment about the ad, indicating joy.",deepseek_v4pro_ai_labeling,,,,,,,,,,,,,,,,,,,,,,
https://www.youtube.com/watch?v=O8MQV40pOtk,fear_public_safety,34,Does anyone know if these commercials are acting?,neutral,neutral,,,,,,,,,,,,The comment is a straightforward question without emotional tone.,deepseek_v4pro_ai_labeling,,,,,,,,,,,,,,,,,,,,,,
https://www.youtube.com/watch?v=O8MQV40pOtk,fear_public_safety,35,"I remember this psa and was thinking ""wow the girl driving is pretty"" then BAM! 😂",joy,positive,,,,,,,,,,,,"The comment expresses amusement and nostalgia, with laughter indicated by '😂' and a humorous twist.",deepseek_v4pro_ai_labeling,,,,,,,,,,,,,,,,,,,,,,
https://www.youtube.com/watch?v=O8MQV40pOtk,fear_public_safety,36,"Texting while driving is just as bad as driving while intoxicated, plus they should've worn their seatbelts.😢",sadness,negative,,,,,,,,,,,,"The comment expresses concern about dangerous driving behaviors and ends with a crying emoji, indicating sadness and a negative sentiment.",deepseek_v4pro_ai_labeling,,,,,,,,,,,,,,,,,,,,,,
https://www.youtube.com/watch?v=O8MQV40pOtk,fear_public_safety,37,SERIOUSLY IS THIS REALLY WORTH A LIFE BEING SNUFFED OUT?! Nobody; nobody needs to be in their cellphones that much! Even the creators of the cellphones have stated they won’t even let their children use the cellphones because of the addictive nature of it. When you’re in a moving vehicle you’re driving a “killing machine!” Keep your eyes on the road period!,anger,negative,,,,,,,,,,,,"The comment uses all caps, exclamation marks, and strong language ('killing machine', 'snuffed out') expressing outrage about cellphone use while driving.",deepseek_v4pro_ai_labeling,,,,,,,,,,,,,,,,,,,,,,
https://www.youtube.com/watch?v=O8MQV40pOtk,fear_public_safety,38,Whoa! This video/car accident was literally brutal! I 💯% agree with the cops statement.,surprise,negative,,,,,,,,,,,,"The comment expresses shock and agreement with a negative event (car accident, cops statement), indicating surprise and negative sentiment.",deepseek_v4pro_ai_labeling,,,,,,,,,,,,,,,,,,,,,,
https://www.youtube.com/watch?v=O8MQV40pOtk,fear_public_safety,39,is the driver acorn hair or smth,neutral,neutral,,,,,,,,,,,,"The comment is a straightforward question about the driver's appearance, with no strong emotional or positive/negative tone.",deepseek_v4pro_ai_labeling,,,,,,,,,,,,,,,,,,,,,,
https://www.youtube.com/watch?v=O8MQV40pOtk,fear_public_safety,40,I know that ad from the newgrounds...,neutral,neutral,,,,,,,,,,,,"The comment is a factual statement about recognizing an ad, with no emotional or sentiment cues.",deepseek_v4pro_ai_labeling,,,,,,,,,,,,,,,,,,,,,,
https://www.youtube.com/watch?v=O8MQV40pOtk,fear_public_safety,41,"Box office of this movie had to of been $950,000,000,000,000",surprise,neutral,,,,,,,,,,,,"The comment expresses disbelief or surprise at an exaggerated box office figure, but the tone is neutral without clear positive or negative valence.",deepseek_v4pro_ai_labeling,,,,,,,,,,,,,,,,,,,,,,
https://www.youtube.com/watch?v=O8MQV40pOtk,fear_public_safety,42,"Texting while driving, you'll be lucky if it's a cop that brings you to a stop.",anger,negative,,,,,,,,,,,,"The comment criticizes texting while driving, implying severe consequences, which conveys anger and a negative sentiment.",deepseek_v4pro_ai_labeling,,,,,,,,,,,,,,,,,,,,,,
https://www.youtube.com/watch?v=O8MQV40pOtk,fear_public_safety,43,"With all the electronics available, a phone transmitting at the drivers position should enable an instant engine stop facility",neutral,neutral,,,,,,,,,,,,"The comment is a factual suggestion about a technical feature, with no emotional language.",deepseek_v4pro_ai_labeling,,,,,,,,,,,,,,,,,,,,,,
https://www.youtube.com/watch?v=O8MQV40pOtk,fear_public_safety,44,0:12 I’d hate to go through THAT!,fear,negative,,,,,,,,,,,,"The comment expresses a strong aversion or fear towards the event at 0:12, indicating a negative sentiment.",deepseek_v4pro_ai_labeling,,,,,,,,,,,,,,,,,,,,,,
https://www.youtube.com/watch?v=O8MQV40pOtk,fear_public_safety,45,Whats worst driving without license but being attentive on road vs driving without license but while texting and driving and not being attentive on the road,neutral,neutral,,,,,,,,,,,,The comment poses a comparative question without expressing strong emotion or opinion.,deepseek_v4pro_ai_labeling,,,,,,,,,,,,,,,,,,,,,,
https://www.youtube.com/watch?v=O8MQV40pOtk,fear_public_safety,46,0:13 truck: out of my way Car: ouch,joy,positive,,,,,,,,,,,,"The comment describes a humorous accident scenario, likely intended to be funny.",deepseek_v4pro_ai_labeling,,,,,,,,,,,,,,,,,,,,,,
https://www.youtube.com/watch?v=O8MQV40pOtk,fear_public_safety,47,These are way funnier than they should be,joy,positive,,,,,,,,,,,,"The comment expresses amusement and enjoyment, indicating a positive sentiment and joy emotion.",deepseek_v4pro_ai_labeling,,,,,,,,,,,,,,,,,,,,,,
https://www.youtube.com/watch?v=O8MQV40pOtk,fear_public_safety,48,And the sad fact: those who drive unsafely SOMETIMES dont get as much injury as the one being safe. Talk about unfair,sadness,negative,,,,,,,,,,,,Expresses sadness and frustration about the unfairness of unsafe drivers sometimes escaping injury while safe drivers suffer.,deepseek_v4pro_ai_labeling,,,,,,,,,,,,,,,,,,,,,,
https://www.youtube.com/watch?v=O8MQV40pOtk,fear_public_safety,49,Ooh what WHA WHA!!! 0:12,surprise,positive,,,,,,,,,,,,"The comment uses excited language like 'Ooh' and 'WHA WHA!!!' indicating surprise, and the exclamation marks suggest positive excitement.",deepseek_v4pro_ai_labeling,,,,,,,,,,,,,,,,,,,,,,
https://www.youtube.com/watch?v=O8MQV40pOtk,fear_public_safety,50,"I can't believe she died, youd think the temporary slow motion would have softened the hit",sadness,negative,,,,,,,,,,,,"The comment expresses disbelief and sadness about a death, with a hint of dark humor but overall negative sentiment.",deepseek_v4pro_ai_labeling,,,,,,,,,,,,,,,,,,,,,,
https://www.youtube.com/watch?v=B2rFTbvwteo,sadness_psa,1,"I like how none of them is really shown as a bad person, it's just saying that mistakes can be made and accidents happen. Always pay attention to side streets you're approaching and slow down if there's a car there looking like it's going to turn out of it (or if there's a car there at all).",neutral,positive,,,,,,,,,,,,"The comment is informative and constructive, offering advice without strong emotional language, but the overall tone is positive and helpful.",deepseek_v4pro_ai_labeling,,,,,,,,,,,,,,,,,,,,,,
https://www.youtube.com/watch?v=B2rFTbvwteo,sadness_psa,2,The actors on this commercial are worth their weight in gold...,joy,positive,,,,,,,,,,,,"The comment praises the actors highly, expressing admiration and appreciation.",deepseek_v4pro_ai_labeling,,,,,,,,,,,,,,,,,,,,,,
https://www.youtube.com/watch?v=B2rFTbvwteo,sadness_psa,3,I can Imagine hell being like this... seeing events like this from the outside.. being not able to stop the consequences.,sadness,negative,,,,,,,,,,,,The comment expresses a sense of helplessness and sorrow about witnessing tragic events without being able to intervene.,deepseek_v4pro_ai_labeling,,,,,,,,,,,,,,,,,,,,,,
https://www.youtube.com/watch?v=B2rFTbvwteo,sadness_psa,4,So much better than the British ones. they are so unrealistic but this one sends chills up your spine,joy,positive,,,,,,,,,,,,"The comment expresses a strong positive comparison, praising the video as superior and emotionally impactful.",deepseek_v4pro_ai_labeling,,,,,,,,,,,,,,,,,,,,,,
https://www.youtube.com/watch?v=B2rFTbvwteo,sadness_psa,5,"By far the best anti-anything ad I've ever seen, so good that I remember it and watch it every now and again. It's just so real, so sad, and the ending is horrifically realistic.",sadness,negative,,,,,,,,,,,,"The comment describes the ad as sad and horrifically realistic, expressing a negative emotional response.",deepseek_v4pro_ai_labeling,,,,,,,,,,,,,,,,,,,,,,
https://www.youtube.com/watch?v=B2rFTbvwteo,sadness_psa,6,the look on the dad's face at 0:47 is just heartbreaking... he knows there's nothing he could do,sadness,negative,,,,,,,,,,,,"The comment describes a heartbreaking moment, expressing sadness and helplessness.",deepseek_v4pro_ai_labeling,,,,,,,,,,,,,,,,,,,,,,
https://www.youtube.com/watch?v=B2rFTbvwteo,sadness_psa,7,"Wow! This should be shown in the US, too.",surprise,positive,,,,,,,,,,,,"The comment expresses surprise and approval, suggesting the content is valuable and should be shared more widely.",deepseek_v4pro_ai_labeling,,,,,,,,,,,,,,,,,,,,,,
https://www.youtube.com/watch?v=B2rFTbvwteo,sadness_psa,8,The regret on that fathers face :(,sadness,negative,,,,,,,,,,,,The comment expresses sadness through the description of regret and the sad face emoji.,deepseek_v4pro_ai_labeling,,,,,,,,,,,,,,,,,,,,,,
https://www.youtube.com/watch?v=B2rFTbvwteo,sadness_psa,9,"I was sitting waiting for a light to change with a cop behind me. The light turned green and I looked both ways. I saw a truck coming, black smoke pouring out if the pipes, clearly at full throttle, not going to stop. The cop decided I wasn't paying attention and gave me a little ""toot-toot"" but it was timed perfectly with the truck passing through the intersection. Always assume the other driver is an absolute idiot, that way, you're ready when they do something stupid.",neutral,neutral,,,,,,,,,,,,"The comment is a narrative about a driving experience, delivered in a factual and reflective tone without strong emotional language.",deepseek_v4pro_ai_labeling,,,,,,,,,,,,,,,,,,,,,,
https://www.youtube.com/watch?v=B2rFTbvwteo,sadness_psa,10,"I watched this ad years ago, got me so good I always remember this when I'm feeling a little wild with my vehicle on the street. Still recommending this ad to anyone, anytime I can.",joy,positive,,,,,,,,,,,,"The comment expresses fondness and positive recommendation, indicating joy.",deepseek_v4pro_ai_labeling,,,,,,,,,,,,,,,,,,,,,,
https://www.youtube.com/watch?v=B2rFTbvwteo,sadness_psa,11,This is such a strong video,joy,positive,,,,,,,,,,,,The comment expresses strong approval and admiration for the video.,deepseek_v4pro_ai_labeling,,,,,,,,,,,,,,,,,,,,,,
https://www.youtube.com/watch?v=B2rFTbvwteo,sadness_psa,12,This is the most disturbing and most terrifying advertisement I had ever seen in my life. That is why it is very important to drive safely plus slowly in order to prevent car accidents which could lead to injuries and death.,fear,negative,,,,,,,,,,,,"The comment describes the advertisement as 'disturbing' and 'terrifying', and emphasizes the importance of safe driving to prevent death, indicating fear.",deepseek_v4pro_ai_labeling,,,,,,,,,,,,,,,,,,,,,,
https://www.youtube.com/watch?v=B2rFTbvwteo,sadness_psa,13,"The light had just turned green, so the car in front of me had just started moving. I happened to look up at the rear view to see a car barreling towards me, as the light was green, so he obviously thought he could keep up his speed. I had enough time to realize he wouldn't manage to brake in time before the impact, sort of having a real life version of this for a split second. My car was totaled, but since he didn't have enough time to react, he didn't have time to swerve, lessening the potential injuries. Some time after the accident, I saw him again (recognized his vanity plate) driving with a 4 car gap at speed limit. He had certainly learned.",neutral,neutral,,,,,,,,,,,,"The comment recounts a past accident factually, with no strong emotional language or positive/negative evaluation.",deepseek_v4pro_ai_labeling,,,,,,,,,,,,,,,,,,,,,,
https://www.youtube.com/watch?v=B2rFTbvwteo,sadness_psa,14,thats some big movie quality over here,joy,positive,,,,,,,,,,,,"The comment praises the video's quality, comparing it to a movie, which conveys admiration and positive sentiment.",deepseek_v4pro_ai_labeling,,,,,,,,,,,,,,,,,,,,,,
https://www.youtube.com/watch?v=B2rFTbvwteo,sadness_psa,15,New Zealand road safety ads are something else,surprise,neutral,,,,,,,,,,,,"The comment expresses mild surprise or amazement at the uniqueness of New Zealand road safety ads, without a clear positive or negative tone.",deepseek_v4pro_ai_labeling,,,,,,,,,,,,,,,,,,,,,,
https://www.youtube.com/watch?v=B2rFTbvwteo,sadness_psa,16,"A brilliant and effective advertisement....crazy thing is that the police, doctors and paramedics see the results of such accidents regularly.....god bless these people and the work they do ...",joy,positive,,,,,,,,,,,,"The comment expresses admiration and gratitude for the work of police, doctors, and paramedics, with a positive tone and a blessing.",deepseek_v4pro_ai_labeling,,,,,,,,,,,,,,,,,,,,,,
https://www.youtube.com/watch?v=B2rFTbvwteo,sadness_psa,17,"Our NZ government makes amazing road safety ads, if this one impressed you than you should search for the others - including the ""Bloody Legend"" ones",joy,positive,,,,,,,,,,,,"The comment expresses admiration and enthusiasm for the road safety ads, suggesting a positive emotional response.",deepseek_v4pro_ai_labeling,,,,,,,,,,,,,,,,,,,,,,
https://www.youtube.com/watch?v=B2rFTbvwteo,sadness_psa,18,Most powerful PSA ever made.,joy,positive,,,,,,,,,,,,The comment expresses admiration and strong positive approval for the PSA.,deepseek_v4pro_ai_labeling,,,,,,,,,,,,,,,,,,,,,,
https://www.youtube.com/watch?v=B2rFTbvwteo,sadness_psa,19,IM CRYING THE CUT OFF IN THE ORIGINAL AD,joy,positive,,,,,,,,,,,,"The comment expresses laughter and amusement, indicated by 'IM CRYING' used humorously and excitement about the ad cut-off.",deepseek_v4pro_ai_labeling,,,,,,,,,,,,,,,,,,,,,,
https://www.youtube.com/watch?v=B2rFTbvwteo,sadness_psa,20,This is relatable - how many times in life can a split second decision lead you down a track where you'd give anything to hit pause and reverse the situation but you can't.,sadness,negative,,,,,,,,,,,,"The comment expresses regret and longing to reverse a past decision, conveying sadness and a negative sentiment.",deepseek_v4pro_ai_labeling,,,,,,,,,,,,,,,,,,,,,,
https://www.youtube.com/watch?v=B2rFTbvwteo,sadness_psa,21,if this guy decided to not go in the car he could start final destination,surprise,neutral,,,,,,,,,,,,"The comment references a 'Final Destination' scenario, implying a surprising or ironic twist of fate, but the tone is neutral and observational.",deepseek_v4pro_ai_labeling,,,,,,,,,,,,,,,,,,,,,,
https://www.youtube.com/watch?v=B2rFTbvwteo,sadness_psa,22,"I was watching ASMR trying to go to sleep. Then this came on, bro how can I sleep now? ;(",sadness,negative,,,,,,,,,,,,"The comment expresses disappointment and frustration about being unable to sleep due to the video, with a sad emoticon ;( indicating sadness.",deepseek_v4pro_ai_labeling,,,,,,,,,,,,,,,,,,,,,,
https://www.youtube.com/watch?v=B2rFTbvwteo,sadness_psa,23,People aren’t getting the ad. The point is that OTHER people can make mistakes (dad pulled out too early) but you can react to those mistakes better if you slowed down and weren’t speeding (the business man).,neutral,neutral,,,,,,,,,,,,"The comment is explanatory and analytical, discussing the point of an ad without expressing personal emotion.",deepseek_v4pro_ai_labeling,,,,,,,,,,,,,,,,,,,,,,
https://www.youtube.com/watch?v=B2rFTbvwteo,sadness_psa,24,“Got me boy in the beck”,joy,positive,,,,,,,,,,,,"The comment appears to be a playful or affectionate phrase, likely expressing happiness or amusement.",deepseek_v4pro_ai_labeling,,,,,,,,,,,,,,,,,,,,,,
https://www.youtube.com/watch?v=B2rFTbvwteo,sadness_psa,25,This is possibly the best road safety advert I've ever seen. First time I saw it I started to cry. And I'm from Northern Ireland where their road safety adverts are on after 9pm,sadness,positive,,,,,,,,,,,,The comment expresses sadness (crying) but overall positive sentiment towards the advert's effectiveness.,deepseek_v4pro_ai_labeling,,,,,,,,,,,,,,,,,,,,,,
https://www.youtube.com/watch?v=B2rFTbvwteo,sadness_psa,26,"new zealand ads hit different...the tones, the voice. the everything.. you could almost take it for being real. like the guy telling his dead mate to stop looking at him..that add hits hard too",joy,positive,,,,,,,,,,,,"The comment expresses admiration and appreciation for New Zealand ads, describing them as impactful and realistic, which conveys a positive sentiment and joy.",deepseek_v4pro_ai_labeling,,,,,,,,,,,,,,,,,,,,,,
https://www.youtube.com/watch?v=B2rFTbvwteo,sadness_psa,27,its is so haunting chilling and sad i felt like im in it,sadness,negative,,,,,,,,,,,,"The comment explicitly uses words like 'haunting', 'chilling', and 'sad', indicating a negative emotional response.",deepseek_v4pro_ai_labeling,,,,,,,,,,,,,,,,,,,,,,
https://www.youtube.com/watch?v=B2rFTbvwteo,sadness_psa,28,We Need commercials like this to return. Young drivers have forgotten how dangerous driving can be.,sadness,negative,,,,,,,,,,,,Expresses concern about young drivers' safety and nostalgia for impactful commercials.,deepseek_v4pro_ai_labeling,,,,,,,,,,,,,,,,,,,,,,
https://www.youtube.com/watch?v=B2rFTbvwteo,sadness_psa,29,"I'm eighteen, but I saw this all of the time on TV growing up to the point where I remembered it vividly. It unnerved the crap out of me, and now that I can legally drive myself, its terrifying to see first hand that people pulling out In front of other drivers, even if their pulling out infront of a bus or a truck, is incredibly common.",fear,negative,,,,,,,,,,,,"The comment describes a vivid memory of being unnerved and now finding the behavior terrifying, indicating fear and a negative sentiment.",deepseek_v4pro_ai_labeling,,,,,,,,,,,,,,,,,,,,,,
https://www.youtube.com/watch?v=B2rFTbvwteo,sadness_psa,30,"Fun fact: This ad was filmed on a road that led to my childhood home. It was the road where the first car pulled out. That road, if you followed it, would lead to where i lived until i was 13 and had to leave.",sadness,negative,,,,,,,,,,,,"The comment reflects a nostalgic and melancholic tone about leaving a childhood home, indicating sadness.",deepseek_v4pro_ai_labeling,,,,,,,,,,,,,,,,,,,,,,
https://www.youtube.com/watch?v=B2rFTbvwteo,sadness_psa,31,my drama teacher is the new Zealand actor and its so cool seeing him every day at school,joy,positive,,,,,,,,,,,,The comment expresses excitement and happiness about seeing a drama teacher who is a New Zealand actor every day.,deepseek_v4pro_ai_labeling,,,,,,,,,,,,,,,,,,,,,,
https://www.youtube.com/watch?v=B2rFTbvwteo,sadness_psa,32,the memory of this video makes me slow down sometimes. good job psa making people,joy,positive,,,,,,,,,,,,"The comment expresses appreciation and a positive memory associated with the video, indicating joy.",deepseek_v4pro_ai_labeling,,,,,,,,,,,,,,,,,,,,,,
https://www.youtube.com/watch?v=B2rFTbvwteo,sadness_psa,33,"This is the best anti anything ad I’ve seen, brilliantly done",joy,positive,,,,,,,,,,,,"The comment expresses strong approval and admiration for the ad, indicating joy.",deepseek_v4pro_ai_labeling,,,,,,,,,,,,,,,,,,,,,,
https://www.youtube.com/watch?v=B2rFTbvwteo,sadness_psa,34,"i remember the ""please... i've got my boy in the back"" line getting me so badly when i was a kid 😭😭😭 this ad made me cry lmao",sadness,negative,,,,,,,,,,,,"The comment expresses nostalgia and sadness about an ad that made them cry, with crying emojis reinforcing the sadness.",deepseek_v4pro_ai_labeling,,,,,,,,,,,,,,,,,,,,,,
https://www.youtube.com/watch?v=B2rFTbvwteo,sadness_psa,35,":(((( learning to drive this year, i'll be careful",sadness,negative,,,,,,,,,,,,"The comment starts with a sad emoji and expresses concern about learning to drive, indicating sadness or worry.",deepseek_v4pro_ai_labeling,,,,,,,,,,,,,,,,,,,,,,
https://www.youtube.com/watch?v=B2rFTbvwteo,sadness_psa,36,Drive safe 😭😭😭. I cried watching this ad about road safety 😭😭😭😭. Please Guy's drive safe remember that there's someone waiting for you at home if you don't have anyone remember there's someone waiting for you in future please drive safe😭😭😭😭,sadness,negative,,,,,,,,,,,,"The comment expresses crying and concern for safety, indicating sadness and a negative sentiment.",deepseek_v4pro_ai_labeling,,,,,,,,,,,,,,,,,,,,,,
https://www.youtube.com/watch?v=B2rFTbvwteo,sadness_psa,37,I remember seeing this on on tv all the time and it brings back memories,joy,positive,,,,,,,,,,,,The comment expresses nostalgia and happiness from recalling past memories.,deepseek_v4pro_ai_labeling,,,,,,,,,,,,,,,,,,,,,,
https://www.youtube.com/watch?v=B2rFTbvwteo,sadness_psa,38,Holy shit! 🥺 This hit me harder than expected. As a dad of 2 amazing boys........ I immediately lost it when he turned around and looked at his son in the backseat just before the crash. Also doesn’t help that a little over a year ago my brother borrowed my car to take his son out. On their way home they got rear ended by a drunk driver. Police were amazed no one was seriously hurt. Especially because they said she hit them going near 70 miles an hour. The trunk of my car was in the backseat. Thankfully my brother had recently decided his son was old enough and tall enough to sit in the front seat. If he had waited even a little longer......... 😖 I don’t want to think about that. Thankfully they’re ok.,sadness,negative,,,,,,,,,,,,"The comment describes a deeply emotional and traumatic experience involving a near-fatal car crash with a child, evoking sadness and distress.",deepseek_v4pro_ai_labeling,,,,,,,,,,,,,,,,,,,,,,
https://www.youtube.com/watch?v=B2rFTbvwteo,sadness_psa,39,This is an incredible PSA,joy,positive,,,,,,,,,,,,The comment expresses admiration and positivity towards the PSA.,deepseek_v4pro_ai_labeling,,,,,,,,,,,,,,,,,,,,,,
https://www.youtube.com/watch?v=B2rFTbvwteo,sadness_psa,40,Why is this ad/campain not shown all over the world?,surprise,neutral,,,,,,,,,,,,"The comment expresses surprise or confusion about the limited reach of an ad/campaign, without clear positive or negative tone.",deepseek_v4pro_ai_labeling,,,,,,,,,,,,,,,,,,,,,,
https://www.youtube.com/watch?v=B2rFTbvwteo,sadness_psa,41,"Okay, Jesus Christ, this is amazing. It's so simple and so perfect at getting the message across.",joy,positive,,,,,,,,,,,,"Expresses amazement and admiration for the content, using positive language like 'amazing' and 'perfect'.",deepseek_v4pro_ai_labeling,,,,,,,,,,,,,,,,,,,,,,
https://www.youtube.com/watch?v=B2rFTbvwteo,sadness_psa,42,Amazing ad. Gave me chills,joy,positive,,,,,,,,,,,,"The comment expresses excitement and admiration, indicating joy.",deepseek_v4pro_ai_labeling,,,,,,,,,,,,,,,,,,,,,,
https://www.youtube.com/watch?v=B2rFTbvwteo,sadness_psa,43,That’s a bloody good ad,joy,positive,,,,,,,,,,,,"The comment uses 'bloody good' as a positive intensifier, expressing approval and enjoyment of the ad.",deepseek_v4pro_ai_labeling,,,,,,,,,,,,,,,,,,,,,,
https://www.youtube.com/watch?v=B2rFTbvwteo,sadness_psa,44,I always remember watching that ad and I saw this ad on TV,neutral,neutral,,,,,,,,,,,,"The comment is a factual statement about remembering an ad, with no emotional or evaluative language.",deepseek_v4pro_ai_labeling,,,,,,,,,,,,,,,,,,,,,,
https://www.youtube.com/watch?v=B2rFTbvwteo,sadness_psa,45,"I saw this for the first time years ago, possibly on something like Clive James on TV, and it’s stayed with me ever since. Just rewatched it for the first time, and it’s just as powerful as I remembered.",joy,positive,,,,,,,,,,,,"The comment expresses fondness and appreciation for the content, describing it as powerful and memorable.",deepseek_v4pro_ai_labeling,,,,,,,,,,,,,,,,,,,,,,
https://www.youtube.com/watch?v=B2rFTbvwteo,sadness_psa,46,0:48 That's some Elite Dangerous level sound effects. Really helps with the immersion.,joy,positive,,,,,,,,,,,,"The comment expresses appreciation for the sound effects, indicating enjoyment and positive engagement.",deepseek_v4pro_ai_labeling,,,,,,,,,,,,,,,,,,,,,,
https://www.youtube.com/watch?v=B2rFTbvwteo,sadness_psa,47,You know there was a 2nd ad of this where they dont crash. They would put it in every so often to show you that more responsible driving could avoid fatal crashes.,neutral,neutral,,,,,,,,,,,,"The comment provides factual information about a second ad version, with no emotional language or positive/negative tone.",deepseek_v4pro_ai_labeling,,,,,,,,,,,,,,,,,,,,,,
https://www.youtube.com/watch?v=B2rFTbvwteo,sadness_psa,48,"No other road safety ad going to top this. Short and simple, too real",surprise,positive,,,,,,,,,,,,"The comment expresses admiration and surprise at the ad's effectiveness, with a positive tone.",deepseek_v4pro_ai_labeling,,,,,,,,,,,,,,,,,,,,,,
https://www.youtube.com/watch?v=B2rFTbvwteo,sadness_psa,49,Still traumatized from seeing this ad as a kid,fear,negative,,,,,,,,,,,,"The comment explicitly mentions being traumatized, indicating fear and a negative experience.",deepseek_v4pro_ai_labeling,,,,,,,,,,,,,,,,,,,,,,
https://www.youtube.com/watch?v=B2rFTbvwteo,sadness_psa,50,This is an ad I remember. I don’t remember many ads but I do remember this one.,neutral,neutral,,,,,,,,,,,,The comment states a factual observation about remembering an ad without expressing any strong emotion or positive/negative sentiment.,deepseek_v4pro_ai_labeling,,,,,,,,,,,,,,,,,,,,,,
https://www.youtube.com/watch?v=8H6jz30Im_Y,surprise_product_fail,1,"""911 what is your emergency?"" ""BOOM!""",surprise,negative,,,,,,,,,,,,"The comment references a 911 call followed by an explosion, implying a sudden, shocking, and negative event.",deepseek_v4pro_ai_labeling,,,,,,,,,,,,,,,,,,,,,,
https://www.youtube.com/watch?v=8H6jz30Im_Y,surprise_product_fail,2,The countdown of death 💀,fear,negative,,,,,,,,,,,,The phrase 'countdown of death' and the skull emoji evoke fear and a negative sentiment.,deepseek_v4pro_ai_labeling,,,,,,,,,,,,,,,,,,,,,,
https://www.youtube.com/watch?v=8H6jz30Im_Y,surprise_product_fail,3,The vibration adds a scary bass effect to the ringtone...,surprise,neutral,,,,,,,,,,,,"The comment describes a feature that adds a scary effect, indicating surprise or mild awe, but the tone is factual and not strongly positive or negative.",deepseek_v4pro_ai_labeling,,,,,,,,,,,,,,,,,,,,,,
https://www.youtube.com/watch?v=8H6jz30Im_Y,surprise_product_fail,4,Teacher: who is calling you?😡 You: my overheating note 7☠️,anger,negative,,,,,,,,,,,,The comment uses an angry emoji and describes a frustrating situation with a malfunctioning phone.,deepseek_v4pro_ai_labeling,,,,,,,,,,,,,,,,,,,,,,
https://www.youtube.com/watch?v=8H6jz30Im_Y,surprise_product_fail,5,"911: “911, what’s your emergency?” The caller: [EXPLOSION]",surprise,negative,,,,,,,,,,,,"The comment describes an emergency call with an explosion, indicating a shocking and negative event.",deepseek_v4pro_ai_labeling,,,,,,,,,,,,,,,,,,,,,,
https://www.youtube.com/watch?v=8H6jz30Im_Y,surprise_product_fail,6,"Fun fact: This isnt a real warning message. However, note 7s were known to explode spontaneously. They exploded so often that they were banned from planes",neutral,neutral,,,,,,,,,,,,"The comment presents a factual statement about a historical issue with Note 7 phones, with no emotional language or positive/negative tone.",deepseek_v4pro_ai_labeling,,,,,,,,,,,,,,,,,,,,,,
https://www.youtube.com/watch?v=8H6jz30Im_Y,surprise_product_fail,7,The vibrations the phone makes gives me chills.,joy,positive,,,,,,,,,,,,"The comment expresses a positive physical reaction ('chills') to the phone's vibrations, indicating enjoyment or excitement.",deepseek_v4pro_ai_labeling,,,,,,,,,,,,,,,,,,,,,,
https://www.youtube.com/watch?v=8H6jz30Im_Y,surprise_product_fail,8,a Fuck BOOOM 💥✋💀 Famous last words,anger,negative,,,,,,,,,,,,"The comment uses aggressive language ('Fuck', 'BOOOM') and skull emoji, indicating anger and a negative tone.",deepseek_v4pro_ai_labeling,,,,,,,,,,,,,,,,,,,,,,
https://www.youtube.com/watch?v=8H6jz30Im_Y,surprise_product_fail,9,"""911 what is your emergency?"" ""Oh No Samsung Is Overheating""",fear,negative,,,,,,,,,,,,"The comment uses a 911 emergency call scenario to express fear and concern about Samsung overheating, implying a dangerous situation.",deepseek_v4pro_ai_labeling,,,,,,,,,,,,,,,,,,,,,,
https://www.youtube.com/watch?v=8H6jz30Im_Y,surprise_product_fail,10,"""911 what's your emergency"" -Famous last words from phone",joy,positive,,,,,,,,,,,,"The comment is a humorous take on a common phrase, likely intended to be funny.",deepseek_v4pro_ai_labeling,,,,,,,,,,,,,,,,,,,,,,
https://www.youtube.com/watch?v=8H6jz30Im_Y,surprise_product_fail,11,“What the fu- booom” Famous last words,surprise,neutral,,,,,,,,,,,,"The comment quotes a moment of sudden explosion, implying surprise, but the tone is neutral and observational.",deepseek_v4pro_ai_labeling,,,,,,,,,,,,,,,,,,,,,,
https://www.youtube.com/watch?v=8H6jz30Im_Y,surprise_product_fail,12,Low-key could be a horror game soundtrack and it would still fit in,surprise,positive,,,,,,,,,,,,The comment expresses a surprising yet positive observation about the soundtrack's versatility.,deepseek_v4pro_ai_labeling,,,,,,,,,,,,,,,,,,,,,,
https://www.youtube.com/watch?v=8H6jz30Im_Y,surprise_product_fail,13,THE MUSIC IS SO DAMN UNSETTLING WTH 😭,fear,negative,,,,,,,,,,,,"The comment expresses strong discomfort and unease about the music, with a crying emoji indicating distress.",deepseek_v4pro_ai_labeling,,,,,,,,,,,,,,,,,,,,,,
https://www.youtube.com/watch?v=8H6jz30Im_Y,surprise_product_fail,14,"Not only is the vibration noise really creepy, but for some reason I can just imagine waking up to this alarm and being absolutely fucking terrified 😭😭",fear,negative,,,,,,,,,,,,"The comment describes the alarm as 'creepy' and 'terrifying', expressing fear, with crying emojis reinforcing distress.",deepseek_v4pro_ai_labeling,,,,,,,,,,,,,,,,,,,,,,
https://www.youtube.com/watch?v=8H6jz30Im_Y,surprise_product_fail,15,"""Mum I love my new phon..."" ""BOOM""",surprise,negative,,,,,,,,,,,,"The comment describes a sudden explosion ('BOOM') interrupting a positive statement, implying a negative event like a phone exploding, which evokes surprise and negative sentiment.",deepseek_v4pro_ai_labeling,,,,,,,,,,,,,,,,,,,,,,
https://www.youtube.com/watch?v=8H6jz30Im_Y,surprise_product_fail,16,"I remember 11 years ago those devices were just being sold and within days or weeks, they end up exploding. There seemed to be some faulty setting those phones had.",anger,negative,,,,,,,,,,,,"The comment recalls a dangerous product defect (exploding devices), expressing frustration and criticism.",deepseek_v4pro_ai_labeling,,,,,,,,,,,,,,,,,,,,,,
https://www.youtube.com/watch?v=8H6jz30Im_Y,surprise_product_fail,17,The jingles : 🎵🎵🎵 The Vibrations : ... 💀,joy,positive,,,,,,,,,,,,"The comment uses musical notes to express enjoyment of the jingles, and the skull emoji humorously contrasts the vibrations, indicating a playful, positive tone.",deepseek_v4pro_ai_labeling,,,,,,,,,,,,,,,,,,,,,,
https://www.youtube.com/watch?v=8H6jz30Im_Y,surprise_product_fail,18,“Mommy device may explode is calling you!”💀💀,joy,positive,,,,,,,,,,,,"The comment uses humor and skull emojis to indicate laughter, suggesting amusement and joy.",deepseek_v4pro_ai_labeling,,,,,,,,,,,,,,,,,,,,,,
https://www.youtube.com/watch?v=8H6jz30Im_Y,surprise_product_fail,19,“SHUT IT DOWN SO IT DOESNT EXPLODE!” “Nah bro its way too hot to touch it…” Edit: BRO THANK YOU FOR ALL THE LIKES,joy,positive,,,,,,,,,,,,"The comment uses humor and excitement in quoting a tense situation, ending with gratitude for likes, indicating joy.",deepseek_v4pro_ai_labeling,,,,,,,,,,,,,,,,,,,,,,
https://www.youtube.com/watch?v=8H6jz30Im_Y,surprise_product_fail,20,“Hey let’s record my phone exploding instead of actually doing what it says!”,surprise,negative,,,,,,,,,,,,"The comment expresses surprise at the absurdity of recording a phone exploding instead of following instructions, with a negative tone due to the implied criticism.",deepseek_v4pro_ai_labeling,,,,,,,,,,,,,,,,,,,,,,
https://www.youtube.com/watch?v=8H6jz30Im_Y,surprise_product_fail,21,"""your phone is about to explode, do you want to call 911 so it can detonate while you're holding it by your head?""",fear,negative,,,,,,,,,,,,"The comment describes a dangerous scenario involving a phone explosion, evoking fear and concern.",deepseek_v4pro_ai_labeling,,,,,,,,,,,,,,,,,,,,,,
https://www.youtube.com/watch?v=8H6jz30Im_Y,surprise_product_fail,22,This actually scared the living shit outta ne,fear,negative,,,,,,,,,,,,"The comment explicitly states being scared, indicating fear.",deepseek_v4pro_ai_labeling,,,,,,,,,,,,,,,,,,,,,,
https://www.youtube.com/watch?v=8H6jz30Im_Y,surprise_product_fail,23,“911 what’s your emergency?” “Note 7.”,fear,negative,,,,,,,,,,,,"The comment references the Samsung Galaxy Note 7, which was recalled due to battery fires, implying a dangerous emergency, evoking fear.",deepseek_v4pro_ai_labeling,,,,,,,,,,,,,,,,,,,,,,
https://www.youtube.com/watch?v=8H6jz30Im_Y,surprise_product_fail,24,A FUCKING BOOM 💥✋💀 Famous last words,surprise,negative,,,,,,,,,,,,"The comment uses aggressive language and a skull emoji, indicating a negative reaction to an unexpected event.",deepseek_v4pro_ai_labeling,,,,,,,,,,,,,,,,,,,,,,
https://www.youtube.com/watch?v=8H6jz30Im_Y,surprise_product_fail,25,“your phone is gonna explode!” *proceeds to play the most fire beat i’ve ever heard*,joy,positive,,,,,,,,,,,,"The comment expresses excitement and enjoyment about the beat, with a playful tone.",deepseek_v4pro_ai_labeling,,,,,,,,,,,,,,,,,,,,,,
https://www.youtube.com/watch?v=8H6jz30Im_Y,surprise_product_fail,26,“911 What's Your Emergency” *Phone proceeds to explode*,surprise,negative,,,,,,,,,,,,"The comment describes a sudden, unexpected event (phone exploding) during an emergency call, conveying shock and a negative outcome.",deepseek_v4pro_ai_labeling,,,,,,,,,,,,,,,,,,,,,,
https://www.youtube.com/watch?v=8H6jz30Im_Y,surprise_product_fail,27,Imagine waking at 3am and seeing this on your phone screen 💀💀💀,fear,negative,,,,,,,,,,,,"The comment describes a scary scenario of seeing something alarming on the phone screen at 3am, with skull emojis emphasizing fear.",deepseek_v4pro_ai_labeling,,,,,,,,,,,,,,,,,,,,,,
https://www.youtube.com/watch?v=8H6jz30Im_Y,surprise_product_fail,28,A FUCK BOOM 🤯💥✋💀 Famous last words,surprise,negative,,,,,,,,,,,,"The comment uses explosive emojis and 'FUCK BOOM' to express shock or surprise, but the phrase 'Famous last words' implies a negative outcome or irony.",deepseek_v4pro_ai_labeling,,,,,,,,,,,,,,,,,,,,,,
https://www.youtube.com/watch?v=8H6jz30Im_Y,surprise_product_fail,29,"""Your phone will explode"" ""I'll just stand here and watch it""",joy,positive,,,,,,,,,,,,"The comment uses sarcasm and humor to mock a warning, indicating amusement.",deepseek_v4pro_ai_labeling,,,,,,,,,,,,,,,,,,,,,,
https://www.youtube.com/watch?v=8H6jz30Im_Y,surprise_product_fail,30,"Nah imagine waking up to them sounds, I’d shit myself",fear,negative,,,,,,,,,,,,"The comment expresses fear or shock at the idea of waking up to certain sounds, using hyperbolic language ('I'd shit myself') to emphasize a negative reaction.",deepseek_v4pro_ai_labeling,,,,,,,,,,,,,,,,,,,,,,
https://www.youtube.com/watch?v=8H6jz30Im_Y,surprise_product_fail,31,"Bro really said:""THINK FAST CHUCKLENUTS""",joy,positive,,,,,,,,,,,,"The comment uses humor and references a funny moment, indicating amusement and joy.",deepseek_v4pro_ai_labeling,,,,,,,,,,,,,,,,,,,,,,
https://www.youtube.com/watch?v=8H6jz30Im_Y,surprise_product_fail,32,THIS BEAT IS OVERHEATING!!🗣️🗣️🗣️🔥🔥🔥,joy,positive,,,,,,,,,,,,"The comment expresses excitement and enthusiasm about the beat, using all caps and fire emojis, indicating joy.",deepseek_v4pro_ai_labeling,,,,,,,,,,,,,,,,,,,,,,
https://www.youtube.com/watch?v=8H6jz30Im_Y,surprise_product_fail,33,"""Device may explode"" ""shut down"" ""Nah it's too hot to touch it""",fear,negative,,,,,,,,,,,,"The comment quotes warnings about device explosion and shutdown, and mentions it being too hot to touch, indicating concern and fear.",deepseek_v4pro_ai_labeling,,,,,,,,,,,,,,,,,,,,,,
https://www.youtube.com/watch?v=8H6jz30Im_Y,surprise_product_fail,34,My phone whenever I try to run anything that mildly involves 3d graphics:,neutral,negative,,,,,,,,,,,,"The comment expresses frustration with a phone's poor performance in 3D graphics, implying annoyance or disappointment.",deepseek_v4pro_ai_labeling,,,,,,,,,,,,,,,,,,,,,,
https://www.youtube.com/watch?v=8H6jz30Im_Y,surprise_product_fail,35,If i were to get this and i see that i would run but in the middle of the road far from my house and then just go back and see the explosion,surprise,neutral,,,,,,,,,,,,"The comment describes a hypothetical reaction to an explosion, mixing surprise with a neutral, matter-of-fact tone.",deepseek_v4pro_ai_labeling,,,,,,,,,,,,,,,,,,,,,,
https://www.youtube.com/watch?v=8H6jz30Im_Y,surprise_product_fail,36,“Device may explode” -Gets help- Takes out phone to record,surprise,negative,,,,,,,,,,,,"The comment describes a risky situation where someone ignores a warning to record, implying shock and negative consequences.",deepseek_v4pro_ai_labeling,,,,,,,,,,,,,,,,,,,,,,
https://www.youtube.com/watch?v=8H6jz30Im_Y,surprise_product_fail,37,This sound gives me the absolute PTSD 😭,sadness,negative,,,,,,,,,,,,"The comment expresses distress and trauma triggered by the sound, with a crying emoji reinforcing sadness.",deepseek_v4pro_ai_labeling,,,,,,,,,,,,,,,,,,,,,,
https://www.youtube.com/watch?v=8H6jz30Im_Y,surprise_product_fail,38,"""IM BOUTTA BLO-"" *EXPLODES violently*",surprise,negative,,,,,,,,,,,,"The comment describes a violent explosion, indicating a sudden negative event.",deepseek_v4pro_ai_labeling,,,,,,,,,,,,,,,,,,,,,,
https://www.youtube.com/watch?v=8H6jz30Im_Y,surprise_product_fail,39,"This sadly is something that can happen with a Note 7. It does this because there is little to no air space for it inside of it. It was extremely tightly compressed to make it ""waterproof"", and, as a result, it overheats extremely fast and the battery can actually explode and hurt someone.",sadness,negative,,,,,,,,,,,,"The comment expresses concern and sadness about a dangerous defect in the Note 7, highlighting the risk of explosion and harm.",deepseek_v4pro_ai_labeling,,,,,,,,,,,,,,,,,,,,,,
https://www.youtube.com/watch?v=8H6jz30Im_Y,surprise_product_fail,40,"""Say hello to the Galaxy Note 7 and goodbye to your life.""",fear,negative,,,,,,,,,,,,"The comment uses a dark joke about the Galaxy Note 7's battery issues, implying danger, which evokes fear.",deepseek_v4pro_ai_labeling,,,,,,,,,,,,,,,,,,,,,,
https://www.youtube.com/watch?v=8H6jz30Im_Y,surprise_product_fail,41,“911 what’s your emergency?” “My phone go boom boom”,joy,positive,,,,,,,,,,,,"The comment humorously references a meme or joke about a phone exploding, which is typically shared for amusement.",deepseek_v4pro_ai_labeling,,,,,,,,,,,,,,,,,,,,,,
https://www.youtube.com/watch?v=8H6jz30Im_Y,surprise_product_fail,42,"""911 what is your emergency?"" ""KABOOM!""",surprise,negative,,,,,,,,,,,,"The comment references a sudden explosion ('KABOOM') in an emergency context, implying a shocking and negative event.",deepseek_v4pro_ai_labeling,,,,,,,,,,,,,,,,,,,,,,
https://www.youtube.com/watch?v=8H6jz30Im_Y,surprise_product_fail,43,The tone is more vibing than countdown 😅,joy,positive,,,,,,,,,,,,"The comment expresses enjoyment and a positive vibe, with a laughing emoji indicating amusement.",deepseek_v4pro_ai_labeling,,,,,,,,,,,,,,,,,,,,,,
https://www.youtube.com/watch?v=8H6jz30Im_Y,surprise_product_fail,44,“911 what’s your emergency?” “💣💥🔥”,surprise,negative,,,,,,,,,,,,"The comment uses bomb and explosion emojis in a 911 emergency context, implying a dangerous or shocking situation, which evokes surprise and negative sentiment.",deepseek_v4pro_ai_labeling,,,,,,,,,,,,,,,,,,,,,,
https://www.youtube.com/watch?v=8H6jz30Im_Y,surprise_product_fail,45,"Calling 911 with a phone that will explode in 12 seconds is truly a great idea. Edit : MOM I'M FA- ohh wait u left for the eggs, I forgor",joy,positive,,,,,,,,,,,,"The comment uses humor and sarcasm to mock a situation, with playful exaggeration and a joke about forgetting, indicating amusement.",deepseek_v4pro_ai_labeling,,,,,,,,,,,,,,,,,,,,,,
https://www.youtube.com/watch?v=8H6jz30Im_Y,surprise_product_fail,46,“YOUR DEVICE MAY EXPLODE!” …..And it did.,surprise,negative,,,,,,,,,,,,The comment expresses shock and negative outcome from a warning about device explosion.,deepseek_v4pro_ai_labeling,,,,,,,,,,,,,,,,,,,,,,
https://www.youtube.com/watch?v=8H6jz30Im_Y,surprise_product_fail,47,THE VIBRATE,neutral,neutral,,,,,,,,,,,,The comment is too short and ambiguous to infer any clear emotion or sentiment.,deepseek_v4pro_ai_labeling,,,,,,,,,,,,,,,,,,,,,,
https://www.youtube.com/watch?v=8H6jz30Im_Y,surprise_product_fail,48,"""This phone is already exploding, it just doesn't know it yet🎅🎅🎅"" Edit: I eat hot dogs",joy,positive,,,,,,,,,,,,"The comment uses humor and emojis (Santa) to joke about the phone exploding, indicating a playful and joyful tone.",deepseek_v4pro_ai_labeling,,,,,,,,,,,,,,,,,,,,,,
https://www.youtube.com/watch?v=8H6jz30Im_Y,surprise_product_fail,49,"""911 My Emergency?"" ""BOOM!""",surprise,negative,,,,,,,,,,,,"The comment references a 911 emergency call followed by an explosion, implying a sudden, shocking, and negative event.",deepseek_v4pro_ai_labeling,,,,,,,,,,,,,,,,,,,,,,
https://www.youtube.com/watch?v=8H6jz30Im_Y,surprise_product_fail,50,Bro just accepted his fate💀💀💀,surprise,neutral,,,,,,,,,,,,"The comment expresses surprise at someone accepting their fate, with skull emojis adding a humorous or ironic tone, but no strong positive or negative sentiment.",deepseek_v4pro_ai_labeling,,,,,,,,,,,,,,,,,,,,,,
https://www.youtube.com/watch?v=--OnclX8yac,disgust_food_safety,1,Wtf Its this thing doing in my fyp 8 years later?,surprise,negative,,,,,,,,,,,,"The comment expresses confusion and mild frustration about seeing an old video on their feed, with 'Wtf' indicating surprise and negative sentiment.",deepseek_v4pro_ai_labeling,,,,,,,,,,,,,,,,,,,,,,
https://www.youtube.com/watch?v=--OnclX8yac,disgust_food_safety,2,The list of violations was longer than their menu,anger,negative,,,,,,,,,,,,"The comment uses a sarcastic comparison to criticize the length of violations, implying wrongdoing and expressing frustration.",deepseek_v4pro_ai_labeling,,,,,,,,,,,,,,,,,,,,,,
https://www.youtube.com/watch?v=--OnclX8yac,disgust_food_safety,3,It’s insane that the inspector didn’t just shut them down and their license revoked forever. That’s disgusting.,anger,negative,,,,,,,,,,,,"Expresses strong disapproval and outrage at the inspector's inaction, using words like 'insane' and 'disgusting'.",deepseek_v4pro_ai_labeling,,,,,,,,,,,,,,,,,,,,,,
https://www.youtube.com/watch?v=--OnclX8yac,disgust_food_safety,4,I didn’t even think there was 110 potential violations you could find😱,surprise,negative,,,,,,,,,,,,"The comment expresses shock and disbelief at the number of violations, with a negative connotation.",deepseek_v4pro_ai_labeling,,,,,,,,,,,,,,,,,,,,,,
https://www.youtube.com/watch?v=--OnclX8yac,disgust_food_safety,5,"If Gordon Ramsay was in that buffet, that will be the most insane Kitchen Nightmares episode ever.",joy,positive,,,,,,,,,,,,"The comment humorously imagines Gordon Ramsay in a buffet scenario, suggesting an entertaining and amusing outcome, which conveys joy and positive sentiment.",deepseek_v4pro_ai_labeling,,,,,,,,,,,,,,,,,,,,,,
https://www.youtube.com/watch?v=--OnclX8yac,disgust_food_safety,6,You know you’re done for when the cameraman talks back,surprise,neutral,,,,,,,,,,,,"The comment expresses a mix of surprise and humor at an unexpected event, with no strong positive or negative tone.",deepseek_v4pro_ai_labeling,,,,,,,,,,,,,,,,,,,,,,
https://www.youtube.com/watch?v=--OnclX8yac,disgust_food_safety,7,"The camera man had giant balls to defend himself and talk back to the owner. We need more people like this, he better had been promoted by now.",joy,positive,,,,,,,,,,,,"The comment expresses admiration and approval for the camera man's bravery, with a hopeful tone about promotion.",deepseek_v4pro_ai_labeling,,,,,,,,,,,,,,,,,,,,,,
https://www.youtube.com/watch?v=--OnclX8yac,disgust_food_safety,8,The music as they zoomed in on the HIGHLIGHTED violations. 😭,sadness,negative,,,,,,,,,,,,The crying emoji and mention of 'violations' indicate sadness or disappointment.,deepseek_v4pro_ai_labeling,,,,,,,,,,,,,,,,,,,,,,
https://www.youtube.com/watch?v=--OnclX8yac,disgust_food_safety,9,"My sister is a fine dining chef & she said... ""If people knew what goes on in kitchens, they would NEVER go out to eat ..""",surprise,negative,,,,,,,,,,,,"The comment conveys shock and a negative revelation about restaurant kitchens, implying disgust or distrust.",deepseek_v4pro_ai_labeling,,,,,,,,,,,,,,,,,,,,,,
https://www.youtube.com/watch?v=--OnclX8yac,disgust_food_safety,10,110 violations yet they weren’t closed down? Sounds like the food inspector should be inspected.,anger,negative,,,,,,,,,,,,Expresses frustration and distrust towards the food inspector for not closing down a place with many violations.,deepseek_v4pro_ai_labeling,,,,,,,,,,,,,,,,,,,,,,
https://www.youtube.com/watch?v=--OnclX8yac,disgust_food_safety,11,I’m glad Gordon stopped doing Kitchen Nightmares— because this would’ve surely killed him,joy,positive,,,,,,,,,,,,"The comment expresses amusement and relief, with a humorous tone suggesting Gordon Ramsay avoided a stressful situation.",deepseek_v4pro_ai_labeling,,,,,,,,,,,,,,,,,,,,,,
https://www.youtube.com/watch?v=--OnclX8yac,disgust_food_safety,12,this is every CHINA BUFFET,joy,positive,,,,,,,,,,,,"The comment humorously compares the video to a Chinese buffet, implying abundance and variety, which is typically a positive and joyful association.",deepseek_v4pro_ai_labeling,,,,,,,,,,,,,,,,,,,,,,
https://www.youtube.com/watch?v=--OnclX8yac,disgust_food_safety,13,"I used to work at a restaurant as a dishwasher, and looking back I'm actually super thankful the chefs were so uptight about cleaning the place at the end of every night. There are so many restaurants people go to that they wouldn't if they knew what the kitchen looked like.",joy,positive,,,,,,,,,,,,"The comment expresses gratitude and a positive reflection on past experiences, indicating joy.",deepseek_v4pro_ai_labeling,,,,,,,,,,,,,,,,,,,,,,
https://www.youtube.com/watch?v=--OnclX8yac,disgust_food_safety,14,"I worked as a health inspector for 20+ years and the most violations a restaurant had was around 60. 110 violations is legitimately not possible, how could they let their restaurant get that bad?",disgust,negative,,,,,,,,,,,,"Expresses disbelief and disgust at the extreme number of violations, implying a strong negative reaction to the restaurant's condition.",deepseek_v4pro_ai_labeling,,,,,,,,,,,,,,,,,,,,,,
https://www.youtube.com/watch?v=--OnclX8yac,disgust_food_safety,15,"My fortune said ""that was not chicken!""",surprise,negative,,,,,,,,,,,,"The comment expresses surprise and disgust at the realization that what was thought to be chicken was not, implying a negative experience.",deepseek_v4pro_ai_labeling,,,,,,,,,,,,,,,,,,,,,,
https://www.youtube.com/watch?v=--OnclX8yac,disgust_food_safety,16,“THATS ASSAULT DONT TOUCH MY CAMERA” 😂,joy,positive,,,,,,,,,,,,"The comment uses a laughing emoji and quotes a humorous line, indicating amusement and joy despite the literal content.",deepseek_v4pro_ai_labeling,,,,,,,,,,,,,,,,,,,,,,
https://www.youtube.com/watch?v=--OnclX8yac,disgust_food_safety,17,Gordon Ramsay would see God early if he went anywhere near this place,joy,positive,,,,,,,,,,,,"The comment humorously exaggerates Gordon Ramsay's reaction, implying the place is so bad it would shock him, which is a playful and amusing take.",deepseek_v4pro_ai_labeling,,,,,,,,,,,,,,,,,,,,,,
https://www.youtube.com/watch?v=--OnclX8yac,disgust_food_safety,18,Those people telling potential customers about the problem literally could've saved lives. Food poisoning can kill.,anger,negative,,,,,,,,,,,,"The comment expresses frustration and anger towards people who failed to warn about a dangerous problem, emphasizing the severity of food poisoning.",deepseek_v4pro_ai_labeling,,,,,,,,,,,,,,,,,,,,,,
https://www.youtube.com/watch?v=--OnclX8yac,disgust_food_safety,19,Thank your mom when she says “ We got food at home “,joy,positive,,,,,,,,,,,,"The comment is a humorous and appreciative remark about a common parental saying, conveying a lighthearted and positive tone.",deepseek_v4pro_ai_labeling,,,,,,,,,,,,,,,,,,,,,,
https://www.youtube.com/watch?v=--OnclX8yac,disgust_food_safety,20,Haven’t watched this in years. STILL got the chills thinking about all of the people who ate there and didn’t know about this 😭😭,sadness,negative,,,,,,,,,,,,"The comment expresses sadness and shock about people unknowingly eating at a dangerous place, with crying emojis reinforcing the negative emotion.",deepseek_v4pro_ai_labeling,,,,,,,,,,,,,,,,,,,,,,
https://www.youtube.com/watch?v=--OnclX8yac,disgust_food_safety,21,Been a chef for over 30 years. I have never seen a kitchen that bad. I've seen some scary things that have made me walk right out. This tops all of them.,disgust,negative,,,,,,,,,,,,"The comment expresses strong disapproval and disgust towards the kitchen's condition, comparing it unfavorably to past experiences.",deepseek_v4pro_ai_labeling,,,,,,,,,,,,,,,,,,,,,,
https://www.youtube.com/watch?v=--OnclX8yac,disgust_food_safety,22,I feel bad for the people who’ve eaten there and have gotten sick because of it,sadness,negative,,,,,,,,,,,,"Expresses sympathy and concern for people who got sick, indicating sadness and a negative sentiment.",deepseek_v4pro_ai_labeling,,,,,,,,,,,,,,,,,,,,,,
https://www.youtube.com/watch?v=--OnclX8yac,disgust_food_safety,23,The fact that this looks like the same buffet in almost every city freaked me out,surprise,negative,,,,,,,,,,,,"The comment expresses being freaked out by the similarity of buffets across cities, indicating surprise with a negative tone.",deepseek_v4pro_ai_labeling,,,,,,,,,,,,,,,,,,,,,,
https://www.youtube.com/watch?v=--OnclX8yac,disgust_food_safety,24,1:48 Camera man ready to throw hands.,joy,positive,,,,,,,,,,,,"The comment uses humor ('ready to throw hands') to describe a camera man's stance, implying an amusing or exciting moment.",deepseek_v4pro_ai_labeling,,,,,,,,,,,,,,,,,,,,,,
https://www.youtube.com/watch?v=--OnclX8yac,disgust_food_safety,25,"Legend has it in 2026, that fish was still on the floor. 😂",joy,positive,,,,,,,,,,,,"The comment uses a humorous exaggeration ('Legend has it...') and a laughing emoji, indicating amusement and joy.",deepseek_v4pro_ai_labeling,,,,,,,,,,,,,,,,,,,,,,
https://www.youtube.com/watch?v=--OnclX8yac,disgust_food_safety,26,Never seen a camera man actually talk back,surprise,positive,,,,,,,,,,,,"The comment expresses surprise at the camera man talking back, which is unexpected but likely amusing or impressive.",deepseek_v4pro_ai_labeling,,,,,,,,,,,,,,,,,,,,,,
https://www.youtube.com/watch?v=--OnclX8yac,disgust_food_safety,27,For those who don’t know: this place finally closed in 2020 (before COVID) and became a doctor’s office.,neutral,neutral,,,,,,,,,,,,The comment provides factual information without emotional language or opinion.,deepseek_v4pro_ai_labeling,,,,,,,,,,,,,,,,,,,,,,
https://www.youtube.com/watch?v=--OnclX8yac,disgust_food_safety,28,Blessings for the reporting ❤,joy,positive,,,,,,,,,,,,The comment expresses gratitude and positivity with the word 'blessings' and a heart emoji.,deepseek_v4pro_ai_labeling,,,,,,,,,,,,,,,,,,,,,,
https://www.youtube.com/watch?v=--OnclX8yac,disgust_food_safety,29,"My mom ate at a restaurant in Florida in 2011. She died from ecoli and a bacterial infection. The restaurant was shut down and on news. However, it reopened three months later after passing inspection. What was found was totally disgusting. There are so many restaurants dirty filthy roaches . Some cooks are dirty never wash hands I have not eaten out in 12 years. Today you have to even be careful with regular groceries. I get alerts on my phone daily of recalls.",anger,negative,,,,,,,,,,,,"The comment expresses strong anger and disgust about restaurant hygiene and food safety, triggered by a personal tragedy.",deepseek_v4pro_ai_labeling,,,,,,,,,,,,,,,,,,,,,,
https://www.youtube.com/watch?v=--OnclX8yac,disgust_food_safety,30,"my jaw dropped when i saw the sewage overflow puddled on the bathroom floor. that’s MAJOR food safety violations. that’s insanely disgusting, the bathroom is being used for sure, the door is always open, people walk in and out spreading sewage over the floors, the same floors they put the fish and beef on. the beef was put on the prep table, the same prep table where they definitely touch/ use during food prep. basically they’re spreading sewage into the food, good job!",disgust,negative,,,,,,,,,,,,"The comment describes a sewage overflow in a bathroom and links it to food safety violations, expressing strong disgust and outrage.",deepseek_v4pro_ai_labeling,,,,,,,,,,,,,,,,,,,,,,
https://www.youtube.com/watch?v=--OnclX8yac,disgust_food_safety,31,"As a chef and line cook for many different restaurants for over 10 years of my life, I can say that most places aren't anywhere near that bad. A lot of the restaurants I've worked at, including some very big names, usually get 10-30 violations every inspection. 110 though? Wow. Shocking.",surprise,negative,,,,,,,,,,,,"The comment expresses shock at the high number of violations (110), indicating surprise and a negative sentiment towards the restaurant's condition.",deepseek_v4pro_ai_labeling,,,,,,,,,,,,,,,,,,,,,,
https://www.youtube.com/watch?v=--OnclX8yac,disgust_food_safety,32,They need to be shut down immediately🤢🤮,disgust,negative,,,,,,,,,,,,"The comment expresses strong disgust and revulsion, reinforced by the sick and vomiting emojis.",deepseek_v4pro_ai_labeling,,,,,,,,,,,,,,,,,,,,,,
https://www.youtube.com/watch?v=--OnclX8yac,disgust_food_safety,33,That owner is a sick person to knowingly let people eat food that was prepared in a place like that. He doesn't deserve to have a restaurant.,anger,negative,,,,,,,,,,,,"The comment expresses strong disapproval and moral outrage towards the owner, using harsh language like 'sick person' and stating he doesn't deserve a restaurant.",deepseek_v4pro_ai_labeling,,,,,,,,,,,,,,,,,,,,,,
https://www.youtube.com/watch?v=--OnclX8yac,disgust_food_safety,34,I worked in a kitchen restaurant for little over a year. Really opened my eyes to how gross and unsanitary everything is.,disgust,negative,,,,,,,,,,,,The comment expresses disgust and negative sentiment about unsanitary conditions in a kitchen.,deepseek_v4pro_ai_labeling,,,,,,,,,,,,,,,,,,,,,,
https://www.youtube.com/watch?v=--OnclX8yac,disgust_food_safety,35,"As former Cook who's been in the restaurant business for 7 years, it frustrates me when I have lazy coworkers who don't take cleanliness and proper food care seriously and cut corners. Left the industry and its been the best decision I've ever made.",anger,negative,,,,,,,,,,,,"Expresses frustration and anger towards lazy coworkers and poor practices, and relief at leaving the industry.",deepseek_v4pro_ai_labeling,,,,,,,,,,,,,,,,,,,,,,
https://www.youtube.com/watch?v=--OnclX8yac,disgust_food_safety,36,"Breaking news would be , there's no violations at a Chinese buffet 😂...",joy,positive,,,,,,,,,,,,"The comment uses a laughing emoji and a humorous tone to mock the idea of violations at a Chinese buffet, indicating amusement.",deepseek_v4pro_ai_labeling,,,,,,,,,,,,,,,,,,,,,,
https://www.youtube.com/watch?v=--OnclX8yac,disgust_food_safety,37,As a hood cleaner who has been cleaning restaurants for a while I can say you’d be surprised how many restaurants have conditions like this. Simply disgusting and unsanitary.,disgust,negative,,,,,,,,,,,,The comment expresses disgust and disapproval of unsanitary conditions in restaurants.,deepseek_v4pro_ai_labeling,,,,,,,,,,,,,,,,,,,,,,
https://www.youtube.com/watch?v=--OnclX8yac,disgust_food_safety,38,I just realised this was 6 years ago. Seems like we all got it on our recommended randomly,surprise,neutral,,,,,,,,,,,,"The comment expresses surprise at the realization that the video is 6 years old, but the tone is neutral without strong positive or negative sentiment.",deepseek_v4pro_ai_labeling,,,,,,,,,,,,,,,,,,,,,,
https://www.youtube.com/watch?v=--OnclX8yac,disgust_food_safety,39,They should have been closed permanently!,anger,negative,,,,,,,,,,,,"The comment expresses strong disapproval and a desire for permanent closure, indicating anger.",deepseek_v4pro_ai_labeling,,,,,,,,,,,,,,,,,,,,,,
https://www.youtube.com/watch?v=--OnclX8yac,disgust_food_safety,40,Thank you for the timely warning,joy,positive,,,,,,,,,,,,"Expresses gratitude, which is a positive emotion.",deepseek_v4pro_ai_labeling,,,,,,,,,,,,,,,,,,,,,,
https://www.youtube.com/watch?v=--OnclX8yac,disgust_food_safety,41,Why am I only gettting this recommended to me today?,surprise,neutral,,,,,,,,,,,,"The comment expresses surprise at the timing of the recommendation, with no clear positive or negative tone.",deepseek_v4pro_ai_labeling,,,,,,,,,,,,,,,,,,,,,,
https://www.youtube.com/watch?v=--OnclX8yac,disgust_food_safety,42,Gordon Ramsay would have an absolute field day with this place.,joy,positive,,,,,,,,,,,,"The comment humorously imagines Gordon Ramsay's reaction, implying amusement and entertainment.",deepseek_v4pro_ai_labeling,,,,,,,,,,,,,,,,,,,,,,
https://www.youtube.com/watch?v=--OnclX8yac,disgust_food_safety,43,"I worked at a restaurant for 1 week that had some serious problems. The owner was also the head chef. He was from France. He had problems with me charging the water in the after it was filled with food and grease. He said it cost too much to heat the water. At the end of my first night , I grabbed a broom and started sweeping. The owner told me to put it back away. He closed everything down and we were leaving 5 minutes later. There was food and trash all over the floor in the kitchen. Those were just two examples of what I reported to the health department the next day. Four day later , a health inspector walked in unannounced and 10 minutes later; we were shut down. I don’t know what kind of health code regulations exist in France but their apparently more relaxed than the U.S. The restaurant shut down about 6 months later after it was in the newspaper about the problems. The owner never did find out that I was the one who reported this but people were going to get sick. I only wanted the owner to take cleanliness seriously. I wasn’t trying to put him out of business. He put himself out of business by leaving garbage on the floor after closing. I worked in a different restaurant where cleanliness was very serious business. We removed deck drains for scrubbing. The lugs of tables were scrubbed. Rubber mats were taken outside and hosed down everyday. The floor was washed down at least once a day.",neutral,neutral,,,,,,,,,,,,"The comment is a factual recount of a past experience without strong emotional language, focusing on events and observations.",deepseek_v4pro_ai_labeling,,,,,,,,,,,,,,,,,,,,,,
https://www.youtube.com/watch?v=--OnclX8yac,disgust_food_safety,44,This has to be the greatest episode of Kitchen Nightmares I’ve ever seen.,joy,positive,,,,,,,,,,,,"The comment expresses high praise and excitement, indicating joy and a positive sentiment.",deepseek_v4pro_ai_labeling,,,,,,,,,,,,,,,,,,,,,,
https://www.youtube.com/watch?v=--OnclX8yac,disgust_food_safety,45,"Gordon Ramsay would have a field day just looking at this. Stubborn owner, filthy kitchen, and probably bad food, checks all the list for a Kitchen Nightmare episode.",disgust,negative,,,,,,,,,,,,"The comment expresses disgust at the filthy kitchen and bad food, comparing it to a Kitchen Nightmare episode, indicating strong negative sentiment.",deepseek_v4pro_ai_labeling,,,,,,,,,,,,,,,,,,,,,,
https://www.youtube.com/watch?v=--OnclX8yac,disgust_food_safety,46,Absolutely disgusting.,disgust,negative,,,,,,,,,,,,"The comment explicitly expresses disgust, indicating a strong negative reaction.",deepseek_v4pro_ai_labeling,,,,,,,,,,,,,,,,,,,,,,
https://www.youtube.com/watch?v=--OnclX8yac,disgust_food_safety,47,"Worked in a resteraunt that had an open door policy. Basically, any customer could come by any time of operating hours to pay a visit to the kitchen. They were always fastinated by the giant 50 gallon mixer in front of the door, as well as watching us work. It was the cleanest kitchen ive ever worked for. _aaaand the comments have been nuked.",neutral,neutral,,,,,,,,,,,,"The comment is a factual anecdote about a restaurant kitchen, ending with a neutral observation about comments being removed. No strong emotion or sentiment is expressed.",deepseek_v4pro_ai_labeling,,,,,,,,,,,,,,,,,,,,,,
https://www.youtube.com/watch?v=--OnclX8yac,disgust_food_safety,48,"Wow, idc if it's 8 years later or if I don't live there...I needed to know this. Looks can be so so deceiving.",surprise,positive,,,,,,,,,,,,"The comment expresses surprise and relief at learning something important, with a positive tone about gaining valuable knowledge.",deepseek_v4pro_ai_labeling,,,,,,,,,,,,,,,,,,,,,,
https://www.youtube.com/watch?v=--OnclX8yac,disgust_food_safety,49,"This news caster is having the time of his life, you can tell he loves his job",joy,positive,,,,,,,,,,,,The comment expresses admiration and happiness for the news caster's enjoyment of his job.,deepseek_v4pro_ai_labeling,,,,,,,,,,,,,,,,,,,,,,
https://www.youtube.com/watch?v=--OnclX8yac,disgust_food_safety,50,"I worked in a restaurant for about 6 weeks (then left because I got a better job). The owner did everything to the book. Cooked and raw meats were on completely different shelves, fish was on a shelf of its own, vegetables and fruits on another set of shelves, and everything else was put in a specific spot on the final set of shelves. When we closed at 9, we wouldn’t leave until 11 or sometimes midnight. We had to clean the remaining dishes, mop and sweep the floors, clean the rubber mats, clean out the kitchen equipment, change the water in the steam table, clean the cutting board and other line equipment, wipe down the inside of each fridge to keep them clean, and then we would clean the dish washer and the sink the dishes went in. It took a long time even with 9 people all working at once. It doesn’t just take 10 minutes to clean an entire kitchen, it can take up to three hours sometimes. So when a restaurant stops making food or stops taking orders, it’s because they have so much cleaning and doing another order will set everything back. But it’s also easier to keep things clean than to let it fester and get out of control… and then have the restaurant shut down and have to clean up all of the gunk and built-up crap from when you hadn’t cleaned it. If you won’t keep your kitchen clean or won’t make sure the job is done, then you shouldn’t own a restaurant.",neutral,neutral,,,,,,,,,,,,"The comment provides a factual, detailed account of restaurant cleaning procedures without expressing strong emotion or opinion.",deepseek_v4pro_ai_labeling,,,,,,,,,,,,,,,,,,,,,,
https://www.youtube.com/watch?v=LEjhY15eCx0,joy_trailer,1,"I love how you can tell Riley through her design that she still has her happy core, but that she's clearly growing up, too",joy,positive,,,,,,,,,,,,Expresses appreciation and positive observation about character design and growth.,deepseek_v4pro_ai_labeling,,,,,,,,,,,,,,,,,,,,,,
https://www.youtube.com/watch?v=LEjhY15eCx0,joy_trailer,2,i love how the bottling up emotions metaphor is as literal as it could possibly get,joy,positive,,,,,,,,,,,,"The comment expresses appreciation and amusement at the literal metaphor, conveying a positive and joyful tone.",deepseek_v4pro_ai_labeling,,,,,,,,,,,,,,,,,,,,,,
https://www.youtube.com/watch?v=LEjhY15eCx0,joy_trailer,3,This movie is going to do healing for generations that were raised without the ability or knowledge of how or what emotions are.,joy,positive,,,,,,,,,,,,The comment expresses hope and positivity about the movie's impact on emotional healing.,deepseek_v4pro_ai_labeling,,,,,,,,,,,,,,,,,,,,,,
https://www.youtube.com/watch?v=LEjhY15eCx0,joy_trailer,4,Sadness being drawn to Embarrassment is adorable 🫶,joy,positive,,,,,,,,,,,,"The comment expresses adoration and finds the interaction between Sadness and Embarrassment adorable, with a heart emoji reinforcing positive emotion.",deepseek_v4pro_ai_labeling,,,,,,,,,,,,,,,,,,,,,,
https://www.youtube.com/watch?v=LEjhY15eCx0,joy_trailer,5,"""Welp, that's a preview of the next 10 years!"" Riley's Mom's emotions are a literal mood",joy,positive,,,,,,,,,,,,The comment uses humor and relatable reference to express amusement and positive sentiment.,deepseek_v4pro_ai_labeling,,,,,,,,,,,,,,,,,,,,,,
https://www.youtube.com/watch?v=LEjhY15eCx0,joy_trailer,6,"I love how the older emotions are just, not, used to being ""older."" The newer ones react more throughout their choices. ""Riley's life needs more sophisticated emotions then all of you,"" is just perfect",joy,positive,,,,,,,,,,,,"The comment expresses appreciation and delight about the portrayal of emotions in the movie, using words like 'love' and 'perfect'.",deepseek_v4pro_ai_labeling,,,,,,,,,,,,,,,,,,,,,,
https://www.youtube.com/watch?v=LEjhY15eCx0,joy_trailer,7,Can you believe that this movie is already a year old!,surprise,neutral,,,,,,,,,,,,"The comment expresses disbelief about the passage of time, which is a form of surprise, but the tone is neutral without clear positive or negative connotation.",deepseek_v4pro_ai_labeling,,,,,,,,,,,,,,,,,,,,,,
https://www.youtube.com/watch?v=LEjhY15eCx0,joy_trailer,8,"This is the perfect representation of a teen going through puberty. the fact that their emotions are all over the place (literally) as well as their emotions being bottled up, causing them to feel more anxiety, and depression, rather than their usual self. puberty sucks, and it's fun seeing it turned into a physical representation. Edit: for people who are saying ""thanks for stating the obvious"" i KNOW i am stating the obvious, i am just pointing out my respect for it. calm down.",joy,positive,,,,,,,,,,,,"The comment expresses appreciation and respect for the representation of puberty, finding it fun and insightful despite acknowledging the struggles.",deepseek_v4pro_ai_labeling,,,,,,,,,,,,,,,,,,,,,,
https://www.youtube.com/watch?v=LEjhY15eCx0,joy_trailer,9,Anxiety suppressing the other emotions is genius. This looks incredible.,joy,positive,,,,,,,,,,,,"The comment expresses admiration and excitement about the content, using words like 'genius' and 'incredible'.",deepseek_v4pro_ai_labeling,,,,,,,,,,,,,,,,,,,,,,
https://www.youtube.com/watch?v=LEjhY15eCx0,joy_trailer,10,"The way Anxiety said that her job is to ""plan for the future"" is soo accurate realistically, always trying to predict future situations at the expense of wasting time in present reality.",joy,positive,,,,,,,,,,,,"The comment expresses appreciation for the accurate portrayal of anxiety, finding it relatable and insightful, which conveys a positive sentiment and joy.",deepseek_v4pro_ai_labeling,,,,,,,,,,,,,,,,,,,,,,
https://www.youtube.com/watch?v=LEjhY15eCx0,joy_trailer,11,This movie made me sad but also felt so much compassion Is funny how A movie that's about emotions can make you feel emotional,sadness,negative,,,,,,,,,,,,"The comment explicitly states the movie made them sad, and while it mentions compassion and humor, the dominant emotion is sadness.",deepseek_v4pro_ai_labeling,,,,,,,,,,,,,,,,,,,,,,
https://www.youtube.com/watch?v=LEjhY15eCx0,joy_trailer,12,"You can see that Anxiety is the villain not because she is bad, but because she somehow wanted the best for Riley and did what she did with her main emotions. Perhaps just as Joy realized that she needed to give space to all the emotions in the first film, Anxiety learns something similar in this one, that there are no more sophisticated emotions and that without the main ones, she and the other 3 are completely useless.",neutral,neutral,,,,,,,,,,,,"The comment is an analytical observation about the movie's themes, without expressing personal emotional reaction.",deepseek_v4pro_ai_labeling,,,,,,,,,,,,,,,,,,,,,,
https://www.youtube.com/watch?v=LEjhY15eCx0,joy_trailer,13,I like the detail that envy is small because it makes you feel small and embarrassment is big because you feel like you're super noticable,joy,positive,,,,,,,,,,,,"The comment expresses appreciation and positive engagement with the content, indicating enjoyment.",deepseek_v4pro_ai_labeling,,,,,,,,,,,,,,,,,,,,,,
https://www.youtube.com/watch?v=LEjhY15eCx0,joy_trailer,14,I love how Anxiety’s bags can be interpreted literally as “Emotional Baggage”.,joy,positive,,,,,,,,,,,,"The comment expresses appreciation and delight in a clever interpretation, conveying joy.",deepseek_v4pro_ai_labeling,,,,,,,,,,,,,,,,,,,,,,
https://www.youtube.com/watch?v=LEjhY15eCx0,joy_trailer,15,I cried when watching this. Every bit of us is equally important. Thank you for making such an amazing movie,sadness,positive,,,,,,,,,,,,The comment expresses sadness ('cried') but overall positive sentiment towards the movie and its message.,deepseek_v4pro_ai_labeling,,,,,,,,,,,,,,,,,,,,,,
https://www.youtube.com/watch?v=LEjhY15eCx0,joy_trailer,16,"I love how Riley's mom doesn't have those extra emotions, meaning she grew out of them and she's comfortable showing her basic emotions without overthinking stuff.",joy,positive,,,,,,,,,,,,"The comment expresses admiration and appreciation for a character's emotional maturity, conveying a positive and joyful sentiment.",deepseek_v4pro_ai_labeling,,,,,,,,,,,,,,,,,,,,,,
https://www.youtube.com/watch?v=LEjhY15eCx0,joy_trailer,17,"""WE ARE SUPPRESSED EMOTIONS."" My entire childhood summed up in one sentence. 😂",joy,positive,,,,,,,,,,,,"The comment uses laughter emoji and humor to reflect on a serious topic, indicating a positive, lighthearted tone.",deepseek_v4pro_ai_labeling,,,,,,,,,,,,,,,,,,,,,,
https://www.youtube.com/watch?v=LEjhY15eCx0,joy_trailer,18,*THIS MOVIE SERIOUSLY HELPED ME WITH MY ANXIETY* 😭😭😭😭😭😭😭😭😭😭😭😭😭😭😭,joy,positive,,,,,,,,,,,,"The comment expresses gratitude and relief that the movie helped with anxiety, with crying emojis indicating emotional release or joy.",deepseek_v4pro_ai_labeling,,,,,,,,,,,,,,,,,,,,,,
https://www.youtube.com/watch?v=LEjhY15eCx0,joy_trailer,19,That bit with the sar-chasm is absolutely brilliant,joy,positive,,,,,,,,,,,,"The comment expresses admiration and amusement at a clever pun, indicating joy and positive sentiment.",deepseek_v4pro_ai_labeling,,,,,,,,,,,,,,,,,,,,,,
https://www.youtube.com/watch?v=LEjhY15eCx0,joy_trailer,20,Inside Out is one of those Disney movies where a sequel actually makes sense and could work very well,joy,positive,,,,,,,,,,,,"Expresses positive anticipation and approval for a sequel, indicating joy.",deepseek_v4pro_ai_labeling,,,,,,,,,,,,,,,,,,,,,,
https://www.youtube.com/watch?v=LEjhY15eCx0,joy_trailer,21,I like how they tie in the emotions with ordinary teenage tropes like wanting to fit in and abandoning old friends for new ones,joy,positive,,,,,,,,,,,,The comment expresses appreciation and enjoyment of how emotions are tied to relatable teenage experiences.,deepseek_v4pro_ai_labeling,,,,,,,,,,,,,,,,,,,,,,
https://www.youtube.com/watch?v=LEjhY15eCx0,joy_trailer,22,Happy one year anniversary to inside out two,joy,positive,,,,,,,,,,,,The comment expresses celebration and happiness for a movie anniversary.,deepseek_v4pro_ai_labeling,,,,,,,,,,,,,,,,,,,,,,
https://www.youtube.com/watch?v=LEjhY15eCx0,joy_trailer,23,"“Riley’s life requires more sophisticated emotions than all of you,” says Anxiety speaking to Joy. That was a crazy bar if I ever heard one. I feel growing up made it harder to just be joyous/happy with nothing else.",sadness,negative,,,,,,,,,,,,"The comment reflects on the difficulty of maintaining joy as one grows up, expressing a sense of loss and melancholy.",deepseek_v4pro_ai_labeling,,,,,,,,,,,,,,,,,,,,,,
https://www.youtube.com/watch?v=LEjhY15eCx0,joy_trailer,24,“You can’t just bottle us up!” We now found out what happens to every teenager's main 5 emotions when they enter high school,joy,positive,,,,,,,,,,,,"The comment uses humor and a playful reference to the movie Inside Out to describe teenage emotions, conveying amusement and lightheartedness.",deepseek_v4pro_ai_labeling,,,,,,,,,,,,,,,,,,,,,,
https://www.youtube.com/watch?v=LEjhY15eCx0,joy_trailer,25,"my favorite scene from the movie was a pretty insubstantial one- the scene where riley is walking with the new hockey team without her friends and trying to fit in, but she doesn’t know where to look or what to do with her hands. that was scarily relatable as someone who is socially anxious.",sadness,negative,,,,,,,,,,,,"The comment expresses a relatable but painful experience of social anxiety, evoking sadness and discomfort.",deepseek_v4pro_ai_labeling,,,,,,,,,,,,,,,,,,,,,,
https://www.youtube.com/watch?v=LEjhY15eCx0,joy_trailer,26,""" You cant just bottle us up!"" Well good to know Joy still has her development from the first movie XD.",joy,positive,,,,,,,,,,,,"The comment expresses amusement and appreciation for a character's development, indicated by 'XD' and positive tone.",deepseek_v4pro_ai_labeling,,,,,,,,,,,,,,,,,,,,,,
https://www.youtube.com/watch?v=LEjhY15eCx0,joy_trailer,27,"0:41 ""oh yeah, not happening"" she's such a mood",joy,positive,,,,,,,,,,,,"The comment expresses amusement and relatability, finding humor in the quoted moment.",deepseek_v4pro_ai_labeling,,,,,,,,,,,,,,,,,,,,,,
https://www.youtube.com/watch?v=LEjhY15eCx0,joy_trailer,28,"Glad that the other emotions: Fear, Anger, Disgust get to join in adventuring around Riley's mind now",joy,positive,,,,,,,,,,,,"The comment expresses happiness about other emotions joining the adventure, indicating a positive sentiment and joy.",deepseek_v4pro_ai_labeling,,,,,,,,,,,,,,,,,,,,,,
https://www.youtube.com/watch?v=LEjhY15eCx0,joy_trailer,29,"Im an adult who struggles with anxiety and even tho i consider myself quite emotionally intelligent and aware of my emotions, this movie was quite thought provoking, very eye-opening and so very well put and represented!! And funny at the same time, but also deep, wish i had seen this movie younger.... i cried so much watching this and this younger generation of kids are blessed to grow up with movies about emotions ❤🙏",joy,positive,,,,,,,,,,,,"The comment expresses gratitude, appreciation, and emotional relief, with positive words like 'blessed', 'eye-opening', and 'funny', despite mentioning anxiety and crying.",deepseek_v4pro_ai_labeling,,,,,,,,,,,,,,,,,,,,,,
https://www.youtube.com/watch?v=LEjhY15eCx0,joy_trailer,30,"""That is the preview of the next 10 years."" That is the best line in this whole movie.",joy,positive,,,,,,,,,,,,"The comment expresses strong approval and enjoyment of a specific line in the movie, indicating a positive sentiment and joy.",deepseek_v4pro_ai_labeling,,,,,,,,,,,,,,,,,,,,,,
https://www.youtube.com/watch?v=LEjhY15eCx0,joy_trailer,31,"This is a Pixar sequel that seems necessary, especially that the new emotions are very relatable for a lot of people.",joy,positive,,,,,,,,,,,,"The comment expresses approval and finds the sequel necessary and relatable, indicating a positive sentiment and joy.",deepseek_v4pro_ai_labeling,,,,,,,,,,,,,,,,,,,,,,
https://www.youtube.com/watch?v=LEjhY15eCx0,joy_trailer,32,Embarrassment is just a big softie and I love him...,joy,positive,,,,,,,,,,,,"The comment expresses affection and love towards 'Embarrassment', indicating a positive sentiment and joy.",deepseek_v4pro_ai_labeling,,,,,,,,,,,,,,,,,,,,,,
https://www.youtube.com/watch?v=LEjhY15eCx0,joy_trailer,33,"Pixar's challenges always make me excited. I hope movies like this continue to come out in the future, including Inside Out 3!",joy,positive,,,,,,,,,,,,"Expresses excitement and hope for future movies, indicating joy.",deepseek_v4pro_ai_labeling,,,,,,,,,,,,,,,,,,,,,,
https://www.youtube.com/watch?v=LEjhY15eCx0,joy_trailer,34,"I was not expecting the new emotions to take over Riley’s mind, now this is gonna be one epic of a movie.",surprise,positive,,,,,,,,,,,,Expresses surprise at the plot twist but excitement for the movie.,deepseek_v4pro_ai_labeling,,,,,,,,,,,,,,,,,,,,,,
https://www.youtube.com/watch?v=LEjhY15eCx0,joy_trailer,35,"1:37 i love how they used the expression ""bottling up emotions"" literally.",joy,positive,,,,,,,,,,,,"The comment expresses amusement and appreciation for a clever literal interpretation of a phrase, indicating joy.",deepseek_v4pro_ai_labeling,,,,,,,,,,,,,,,,,,,,,,
https://www.youtube.com/watch?v=LEjhY15eCx0,joy_trailer,36,Love Pixar for establishing fear and anxiety as two very different emotions. They're too commonly grouped together as synonyms rather than acknowledged as distinctive feelings.,joy,positive,,,,,,,,,,,,Expresses appreciation and love for Pixar's nuanced portrayal of emotions.,deepseek_v4pro_ai_labeling,,,,,,,,,,,,,,,,,,,,,,
https://www.youtube.com/watch?v=LEjhY15eCx0,joy_trailer,37,"I watched the full movie, and I can’t believe how much it made me cry!! The first one came out when I was younger and things were therefore a lot easier. This is the only movie I’ve ever watched that I can truly relate to, because it shows how messy growing up can be. Things get harder, you start to feel things you’ve never experienced before, like anxiety. But it’s also a good reminder to embrace all parts of yourself",sadness,positive,,,,,,,,,,,,"The comment expresses sadness from crying and relating to messy growing up, but ends with a positive reminder to embrace oneself, making the dominant emotion sadness with an overall positive sentiment.",deepseek_v4pro_ai_labeling,,,,,,,,,,,,,,,,,,,,,,
https://www.youtube.com/watch?v=LEjhY15eCx0,joy_trailer,38,"“You cant just bottle us up!” That is such a great pun, and the fact that it will probably be a MAJOR plot point makes it even funnier",joy,positive,,,,,,,,,,,,"The comment expresses amusement and appreciation for a pun, indicating joy and a positive sentiment.",deepseek_v4pro_ai_labeling,,,,,,,,,,,,,,,,,,,,,,
https://www.youtube.com/watch?v=LEjhY15eCx0,joy_trailer,39,"Envy, Ennui, and Embarrassment's designs are really interesting. Envy is a child, Ennui as an emo, and Embarrassment is a big guy that shy.",joy,positive,,,,,,,,,,,,"The comment expresses appreciation and interest in the character designs, indicating a positive sentiment and joy.",deepseek_v4pro_ai_labeling,,,,,,,,,,,,,,,,,,,,,,
https://www.youtube.com/watch?v=LEjhY15eCx0,joy_trailer,40,That ‘sarcasm’ bit was genius,joy,positive,,,,,,,,,,,,"The comment expresses admiration and amusement, indicating joy.",deepseek_v4pro_ai_labeling,,,,,,,,,,,,,,,,,,,,,,
https://www.youtube.com/watch?v=LEjhY15eCx0,joy_trailer,41,"For those of you who want to nitpick this movie, I am genuinely glad that this movie doesn’t resonate with you in the way it does to me. The particulars with which we struggle with our emotions, so unique to each of us - and I for one struggle with anxiety all the time - I feel that this is the best representation of emotion I’ve ever seen. so I would love to see you guys make a script that apparently does this better, but I have yet to see anything of substance that makes me feel so seen in a world that is ready to judge and criticize anyone that doesn’t measure up.",joy,positive,,,,,,,,,,,,"The comment expresses deep appreciation and personal connection to the movie, describing it as the best representation of emotion and feeling 'seen', which conveys joy and gratitude despite acknowledging potential criticism.",deepseek_v4pro_ai_labeling,,,,,,,,,,,,,,,,,,,,,,
https://www.youtube.com/watch?v=LEjhY15eCx0,joy_trailer,42,"Anxiety saying that her job is to ""plan for the future"" is PERFECT. Constantly imagining future situations at the expense of present reality. Chef's kiss.",joy,positive,,,,,,,,,,,,"The comment expresses delight and appreciation for the characterization of Anxiety, using 'PERFECT' and 'Chef's kiss' to convey joy.",deepseek_v4pro_ai_labeling,,,,,,,,,,,,,,,,,,,,,,
https://www.youtube.com/watch?v=LEjhY15eCx0,joy_trailer,43,"I love that they used the “bottle up” scene literally and metaphorically. That’s pretty brilliant considering that whenever we feel anxious, envy, or embarrassment we do bottle up our other emotions sometimes. We grew up with Inside Out as kids, now we’re growing up with Inside Out 2 when we’re older.",joy,positive,,,,,,,,,,,,"Expresses appreciation and admiration for the film's creative use of metaphor, with a nostalgic and positive tone.",deepseek_v4pro_ai_labeling,,,,,,,,,,,,,,,,,,,,,,
https://www.youtube.com/watch?v=LEjhY15eCx0,joy_trailer,44,"I think it's really heartwarming that Joy has fully accepted Sadness for who she is, and how important she is for Riley. And I like already how Fear and Anxiety are fearful/worried about two completely different things: Fear is worried for more concrete concerns in the present, anxiety is worried about more abstract concerns that could or could not be in the future. Fear is worried about the possibility that Riley could get hit in the mouth with a hockey puck (which is rational and easily fixed), Anxiety is worried that if Riley does not make a good first impression on the cool kids that in the future she will not be popular/have friends (which is irrational but feels oh so important now that she has to or else she will be thinking about it for the next year).",joy,positive,,,,,,,,,,,,"The comment expresses appreciation and positive analysis of character dynamics, using words like 'heartwarming' and 'like', indicating joy.",deepseek_v4pro_ai_labeling,,,,,,,,,,,,,,,,,,,,,,
https://www.youtube.com/watch?v=LEjhY15eCx0,joy_trailer,45,"One year ago this trailer is out... I remember how i was excited for the sequel to come out and well... Thank you Pixar for this absolute classic. This is another movie since original that made my cry, and i could talk for hours about why I love this universe. I cannot wait for third part and once again. Thank you Pixar for gave us a masterful of sequel",joy,positive,,,,,,,,,,,,"Expresses excitement, gratitude, and love for the movie, with positive anticipation for the sequel.",deepseek_v4pro_ai_labeling,,,,,,,,,,,,,,,,,,,,,,
https://www.youtube.com/watch?v=LEjhY15eCx0,joy_trailer,46,"Okay, I wasn't expecting Anxiety to _literally_ bottle up Riley's emotions, but that's a really cool twist! Really hyped for this movie!",joy,positive,,,,,,,,,,,,"Expresses excitement and positive anticipation for the movie, with a sense of pleasant surprise.",deepseek_v4pro_ai_labeling,,,,,,,,,,,,,,,,,,,,,,
https://www.youtube.com/watch?v=LEjhY15eCx0,joy_trailer,47,The brilliance of Anxiety having lots of baggage… pure brilliance…,joy,positive,,,,,,,,,,,,"The comment expresses admiration and appreciation for the cleverness of the concept, using 'brilliance' twice, indicating joy.",deepseek_v4pro_ai_labeling,,,,,,,,,,,,,,,,,,,,,,
https://www.youtube.com/watch?v=LEjhY15eCx0,joy_trailer,48,0:45 0:53 I feel like Envy and Disgust will have a Big Sister/ Little Sister relationship because they both look similar and seeing Disgust hold Envy is just too adorable.,joy,positive,,,,,,,,,,,,"The comment expresses delight and finds the interaction between characters adorable, indicating joy.",deepseek_v4pro_ai_labeling,,,,,,,,,,,,,,,,,,,,,,
https://www.youtube.com/watch?v=LEjhY15eCx0,joy_trailer,49,Bro Pixar really did A good job on this movie! 😁,joy,positive,,,,,,,,,,,,"Expresses happiness and praise for Pixar's work, with a smiling emoji reinforcing the positive emotion.",deepseek_v4pro_ai_labeling,,,,,,,,,,,,,,,,,,,,,,
https://www.youtube.com/watch?v=LEjhY15eCx0,joy_trailer,50,Disgust holding up envy like a doll is the cutest thing ever 😭,joy,positive,,,,,,,,,,,,"The comment expresses delight and finds something cute, despite mentioning negative emotions like disgust and envy, the overall tone is joyful.",deepseek_v4pro_ai_labeling,,,,,,,,,,,,,,,,,,,,,,
https://www.youtube.com/watch?v=JVxCp22WatU,brand_crisis_negative,1,"If she does that where EVERYONE can see, I wonder what she does when no one is looking ( while on the clock)",disgust,negative,,,,,,,,,,,,"The comment implies inappropriate behavior, expressing disapproval and disgust.",deepseek_v4pro_ai_labeling,,,,,,,,,,,,,,,,,,,,,,
https://www.youtube.com/watch?v=JVxCp22WatU,brand_crisis_negative,2,"Is she wearing a manager uniform too? That's beyond stupid, it's intentionally negligent.",anger,negative,,,,,,,,,,,,"The comment expresses strong disapproval and frustration, calling the action 'beyond stupid' and 'intentionally negligent', indicating anger.",deepseek_v4pro_ai_labeling,,,,,,,,,,,,,,,,,,,,,,
https://www.youtube.com/watch?v=JVxCp22WatU,brand_crisis_negative,3,I hope this video was forwarded to the local health department!,anger,negative,,,,,,,,,,,,"The comment expresses a desire for the video to be reported to authorities, implying disapproval or concern about the content.",deepseek_v4pro_ai_labeling,,,,,,,,,,,,,,,,,,,,,,
https://www.youtube.com/watch?v=JVxCp22WatU,brand_crisis_negative,4,That’s your local McDonald’s store manager demanding to be paid $75k a year…,anger,negative,,,,,,,,,,,,"The comment expresses frustration and criticism towards a McDonald's manager demanding a high salary, implying it is unreasonable.",deepseek_v4pro_ai_labeling,,,,,,,,,,,,,,,,,,,,,,
https://www.youtube.com/watch?v=JVxCp22WatU,brand_crisis_negative,5,The worst part is it's actually one of the managers that are doing it not just a regular employee,anger,negative,,,,,,,,,,,,"Expresses frustration and disapproval towards a manager's behavior, indicating anger.",deepseek_v4pro_ai_labeling,,,,,,,,,,,,,,,,,,,,,,
https://www.youtube.com/watch?v=JVxCp22WatU,brand_crisis_negative,6,Time to call the McHealth inspector 😂,joy,positive,,,,,,,,,,,,"The comment uses a laughing emoji and a playful pun, indicating amusement and a positive tone.",deepseek_v4pro_ai_labeling,,,,,,,,,,,,,,,,,,,,,,
https://www.youtube.com/watch?v=JVxCp22WatU,brand_crisis_negative,7,Not just any McDonald’s worker… a McDonald’s manager 😂😂😂,joy,positive,,,,,,,,,,,,"The comment uses laughing emojis and a playful tone, indicating amusement and joy.",deepseek_v4pro_ai_labeling,,,,,,,,,,,,,,,,,,,,,,
https://www.youtube.com/watch?v=JVxCp22WatU,brand_crisis_negative,8,😆 🤣 😂 she was sacrificing the mop to the fry gods 😆 🤣 😂,joy,positive,,,,,,,,,,,,Laughter emojis and humorous description indicate joy and positive sentiment.,deepseek_v4pro_ai_labeling,,,,,,,,,,,,,,,,,,,,,,
https://www.youtube.com/watch?v=JVxCp22WatU,brand_crisis_negative,9,"WTF, that's disgusting and disturbing 😮",disgust,negative,,,,,,,,,,,,"Explicit expression of disgust and disturbance, reinforced by the 'WTF' and emoji.",deepseek_v4pro_ai_labeling,,,,,,,,,,,,,,,,,,,,,,
https://www.youtube.com/watch?v=JVxCp22WatU,brand_crisis_negative,10,Clearly Ronald McDonald ain’t the only clown that works there,anger,negative,,,,,,,,,,,,"The comment uses sarcasm to insult someone by comparing them to a clown, implying incompetence or foolishness, which conveys anger and negativity.",deepseek_v4pro_ai_labeling,,,,,,,,,,,,,,,,,,,,,,
https://www.youtube.com/watch?v=JVxCp22WatU,brand_crisis_negative,11,"I worked at McDonald's and mopped the floor for many years. I never did this even once. There's ABSOLUTELY NO REASON TO DO THIS. You can dry the mop by squeezing and dry mopping the floor. Leave signs up for everyone walking. It will dry within 10 minutes. This is disgusting and DOWNRIGHT STUPID. You need to report them to the city immediately, that can poison the food.",anger,negative,,,,,,,,,,,,"The comment expresses strong disapproval and frustration, using words like 'disgusting' and 'stupid', and calls for reporting, indicating anger.",deepseek_v4pro_ai_labeling,,,,,,,,,,,,,,,,,,,,,,
https://www.youtube.com/watch?v=JVxCp22WatU,brand_crisis_negative,12,"Jon Taffer just entered the Chat,”You Get the Hell outta here!” 😂",joy,positive,,,,,,,,,,,,"The comment uses a laughing emoji and references a humorous TV moment, indicating amusement and joy.",deepseek_v4pro_ai_labeling,,,,,,,,,,,,,,,,,,,,,,
https://www.youtube.com/watch?v=JVxCp22WatU,brand_crisis_negative,13,"As a business owner, it still amazes me how in life it takes many talented people to grow your business, but just one idiot to damage it.",surprise,negative,,,,,,,,,,,,"The comment expresses amazement (surprise) at the contrast between the positive effort of many talented people and the negative impact of one idiot, with an overall negative sentiment due to the focus on damage.",deepseek_v4pro_ai_labeling,,,,,,,,,,,,,,,,,,,,,,
https://www.youtube.com/watch?v=JVxCp22WatU,brand_crisis_negative,14,Employees just walking by like it’s a normal day though 🤢🤮,disgust,negative,,,,,,,,,,,,The comment uses disgust emojis (🤢🤮) and expresses revulsion at employees acting normally in a disturbing situation.,deepseek_v4pro_ai_labeling,,,,,,,,,,,,,,,,,,,,,,
https://www.youtube.com/watch?v=JVxCp22WatU,brand_crisis_negative,15,The fact that no one is saying anything to her tells me they’re all nasty 🤮,disgust,negative,,,,,,,,,,,,"The comment expresses disgust towards the people not speaking up, reinforced by the vomit emoji.",deepseek_v4pro_ai_labeling,,,,,,,,,,,,,,,,,,,,,,
https://www.youtube.com/watch?v=JVxCp22WatU,brand_crisis_negative,16,Newsome probably nodding his head in approval 😂😂😂😂😂,joy,positive,,,,,,,,,,,,"The comment uses laughter emojis and implies approval, indicating amusement and positive sentiment.",deepseek_v4pro_ai_labeling,,,,,,,,,,,,,,,,,,,,,,
https://www.youtube.com/watch?v=JVxCp22WatU,brand_crisis_negative,17,"Nah, don't hide her face she's not hiding what's she's doing!!! SMH 🤦‍♀️",anger,negative,,,,,,,,,,,,"Expresses frustration and disapproval with the subject's actions, using 'SMH' and facepalm emoji.",deepseek_v4pro_ai_labeling,,,,,,,,,,,,,,,,,,,,,,
https://www.youtube.com/watch?v=JVxCp22WatU,brand_crisis_negative,18,She should get fired. No common sense at all.,anger,negative,,,,,,,,,,,,"Expresses strong disapproval and a desire for punishment, indicating anger.",deepseek_v4pro_ai_labeling,,,,,,,,,,,,,,,,,,,,,,
https://www.youtube.com/watch?v=JVxCp22WatU,brand_crisis_negative,19,When you're so high at work you don't know what the hell you're doing.,joy,positive,,,,,,,,,,,,"The comment uses humor to describe a relatable, lighthearted situation, implying amusement rather than distress.",deepseek_v4pro_ai_labeling,,,,,,,,,,,,,,,,,,,,,,
https://www.youtube.com/watch?v=JVxCp22WatU,brand_crisis_negative,20,absolutely do not hide her face. expose this person! tampering with a foodsource is a federal offense.,anger,negative,,,,,,,,,,,,"The comment expresses strong disapproval and demands exposure, indicating anger and negative sentiment.",deepseek_v4pro_ai_labeling,,,,,,,,,,,,,,,,,,,,,,
https://www.youtube.com/watch?v=JVxCp22WatU,brand_crisis_negative,21,"That's freaking disgusting, the health department needs to shut that restaurant down",disgust,negative,,,,,,,,,,,,Explicit expression of disgust and strong disapproval towards the restaurant's conditions.,deepseek_v4pro_ai_labeling,,,,,,,,,,,,,,,,,,,,,,
https://www.youtube.com/watch?v=JVxCp22WatU,brand_crisis_negative,22,There's something wrong with that lady if she sees nothing wrong with doing this.,anger,negative,,,,,,,,,,,,Expresses disapproval and frustration towards the lady's actions.,deepseek_v4pro_ai_labeling,,,,,,,,,,,,,,,,,,,,,,
https://www.youtube.com/watch?v=JVxCp22WatU,brand_crisis_negative,23,I hope someone contacted the health department. She needs to be fired and sued...unacceptable,anger,negative,,,,,,,,,,,,"Expresses strong disapproval and desire for punishment, indicating anger.",deepseek_v4pro_ai_labeling,,,,,,,,,,,,,,,,,,,,,,
https://www.youtube.com/watch?v=JVxCp22WatU,brand_crisis_negative,24,Got that mcphatty,joy,positive,,,,,,,,,,,,The comment uses playful language ('mcphatty') suggesting amusement or lightheartedness.,deepseek_v4pro_ai_labeling,,,,,,,,,,,,,,,,,,,,,,
https://www.youtube.com/watch?v=JVxCp22WatU,brand_crisis_negative,25,Whoever wrote the video title needs to stop coming to work high 😂,joy,positive,,,,,,,,,,,,"The comment uses a laughing emoji and humorously criticizes the title writer, indicating amusement rather than genuine anger.",deepseek_v4pro_ai_labeling,,,,,,,,,,,,,,,,,,,,,,
https://www.youtube.com/watch?v=JVxCp22WatU,brand_crisis_negative,26,"abc news cant even title their video properly. ""drying lamp under food heat lamps"" are you shitting me?",anger,negative,,,,,,,,,,,,"The comment expresses frustration and anger at ABC News for a poorly titled video, using strong language like 'shitting me'.",deepseek_v4pro_ai_labeling,,,,,,,,,,,,,,,,,,,,,,
https://www.youtube.com/watch?v=JVxCp22WatU,brand_crisis_negative,27,U CANNOT tell me that not even 1 drop of dirty mop water fell in the fries 🍟,disgust,negative,,,,,,,,,,,,"The comment expresses disgust at the idea of dirty mop water contaminating fries, with a negative sentiment.",deepseek_v4pro_ai_labeling,,,,,,,,,,,,,,,,,,,,,,
https://www.youtube.com/watch?v=JVxCp22WatU,brand_crisis_negative,28,This is literally every McDonald's. Ive worked there. Ive seen people defile food just because someone ordering had a little attitude.,anger,negative,,,,,,,,,,,,"The comment describes witnessing food being defiled due to customer attitude, expressing frustration and anger towards the behavior.",deepseek_v4pro_ai_labeling,,,,,,,,,,,,,,,,,,,,,,
https://www.youtube.com/watch?v=JVxCp22WatU,brand_crisis_negative,29,"the question isn't ""why is she drying the mop over food?"" The question is, ""WHY IS SHE DRYING THE MOP?""",surprise,negative,,,,,,,,,,,,"The comment expresses disbelief and criticism about the absurdity of drying a mop over food, with emphasis on the mop itself being problematic.",deepseek_v4pro_ai_labeling,,,,,,,,,,,,,,,,,,,,,,
https://www.youtube.com/watch?v=JVxCp22WatU,brand_crisis_negative,30,"Disgusting!! Not only should she be fired, but she should also never be allowed to work in an environment serving food to customers again!",anger,negative,,,,,,,,,,,,"The comment expresses strong disapproval and outrage, using words like 'disgusting' and calling for severe consequences, indicating anger.",deepseek_v4pro_ai_labeling,,,,,,,,,,,,,,,,,,,,,,
https://www.youtube.com/watch?v=JVxCp22WatU,brand_crisis_negative,31,She needs to be fired ASAP!!,anger,negative,,,,,,,,,,,,"The comment expresses strong disapproval and demands termination, indicating anger.",deepseek_v4pro_ai_labeling,,,,,,,,,,,,,,,,,,,,,,
https://www.youtube.com/watch?v=JVxCp22WatU,brand_crisis_negative,32,"I wouldn't eat there, but boss lady is killing them McDonald's pants😅😅",joy,positive,,,,,,,,,,,,"The comment uses laughing emojis and a playful tone, indicating amusement and joy despite the initial negative statement.",deepseek_v4pro_ai_labeling,,,,,,,,,,,,,,,,,,,,,,
https://www.youtube.com/watch?v=JVxCp22WatU,brand_crisis_negative,33,"“1 McMop and 2 McBootyCheeks please, extra mcSauce while we’re at it chief”",joy,positive,,,,,,,,,,,,"The comment uses playful, humorous language referencing McDonald's items in a silly way, indicating amusement and joy.",deepseek_v4pro_ai_labeling,,,,,,,,,,,,,,,,,,,,,,
https://www.youtube.com/watch?v=JVxCp22WatU,brand_crisis_negative,34,The fact nobody else on staff is stopping her is concerning,fear,negative,,,,,,,,,,,,The word 'concerning' indicates worry or fear about the situation.,deepseek_v4pro_ai_labeling,,,,,,,,,,,,,,,,,,,,,,
https://www.youtube.com/watch?v=JVxCp22WatU,brand_crisis_negative,35,"reminder for everyone to stop eating mcdonalds in 2024,",neutral,neutral,,,,,,,,,,,,The comment is a factual reminder without emotional language or strong opinion.,deepseek_v4pro_ai_labeling,,,,,,,,,,,,,,,,,,,,,,
https://www.youtube.com/watch?v=JVxCp22WatU,brand_crisis_negative,36,“Drying lamp under foot heat lamps” ??? What?? 🤨 I swear mfs don’t proofread anymore,neutral,negative,,,,,,,,,,,,"Expresses confusion and frustration about a nonsensical phrase, with a negative tone.",deepseek_v4pro_ai_labeling,,,,,,,,,,,,,,,,,,,,,,
https://www.youtube.com/watch?v=JVxCp22WatU,brand_crisis_negative,37,DISGUSTING! McDonald’s should be sued to high heaven to allow this right over food!,anger,negative,,,,,,,,,,,,"The comment expresses strong outrage and disgust, using all caps and calling for legal action, indicating anger.",deepseek_v4pro_ai_labeling,,,,,,,,,,,,,,,,,,,,,,
https://www.youtube.com/watch?v=JVxCp22WatU,brand_crisis_negative,38,"That’s the manager also, what the hell is she thinking? Why is she doing that?",anger,negative,,,,,,,,,,,,"The comment expresses frustration and disbelief at the manager's actions, using strong language like 'what the hell' and questioning her thinking.",deepseek_v4pro_ai_labeling,,,,,,,,,,,,,,,,,,,,,,
https://www.youtube.com/watch?v=JVxCp22WatU,brand_crisis_negative,39,As if I needed another reason to avoid McDonalds.,disgust,negative,,,,,,,,,,,,"Expresses aversion and a desire to avoid McDonald's, indicating disgust.",deepseek_v4pro_ai_labeling,,,,,,,,,,,,,,,,,,,,,,
https://www.youtube.com/watch?v=JVxCp22WatU,brand_crisis_negative,40,I love how she doesn’t even have on gloves… and right after prob went straight to stirrin the Big Mac sauce,disgust,negative,,,,,,,,,,,,"The comment criticizes the lack of hygiene, expressing disgust at the unsanitary behavior.",deepseek_v4pro_ai_labeling,,,,,,,,,,,,,,,,,,,,,,
https://www.youtube.com/watch?v=JVxCp22WatU,brand_crisis_negative,41,If you care about your health just cook your own food at home. You have no idea how bad some kitchens are,anger,negative,,,,,,,,,,,,"The comment expresses frustration and concern about the poor state of some kitchens, implying a negative sentiment and anger towards the lack of hygiene.",deepseek_v4pro_ai_labeling,,,,,,,,,,,,,,,,,,,,,,
https://www.youtube.com/watch?v=JVxCp22WatU,brand_crisis_negative,42,McDonald’s is a health risk.,anger,negative,,,,,,,,,,,,Expresses strong disapproval and concern about health risks.,deepseek_v4pro_ai_labeling,,,,,,,,,,,,,,,,,,,,,,
https://www.youtube.com/watch?v=JVxCp22WatU,brand_crisis_negative,43,Telling you I don’t trust people to do their jobs like back in the ole days 💯 common sense is going extinct!,anger,negative,,,,,,,,,,,,"Expresses distrust and frustration about declining common sense, with a negative tone.",deepseek_v4pro_ai_labeling,,,,,,,,,,,,,,,,,,,,,,
https://www.youtube.com/watch?v=JVxCp22WatU,brand_crisis_negative,44,You’ve gyattt to be kidding me,surprise,negative,,,,,,,,,,,,"The phrase 'you've got to be kidding me' expresses disbelief and frustration, with 'gyattt' adding emphasis, indicating surprise mixed with negative sentiment.",deepseek_v4pro_ai_labeling,,,,,,,,,,,,,,,,,,,,,,
https://www.youtube.com/watch?v=JVxCp22WatU,brand_crisis_negative,45,This B needs to be fired immediately!!!,anger,negative,,,,,,,,,,,,"The comment expresses strong anger and demands firing, with exclamation marks intensifying the negative sentiment.",deepseek_v4pro_ai_labeling,,,,,,,,,,,,,,,,,,,,,,
https://www.youtube.com/watch?v=JVxCp22WatU,brand_crisis_negative,46,The title of this video almost gave me a stroke,surprise,negative,,,,,,,,,,,,"The comment uses hyperbole ('gave me a stroke') to express shock or surprise, likely due to the video's title being unexpected or alarming, which carries a negative connotation.",deepseek_v4pro_ai_labeling,,,,,,,,,,,,,,,,,,,,,,
https://www.youtube.com/watch?v=JVxCp22WatU,brand_crisis_negative,47,Hol up I'm the only one who seen this mf said drying a lamp under a heat lamps😅😅😂,joy,positive,,,,,,,,,,,,"The comment uses laughing emojis and finds humor in the situation, indicating amusement and joy.",deepseek_v4pro_ai_labeling,,,,,,,,,,,,,,,,,,,,,,
https://www.youtube.com/watch?v=JVxCp22WatU,brand_crisis_negative,48,This is why I’m vegan and eat at home. lol 😂,joy,positive,,,,,,,,,,,,"The comment uses 'lol' and a laughing emoji, indicating amusement or joy, despite the context of veganism.",deepseek_v4pro_ai_labeling,,,,,,,,,,,,,,,,,,,,,,
https://www.youtube.com/watch?v=JVxCp22WatU,brand_crisis_negative,49,They should rethink the entire staff at that point..,anger,negative,,,,,,,,,,,,"Expresses disapproval and frustration towards the staff, implying a need for drastic change.",deepseek_v4pro_ai_labeling,,,,,,,,,,,,,,,,,,,,,,
https://www.youtube.com/watch?v=JVxCp22WatU,brand_crisis_negative,50,“Customer sees worker drying LAMP under food heat LAMP” I mean how much are you paying these idiots lmao,anger,negative,,,,,,,,,,,,"The comment expresses frustration and anger towards the workers, calling them 'idiots' and criticizing the situation.",deepseek_v4pro_ai_labeling,,,,,,,,,,,,,,,,,,,,,,
