video,video_short,comment_index,comment,evaluation_task,model_stage,model_name,manual_label,predicted_label,raw_model_label,prediction_score,match
https://www.youtube.com/watch?v=d2dgJGkw5p0,rare_earths,1,Learn more: Why Rare Earths Are China’s Trump Card in Trade War - https://bloom.bg/4nG7F63,7-emotion,pre-tuning public baseline,j-hartmann/emotion-english-distilroberta-base,neutral,neutral,neutral,0.7637,Yes
https://www.youtube.com/watch?v=d2dgJGkw5p0,rare_earths,2,Funny how they complain they cannot bully China,7-emotion,pre-tuning public baseline,j-hartmann/emotion-english-distilroberta-base,anger,neutral,neutral,0.3571,No
https://www.youtube.com/watch?v=d2dgJGkw5p0,rare_earths,3,"Remember the US restricted sale of semiconductors to China, they responded by restricting sale of rare earth materials to the US. In the old days western countries dominated world trade, now that has shifted to Asia. The western powers must accept one thing, you can't dominate the world forever.",7-emotion,pre-tuning public baseline,j-hartmann/emotion-english-distilroberta-base,anger,neutral,neutral,0.6278,No
https://www.youtube.com/watch?v=d2dgJGkw5p0,rare_earths,4,China is only using rare earth as geopolitical leverage in response to US using its dominance in semiconductor as geopolitical leverage.,7-emotion,pre-tuning public baseline,j-hartmann/emotion-english-distilroberta-base,neutral,neutral,neutral,0.9097,Yes
https://www.youtube.com/watch?v=d2dgJGkw5p0,rare_earths,5,China never used it as geopolitical leverage until it had to.,7-emotion,pre-tuning public baseline,j-hartmann/emotion-english-distilroberta-base,neutral,neutral,neutral,0.9306,Yes
https://www.youtube.com/watch?v=d2dgJGkw5p0,rare_earths,6,You can restrict semiconductors and chips to China but China can't hold rare earth material,7-emotion,pre-tuning public baseline,j-hartmann/emotion-english-distilroberta-base,anger,neutral,neutral,0.9375,No
https://www.youtube.com/watch?v=d2dgJGkw5p0,rare_earths,7,Maybe not using your precious Rare earth on weapons. 😂,7-emotion,pre-tuning public baseline,j-hartmann/emotion-english-distilroberta-base,anger,neutral,neutral,0.8235,No
https://www.youtube.com/watch?v=d2dgJGkw5p0,rare_earths,8,"I remember learning in school back around 2000 that we in China had the rare earth deposits but our refining capability was so poor we could only export raw ore to countries like Japan, making a tiny profit in the whole value chain. Now watching this video i feel proud of my country and our people. We don't need to argue with others. Just do our job, improvise everyday and enjoy our lives. We dont need to envy or be afraid of the bullies.",7-emotion,pre-tuning public baseline,j-hartmann/emotion-english-distilroberta-base,joy,joy,joy,0.9795,Yes
https://www.youtube.com/watch?v=d2dgJGkw5p0,rare_earths,9,"There is nothing rare about ""rare"" earths. Its the processing plants that are rare.",7-emotion,pre-tuning public baseline,j-hartmann/emotion-english-distilroberta-base,neutral,neutral,neutral,0.8214,Yes
https://www.youtube.com/watch?v=d2dgJGkw5p0,rare_earths,10,"US is always the one that starting the trouble, China just reacting. this REM case show that many times US start something without thinking everything. like so many other cases. when you started it, don't blame others for reacting.",7-emotion,pre-tuning public baseline,j-hartmann/emotion-english-distilroberta-base,anger,neutral,neutral,0.3705,No
https://www.youtube.com/watch?v=d2dgJGkw5p0,rare_earths,11,"BRAZIL is a BRICKS member and US imposed 50% on this country, there's no way the second largest REE country will align with US to solve this crisis.",7-emotion,pre-tuning public baseline,j-hartmann/emotion-english-distilroberta-base,neutral,neutral,neutral,0.7214,Yes
https://www.youtube.com/watch?v=d2dgJGkw5p0,rare_earths,12,"As usual, the narrative is: American hegemony = good Anything else = bad",7-emotion,pre-tuning public baseline,j-hartmann/emotion-english-distilroberta-base,anger,neutral,neutral,0.8006,No
https://www.youtube.com/watch?v=d2dgJGkw5p0,rare_earths,13,35000 lawyers 350 mining engineers.,7-emotion,pre-tuning public baseline,j-hartmann/emotion-english-distilroberta-base,neutral,neutral,neutral,0.8217,Yes
https://www.youtube.com/watch?v=d2dgJGkw5p0,rare_earths,14,"Don't start war with China, then no rare earth problem",7-emotion,pre-tuning public baseline,j-hartmann/emotion-english-distilroberta-base,neutral,neutral,neutral,0.492,Yes
https://www.youtube.com/watch?v=d2dgJGkw5p0,rare_earths,15,"Did they forget how they did to Huawei and some other companies back in 2018? And now still blocking China to get latest chips. So this means only US can accuse others and sanction others, others can’t fight back, if you fight back, I will do the strongest condemn logic? Karma is a bitch, isn’t it? 😊",7-emotion,pre-tuning public baseline,j-hartmann/emotion-english-distilroberta-base,anger,anger,anger,0.8343,Yes
https://www.youtube.com/watch?v=d2dgJGkw5p0,rare_earths,16,"“We want a lot of rocks, I’m gathering rocks to stack them on top of each other”",7-emotion,pre-tuning public baseline,j-hartmann/emotion-english-distilroberta-base,neutral,neutral,neutral,0.8831,Yes
https://www.youtube.com/watch?v=d2dgJGkw5p0,rare_earths,17,They are talking about China like if they are aliens from different planet!!,7-emotion,pre-tuning public baseline,j-hartmann/emotion-english-distilroberta-base,joy,disgust,disgust,0.3782,No
https://www.youtube.com/watch?v=d2dgJGkw5p0,rare_earths,18,Very well done video. Those animations - hats off 👍,7-emotion,pre-tuning public baseline,j-hartmann/emotion-english-distilroberta-base,joy,joy,joy,0.7117,Yes
https://www.youtube.com/watch?v=d2dgJGkw5p0,rare_earths,19,What do you mean running an economy based on economic derivatives leaves you vulnerable to foreign commodity spikes when you don't actually make anything? /s,7-emotion,pre-tuning public baseline,j-hartmann/emotion-english-distilroberta-base,anger,fear,fear,0.4757,No
https://www.youtube.com/watch?v=d2dgJGkw5p0,rare_earths,20,that thumbnail is so catchy so you click instantly,7-emotion,pre-tuning public baseline,j-hartmann/emotion-english-distilroberta-base,neutral,joy,joy,0.718,No
https://www.youtube.com/watch?v=d2dgJGkw5p0,rare_earths,21,Why is it that I've never heard anyone voice any concerns about relying too much on the US or the EU?,7-emotion,pre-tuning public baseline,j-hartmann/emotion-english-distilroberta-base,neutral,neutral,neutral,0.4768,Yes
https://www.youtube.com/watch?v=d2dgJGkw5p0,rare_earths,22,Can we get a video on shipbuilding on Bloomberg Primer?,7-emotion,pre-tuning public baseline,j-hartmann/emotion-english-distilroberta-base,neutral,neutral,neutral,0.8175,Yes
https://www.youtube.com/watch?v=d2dgJGkw5p0,rare_earths,23,US: Launches a trade war China: Fights back US: *Surprised Pikachu face*,7-emotion,pre-tuning public baseline,j-hartmann/emotion-english-distilroberta-base,surprise,surprise,surprise,0.9372,Yes
https://www.youtube.com/watch?v=d2dgJGkw5p0,rare_earths,24,Thanks for the information,7-emotion,pre-tuning public baseline,j-hartmann/emotion-english-distilroberta-base,joy,neutral,neutral,0.6221,No
https://www.youtube.com/watch?v=d2dgJGkw5p0,rare_earths,25,The big problem was the West and US did not do anything about it until they realise too late. China have been buying and processing rare earth for like 20 years. China have long term plans. Now it’s too late for the West to catch up as it takes a decade to develop the processing of rare earths,7-emotion,pre-tuning public baseline,j-hartmann/emotion-english-distilroberta-base,neutral,neutral,neutral,0.7934,Yes
https://www.youtube.com/watch?v=d2dgJGkw5p0,rare_earths,26,It’s hella funny when the bully gets bullied 😂😂,7-emotion,pre-tuning public baseline,j-hartmann/emotion-english-distilroberta-base,joy,joy,joy,0.6851,Yes
https://www.youtube.com/watch?v=d2dgJGkw5p0,rare_earths,27,"He said ""hold all the chips"" 😂😂😂",7-emotion,pre-tuning public baseline,j-hartmann/emotion-english-distilroberta-base,joy,neutral,neutral,0.8332,No
https://www.youtube.com/watch?v=d2dgJGkw5p0,rare_earths,28,"Knowledge, skill, industrial muscle, AND security",7-emotion,pre-tuning public baseline,j-hartmann/emotion-english-distilroberta-base,neutral,neutral,neutral,0.9491,Yes
https://www.youtube.com/watch?v=d2dgJGkw5p0,rare_earths,29,Great video,7-emotion,pre-tuning public baseline,j-hartmann/emotion-english-distilroberta-base,joy,joy,joy,0.8745,Yes
https://www.youtube.com/watch?v=d2dgJGkw5p0,rare_earths,30,"You guys are intentionally misleading to sound optimistic. In order for the West to get to the capacity that China has today, it would take about 20-30 years. And that assuming China stays still during that time.",7-emotion,pre-tuning public baseline,j-hartmann/emotion-english-distilroberta-base,disgust,neutral,neutral,0.9461,No
https://www.youtube.com/watch?v=d2dgJGkw5p0,rare_earths,31,Best thumbnail for a bloomberg video I've ever seen. Gg.,7-emotion,pre-tuning public baseline,j-hartmann/emotion-english-distilroberta-base,joy,disgust,disgust,0.4895,No
https://www.youtube.com/watch?v=d2dgJGkw5p0,rare_earths,32,Straight of Rare Earths.,7-emotion,pre-tuning public baseline,j-hartmann/emotion-english-distilroberta-base,neutral,neutral,neutral,0.7993,Yes
https://www.youtube.com/watch?v=d2dgJGkw5p0,rare_earths,33,That refining technology was in widespread use in IA in the 1950s. Very highly optimized. We just let some Chinese students take it home.,7-emotion,pre-tuning public baseline,j-hartmann/emotion-english-distilroberta-base,anger,neutral,neutral,0.956,No
https://www.youtube.com/watch?v=d2dgJGkw5p0,rare_earths,34,"Mate, don't even go to Rare earth!!! We would have to shut all business down if China stops any supplies.",7-emotion,pre-tuning public baseline,j-hartmann/emotion-english-distilroberta-base,fear,anger,anger,0.8527,No
https://www.youtube.com/watch?v=d2dgJGkw5p0,rare_earths,35,Being a video editor at Bloomberg must be so easy when the topic is about China. All they have to do is pick from a grand total of 10 different stock footage options.,7-emotion,pre-tuning public baseline,j-hartmann/emotion-english-distilroberta-base,anger,neutral,neutral,0.9114,No
https://www.youtube.com/watch?v=d2dgJGkw5p0,rare_earths,36,09:47 Why would the department of war buying $400 M worth of steaks from a freaking magnet factory lol.,7-emotion,pre-tuning public baseline,j-hartmann/emotion-english-distilroberta-base,surprise,surprise,surprise,0.5084,Yes
https://www.youtube.com/watch?v=d2dgJGkw5p0,rare_earths,37,Love from South Africa ❤️🇿🇦🏆,7-emotion,pre-tuning public baseline,j-hartmann/emotion-english-distilroberta-base,joy,neutral,neutral,0.4784,No
https://www.youtube.com/watch?v=d2dgJGkw5p0,rare_earths,38,10 billion hunt? That's just the first day of the Iran war. America wins wins wins.,7-emotion,pre-tuning public baseline,j-hartmann/emotion-english-distilroberta-base,anger,neutral,neutral,0.7126,No
https://www.youtube.com/watch?v=d2dgJGkw5p0,rare_earths,39,0:30. Woahhhh Malaysia 😃😃,7-emotion,pre-tuning public baseline,j-hartmann/emotion-english-distilroberta-base,surprise,surprise,surprise,0.4945,Yes
https://www.youtube.com/watch?v=d2dgJGkw5p0,rare_earths,40,7:45 this is why there are playing the game so dominataly. They have filled every gap with right strategy. And it worked profoundly.,7-emotion,pre-tuning public baseline,j-hartmann/emotion-english-distilroberta-base,neutral,neutral,neutral,0.9289,Yes
https://www.youtube.com/watch?v=d2dgJGkw5p0,rare_earths,41,"As the G2, we could literally run the world together. Let's go hand in hand as trustworthy allies rather than confront each other — there's no beef between us. Plus, the world already has enough problems. Others may not have the cards, but we do",7-emotion,pre-tuning public baseline,j-hartmann/emotion-english-distilroberta-base,joy,neutral,neutral,0.9332,No
https://www.youtube.com/watch?v=d2dgJGkw5p0,rare_earths,42,"Australia has plenty of rare earth minerals, it's the processing that is the problem.",7-emotion,pre-tuning public baseline,j-hartmann/emotion-english-distilroberta-base,neutral,neutral,neutral,0.843,Yes
https://www.youtube.com/watch?v=d2dgJGkw5p0,rare_earths,43,Nectar Gan is so beautiful 🔥 👌,7-emotion,pre-tuning public baseline,j-hartmann/emotion-english-distilroberta-base,joy,joy,joy,0.7184,Yes
https://www.youtube.com/watch?v=d2dgJGkw5p0,rare_earths,44,brazil is full of rare earths,7-emotion,pre-tuning public baseline,j-hartmann/emotion-english-distilroberta-base,neutral,neutral,neutral,0.6549,Yes
https://www.youtube.com/watch?v=d2dgJGkw5p0,rare_earths,45,Trump: You have rare earths. We have all the oil. Lets trade...,7-emotion,pre-tuning public baseline,j-hartmann/emotion-english-distilroberta-base,neutral,neutral,neutral,0.8822,Yes
https://www.youtube.com/watch?v=d2dgJGkw5p0,rare_earths,46,Meanwhile China is already looking for the next chokehold.,7-emotion,pre-tuning public baseline,j-hartmann/emotion-english-distilroberta-base,neutral,neutral,neutral,0.9479,Yes
https://www.youtube.com/watch?v=d2dgJGkw5p0,rare_earths,47,"The US has all the rare earth metals we need in California and Texas and in all the coal ash piles we have across the U.S. We simply need to build more of the processing plants to process these rare earths and the understanding that processing rare earths is usually a very polluting endeavor. I have no doubt we can do it in a more environmentally way, but we also need to understand that China's Rare Earth industry is heavily subsidized by China so America's Rare Earths will probably be more expensive. We also have the deals with both Ukraine and Austrailia for Rare Earths as well.",7-emotion,pre-tuning public baseline,j-hartmann/emotion-english-distilroberta-base,neutral,neutral,neutral,0.8943,Yes
https://www.youtube.com/watch?v=d2dgJGkw5p0,rare_earths,48,So much ad even before beginning?,7-emotion,pre-tuning public baseline,j-hartmann/emotion-english-distilroberta-base,anger,surprise,surprise,0.7537,No
https://www.youtube.com/watch?v=d2dgJGkw5p0,rare_earths,49,"Calling 21% a ""quarter"" and not a ""fifth"" of world's supply should be considered journalistic malpractice",7-emotion,pre-tuning public baseline,j-hartmann/emotion-english-distilroberta-base,disgust,disgust,disgust,0.7234,Yes
https://www.youtube.com/watch?v=d2dgJGkw5p0,rare_earths,50,If making weapons of death is all that the USA does with them? BOYCOTT THEM ALL!,7-emotion,pre-tuning public baseline,j-hartmann/emotion-english-distilroberta-base,fear,anger,anger,0.5416,No
https://www.youtube.com/watch?v=M8To7iorkxQ,avatar_clip,1,This is the kind of content YouTube needs more of,7-emotion,pre-tuning public baseline,j-hartmann/emotion-english-distilroberta-base,joy,neutral,neutral,0.9479,No
https://www.youtube.com/watch?v=M8To7iorkxQ,avatar_clip,2,le le,7-emotion,pre-tuning public baseline,j-hartmann/emotion-english-distilroberta-base,neutral,neutral,neutral,0.2996,Yes
https://www.youtube.com/watch?v=M8To7iorkxQ,avatar_clip,3,🥰From India 🇮🇳 ❤🤗,7-emotion,pre-tuning public baseline,j-hartmann/emotion-english-distilroberta-base,joy,neutral,neutral,0.801,No
https://www.youtube.com/watch?v=M8To7iorkxQ,avatar_clip,4,Ecnaha,7-emotion,pre-tuning public baseline,j-hartmann/emotion-english-distilroberta-base,neutral,neutral,neutral,0.9043,Yes
https://www.youtube.com/watch?v=M8To7iorkxQ,avatar_clip,5,"The video is truly captivating, from the dramatic pace to the spectacular visuals, it's impossible to look away 👏🔥. The content is carefully selected, providing a thrilling and exciting experience, making viewers feel like they're living through every moment of the action. In particular, the scene setting and sound design are perfectly coordinated, highlighting the power and ferocity of the monsters 🦍🐊🏙. This is a high-quality clip, both entertaining and something viewers will want to watch again and again. The channel owner has done a great job bringing a cinematic experience right on YouTube, deserving more likes and subscribers 🌟💯. Hopefully, there will be more captivating videos like this in the future, which will surely attract even more viewers ❤🚀",7-emotion,pre-tuning public baseline,j-hartmann/emotion-english-distilroberta-base,joy,joy,joy,0.9573,Yes
https://www.youtube.com/watch?v=M8To7iorkxQ,avatar_clip,6,kaka gua batu,7-emotion,pre-tuning public baseline,j-hartmann/emotion-english-distilroberta-base,neutral,neutral,neutral,0.791,Yes
https://www.youtube.com/watch?v=M8To7iorkxQ,avatar_clip,7,Смотрю из Таджикистана ❤,7-emotion,pre-tuning public baseline,j-hartmann/emotion-english-distilroberta-base,joy,neutral,neutral,0.6321,No
https://www.youtube.com/watch?v=M8To7iorkxQ,avatar_clip,8,That's amazing really ❤️,7-emotion,pre-tuning public baseline,j-hartmann/emotion-english-distilroberta-base,joy,joy,joy,0.6832,Yes
https://www.youtube.com/watch?v=M8To7iorkxQ,avatar_clip,9,From Cyprus!❤,7-emotion,pre-tuning public baseline,j-hartmann/emotion-english-distilroberta-base,joy,neutral,neutral,0.517,No
https://www.youtube.com/watch?v=M8To7iorkxQ,avatar_clip,10,Watching from Milano Italy ❤thank you for sharing,7-emotion,pre-tuning public baseline,j-hartmann/emotion-english-distilroberta-base,joy,joy,joy,0.9311,Yes
https://www.youtube.com/watch?v=M8To7iorkxQ,avatar_clip,11,Hola I am watching from NIGERIA🎉❤,7-emotion,pre-tuning public baseline,j-hartmann/emotion-english-distilroberta-base,joy,joy,joy,0.719,Yes
https://www.youtube.com/watch?v=M8To7iorkxQ,avatar_clip,12,N😊😊!o,7-emotion,pre-tuning public baseline,j-hartmann/emotion-english-distilroberta-base,joy,neutral,neutral,0.4746,No
https://www.youtube.com/watch?v=M8To7iorkxQ,avatar_clip,13,Wow amazing MOVIE and watching from West Borneo,7-emotion,pre-tuning public baseline,j-hartmann/emotion-english-distilroberta-base,surprise,surprise,surprise,0.8515,Yes
https://www.youtube.com/watch?v=M8To7iorkxQ,avatar_clip,14,"watching from Dublin, but Egyptian ❤❤❤ Amazing movie 🍿🎥",7-emotion,pre-tuning public baseline,j-hartmann/emotion-english-distilroberta-base,joy,surprise,surprise,0.5415,No
https://www.youtube.com/watch?v=M8To7iorkxQ,avatar_clip,15,Watching from Zambia 🥰,7-emotion,pre-tuning public baseline,j-hartmann/emotion-english-distilroberta-base,joy,joy,joy,0.9039,Yes
https://www.youtube.com/watch?v=M8To7iorkxQ,avatar_clip,16,From Sri Lanka 🇱🇰🇱🇰❤❤,7-emotion,pre-tuning public baseline,j-hartmann/emotion-english-distilroberta-base,joy,neutral,neutral,0.6318,No
https://www.youtube.com/watch?v=M8To7iorkxQ,avatar_clip,17,Watching from Ghana ❤🎉,7-emotion,pre-tuning public baseline,j-hartmann/emotion-english-distilroberta-base,joy,joy,joy,0.9316,Yes
https://www.youtube.com/watch?v=M8To7iorkxQ,avatar_clip,18,I'll never miss an Avatar movie 😊,7-emotion,pre-tuning public baseline,j-hartmann/emotion-english-distilroberta-base,joy,sadness,sadness,0.8191,No
https://www.youtube.com/watch?v=M8To7iorkxQ,avatar_clip,19,"Watching from my beloved country Philippines 🇵🇭🇵🇭 Since 2012 ,until now this movie is so amazing.. this is my favorite movie ever❤️AVATAR is the best for me❤❤❤❤❤",7-emotion,pre-tuning public baseline,j-hartmann/emotion-english-distilroberta-base,joy,joy,joy,0.7105,Yes
https://www.youtube.com/watch?v=M8To7iorkxQ,avatar_clip,20,Good morning everyone! It's quite amazing movie. I'm from Uzbekistan,7-emotion,pre-tuning public baseline,j-hartmann/emotion-english-distilroberta-base,joy,joy,joy,0.8886,Yes
https://www.youtube.com/watch?v=M8To7iorkxQ,avatar_clip,21,Good 👍 😊❤,7-emotion,pre-tuning public baseline,j-hartmann/emotion-english-distilroberta-base,joy,neutral,neutral,0.5002,No
https://www.youtube.com/watch?v=M8To7iorkxQ,avatar_clip,22,From Swaziland...I'm enjoying this movie 🍿,7-emotion,pre-tuning public baseline,j-hartmann/emotion-english-distilroberta-base,joy,joy,joy,0.9797,Yes
https://www.youtube.com/watch?v=M8To7iorkxQ,avatar_clip,23,From Assam ❤❤❤,7-emotion,pre-tuning public baseline,j-hartmann/emotion-english-distilroberta-base,joy,neutral,neutral,0.8754,No
https://www.youtube.com/watch?v=M8To7iorkxQ,avatar_clip,24,"watching from Abu Dhabi, UAE. thank you for sharing this video",7-emotion,pre-tuning public baseline,j-hartmann/emotion-english-distilroberta-base,joy,joy,joy,0.6756,Yes
https://www.youtube.com/watch?v=M8To7iorkxQ,avatar_clip,25,"The human coming in is like the world leaders,lying to us about everything!",7-emotion,pre-tuning public baseline,j-hartmann/emotion-english-distilroberta-base,anger,neutral,neutral,0.3197,No
https://www.youtube.com/watch?v=M8To7iorkxQ,avatar_clip,26,Here before Christmas 2025 😅let's go,7-emotion,pre-tuning public baseline,j-hartmann/emotion-english-distilroberta-base,joy,neutral,neutral,0.7012,No
https://www.youtube.com/watch?v=M8To7iorkxQ,avatar_clip,27,Watchin from Nepal❤🎉,7-emotion,pre-tuning public baseline,j-hartmann/emotion-english-distilroberta-base,joy,neutral,neutral,0.8187,No
https://www.youtube.com/watch?v=M8To7iorkxQ,avatar_clip,28,"Аватар - был прекрасный фильм,❤а следующие части - это мультфильмы😪А так ждали и хотели продолжения именно фильма😢🥺",7-emotion,pre-tuning public baseline,j-hartmann/emotion-english-distilroberta-base,sadness,neutral,neutral,0.5699,No
https://www.youtube.com/watch?v=M8To7iorkxQ,avatar_clip,29,Wonderful movie watching from south africa ❤😊❤,7-emotion,pre-tuning public baseline,j-hartmann/emotion-english-distilroberta-base,joy,joy,joy,0.8972,Yes
https://www.youtube.com/watch?v=M8To7iorkxQ,avatar_clip,30,Watching from California nice movie thank you for uploading it ❤😊,7-emotion,pre-tuning public baseline,j-hartmann/emotion-english-distilroberta-base,joy,joy,joy,0.9139,Yes
https://www.youtube.com/watch?v=M8To7iorkxQ,avatar_clip,31,I'm watching from Viet Nam ❤,7-emotion,pre-tuning public baseline,j-hartmann/emotion-english-distilroberta-base,joy,joy,joy,0.7041,Yes
https://www.youtube.com/watch?v=M8To7iorkxQ,avatar_clip,32,Uae,7-emotion,pre-tuning public baseline,j-hartmann/emotion-english-distilroberta-base,neutral,neutral,neutral,0.6697,Yes
https://www.youtube.com/watch?v=M8To7iorkxQ,avatar_clip,33,"The Queen Mother arrived and quickly turned the world upside down, not letting the King Atma die.Myself",7-emotion,pre-tuning public baseline,j-hartmann/emotion-english-distilroberta-base,neutral,surprise,surprise,0.3136,No
https://www.youtube.com/watch?v=M8To7iorkxQ,avatar_clip,34,From Brasil! Great vídeo!,7-emotion,pre-tuning public baseline,j-hartmann/emotion-english-distilroberta-base,joy,joy,joy,0.7964,Yes
https://www.youtube.com/watch?v=M8To7iorkxQ,avatar_clip,35,hello friends permision i am from Indonesian i like your video cool 🎉🎉🎉🎉🎉 amazing 🥰🥰🥰🙏🙏🙏✌️,7-emotion,pre-tuning public baseline,j-hartmann/emotion-english-distilroberta-base,joy,joy,joy,0.4832,Yes
https://www.youtube.com/watch?v=M8To7iorkxQ,avatar_clip,36,"Mantap,,,❤❤❤❤❤",7-emotion,pre-tuning public baseline,j-hartmann/emotion-english-distilroberta-base,joy,neutral,neutral,0.7197,No
https://www.youtube.com/watch?v=M8To7iorkxQ,avatar_clip,37,From USA 🇱🇷🎉🎉,7-emotion,pre-tuning public baseline,j-hartmann/emotion-english-distilroberta-base,joy,neutral,neutral,0.9045,No
https://www.youtube.com/watch?v=M8To7iorkxQ,avatar_clip,38,From indonesia❤,7-emotion,pre-tuning public baseline,j-hartmann/emotion-english-distilroberta-base,joy,neutral,neutral,0.9259,No
https://www.youtube.com/watch?v=M8To7iorkxQ,avatar_clip,39,ok,7-emotion,pre-tuning public baseline,j-hartmann/emotion-english-distilroberta-base,neutral,neutral,neutral,0.8116,Yes
https://www.youtube.com/watch?v=M8To7iorkxQ,avatar_clip,40,They need a vr version of this 😮,7-emotion,pre-tuning public baseline,j-hartmann/emotion-english-distilroberta-base,surprise,neutral,neutral,0.9496,No
https://www.youtube.com/watch?v=M8To7iorkxQ,avatar_clip,41,"Pandora always looks so stunning! 💙 If you could visit just one place in the Avatar world, where would it be ?",7-emotion,pre-tuning public baseline,j-hartmann/emotion-english-distilroberta-base,joy,surprise,surprise,0.4015,No
https://www.youtube.com/watch?v=M8To7iorkxQ,avatar_clip,42,Whatching from Kenya,7-emotion,pre-tuning public baseline,j-hartmann/emotion-english-distilroberta-base,neutral,neutral,neutral,0.7965,Yes
https://www.youtube.com/watch?v=M8To7iorkxQ,avatar_clip,43,"It's engaging and enjoyable to watch, mainly because the actors' performance is really good.",7-emotion,pre-tuning public baseline,j-hartmann/emotion-english-distilroberta-base,joy,joy,joy,0.9783,Yes
https://www.youtube.com/watch?v=M8To7iorkxQ,avatar_clip,44,МУЛЬКИК НО ВСЁ ЖЕ ИНТЕРЕСНО.❤❤❤❤❤,7-emotion,pre-tuning public baseline,j-hartmann/emotion-english-distilroberta-base,joy,fear,fear,0.5092,No
https://www.youtube.com/watch?v=M8To7iorkxQ,avatar_clip,45,Watching from India Attendance please,7-emotion,pre-tuning public baseline,j-hartmann/emotion-english-distilroberta-base,neutral,neutral,neutral,0.9007,Yes
https://www.youtube.com/watch?v=M8To7iorkxQ,avatar_clip,46,You are a superhero! 🎉,7-emotion,pre-tuning public baseline,j-hartmann/emotion-english-distilroberta-base,joy,neutral,neutral,0.3763,No
https://www.youtube.com/watch?v=M8To7iorkxQ,avatar_clip,47,from Indonesia..🇮🇩❤ (Sragen),7-emotion,pre-tuning public baseline,j-hartmann/emotion-english-distilroberta-base,joy,neutral,neutral,0.895,No
https://www.youtube.com/watch?v=M8To7iorkxQ,avatar_clip,48,Watching from Philippines❤,7-emotion,pre-tuning public baseline,j-hartmann/emotion-english-distilroberta-base,joy,joy,joy,0.9069,Yes
https://www.youtube.com/watch?v=M8To7iorkxQ,avatar_clip,49,Watching from South Africa enjoying the movie ❤,7-emotion,pre-tuning public baseline,j-hartmann/emotion-english-distilroberta-base,joy,joy,joy,0.9885,Yes
https://www.youtube.com/watch?v=M8To7iorkxQ,avatar_clip,50,Watching from Cameroon🇨🇲,7-emotion,pre-tuning public baseline,j-hartmann/emotion-english-distilroberta-base,neutral,joy,joy,0.7311,No
https://www.youtube.com/watch?v=-_-eIVAX1yQ,shooting_news,1,Why was he let out of the psychiatric facility? Moronic authorities,7-emotion,pre-tuning public baseline,j-hartmann/emotion-english-distilroberta-base,anger,neutral,neutral,0.2626,No
https://www.youtube.com/watch?v=-_-eIVAX1yQ,shooting_news,2,Finally got the treatment he needed.,7-emotion,pre-tuning public baseline,j-hartmann/emotion-english-distilroberta-base,anger,joy,joy,0.5863,No
https://www.youtube.com/watch?v=-_-eIVAX1yQ,shooting_news,3,Those reporters have the survival instincts of a rock,7-emotion,pre-tuning public baseline,j-hartmann/emotion-english-distilroberta-base,anger,neutral,neutral,0.9326,No
https://www.youtube.com/watch?v=-_-eIVAX1yQ,shooting_news,4,We need to start hiring more competent gunmen.,7-emotion,pre-tuning public baseline,j-hartmann/emotion-english-distilroberta-base,anger,neutral,neutral,0.9145,No
https://www.youtube.com/watch?v=-_-eIVAX1yQ,shooting_news,5,Freedom of irrelevancespeech..,7-emotion,pre-tuning public baseline,j-hartmann/emotion-english-distilroberta-base,neutral,neutral,neutral,0.542,Yes
https://www.youtube.com/watch?v=-_-eIVAX1yQ,shooting_news,6,a revolver? what in tarnation?,7-emotion,pre-tuning public baseline,j-hartmann/emotion-english-distilroberta-base,surprise,surprise,surprise,0.7922,Yes
https://www.youtube.com/watch?v=-_-eIVAX1yQ,shooting_news,7,I was thinking how dumb standing near windows would be… but if any room was bullet proofed it would be that.,7-emotion,pre-tuning public baseline,j-hartmann/emotion-english-distilroberta-base,anger,disgust,disgust,0.4359,No
https://www.youtube.com/watch?v=-_-eIVAX1yQ,shooting_news,8,The reporters has the survival instincts of a Dodo,7-emotion,pre-tuning public baseline,j-hartmann/emotion-english-distilroberta-base,anger,neutral,neutral,0.9352,No
https://www.youtube.com/watch?v=-_-eIVAX1yQ,shooting_news,9,We have agent 007😂,7-emotion,pre-tuning public baseline,j-hartmann/emotion-english-distilroberta-base,joy,neutral,neutral,0.961,No
https://www.youtube.com/watch?v=-_-eIVAX1yQ,shooting_news,10,Anything to get the ballroom 😂😂,7-emotion,pre-tuning public baseline,j-hartmann/emotion-english-distilroberta-base,joy,neutral,neutral,0.9045,No
https://www.youtube.com/watch?v=-_-eIVAX1yQ,shooting_news,11,"Give it three days, he'll be back.🤔💡",7-emotion,pre-tuning public baseline,j-hartmann/emotion-english-distilroberta-base,fear,neutral,neutral,0.9159,No
https://www.youtube.com/watch?v=-_-eIVAX1yQ,shooting_news,12,Will the world still believe?,7-emotion,pre-tuning public baseline,j-hartmann/emotion-english-distilroberta-base,neutral,surprise,surprise,0.6878,No
https://www.youtube.com/watch?v=-_-eIVAX1yQ,shooting_news,13,Just another day in USA,7-emotion,pre-tuning public baseline,j-hartmann/emotion-english-distilroberta-base,anger,neutral,neutral,0.5958,No
https://www.youtube.com/watch?v=-_-eIVAX1yQ,shooting_news,14,Sa manquait ❤❤🎉🎉,7-emotion,pre-tuning public baseline,j-hartmann/emotion-english-distilroberta-base,joy,neutral,neutral,0.8021,No
https://www.youtube.com/watch?v=-_-eIVAX1yQ,shooting_news,15,The USA is a lost cause.,7-emotion,pre-tuning public baseline,j-hartmann/emotion-english-distilroberta-base,anger,sadness,sadness,0.8718,No
https://www.youtube.com/watch?v=-_-eIVAX1yQ,shooting_news,16,Jeez what's this 4th attempt. Something odd about it all,7-emotion,pre-tuning public baseline,j-hartmann/emotion-english-distilroberta-base,surprise,surprise,surprise,0.6616,Yes
https://www.youtube.com/watch?v=-_-eIVAX1yQ,shooting_news,17,Another patriot gone.,7-emotion,pre-tuning public baseline,j-hartmann/emotion-english-distilroberta-base,sadness,sadness,sadness,0.7634,Yes
https://www.youtube.com/watch?v=-_-eIVAX1yQ,shooting_news,18,So many want him Xd,7-emotion,pre-tuning public baseline,j-hartmann/emotion-english-distilroberta-base,anger,neutral,neutral,0.821,No
https://www.youtube.com/watch?v=-_-eIVAX1yQ,shooting_news,19,The shooters family could claim a presidential pardon for him & put a claim in for the slush fund.,7-emotion,pre-tuning public baseline,j-hartmann/emotion-english-distilroberta-base,anger,neutral,neutral,0.716,No
https://www.youtube.com/watch?v=-_-eIVAX1yQ,shooting_news,20,The United States is a threat to all of humanity...,7-emotion,pre-tuning public baseline,j-hartmann/emotion-english-distilroberta-base,fear,fear,fear,0.87,Yes
https://www.youtube.com/watch?v=-_-eIVAX1yQ,shooting_news,21,The best learing centre graduate yet.,7-emotion,pre-tuning public baseline,j-hartmann/emotion-english-distilroberta-base,joy,neutral,neutral,0.5473,No
https://www.youtube.com/watch?v=-_-eIVAX1yQ,shooting_news,22,He missed his son's wedding for this! Could they not have arranged for the gunman to turn up another day?,7-emotion,pre-tuning public baseline,j-hartmann/emotion-english-distilroberta-base,sadness,surprise,surprise,0.4581,No
https://www.youtube.com/watch?v=-_-eIVAX1yQ,shooting_news,23,ترامب مغتصب اباطفال مع ابستين داعم الكيان الاسرائيلي قاتل الاطفال هو مجرد دميه بيد النتن,7-emotion,pre-tuning public baseline,j-hartmann/emotion-english-distilroberta-base,anger,neutral,neutral,0.3805,No
https://www.youtube.com/watch?v=-_-eIVAX1yQ,shooting_news,24,"We need a professional killer, not a psychotic kid.",7-emotion,pre-tuning public baseline,j-hartmann/emotion-english-distilroberta-base,anger,neutral,neutral,0.7596,No
https://www.youtube.com/watch?v=-_-eIVAX1yQ,shooting_news,25,Gunshots ringing out what is that😂 how did an insane person get access to a revolver?,7-emotion,pre-tuning public baseline,j-hartmann/emotion-english-distilroberta-base,fear,anger,anger,0.4387,No
https://www.youtube.com/watch?v=-_-eIVAX1yQ,shooting_news,26,Amando supremo tribunal federal do Brasil. Donald Trump a sua guela. Alexandro oliveira jornal nacional do Brasil. GCM . Romu fortaleza ceará. Força tática.,7-emotion,pre-tuning public baseline,j-hartmann/emotion-english-distilroberta-base,anger,neutral,neutral,0.5696,No
https://www.youtube.com/watch?v=-_-eIVAX1yQ,shooting_news,27,Vampire stern family,7-emotion,pre-tuning public baseline,j-hartmann/emotion-english-distilroberta-base,disgust,disgust,disgust,0.3961,Yes
https://www.youtube.com/watch?v=-_-eIVAX1yQ,shooting_news,28,😂😂😂😂😂,7-emotion,pre-tuning public baseline,j-hartmann/emotion-english-distilroberta-base,joy,neutral,neutral,0.7183,No
https://www.youtube.com/watch?v=-_-eIVAX1yQ,shooting_news,29,The real story is Trump lost the war and there is a bounty on his life.,7-emotion,pre-tuning public baseline,j-hartmann/emotion-english-distilroberta-base,fear,neutral,neutral,0.7216,No
https://www.youtube.com/watch?v=-_-eIVAX1yQ,shooting_news,30,Never has a president been like this lol,7-emotion,pre-tuning public baseline,j-hartmann/emotion-english-distilroberta-base,joy,neutral,neutral,0.4905,No
https://www.youtube.com/watch?v=-_-eIVAX1yQ,shooting_news,31,"On the plus side, the shootings happen closer to the White House.",7-emotion,pre-tuning public baseline,j-hartmann/emotion-english-distilroberta-base,fear,joy,joy,0.696,No
https://www.youtube.com/watch?v=-_-eIVAX1yQ,shooting_news,32,No Bias Just Reporting 👍,7-emotion,pre-tuning public baseline,j-hartmann/emotion-english-distilroberta-base,joy,neutral,neutral,0.7045,No
https://www.youtube.com/watch?v=-_-eIVAX1yQ,shooting_news,33,Distraction from the distraction from the distraction from the distraction from the distraction from the distraction from the distraction. Stay tuned there be a distraction soon from this distraction,7-emotion,pre-tuning public baseline,j-hartmann/emotion-english-distilroberta-base,neutral,neutral,neutral,0.8044,Yes
https://www.youtube.com/watch?v=-_-eIVAX1yQ,shooting_news,34,You can’t take a great man down trump forever,7-emotion,pre-tuning public baseline,j-hartmann/emotion-english-distilroberta-base,joy,neutral,neutral,0.9406,No
https://www.youtube.com/watch?v=-_-eIVAX1yQ,shooting_news,35,"Avec TRUMP, le rêve américain est devenu le cauchemar américain !",7-emotion,pre-tuning public baseline,j-hartmann/emotion-english-distilroberta-base,sadness,neutral,neutral,0.4326,No
https://www.youtube.com/watch?v=-_-eIVAX1yQ,shooting_news,36,Very poor gun man in america,7-emotion,pre-tuning public baseline,j-hartmann/emotion-english-distilroberta-base,sadness,sadness,sadness,0.6143,Yes
https://www.youtube.com/watch?v=-_-eIVAX1yQ,shooting_news,37,Definitely an Ai slop.,7-emotion,pre-tuning public baseline,j-hartmann/emotion-english-distilroberta-base,disgust,neutral,neutral,0.8735,No
https://www.youtube.com/watch?v=-_-eIVAX1yQ,shooting_news,38,He was just looking for the snack bar,7-emotion,pre-tuning public baseline,j-hartmann/emotion-english-distilroberta-base,joy,neutral,neutral,0.9176,No
https://www.youtube.com/watch?v=-_-eIVAX1yQ,shooting_news,39,TDS,7-emotion,pre-tuning public baseline,j-hartmann/emotion-english-distilroberta-base,neutral,neutral,neutral,0.9334,Yes
https://www.youtube.com/watch?v=-_-eIVAX1yQ,shooting_news,40,Bro took Trump’s Christ image very seriously.,7-emotion,pre-tuning public baseline,j-hartmann/emotion-english-distilroberta-base,anger,neutral,neutral,0.8994,No
https://www.youtube.com/watch?v=-_-eIVAX1yQ,shooting_news,41,My heart goes out to the innocent bystander 😢,7-emotion,pre-tuning public baseline,j-hartmann/emotion-english-distilroberta-base,sadness,joy,joy,0.9239,No
https://www.youtube.com/watch?v=-_-eIVAX1yQ,shooting_news,42,How does someone who believes they are Jesus Christ have legal ownership of a gun? Or be president of the most powerful nation on earth? The USA never fails to confound.,7-emotion,pre-tuning public baseline,j-hartmann/emotion-english-distilroberta-base,anger,neutral,neutral,0.4112,No
https://www.youtube.com/watch?v=-_-eIVAX1yQ,shooting_news,43,ITS NOT BREAKING NEWS SINCE HES STILL AROUND....MOST LIKELY TAKING A NAP DURING THE SHOOTING,7-emotion,pre-tuning public baseline,j-hartmann/emotion-english-distilroberta-base,anger,neutral,neutral,0.5385,No
https://www.youtube.com/watch?v=-_-eIVAX1yQ,shooting_news,44,Really was this actually to distract from the mess of the Iran War and the economic fallout.,7-emotion,pre-tuning public baseline,j-hartmann/emotion-english-distilroberta-base,fear,neutral,neutral,0.7023,No
https://www.youtube.com/watch?v=-_-eIVAX1yQ,shooting_news,45,"If at first you don't succeed, try, try, again. Be careful who you try it with though.",7-emotion,pre-tuning public baseline,j-hartmann/emotion-english-distilroberta-base,fear,neutral,neutral,0.5145,No
https://www.youtube.com/watch?v=-_-eIVAX1yQ,shooting_news,46,Is very dangerous time in the USA is getting really close 4 Revolution is only matter of time 20 gunman or 200 we'll be doing that🙉 the sort of things been going on since forever😜,7-emotion,pre-tuning public baseline,j-hartmann/emotion-english-distilroberta-base,fear,fear,fear,0.9436,Yes
https://www.youtube.com/watch?v=-_-eIVAX1yQ,shooting_news,47,WWE,7-emotion,pre-tuning public baseline,j-hartmann/emotion-english-distilroberta-base,neutral,neutral,neutral,0.3569,Yes
https://www.youtube.com/watch?v=-_-eIVAX1yQ,shooting_news,48,Australian news is unbearable,7-emotion,pre-tuning public baseline,j-hartmann/emotion-english-distilroberta-base,disgust,disgust,disgust,0.5046,Yes
https://www.youtube.com/watch?v=-_-eIVAX1yQ,shooting_news,49,Just another bad in the country,7-emotion,pre-tuning public baseline,j-hartmann/emotion-english-distilroberta-base,sadness,disgust,disgust,0.8368,No
https://www.youtube.com/watch?v=-_-eIVAX1yQ,shooting_news,50,"Un charlot, ridiculisé par l'iran.",7-emotion,pre-tuning public baseline,j-hartmann/emotion-english-distilroberta-base,anger,disgust,disgust,0.5971,No
https://www.youtube.com/watch?v=d2dgJGkw5p0,rare_earths,1,Learn more: Why Rare Earths Are China’s Trump Card in Trade War - https://bloom.bg/4nG7F63,7-emotion,GoEmotions fine-tuned DistilBERT,chase1zhang/youtube-emotion-distilbert,neutral,neutral,neutral,0.992,Yes
https://www.youtube.com/watch?v=d2dgJGkw5p0,rare_earths,2,Funny how they complain they cannot bully China,7-emotion,GoEmotions fine-tuned DistilBERT,chase1zhang/youtube-emotion-distilbert,anger,joy,joy,0.7145,No
https://www.youtube.com/watch?v=d2dgJGkw5p0,rare_earths,3,"Remember the US restricted sale of semiconductors to China, they responded by restricting sale of rare earth materials to the US. In the old days western countries dominated world trade, now that has shifted to Asia. The western powers must accept one thing, you can't dominate the world forever.",7-emotion,GoEmotions fine-tuned DistilBERT,chase1zhang/youtube-emotion-distilbert,anger,neutral,neutral,0.9938,No
https://www.youtube.com/watch?v=d2dgJGkw5p0,rare_earths,4,China is only using rare earth as geopolitical leverage in response to US using its dominance in semiconductor as geopolitical leverage.,7-emotion,GoEmotions fine-tuned DistilBERT,chase1zhang/youtube-emotion-distilbert,neutral,neutral,neutral,0.9936,Yes
https://www.youtube.com/watch?v=d2dgJGkw5p0,rare_earths,5,China never used it as geopolitical leverage until it had to.,7-emotion,GoEmotions fine-tuned DistilBERT,chase1zhang/youtube-emotion-distilbert,neutral,neutral,neutral,0.9934,Yes
https://www.youtube.com/watch?v=d2dgJGkw5p0,rare_earths,6,You can restrict semiconductors and chips to China but China can't hold rare earth material,7-emotion,GoEmotions fine-tuned DistilBERT,chase1zhang/youtube-emotion-distilbert,anger,neutral,neutral,0.9936,No
https://www.youtube.com/watch?v=d2dgJGkw5p0,rare_earths,7,Maybe not using your precious Rare earth on weapons. 😂,7-emotion,GoEmotions fine-tuned DistilBERT,chase1zhang/youtube-emotion-distilbert,anger,neutral,neutral,0.9941,No
https://www.youtube.com/watch?v=d2dgJGkw5p0,rare_earths,8,"I remember learning in school back around 2000 that we in China had the rare earth deposits but our refining capability was so poor we could only export raw ore to countries like Japan, making a tiny profit in the whole value chain. Now watching this video i feel proud of my country and our people. We don't need to argue with others. Just do our job, improvise everyday and enjoy our lives. We dont need to envy or be afraid of the bullies.",7-emotion,GoEmotions fine-tuned DistilBERT,chase1zhang/youtube-emotion-distilbert,joy,joy,joy,0.9307,Yes
https://www.youtube.com/watch?v=d2dgJGkw5p0,rare_earths,9,"There is nothing rare about ""rare"" earths. Its the processing plants that are rare.",7-emotion,GoEmotions fine-tuned DistilBERT,chase1zhang/youtube-emotion-distilbert,neutral,neutral,neutral,0.9819,Yes
https://www.youtube.com/watch?v=d2dgJGkw5p0,rare_earths,10,"US is always the one that starting the trouble, China just reacting. this REM case show that many times US start something without thinking everything. like so many other cases. when you started it, don't blame others for reacting.",7-emotion,GoEmotions fine-tuned DistilBERT,chase1zhang/youtube-emotion-distilbert,anger,neutral,neutral,0.9808,No
https://www.youtube.com/watch?v=d2dgJGkw5p0,rare_earths,11,"BRAZIL is a BRICKS member and US imposed 50% on this country, there's no way the second largest REE country will align with US to solve this crisis.",7-emotion,GoEmotions fine-tuned DistilBERT,chase1zhang/youtube-emotion-distilbert,neutral,neutral,neutral,0.9764,Yes
https://www.youtube.com/watch?v=d2dgJGkw5p0,rare_earths,12,"As usual, the narrative is: American hegemony = good Anything else = bad",7-emotion,GoEmotions fine-tuned DistilBERT,chase1zhang/youtube-emotion-distilbert,anger,neutral,neutral,0.9904,No
https://www.youtube.com/watch?v=d2dgJGkw5p0,rare_earths,13,35000 lawyers 350 mining engineers.,7-emotion,GoEmotions fine-tuned DistilBERT,chase1zhang/youtube-emotion-distilbert,neutral,neutral,neutral,0.9929,Yes
https://www.youtube.com/watch?v=d2dgJGkw5p0,rare_earths,14,"Don't start war with China, then no rare earth problem",7-emotion,GoEmotions fine-tuned DistilBERT,chase1zhang/youtube-emotion-distilbert,neutral,neutral,neutral,0.9818,Yes
https://www.youtube.com/watch?v=d2dgJGkw5p0,rare_earths,15,"Did they forget how they did to Huawei and some other companies back in 2018? And now still blocking China to get latest chips. So this means only US can accuse others and sanction others, others can’t fight back, if you fight back, I will do the strongest condemn logic? Karma is a bitch, isn’t it? 😊",7-emotion,GoEmotions fine-tuned DistilBERT,chase1zhang/youtube-emotion-distilbert,anger,anger,anger,0.8346,Yes
https://www.youtube.com/watch?v=d2dgJGkw5p0,rare_earths,16,"“We want a lot of rocks, I’m gathering rocks to stack them on top of each other”",7-emotion,GoEmotions fine-tuned DistilBERT,chase1zhang/youtube-emotion-distilbert,neutral,neutral,neutral,0.9948,Yes
https://www.youtube.com/watch?v=d2dgJGkw5p0,rare_earths,17,They are talking about China like if they are aliens from different planet!!,7-emotion,GoEmotions fine-tuned DistilBERT,chase1zhang/youtube-emotion-distilbert,joy,neutral,neutral,0.9877,No
https://www.youtube.com/watch?v=d2dgJGkw5p0,rare_earths,18,Very well done video. Those animations - hats off 👍,7-emotion,GoEmotions fine-tuned DistilBERT,chase1zhang/youtube-emotion-distilbert,joy,neutral,neutral,0.9857,No
https://www.youtube.com/watch?v=d2dgJGkw5p0,rare_earths,19,What do you mean running an economy based on economic derivatives leaves you vulnerable to foreign commodity spikes when you don't actually make anything? /s,7-emotion,GoEmotions fine-tuned DistilBERT,chase1zhang/youtube-emotion-distilbert,anger,neutral,neutral,0.9824,No
https://www.youtube.com/watch?v=d2dgJGkw5p0,rare_earths,20,that thumbnail is so catchy so you click instantly,7-emotion,GoEmotions fine-tuned DistilBERT,chase1zhang/youtube-emotion-distilbert,neutral,neutral,neutral,0.9894,Yes
https://www.youtube.com/watch?v=d2dgJGkw5p0,rare_earths,21,Why is it that I've never heard anyone voice any concerns about relying too much on the US or the EU?,7-emotion,GoEmotions fine-tuned DistilBERT,chase1zhang/youtube-emotion-distilbert,neutral,neutral,neutral,0.9721,Yes
https://www.youtube.com/watch?v=d2dgJGkw5p0,rare_earths,22,Can we get a video on shipbuilding on Bloomberg Primer?,7-emotion,GoEmotions fine-tuned DistilBERT,chase1zhang/youtube-emotion-distilbert,neutral,neutral,neutral,0.995,Yes
https://www.youtube.com/watch?v=d2dgJGkw5p0,rare_earths,23,US: Launches a trade war China: Fights back US: *Surprised Pikachu face*,7-emotion,GoEmotions fine-tuned DistilBERT,chase1zhang/youtube-emotion-distilbert,surprise,surprise,surprise,0.9185,Yes
https://www.youtube.com/watch?v=d2dgJGkw5p0,rare_earths,24,Thanks for the information,7-emotion,GoEmotions fine-tuned DistilBERT,chase1zhang/youtube-emotion-distilbert,joy,neutral,neutral,0.9788,No
https://www.youtube.com/watch?v=d2dgJGkw5p0,rare_earths,25,The big problem was the West and US did not do anything about it until they realise too late. China have been buying and processing rare earth for like 20 years. China have long term plans. Now it’s too late for the West to catch up as it takes a decade to develop the processing of rare earths,7-emotion,GoEmotions fine-tuned DistilBERT,chase1zhang/youtube-emotion-distilbert,neutral,neutral,neutral,0.9713,Yes
https://www.youtube.com/watch?v=d2dgJGkw5p0,rare_earths,26,It’s hella funny when the bully gets bullied 😂😂,7-emotion,GoEmotions fine-tuned DistilBERT,chase1zhang/youtube-emotion-distilbert,joy,joy,joy,0.7655,Yes
https://www.youtube.com/watch?v=d2dgJGkw5p0,rare_earths,27,"He said ""hold all the chips"" 😂😂😂",7-emotion,GoEmotions fine-tuned DistilBERT,chase1zhang/youtube-emotion-distilbert,joy,neutral,neutral,0.9954,No
https://www.youtube.com/watch?v=d2dgJGkw5p0,rare_earths,28,"Knowledge, skill, industrial muscle, AND security",7-emotion,GoEmotions fine-tuned DistilBERT,chase1zhang/youtube-emotion-distilbert,neutral,neutral,neutral,0.9931,Yes
https://www.youtube.com/watch?v=d2dgJGkw5p0,rare_earths,29,Great video,7-emotion,GoEmotions fine-tuned DistilBERT,chase1zhang/youtube-emotion-distilbert,joy,neutral,neutral,0.9421,No
https://www.youtube.com/watch?v=d2dgJGkw5p0,rare_earths,30,"You guys are intentionally misleading to sound optimistic. In order for the West to get to the capacity that China has today, it would take about 20-30 years. And that assuming China stays still during that time.",7-emotion,GoEmotions fine-tuned DistilBERT,chase1zhang/youtube-emotion-distilbert,disgust,neutral,neutral,0.9675,No
https://www.youtube.com/watch?v=d2dgJGkw5p0,rare_earths,31,Best thumbnail for a bloomberg video I've ever seen. Gg.,7-emotion,GoEmotions fine-tuned DistilBERT,chase1zhang/youtube-emotion-distilbert,joy,neutral,neutral,0.9537,No
https://www.youtube.com/watch?v=d2dgJGkw5p0,rare_earths,32,Straight of Rare Earths.,7-emotion,GoEmotions fine-tuned DistilBERT,chase1zhang/youtube-emotion-distilbert,neutral,neutral,neutral,0.9946,Yes
https://www.youtube.com/watch?v=d2dgJGkw5p0,rare_earths,33,That refining technology was in widespread use in IA in the 1950s. Very highly optimized. We just let some Chinese students take it home.,7-emotion,GoEmotions fine-tuned DistilBERT,chase1zhang/youtube-emotion-distilbert,anger,neutral,neutral,0.9937,No
https://www.youtube.com/watch?v=d2dgJGkw5p0,rare_earths,34,"Mate, don't even go to Rare earth!!! We would have to shut all business down if China stops any supplies.",7-emotion,GoEmotions fine-tuned DistilBERT,chase1zhang/youtube-emotion-distilbert,fear,neutral,neutral,0.7681,No
https://www.youtube.com/watch?v=d2dgJGkw5p0,rare_earths,35,Being a video editor at Bloomberg must be so easy when the topic is about China. All they have to do is pick from a grand total of 10 different stock footage options.,7-emotion,GoEmotions fine-tuned DistilBERT,chase1zhang/youtube-emotion-distilbert,anger,neutral,neutral,0.9955,No
https://www.youtube.com/watch?v=d2dgJGkw5p0,rare_earths,36,09:47 Why would the department of war buying $400 M worth of steaks from a freaking magnet factory lol.,7-emotion,GoEmotions fine-tuned DistilBERT,chase1zhang/youtube-emotion-distilbert,surprise,neutral,neutral,0.9843,No
https://www.youtube.com/watch?v=d2dgJGkw5p0,rare_earths,37,Love from South Africa ❤️🇿🇦🏆,7-emotion,GoEmotions fine-tuned DistilBERT,chase1zhang/youtube-emotion-distilbert,joy,neutral,neutral,0.988,No
https://www.youtube.com/watch?v=d2dgJGkw5p0,rare_earths,38,10 billion hunt? That's just the first day of the Iran war. America wins wins wins.,7-emotion,GoEmotions fine-tuned DistilBERT,chase1zhang/youtube-emotion-distilbert,anger,neutral,neutral,0.988,No
https://www.youtube.com/watch?v=d2dgJGkw5p0,rare_earths,39,0:30. Woahhhh Malaysia 😃😃,7-emotion,GoEmotions fine-tuned DistilBERT,chase1zhang/youtube-emotion-distilbert,surprise,neutral,neutral,0.9801,No
https://www.youtube.com/watch?v=d2dgJGkw5p0,rare_earths,40,7:45 this is why there are playing the game so dominataly. They have filled every gap with right strategy. And it worked profoundly.,7-emotion,GoEmotions fine-tuned DistilBERT,chase1zhang/youtube-emotion-distilbert,neutral,neutral,neutral,0.9936,Yes
https://www.youtube.com/watch?v=d2dgJGkw5p0,rare_earths,41,"As the G2, we could literally run the world together. Let's go hand in hand as trustworthy allies rather than confront each other — there's no beef between us. Plus, the world already has enough problems. Others may not have the cards, but we do",7-emotion,GoEmotions fine-tuned DistilBERT,chase1zhang/youtube-emotion-distilbert,joy,neutral,neutral,0.9882,No
https://www.youtube.com/watch?v=d2dgJGkw5p0,rare_earths,42,"Australia has plenty of rare earth minerals, it's the processing that is the problem.",7-emotion,GoEmotions fine-tuned DistilBERT,chase1zhang/youtube-emotion-distilbert,neutral,neutral,neutral,0.9627,Yes
https://www.youtube.com/watch?v=d2dgJGkw5p0,rare_earths,43,Nectar Gan is so beautiful 🔥 👌,7-emotion,GoEmotions fine-tuned DistilBERT,chase1zhang/youtube-emotion-distilbert,joy,neutral,neutral,0.8517,No
https://www.youtube.com/watch?v=d2dgJGkw5p0,rare_earths,44,brazil is full of rare earths,7-emotion,GoEmotions fine-tuned DistilBERT,chase1zhang/youtube-emotion-distilbert,neutral,neutral,neutral,0.9906,Yes
https://www.youtube.com/watch?v=d2dgJGkw5p0,rare_earths,45,Trump: You have rare earths. We have all the oil. Lets trade...,7-emotion,GoEmotions fine-tuned DistilBERT,chase1zhang/youtube-emotion-distilbert,neutral,neutral,neutral,0.9917,Yes
https://www.youtube.com/watch?v=d2dgJGkw5p0,rare_earths,46,Meanwhile China is already looking for the next chokehold.,7-emotion,GoEmotions fine-tuned DistilBERT,chase1zhang/youtube-emotion-distilbert,neutral,neutral,neutral,0.9936,Yes
https://www.youtube.com/watch?v=d2dgJGkw5p0,rare_earths,47,"The US has all the rare earth metals we need in California and Texas and in all the coal ash piles we have across the U.S. We simply need to build more of the processing plants to process these rare earths and the understanding that processing rare earths is usually a very polluting endeavor. I have no doubt we can do it in a more environmentally way, but we also need to understand that China's Rare Earth industry is heavily subsidized by China so America's Rare Earths will probably be more expensive. We also have the deals with both Ukraine and Austrailia for Rare Earths as well.",7-emotion,GoEmotions fine-tuned DistilBERT,chase1zhang/youtube-emotion-distilbert,neutral,neutral,neutral,0.9924,Yes
https://www.youtube.com/watch?v=d2dgJGkw5p0,rare_earths,48,So much ad even before beginning?,7-emotion,GoEmotions fine-tuned DistilBERT,chase1zhang/youtube-emotion-distilbert,anger,neutral,neutral,0.9943,No
https://www.youtube.com/watch?v=d2dgJGkw5p0,rare_earths,49,"Calling 21% a ""quarter"" and not a ""fifth"" of world's supply should be considered journalistic malpractice",7-emotion,GoEmotions fine-tuned DistilBERT,chase1zhang/youtube-emotion-distilbert,disgust,neutral,neutral,0.9283,No
https://www.youtube.com/watch?v=d2dgJGkw5p0,rare_earths,50,If making weapons of death is all that the USA does with them? BOYCOTT THEM ALL!,7-emotion,GoEmotions fine-tuned DistilBERT,chase1zhang/youtube-emotion-distilbert,fear,neutral,neutral,0.7549,No
https://www.youtube.com/watch?v=M8To7iorkxQ,avatar_clip,1,This is the kind of content YouTube needs more of,7-emotion,GoEmotions fine-tuned DistilBERT,chase1zhang/youtube-emotion-distilbert,joy,neutral,neutral,0.9954,No
https://www.youtube.com/watch?v=M8To7iorkxQ,avatar_clip,2,le le,7-emotion,GoEmotions fine-tuned DistilBERT,chase1zhang/youtube-emotion-distilbert,neutral,neutral,neutral,0.9899,Yes
https://www.youtube.com/watch?v=M8To7iorkxQ,avatar_clip,3,🥰From India 🇮🇳 ❤🤗,7-emotion,GoEmotions fine-tuned DistilBERT,chase1zhang/youtube-emotion-distilbert,joy,neutral,neutral,0.9869,No
https://www.youtube.com/watch?v=M8To7iorkxQ,avatar_clip,4,Ecnaha,7-emotion,GoEmotions fine-tuned DistilBERT,chase1zhang/youtube-emotion-distilbert,neutral,neutral,neutral,0.9925,Yes
https://www.youtube.com/watch?v=M8To7iorkxQ,avatar_clip,5,"The video is truly captivating, from the dramatic pace to the spectacular visuals, it's impossible to look away 👏🔥. The content is carefully selected, providing a thrilling and exciting experience, making viewers feel like they're living through every moment of the action. In particular, the scene setting and sound design are perfectly coordinated, highlighting the power and ferocity of the monsters 🦍🐊🏙. This is a high-quality clip, both entertaining and something viewers will want to watch again and again. The channel owner has done a great job bringing a cinematic experience right on YouTube, deserving more likes and subscribers 🌟💯. Hopefully, there will be more captivating videos like this in the future, which will surely attract even more viewers ❤🚀",7-emotion,GoEmotions fine-tuned DistilBERT,chase1zhang/youtube-emotion-distilbert,joy,neutral,neutral,0.5273,No
https://www.youtube.com/watch?v=M8To7iorkxQ,avatar_clip,6,kaka gua batu,7-emotion,GoEmotions fine-tuned DistilBERT,chase1zhang/youtube-emotion-distilbert,neutral,neutral,neutral,0.9921,Yes
https://www.youtube.com/watch?v=M8To7iorkxQ,avatar_clip,7,Смотрю из Таджикистана ❤,7-emotion,GoEmotions fine-tuned DistilBERT,chase1zhang/youtube-emotion-distilbert,joy,neutral,neutral,0.9812,No
https://www.youtube.com/watch?v=M8To7iorkxQ,avatar_clip,8,That's amazing really ❤️,7-emotion,GoEmotions fine-tuned DistilBERT,chase1zhang/youtube-emotion-distilbert,joy,surprise,surprise,0.4848,No
https://www.youtube.com/watch?v=M8To7iorkxQ,avatar_clip,9,From Cyprus!❤,7-emotion,GoEmotions fine-tuned DistilBERT,chase1zhang/youtube-emotion-distilbert,joy,neutral,neutral,0.9913,No
https://www.youtube.com/watch?v=M8To7iorkxQ,avatar_clip,10,Watching from Milano Italy ❤thank you for sharing,7-emotion,GoEmotions fine-tuned DistilBERT,chase1zhang/youtube-emotion-distilbert,joy,neutral,neutral,0.9955,No
https://www.youtube.com/watch?v=M8To7iorkxQ,avatar_clip,11,Hola I am watching from NIGERIA🎉❤,7-emotion,GoEmotions fine-tuned DistilBERT,chase1zhang/youtube-emotion-distilbert,joy,neutral,neutral,0.9837,No
https://www.youtube.com/watch?v=M8To7iorkxQ,avatar_clip,12,N😊😊!o,7-emotion,GoEmotions fine-tuned DistilBERT,chase1zhang/youtube-emotion-distilbert,joy,neutral,neutral,0.9771,No
https://www.youtube.com/watch?v=M8To7iorkxQ,avatar_clip,13,Wow amazing MOVIE and watching from West Borneo,7-emotion,GoEmotions fine-tuned DistilBERT,chase1zhang/youtube-emotion-distilbert,surprise,surprise,surprise,0.7084,Yes
https://www.youtube.com/watch?v=M8To7iorkxQ,avatar_clip,14,"watching from Dublin, but Egyptian ❤❤❤ Amazing movie 🍿🎥",7-emotion,GoEmotions fine-tuned DistilBERT,chase1zhang/youtube-emotion-distilbert,joy,neutral,neutral,0.8131,No
https://www.youtube.com/watch?v=M8To7iorkxQ,avatar_clip,15,Watching from Zambia 🥰,7-emotion,GoEmotions fine-tuned DistilBERT,chase1zhang/youtube-emotion-distilbert,joy,neutral,neutral,0.9936,No
https://www.youtube.com/watch?v=M8To7iorkxQ,avatar_clip,16,From Sri Lanka 🇱🇰🇱🇰❤❤,7-emotion,GoEmotions fine-tuned DistilBERT,chase1zhang/youtube-emotion-distilbert,joy,neutral,neutral,0.9923,No
https://www.youtube.com/watch?v=M8To7iorkxQ,avatar_clip,17,Watching from Ghana ❤🎉,7-emotion,GoEmotions fine-tuned DistilBERT,chase1zhang/youtube-emotion-distilbert,joy,neutral,neutral,0.9945,No
https://www.youtube.com/watch?v=M8To7iorkxQ,avatar_clip,18,I'll never miss an Avatar movie 😊,7-emotion,GoEmotions fine-tuned DistilBERT,chase1zhang/youtube-emotion-distilbert,joy,neutral,neutral,0.8988,No
https://www.youtube.com/watch?v=M8To7iorkxQ,avatar_clip,19,"Watching from my beloved country Philippines 🇵🇭🇵🇭 Since 2012 ,until now this movie is so amazing.. this is my favorite movie ever❤️AVATAR is the best for me❤❤❤❤❤",7-emotion,GoEmotions fine-tuned DistilBERT,chase1zhang/youtube-emotion-distilbert,joy,joy,joy,0.9353,Yes
https://www.youtube.com/watch?v=M8To7iorkxQ,avatar_clip,20,Good morning everyone! It's quite amazing movie. I'm from Uzbekistan,7-emotion,GoEmotions fine-tuned DistilBERT,chase1zhang/youtube-emotion-distilbert,joy,joy,joy,0.8467,Yes
https://www.youtube.com/watch?v=M8To7iorkxQ,avatar_clip,21,Good 👍 😊❤,7-emotion,GoEmotions fine-tuned DistilBERT,chase1zhang/youtube-emotion-distilbert,joy,neutral,neutral,0.9802,No
https://www.youtube.com/watch?v=M8To7iorkxQ,avatar_clip,22,From Swaziland...I'm enjoying this movie 🍿,7-emotion,GoEmotions fine-tuned DistilBERT,chase1zhang/youtube-emotion-distilbert,joy,joy,joy,0.9711,Yes
https://www.youtube.com/watch?v=M8To7iorkxQ,avatar_clip,23,From Assam ❤❤❤,7-emotion,GoEmotions fine-tuned DistilBERT,chase1zhang/youtube-emotion-distilbert,joy,neutral,neutral,0.9942,No
https://www.youtube.com/watch?v=M8To7iorkxQ,avatar_clip,24,"watching from Abu Dhabi, UAE. thank you for sharing this video",7-emotion,GoEmotions fine-tuned DistilBERT,chase1zhang/youtube-emotion-distilbert,joy,neutral,neutral,0.5886,No
https://www.youtube.com/watch?v=M8To7iorkxQ,avatar_clip,25,"The human coming in is like the world leaders,lying to us about everything!",7-emotion,GoEmotions fine-tuned DistilBERT,chase1zhang/youtube-emotion-distilbert,anger,neutral,neutral,0.9644,No
https://www.youtube.com/watch?v=M8To7iorkxQ,avatar_clip,26,Here before Christmas 2025 😅let's go,7-emotion,GoEmotions fine-tuned DistilBERT,chase1zhang/youtube-emotion-distilbert,joy,neutral,neutral,0.9928,No
https://www.youtube.com/watch?v=M8To7iorkxQ,avatar_clip,27,Watchin from Nepal❤🎉,7-emotion,GoEmotions fine-tuned DistilBERT,chase1zhang/youtube-emotion-distilbert,joy,neutral,neutral,0.9935,No
https://www.youtube.com/watch?v=M8To7iorkxQ,avatar_clip,28,"Аватар - был прекрасный фильм,❤а следующие части - это мультфильмы😪А так ждали и хотели продолжения именно фильма😢🥺",7-emotion,GoEmotions fine-tuned DistilBERT,chase1zhang/youtube-emotion-distilbert,sadness,neutral,neutral,0.971,No
https://www.youtube.com/watch?v=M8To7iorkxQ,avatar_clip,29,Wonderful movie watching from south africa ❤😊❤,7-emotion,GoEmotions fine-tuned DistilBERT,chase1zhang/youtube-emotion-distilbert,joy,joy,joy,0.8559,Yes
https://www.youtube.com/watch?v=M8To7iorkxQ,avatar_clip,30,Watching from California nice movie thank you for uploading it ❤😊,7-emotion,GoEmotions fine-tuned DistilBERT,chase1zhang/youtube-emotion-distilbert,joy,neutral,neutral,0.9297,No
https://www.youtube.com/watch?v=M8To7iorkxQ,avatar_clip,31,I'm watching from Viet Nam ❤,7-emotion,GoEmotions fine-tuned DistilBERT,chase1zhang/youtube-emotion-distilbert,joy,neutral,neutral,0.9901,No
https://www.youtube.com/watch?v=M8To7iorkxQ,avatar_clip,32,Uae,7-emotion,GoEmotions fine-tuned DistilBERT,chase1zhang/youtube-emotion-distilbert,neutral,neutral,neutral,0.9927,Yes
https://www.youtube.com/watch?v=M8To7iorkxQ,avatar_clip,33,"The Queen Mother arrived and quickly turned the world upside down, not letting the King Atma die.Myself",7-emotion,GoEmotions fine-tuned DistilBERT,chase1zhang/youtube-emotion-distilbert,neutral,neutral,neutral,0.9852,Yes
https://www.youtube.com/watch?v=M8To7iorkxQ,avatar_clip,34,From Brasil! Great vídeo!,7-emotion,GoEmotions fine-tuned DistilBERT,chase1zhang/youtube-emotion-distilbert,joy,neutral,neutral,0.9546,No
https://www.youtube.com/watch?v=M8To7iorkxQ,avatar_clip,35,hello friends permision i am from Indonesian i like your video cool 🎉🎉🎉🎉🎉 amazing 🥰🥰🥰🙏🙏🙏✌️,7-emotion,GoEmotions fine-tuned DistilBERT,chase1zhang/youtube-emotion-distilbert,joy,joy,joy,0.7439,Yes
https://www.youtube.com/watch?v=M8To7iorkxQ,avatar_clip,36,"Mantap,,,❤❤❤❤❤",7-emotion,GoEmotions fine-tuned DistilBERT,chase1zhang/youtube-emotion-distilbert,joy,neutral,neutral,0.9945,No
https://www.youtube.com/watch?v=M8To7iorkxQ,avatar_clip,37,From USA 🇱🇷🎉🎉,7-emotion,GoEmotions fine-tuned DistilBERT,chase1zhang/youtube-emotion-distilbert,joy,neutral,neutral,0.9944,No
https://www.youtube.com/watch?v=M8To7iorkxQ,avatar_clip,38,From indonesia❤,7-emotion,GoEmotions fine-tuned DistilBERT,chase1zhang/youtube-emotion-distilbert,joy,neutral,neutral,0.9947,No
https://www.youtube.com/watch?v=M8To7iorkxQ,avatar_clip,39,ok,7-emotion,GoEmotions fine-tuned DistilBERT,chase1zhang/youtube-emotion-distilbert,neutral,neutral,neutral,0.9935,Yes
https://www.youtube.com/watch?v=M8To7iorkxQ,avatar_clip,40,They need a vr version of this 😮,7-emotion,GoEmotions fine-tuned DistilBERT,chase1zhang/youtube-emotion-distilbert,surprise,neutral,neutral,0.9946,No
https://www.youtube.com/watch?v=M8To7iorkxQ,avatar_clip,41,"Pandora always looks so stunning! 💙 If you could visit just one place in the Avatar world, where would it be ?",7-emotion,GoEmotions fine-tuned DistilBERT,chase1zhang/youtube-emotion-distilbert,joy,neutral,neutral,0.6562,No
https://www.youtube.com/watch?v=M8To7iorkxQ,avatar_clip,42,Whatching from Kenya,7-emotion,GoEmotions fine-tuned DistilBERT,chase1zhang/youtube-emotion-distilbert,neutral,neutral,neutral,0.9903,Yes
https://www.youtube.com/watch?v=M8To7iorkxQ,avatar_clip,43,"It's engaging and enjoyable to watch, mainly because the actors' performance is really good.",7-emotion,GoEmotions fine-tuned DistilBERT,chase1zhang/youtube-emotion-distilbert,joy,joy,joy,0.9042,Yes
https://www.youtube.com/watch?v=M8To7iorkxQ,avatar_clip,44,МУЛЬКИК НО ВСЁ ЖЕ ИНТЕРЕСНО.❤❤❤❤❤,7-emotion,GoEmotions fine-tuned DistilBERT,chase1zhang/youtube-emotion-distilbert,joy,neutral,neutral,0.9783,No
https://www.youtube.com/watch?v=M8To7iorkxQ,avatar_clip,45,Watching from India Attendance please,7-emotion,GoEmotions fine-tuned DistilBERT,chase1zhang/youtube-emotion-distilbert,neutral,neutral,neutral,0.9933,Yes
https://www.youtube.com/watch?v=M8To7iorkxQ,avatar_clip,46,You are a superhero! 🎉,7-emotion,GoEmotions fine-tuned DistilBERT,chase1zhang/youtube-emotion-distilbert,joy,neutral,neutral,0.9708,No
https://www.youtube.com/watch?v=M8To7iorkxQ,avatar_clip,47,from Indonesia..🇮🇩❤ (Sragen),7-emotion,GoEmotions fine-tuned DistilBERT,chase1zhang/youtube-emotion-distilbert,joy,neutral,neutral,0.9941,No
https://www.youtube.com/watch?v=M8To7iorkxQ,avatar_clip,48,Watching from Philippines❤,7-emotion,GoEmotions fine-tuned DistilBERT,chase1zhang/youtube-emotion-distilbert,joy,neutral,neutral,0.9934,No
https://www.youtube.com/watch?v=M8To7iorkxQ,avatar_clip,49,Watching from South Africa enjoying the movie ❤,7-emotion,GoEmotions fine-tuned DistilBERT,chase1zhang/youtube-emotion-distilbert,joy,joy,joy,0.9379,Yes
https://www.youtube.com/watch?v=M8To7iorkxQ,avatar_clip,50,Watching from Cameroon🇨🇲,7-emotion,GoEmotions fine-tuned DistilBERT,chase1zhang/youtube-emotion-distilbert,neutral,neutral,neutral,0.9934,Yes
https://www.youtube.com/watch?v=-_-eIVAX1yQ,shooting_news,1,Why was he let out of the psychiatric facility? Moronic authorities,7-emotion,GoEmotions fine-tuned DistilBERT,chase1zhang/youtube-emotion-distilbert,anger,neutral,neutral,0.8284,No
https://www.youtube.com/watch?v=-_-eIVAX1yQ,shooting_news,2,Finally got the treatment he needed.,7-emotion,GoEmotions fine-tuned DistilBERT,chase1zhang/youtube-emotion-distilbert,anger,neutral,neutral,0.9892,No
https://www.youtube.com/watch?v=-_-eIVAX1yQ,shooting_news,3,Those reporters have the survival instincts of a rock,7-emotion,GoEmotions fine-tuned DistilBERT,chase1zhang/youtube-emotion-distilbert,anger,neutral,neutral,0.9902,No
https://www.youtube.com/watch?v=-_-eIVAX1yQ,shooting_news,4,We need to start hiring more competent gunmen.,7-emotion,GoEmotions fine-tuned DistilBERT,chase1zhang/youtube-emotion-distilbert,anger,neutral,neutral,0.9922,No
https://www.youtube.com/watch?v=-_-eIVAX1yQ,shooting_news,5,Freedom of irrelevancespeech..,7-emotion,GoEmotions fine-tuned DistilBERT,chase1zhang/youtube-emotion-distilbert,neutral,neutral,neutral,0.9889,Yes
https://www.youtube.com/watch?v=-_-eIVAX1yQ,shooting_news,6,a revolver? what in tarnation?,7-emotion,GoEmotions fine-tuned DistilBERT,chase1zhang/youtube-emotion-distilbert,surprise,neutral,neutral,0.9784,No
https://www.youtube.com/watch?v=-_-eIVAX1yQ,shooting_news,7,I was thinking how dumb standing near windows would be… but if any room was bullet proofed it would be that.,7-emotion,GoEmotions fine-tuned DistilBERT,chase1zhang/youtube-emotion-distilbert,anger,neutral,neutral,0.9656,No
https://www.youtube.com/watch?v=-_-eIVAX1yQ,shooting_news,8,The reporters has the survival instincts of a Dodo,7-emotion,GoEmotions fine-tuned DistilBERT,chase1zhang/youtube-emotion-distilbert,anger,neutral,neutral,0.9913,No
https://www.youtube.com/watch?v=-_-eIVAX1yQ,shooting_news,9,We have agent 007😂,7-emotion,GoEmotions fine-tuned DistilBERT,chase1zhang/youtube-emotion-distilbert,joy,neutral,neutral,0.9954,No
https://www.youtube.com/watch?v=-_-eIVAX1yQ,shooting_news,10,Anything to get the ballroom 😂😂,7-emotion,GoEmotions fine-tuned DistilBERT,chase1zhang/youtube-emotion-distilbert,joy,neutral,neutral,0.9958,No
https://www.youtube.com/watch?v=-_-eIVAX1yQ,shooting_news,11,"Give it three days, he'll be back.🤔💡",7-emotion,GoEmotions fine-tuned DistilBERT,chase1zhang/youtube-emotion-distilbert,fear,neutral,neutral,0.9947,No
https://www.youtube.com/watch?v=-_-eIVAX1yQ,shooting_news,12,Will the world still believe?,7-emotion,GoEmotions fine-tuned DistilBERT,chase1zhang/youtube-emotion-distilbert,neutral,neutral,neutral,0.9897,Yes
https://www.youtube.com/watch?v=-_-eIVAX1yQ,shooting_news,13,Just another day in USA,7-emotion,GoEmotions fine-tuned DistilBERT,chase1zhang/youtube-emotion-distilbert,anger,neutral,neutral,0.9397,No
https://www.youtube.com/watch?v=-_-eIVAX1yQ,shooting_news,14,Sa manquait ❤❤🎉🎉,7-emotion,GoEmotions fine-tuned DistilBERT,chase1zhang/youtube-emotion-distilbert,joy,neutral,neutral,0.9942,No
https://www.youtube.com/watch?v=-_-eIVAX1yQ,shooting_news,15,The USA is a lost cause.,7-emotion,GoEmotions fine-tuned DistilBERT,chase1zhang/youtube-emotion-distilbert,anger,neutral,neutral,0.8037,No
https://www.youtube.com/watch?v=-_-eIVAX1yQ,shooting_news,16,Jeez what's this 4th attempt. Something odd about it all,7-emotion,GoEmotions fine-tuned DistilBERT,chase1zhang/youtube-emotion-distilbert,surprise,neutral,neutral,0.6715,No
https://www.youtube.com/watch?v=-_-eIVAX1yQ,shooting_news,17,Another patriot gone.,7-emotion,GoEmotions fine-tuned DistilBERT,chase1zhang/youtube-emotion-distilbert,sadness,neutral,neutral,0.9885,No
https://www.youtube.com/watch?v=-_-eIVAX1yQ,shooting_news,18,So many want him Xd,7-emotion,GoEmotions fine-tuned DistilBERT,chase1zhang/youtube-emotion-distilbert,anger,neutral,neutral,0.9939,No
https://www.youtube.com/watch?v=-_-eIVAX1yQ,shooting_news,19,The shooters family could claim a presidential pardon for him & put a claim in for the slush fund.,7-emotion,GoEmotions fine-tuned DistilBERT,chase1zhang/youtube-emotion-distilbert,anger,neutral,neutral,0.9929,No
https://www.youtube.com/watch?v=-_-eIVAX1yQ,shooting_news,20,The United States is a threat to all of humanity...,7-emotion,GoEmotions fine-tuned DistilBERT,chase1zhang/youtube-emotion-distilbert,fear,neutral,neutral,0.7337,No
https://www.youtube.com/watch?v=-_-eIVAX1yQ,shooting_news,21,The best learing centre graduate yet.,7-emotion,GoEmotions fine-tuned DistilBERT,chase1zhang/youtube-emotion-distilbert,joy,neutral,neutral,0.988,No
https://www.youtube.com/watch?v=-_-eIVAX1yQ,shooting_news,22,He missed his son's wedding for this! Could they not have arranged for the gunman to turn up another day?,7-emotion,GoEmotions fine-tuned DistilBERT,chase1zhang/youtube-emotion-distilbert,sadness,neutral,neutral,0.9077,No
https://www.youtube.com/watch?v=-_-eIVAX1yQ,shooting_news,23,ترامب مغتصب اباطفال مع ابستين داعم الكيان الاسرائيلي قاتل الاطفال هو مجرد دميه بيد النتن,7-emotion,GoEmotions fine-tuned DistilBERT,chase1zhang/youtube-emotion-distilbert,anger,neutral,neutral,0.9473,No
https://www.youtube.com/watch?v=-_-eIVAX1yQ,shooting_news,24,"We need a professional killer, not a psychotic kid.",7-emotion,GoEmotions fine-tuned DistilBERT,chase1zhang/youtube-emotion-distilbert,anger,neutral,neutral,0.9627,No
https://www.youtube.com/watch?v=-_-eIVAX1yQ,shooting_news,25,Gunshots ringing out what is that😂 how did an insane person get access to a revolver?,7-emotion,GoEmotions fine-tuned DistilBERT,chase1zhang/youtube-emotion-distilbert,fear,neutral,neutral,0.8644,No
https://www.youtube.com/watch?v=-_-eIVAX1yQ,shooting_news,26,Amando supremo tribunal federal do Brasil. Donald Trump a sua guela. Alexandro oliveira jornal nacional do Brasil. GCM . Romu fortaleza ceará. Força tática.,7-emotion,GoEmotions fine-tuned DistilBERT,chase1zhang/youtube-emotion-distilbert,anger,neutral,neutral,0.9921,No
https://www.youtube.com/watch?v=-_-eIVAX1yQ,shooting_news,27,Vampire stern family,7-emotion,GoEmotions fine-tuned DistilBERT,chase1zhang/youtube-emotion-distilbert,disgust,neutral,neutral,0.985,No
https://www.youtube.com/watch?v=-_-eIVAX1yQ,shooting_news,28,😂😂😂😂😂,7-emotion,GoEmotions fine-tuned DistilBERT,chase1zhang/youtube-emotion-distilbert,joy,neutral,neutral,0.9886,No
https://www.youtube.com/watch?v=-_-eIVAX1yQ,shooting_news,29,The real story is Trump lost the war and there is a bounty on his life.,7-emotion,GoEmotions fine-tuned DistilBERT,chase1zhang/youtube-emotion-distilbert,fear,neutral,neutral,0.9905,No
https://www.youtube.com/watch?v=-_-eIVAX1yQ,shooting_news,30,Never has a president been like this lol,7-emotion,GoEmotions fine-tuned DistilBERT,chase1zhang/youtube-emotion-distilbert,joy,joy,joy,0.5112,Yes
https://www.youtube.com/watch?v=-_-eIVAX1yQ,shooting_news,31,"On the plus side, the shootings happen closer to the White House.",7-emotion,GoEmotions fine-tuned DistilBERT,chase1zhang/youtube-emotion-distilbert,fear,neutral,neutral,0.9919,No
https://www.youtube.com/watch?v=-_-eIVAX1yQ,shooting_news,32,No Bias Just Reporting 👍,7-emotion,GoEmotions fine-tuned DistilBERT,chase1zhang/youtube-emotion-distilbert,joy,neutral,neutral,0.9946,No
https://www.youtube.com/watch?v=-_-eIVAX1yQ,shooting_news,33,Distraction from the distraction from the distraction from the distraction from the distraction from the distraction from the distraction. Stay tuned there be a distraction soon from this distraction,7-emotion,GoEmotions fine-tuned DistilBERT,chase1zhang/youtube-emotion-distilbert,neutral,neutral,neutral,0.9894,Yes
https://www.youtube.com/watch?v=-_-eIVAX1yQ,shooting_news,34,You can’t take a great man down trump forever,7-emotion,GoEmotions fine-tuned DistilBERT,chase1zhang/youtube-emotion-distilbert,joy,neutral,neutral,0.9895,No
https://www.youtube.com/watch?v=-_-eIVAX1yQ,shooting_news,35,"Avec TRUMP, le rêve américain est devenu le cauchemar américain !",7-emotion,GoEmotions fine-tuned DistilBERT,chase1zhang/youtube-emotion-distilbert,sadness,neutral,neutral,0.9846,No
https://www.youtube.com/watch?v=-_-eIVAX1yQ,shooting_news,36,Very poor gun man in america,7-emotion,GoEmotions fine-tuned DistilBERT,chase1zhang/youtube-emotion-distilbert,sadness,sadness,sadness,0.9084,Yes
https://www.youtube.com/watch?v=-_-eIVAX1yQ,shooting_news,37,Definitely an Ai slop.,7-emotion,GoEmotions fine-tuned DistilBERT,chase1zhang/youtube-emotion-distilbert,disgust,neutral,neutral,0.9585,No
https://www.youtube.com/watch?v=-_-eIVAX1yQ,shooting_news,38,He was just looking for the snack bar,7-emotion,GoEmotions fine-tuned DistilBERT,chase1zhang/youtube-emotion-distilbert,joy,neutral,neutral,0.9948,No
https://www.youtube.com/watch?v=-_-eIVAX1yQ,shooting_news,39,TDS,7-emotion,GoEmotions fine-tuned DistilBERT,chase1zhang/youtube-emotion-distilbert,neutral,neutral,neutral,0.9941,Yes
https://www.youtube.com/watch?v=-_-eIVAX1yQ,shooting_news,40,Bro took Trump’s Christ image very seriously.,7-emotion,GoEmotions fine-tuned DistilBERT,chase1zhang/youtube-emotion-distilbert,anger,neutral,neutral,0.9864,No
https://www.youtube.com/watch?v=-_-eIVAX1yQ,shooting_news,41,My heart goes out to the innocent bystander 😢,7-emotion,GoEmotions fine-tuned DistilBERT,chase1zhang/youtube-emotion-distilbert,sadness,neutral,neutral,0.6567,No
https://www.youtube.com/watch?v=-_-eIVAX1yQ,shooting_news,42,How does someone who believes they are Jesus Christ have legal ownership of a gun? Or be president of the most powerful nation on earth? The USA never fails to confound.,7-emotion,GoEmotions fine-tuned DistilBERT,chase1zhang/youtube-emotion-distilbert,anger,neutral,neutral,0.9927,No
https://www.youtube.com/watch?v=-_-eIVAX1yQ,shooting_news,43,ITS NOT BREAKING NEWS SINCE HES STILL AROUND....MOST LIKELY TAKING A NAP DURING THE SHOOTING,7-emotion,GoEmotions fine-tuned DistilBERT,chase1zhang/youtube-emotion-distilbert,anger,neutral,neutral,0.9878,No
https://www.youtube.com/watch?v=-_-eIVAX1yQ,shooting_news,44,Really was this actually to distract from the mess of the Iran War and the economic fallout.,7-emotion,GoEmotions fine-tuned DistilBERT,chase1zhang/youtube-emotion-distilbert,fear,neutral,neutral,0.9882,No
https://www.youtube.com/watch?v=-_-eIVAX1yQ,shooting_news,45,"If at first you don't succeed, try, try, again. Be careful who you try it with though.",7-emotion,GoEmotions fine-tuned DistilBERT,chase1zhang/youtube-emotion-distilbert,fear,neutral,neutral,0.9879,No
https://www.youtube.com/watch?v=-_-eIVAX1yQ,shooting_news,46,Is very dangerous time in the USA is getting really close 4 Revolution is only matter of time 20 gunman or 200 we'll be doing that🙉 the sort of things been going on since forever😜,7-emotion,GoEmotions fine-tuned DistilBERT,chase1zhang/youtube-emotion-distilbert,fear,fear,fear,0.5371,Yes
https://www.youtube.com/watch?v=-_-eIVAX1yQ,shooting_news,47,WWE,7-emotion,GoEmotions fine-tuned DistilBERT,chase1zhang/youtube-emotion-distilbert,neutral,neutral,neutral,0.9832,Yes
https://www.youtube.com/watch?v=-_-eIVAX1yQ,shooting_news,48,Australian news is unbearable,7-emotion,GoEmotions fine-tuned DistilBERT,chase1zhang/youtube-emotion-distilbert,disgust,sadness,sadness,0.4868,No
https://www.youtube.com/watch?v=-_-eIVAX1yQ,shooting_news,49,Just another bad in the country,7-emotion,GoEmotions fine-tuned DistilBERT,chase1zhang/youtube-emotion-distilbert,sadness,neutral,neutral,0.6869,No
https://www.youtube.com/watch?v=-_-eIVAX1yQ,shooting_news,50,"Un charlot, ridiculisé par l'iran.",7-emotion,GoEmotions fine-tuned DistilBERT,chase1zhang/youtube-emotion-distilbert,anger,neutral,neutral,0.9888,No
https://www.youtube.com/watch?v=d2dgJGkw5p0,rare_earths,1,Learn more: Why Rare Earths Are China’s Trump Card in Trade War - https://bloom.bg/4nG7F63,7-emotion,YouTube-domain adapted DistilBERT,chase1zhang/youtube-emotion-distilbert-domain-adapted,neutral,neutral,neutral,0.8619,Yes
https://www.youtube.com/watch?v=d2dgJGkw5p0,rare_earths,2,Funny how they complain they cannot bully China,7-emotion,YouTube-domain adapted DistilBERT,chase1zhang/youtube-emotion-distilbert-domain-adapted,anger,joy,joy,0.9067,No
https://www.youtube.com/watch?v=d2dgJGkw5p0,rare_earths,3,"Remember the US restricted sale of semiconductors to China, they responded by restricting sale of rare earth materials to the US. In the old days western countries dominated world trade, now that has shifted to Asia. The western powers must accept one thing, you can't dominate the world forever.",7-emotion,YouTube-domain adapted DistilBERT,chase1zhang/youtube-emotion-distilbert-domain-adapted,anger,neutral,neutral,0.9368,No
https://www.youtube.com/watch?v=d2dgJGkw5p0,rare_earths,4,China is only using rare earth as geopolitical leverage in response to US using its dominance in semiconductor as geopolitical leverage.,7-emotion,YouTube-domain adapted DistilBERT,chase1zhang/youtube-emotion-distilbert-domain-adapted,neutral,neutral,neutral,0.9768,Yes
https://www.youtube.com/watch?v=d2dgJGkw5p0,rare_earths,5,China never used it as geopolitical leverage until it had to.,7-emotion,YouTube-domain adapted DistilBERT,chase1zhang/youtube-emotion-distilbert-domain-adapted,neutral,neutral,neutral,0.9404,Yes
https://www.youtube.com/watch?v=d2dgJGkw5p0,rare_earths,6,You can restrict semiconductors and chips to China but China can't hold rare earth material,7-emotion,YouTube-domain adapted DistilBERT,chase1zhang/youtube-emotion-distilbert-domain-adapted,anger,neutral,neutral,0.9653,No
https://www.youtube.com/watch?v=d2dgJGkw5p0,rare_earths,7,Maybe not using your precious Rare earth on weapons. 😂,7-emotion,YouTube-domain adapted DistilBERT,chase1zhang/youtube-emotion-distilbert-domain-adapted,anger,neutral,neutral,0.6263,No
https://www.youtube.com/watch?v=d2dgJGkw5p0,rare_earths,8,"I remember learning in school back around 2000 that we in China had the rare earth deposits but our refining capability was so poor we could only export raw ore to countries like Japan, making a tiny profit in the whole value chain. Now watching this video i feel proud of my country and our people. We don't need to argue with others. Just do our job, improvise everyday and enjoy our lives. We dont need to envy or be afraid of the bullies.",7-emotion,YouTube-domain adapted DistilBERT,chase1zhang/youtube-emotion-distilbert-domain-adapted,joy,fear,fear,0.9071,No
https://www.youtube.com/watch?v=d2dgJGkw5p0,rare_earths,9,"There is nothing rare about ""rare"" earths. Its the processing plants that are rare.",7-emotion,YouTube-domain adapted DistilBERT,chase1zhang/youtube-emotion-distilbert-domain-adapted,neutral,neutral,neutral,0.8722,Yes
https://www.youtube.com/watch?v=d2dgJGkw5p0,rare_earths,10,"US is always the one that starting the trouble, China just reacting. this REM case show that many times US start something without thinking everything. like so many other cases. when you started it, don't blame others for reacting.",7-emotion,YouTube-domain adapted DistilBERT,chase1zhang/youtube-emotion-distilbert-domain-adapted,anger,anger,anger,0.819,Yes
https://www.youtube.com/watch?v=d2dgJGkw5p0,rare_earths,11,"BRAZIL is a BRICKS member and US imposed 50% on this country, there's no way the second largest REE country will align with US to solve this crisis.",7-emotion,YouTube-domain adapted DistilBERT,chase1zhang/youtube-emotion-distilbert-domain-adapted,neutral,anger,anger,0.6719,No
https://www.youtube.com/watch?v=d2dgJGkw5p0,rare_earths,12,"As usual, the narrative is: American hegemony = good Anything else = bad",7-emotion,YouTube-domain adapted DistilBERT,chase1zhang/youtube-emotion-distilbert-domain-adapted,anger,joy,joy,0.7673,No
https://www.youtube.com/watch?v=d2dgJGkw5p0,rare_earths,13,35000 lawyers 350 mining engineers.,7-emotion,YouTube-domain adapted DistilBERT,chase1zhang/youtube-emotion-distilbert-domain-adapted,neutral,neutral,neutral,0.8892,Yes
https://www.youtube.com/watch?v=d2dgJGkw5p0,rare_earths,14,"Don't start war with China, then no rare earth problem",7-emotion,YouTube-domain adapted DistilBERT,chase1zhang/youtube-emotion-distilbert-domain-adapted,neutral,neutral,neutral,0.6241,Yes
https://www.youtube.com/watch?v=d2dgJGkw5p0,rare_earths,15,"Did they forget how they did to Huawei and some other companies back in 2018? And now still blocking China to get latest chips. So this means only US can accuse others and sanction others, others can’t fight back, if you fight back, I will do the strongest condemn logic? Karma is a bitch, isn’t it? 😊",7-emotion,YouTube-domain adapted DistilBERT,chase1zhang/youtube-emotion-distilbert-domain-adapted,anger,anger,anger,0.9427,Yes
https://www.youtube.com/watch?v=d2dgJGkw5p0,rare_earths,16,"“We want a lot of rocks, I’m gathering rocks to stack them on top of each other”",7-emotion,YouTube-domain adapted DistilBERT,chase1zhang/youtube-emotion-distilbert-domain-adapted,neutral,neutral,neutral,0.9795,Yes
https://www.youtube.com/watch?v=d2dgJGkw5p0,rare_earths,17,They are talking about China like if they are aliens from different planet!!,7-emotion,YouTube-domain adapted DistilBERT,chase1zhang/youtube-emotion-distilbert-domain-adapted,joy,neutral,neutral,0.9331,No
https://www.youtube.com/watch?v=d2dgJGkw5p0,rare_earths,18,Very well done video. Those animations - hats off 👍,7-emotion,YouTube-domain adapted DistilBERT,chase1zhang/youtube-emotion-distilbert-domain-adapted,joy,joy,joy,0.9553,Yes
https://www.youtube.com/watch?v=d2dgJGkw5p0,rare_earths,19,What do you mean running an economy based on economic derivatives leaves you vulnerable to foreign commodity spikes when you don't actually make anything? /s,7-emotion,YouTube-domain adapted DistilBERT,chase1zhang/youtube-emotion-distilbert-domain-adapted,anger,neutral,neutral,0.7914,No
https://www.youtube.com/watch?v=d2dgJGkw5p0,rare_earths,20,that thumbnail is so catchy so you click instantly,7-emotion,YouTube-domain adapted DistilBERT,chase1zhang/youtube-emotion-distilbert-domain-adapted,neutral,neutral,neutral,0.9556,Yes
https://www.youtube.com/watch?v=d2dgJGkw5p0,rare_earths,21,Why is it that I've never heard anyone voice any concerns about relying too much on the US or the EU?,7-emotion,YouTube-domain adapted DistilBERT,chase1zhang/youtube-emotion-distilbert-domain-adapted,neutral,neutral,neutral,0.7841,Yes
https://www.youtube.com/watch?v=d2dgJGkw5p0,rare_earths,22,Can we get a video on shipbuilding on Bloomberg Primer?,7-emotion,YouTube-domain adapted DistilBERT,chase1zhang/youtube-emotion-distilbert-domain-adapted,neutral,neutral,neutral,0.9892,Yes
https://www.youtube.com/watch?v=d2dgJGkw5p0,rare_earths,23,US: Launches a trade war China: Fights back US: *Surprised Pikachu face*,7-emotion,YouTube-domain adapted DistilBERT,chase1zhang/youtube-emotion-distilbert-domain-adapted,surprise,surprise,surprise,0.979,Yes
https://www.youtube.com/watch?v=d2dgJGkw5p0,rare_earths,24,Thanks for the information,7-emotion,YouTube-domain adapted DistilBERT,chase1zhang/youtube-emotion-distilbert-domain-adapted,joy,joy,joy,0.9229,Yes
https://www.youtube.com/watch?v=d2dgJGkw5p0,rare_earths,25,The big problem was the West and US did not do anything about it until they realise too late. China have been buying and processing rare earth for like 20 years. China have long term plans. Now it’s too late for the West to catch up as it takes a decade to develop the processing of rare earths,7-emotion,YouTube-domain adapted DistilBERT,chase1zhang/youtube-emotion-distilbert-domain-adapted,neutral,neutral,neutral,0.7817,Yes
https://www.youtube.com/watch?v=d2dgJGkw5p0,rare_earths,26,It’s hella funny when the bully gets bullied 😂😂,7-emotion,YouTube-domain adapted DistilBERT,chase1zhang/youtube-emotion-distilbert-domain-adapted,joy,anger,anger,0.5846,No
https://www.youtube.com/watch?v=d2dgJGkw5p0,rare_earths,27,"He said ""hold all the chips"" 😂😂😂",7-emotion,YouTube-domain adapted DistilBERT,chase1zhang/youtube-emotion-distilbert-domain-adapted,joy,joy,joy,0.6323,Yes
https://www.youtube.com/watch?v=d2dgJGkw5p0,rare_earths,28,"Knowledge, skill, industrial muscle, AND security",7-emotion,YouTube-domain adapted DistilBERT,chase1zhang/youtube-emotion-distilbert-domain-adapted,neutral,neutral,neutral,0.9408,Yes
https://www.youtube.com/watch?v=d2dgJGkw5p0,rare_earths,29,Great video,7-emotion,YouTube-domain adapted DistilBERT,chase1zhang/youtube-emotion-distilbert-domain-adapted,joy,joy,joy,0.9783,Yes
https://www.youtube.com/watch?v=d2dgJGkw5p0,rare_earths,30,"You guys are intentionally misleading to sound optimistic. In order for the West to get to the capacity that China has today, it would take about 20-30 years. And that assuming China stays still during that time.",7-emotion,YouTube-domain adapted DistilBERT,chase1zhang/youtube-emotion-distilbert-domain-adapted,disgust,neutral,neutral,0.9268,No
https://www.youtube.com/watch?v=d2dgJGkw5p0,rare_earths,31,Best thumbnail for a bloomberg video I've ever seen. Gg.,7-emotion,YouTube-domain adapted DistilBERT,chase1zhang/youtube-emotion-distilbert-domain-adapted,joy,joy,joy,0.9696,Yes
https://www.youtube.com/watch?v=d2dgJGkw5p0,rare_earths,32,Straight of Rare Earths.,7-emotion,YouTube-domain adapted DistilBERT,chase1zhang/youtube-emotion-distilbert-domain-adapted,neutral,neutral,neutral,0.9773,Yes
https://www.youtube.com/watch?v=d2dgJGkw5p0,rare_earths,33,That refining technology was in widespread use in IA in the 1950s. Very highly optimized. We just let some Chinese students take it home.,7-emotion,YouTube-domain adapted DistilBERT,chase1zhang/youtube-emotion-distilbert-domain-adapted,anger,neutral,neutral,0.9674,No
https://www.youtube.com/watch?v=d2dgJGkw5p0,rare_earths,34,"Mate, don't even go to Rare earth!!! We would have to shut all business down if China stops any supplies.",7-emotion,YouTube-domain adapted DistilBERT,chase1zhang/youtube-emotion-distilbert-domain-adapted,fear,anger,anger,0.4557,No
https://www.youtube.com/watch?v=d2dgJGkw5p0,rare_earths,35,Being a video editor at Bloomberg must be so easy when the topic is about China. All they have to do is pick from a grand total of 10 different stock footage options.,7-emotion,YouTube-domain adapted DistilBERT,chase1zhang/youtube-emotion-distilbert-domain-adapted,anger,neutral,neutral,0.9756,No
https://www.youtube.com/watch?v=d2dgJGkw5p0,rare_earths,36,09:47 Why would the department of war buying $400 M worth of steaks from a freaking magnet factory lol.,7-emotion,YouTube-domain adapted DistilBERT,chase1zhang/youtube-emotion-distilbert-domain-adapted,surprise,neutral,neutral,0.7248,No
https://www.youtube.com/watch?v=d2dgJGkw5p0,rare_earths,37,Love from South Africa ❤️🇿🇦🏆,7-emotion,YouTube-domain adapted DistilBERT,chase1zhang/youtube-emotion-distilbert-domain-adapted,joy,joy,joy,0.9497,Yes
https://www.youtube.com/watch?v=d2dgJGkw5p0,rare_earths,38,10 billion hunt? That's just the first day of the Iran war. America wins wins wins.,7-emotion,YouTube-domain adapted DistilBERT,chase1zhang/youtube-emotion-distilbert-domain-adapted,anger,neutral,neutral,0.7477,No
https://www.youtube.com/watch?v=d2dgJGkw5p0,rare_earths,39,0:30. Woahhhh Malaysia 😃😃,7-emotion,YouTube-domain adapted DistilBERT,chase1zhang/youtube-emotion-distilbert-domain-adapted,surprise,joy,joy,0.5276,No
https://www.youtube.com/watch?v=d2dgJGkw5p0,rare_earths,40,7:45 this is why there are playing the game so dominataly. They have filled every gap with right strategy. And it worked profoundly.,7-emotion,YouTube-domain adapted DistilBERT,chase1zhang/youtube-emotion-distilbert-domain-adapted,neutral,neutral,neutral,0.9492,Yes
https://www.youtube.com/watch?v=d2dgJGkw5p0,rare_earths,41,"As the G2, we could literally run the world together. Let's go hand in hand as trustworthy allies rather than confront each other — there's no beef between us. Plus, the world already has enough problems. Others may not have the cards, but we do",7-emotion,YouTube-domain adapted DistilBERT,chase1zhang/youtube-emotion-distilbert-domain-adapted,joy,anger,anger,0.6315,No
https://www.youtube.com/watch?v=d2dgJGkw5p0,rare_earths,42,"Australia has plenty of rare earth minerals, it's the processing that is the problem.",7-emotion,YouTube-domain adapted DistilBERT,chase1zhang/youtube-emotion-distilbert-domain-adapted,neutral,neutral,neutral,0.8919,Yes
https://www.youtube.com/watch?v=d2dgJGkw5p0,rare_earths,43,Nectar Gan is so beautiful 🔥 👌,7-emotion,YouTube-domain adapted DistilBERT,chase1zhang/youtube-emotion-distilbert-domain-adapted,joy,joy,joy,0.9557,Yes
https://www.youtube.com/watch?v=d2dgJGkw5p0,rare_earths,44,brazil is full of rare earths,7-emotion,YouTube-domain adapted DistilBERT,chase1zhang/youtube-emotion-distilbert-domain-adapted,neutral,neutral,neutral,0.9642,Yes
https://www.youtube.com/watch?v=d2dgJGkw5p0,rare_earths,45,Trump: You have rare earths. We have all the oil. Lets trade...,7-emotion,YouTube-domain adapted DistilBERT,chase1zhang/youtube-emotion-distilbert-domain-adapted,neutral,neutral,neutral,0.9691,Yes
https://www.youtube.com/watch?v=d2dgJGkw5p0,rare_earths,46,Meanwhile China is already looking for the next chokehold.,7-emotion,YouTube-domain adapted DistilBERT,chase1zhang/youtube-emotion-distilbert-domain-adapted,neutral,neutral,neutral,0.9685,Yes
https://www.youtube.com/watch?v=d2dgJGkw5p0,rare_earths,47,"The US has all the rare earth metals we need in California and Texas and in all the coal ash piles we have across the U.S. We simply need to build more of the processing plants to process these rare earths and the understanding that processing rare earths is usually a very polluting endeavor. I have no doubt we can do it in a more environmentally way, but we also need to understand that China's Rare Earth industry is heavily subsidized by China so America's Rare Earths will probably be more expensive. We also have the deals with both Ukraine and Austrailia for Rare Earths as well.",7-emotion,YouTube-domain adapted DistilBERT,chase1zhang/youtube-emotion-distilbert-domain-adapted,neutral,disgust,disgust,0.4783,No
https://www.youtube.com/watch?v=d2dgJGkw5p0,rare_earths,48,So much ad even before beginning?,7-emotion,YouTube-domain adapted DistilBERT,chase1zhang/youtube-emotion-distilbert-domain-adapted,anger,neutral,neutral,0.9931,No
https://www.youtube.com/watch?v=d2dgJGkw5p0,rare_earths,49,"Calling 21% a ""quarter"" and not a ""fifth"" of world's supply should be considered journalistic malpractice",7-emotion,YouTube-domain adapted DistilBERT,chase1zhang/youtube-emotion-distilbert-domain-adapted,disgust,anger,anger,0.9105,No
https://www.youtube.com/watch?v=d2dgJGkw5p0,rare_earths,50,If making weapons of death is all that the USA does with them? BOYCOTT THEM ALL!,7-emotion,YouTube-domain adapted DistilBERT,chase1zhang/youtube-emotion-distilbert-domain-adapted,fear,anger,anger,0.4635,No
https://www.youtube.com/watch?v=M8To7iorkxQ,avatar_clip,1,This is the kind of content YouTube needs more of,7-emotion,YouTube-domain adapted DistilBERT,chase1zhang/youtube-emotion-distilbert-domain-adapted,joy,neutral,neutral,0.9799,No
https://www.youtube.com/watch?v=M8To7iorkxQ,avatar_clip,2,le le,7-emotion,YouTube-domain adapted DistilBERT,chase1zhang/youtube-emotion-distilbert-domain-adapted,neutral,neutral,neutral,0.9743,Yes
https://www.youtube.com/watch?v=M8To7iorkxQ,avatar_clip,3,🥰From India 🇮🇳 ❤🤗,7-emotion,YouTube-domain adapted DistilBERT,chase1zhang/youtube-emotion-distilbert-domain-adapted,joy,joy,joy,0.6962,Yes
https://www.youtube.com/watch?v=M8To7iorkxQ,avatar_clip,4,Ecnaha,7-emotion,YouTube-domain adapted DistilBERT,chase1zhang/youtube-emotion-distilbert-domain-adapted,neutral,neutral,neutral,0.9624,Yes
https://www.youtube.com/watch?v=M8To7iorkxQ,avatar_clip,5,"The video is truly captivating, from the dramatic pace to the spectacular visuals, it's impossible to look away 👏🔥. The content is carefully selected, providing a thrilling and exciting experience, making viewers feel like they're living through every moment of the action. In particular, the scene setting and sound design are perfectly coordinated, highlighting the power and ferocity of the monsters 🦍🐊🏙. This is a high-quality clip, both entertaining and something viewers will want to watch again and again. The channel owner has done a great job bringing a cinematic experience right on YouTube, deserving more likes and subscribers 🌟💯. Hopefully, there will be more captivating videos like this in the future, which will surely attract even more viewers ❤🚀",7-emotion,YouTube-domain adapted DistilBERT,chase1zhang/youtube-emotion-distilbert-domain-adapted,joy,joy,joy,0.9505,Yes
https://www.youtube.com/watch?v=M8To7iorkxQ,avatar_clip,6,kaka gua batu,7-emotion,YouTube-domain adapted DistilBERT,chase1zhang/youtube-emotion-distilbert-domain-adapted,neutral,neutral,neutral,0.9479,Yes
https://www.youtube.com/watch?v=M8To7iorkxQ,avatar_clip,7,Смотрю из Таджикистана ❤,7-emotion,YouTube-domain adapted DistilBERT,chase1zhang/youtube-emotion-distilbert-domain-adapted,joy,joy,joy,0.647,Yes
https://www.youtube.com/watch?v=M8To7iorkxQ,avatar_clip,8,That's amazing really ❤️,7-emotion,YouTube-domain adapted DistilBERT,chase1zhang/youtube-emotion-distilbert-domain-adapted,joy,joy,joy,0.9715,Yes
https://www.youtube.com/watch?v=M8To7iorkxQ,avatar_clip,9,From Cyprus!❤,7-emotion,YouTube-domain adapted DistilBERT,chase1zhang/youtube-emotion-distilbert-domain-adapted,joy,joy,joy,0.5343,Yes
https://www.youtube.com/watch?v=M8To7iorkxQ,avatar_clip,10,Watching from Milano Italy ❤thank you for sharing,7-emotion,YouTube-domain adapted DistilBERT,chase1zhang/youtube-emotion-distilbert-domain-adapted,joy,neutral,neutral,0.5401,No
https://www.youtube.com/watch?v=M8To7iorkxQ,avatar_clip,11,Hola I am watching from NIGERIA🎉❤,7-emotion,YouTube-domain adapted DistilBERT,chase1zhang/youtube-emotion-distilbert-domain-adapted,joy,joy,joy,0.8428,Yes
https://www.youtube.com/watch?v=M8To7iorkxQ,avatar_clip,12,N😊😊!o,7-emotion,YouTube-domain adapted DistilBERT,chase1zhang/youtube-emotion-distilbert-domain-adapted,joy,joy,joy,0.6463,Yes
https://www.youtube.com/watch?v=M8To7iorkxQ,avatar_clip,13,Wow amazing MOVIE and watching from West Borneo,7-emotion,YouTube-domain adapted DistilBERT,chase1zhang/youtube-emotion-distilbert-domain-adapted,surprise,joy,joy,0.4852,No
https://www.youtube.com/watch?v=M8To7iorkxQ,avatar_clip,14,"watching from Dublin, but Egyptian ❤❤❤ Amazing movie 🍿🎥",7-emotion,YouTube-domain adapted DistilBERT,chase1zhang/youtube-emotion-distilbert-domain-adapted,joy,joy,joy,0.9726,Yes
https://www.youtube.com/watch?v=M8To7iorkxQ,avatar_clip,15,Watching from Zambia 🥰,7-emotion,YouTube-domain adapted DistilBERT,chase1zhang/youtube-emotion-distilbert-domain-adapted,joy,neutral,neutral,0.6339,No
https://www.youtube.com/watch?v=M8To7iorkxQ,avatar_clip,16,From Sri Lanka 🇱🇰🇱🇰❤❤,7-emotion,YouTube-domain adapted DistilBERT,chase1zhang/youtube-emotion-distilbert-domain-adapted,joy,joy,joy,0.5472,Yes
https://www.youtube.com/watch?v=M8To7iorkxQ,avatar_clip,17,Watching from Ghana ❤🎉,7-emotion,YouTube-domain adapted DistilBERT,chase1zhang/youtube-emotion-distilbert-domain-adapted,joy,neutral,neutral,0.5141,No
https://www.youtube.com/watch?v=M8To7iorkxQ,avatar_clip,18,I'll never miss an Avatar movie 😊,7-emotion,YouTube-domain adapted DistilBERT,chase1zhang/youtube-emotion-distilbert-domain-adapted,joy,sadness,sadness,0.9259,No
https://www.youtube.com/watch?v=M8To7iorkxQ,avatar_clip,19,"Watching from my beloved country Philippines 🇵🇭🇵🇭 Since 2012 ,until now this movie is so amazing.. this is my favorite movie ever❤️AVATAR is the best for me❤❤❤❤❤",7-emotion,YouTube-domain adapted DistilBERT,chase1zhang/youtube-emotion-distilbert-domain-adapted,joy,joy,joy,0.9809,Yes
https://www.youtube.com/watch?v=M8To7iorkxQ,avatar_clip,20,Good morning everyone! It's quite amazing movie. I'm from Uzbekistan,7-emotion,YouTube-domain adapted DistilBERT,chase1zhang/youtube-emotion-distilbert-domain-adapted,joy,joy,joy,0.979,Yes
https://www.youtube.com/watch?v=M8To7iorkxQ,avatar_clip,21,Good 👍 😊❤,7-emotion,YouTube-domain adapted DistilBERT,chase1zhang/youtube-emotion-distilbert-domain-adapted,joy,joy,joy,0.9748,Yes
https://www.youtube.com/watch?v=M8To7iorkxQ,avatar_clip,22,From Swaziland...I'm enjoying this movie 🍿,7-emotion,YouTube-domain adapted DistilBERT,chase1zhang/youtube-emotion-distilbert-domain-adapted,joy,joy,joy,0.9767,Yes
https://www.youtube.com/watch?v=M8To7iorkxQ,avatar_clip,23,From Assam ❤❤❤,7-emotion,YouTube-domain adapted DistilBERT,chase1zhang/youtube-emotion-distilbert-domain-adapted,joy,neutral,neutral,0.758,No
https://www.youtube.com/watch?v=M8To7iorkxQ,avatar_clip,24,"watching from Abu Dhabi, UAE. thank you for sharing this video",7-emotion,YouTube-domain adapted DistilBERT,chase1zhang/youtube-emotion-distilbert-domain-adapted,joy,joy,joy,0.9582,Yes
https://www.youtube.com/watch?v=M8To7iorkxQ,avatar_clip,25,"The human coming in is like the world leaders,lying to us about everything!",7-emotion,YouTube-domain adapted DistilBERT,chase1zhang/youtube-emotion-distilbert-domain-adapted,anger,anger,anger,0.8595,Yes
https://www.youtube.com/watch?v=M8To7iorkxQ,avatar_clip,26,Here before Christmas 2025 😅let's go,7-emotion,YouTube-domain adapted DistilBERT,chase1zhang/youtube-emotion-distilbert-domain-adapted,joy,joy,joy,0.522,Yes
https://www.youtube.com/watch?v=M8To7iorkxQ,avatar_clip,27,Watchin from Nepal❤🎉,7-emotion,YouTube-domain adapted DistilBERT,chase1zhang/youtube-emotion-distilbert-domain-adapted,joy,joy,joy,0.7258,Yes
https://www.youtube.com/watch?v=M8To7iorkxQ,avatar_clip,28,"Аватар - был прекрасный фильм,❤а следующие части - это мультфильмы😪А так ждали и хотели продолжения именно фильма😢🥺",7-emotion,YouTube-domain adapted DistilBERT,chase1zhang/youtube-emotion-distilbert-domain-adapted,sadness,neutral,neutral,0.6191,No
https://www.youtube.com/watch?v=M8To7iorkxQ,avatar_clip,29,Wonderful movie watching from south africa ❤😊❤,7-emotion,YouTube-domain adapted DistilBERT,chase1zhang/youtube-emotion-distilbert-domain-adapted,joy,joy,joy,0.9807,Yes
https://www.youtube.com/watch?v=M8To7iorkxQ,avatar_clip,30,Watching from California nice movie thank you for uploading it ❤😊,7-emotion,YouTube-domain adapted DistilBERT,chase1zhang/youtube-emotion-distilbert-domain-adapted,joy,joy,joy,0.9653,Yes
https://www.youtube.com/watch?v=M8To7iorkxQ,avatar_clip,31,I'm watching from Viet Nam ❤,7-emotion,YouTube-domain adapted DistilBERT,chase1zhang/youtube-emotion-distilbert-domain-adapted,joy,neutral,neutral,0.7623,No
https://www.youtube.com/watch?v=M8To7iorkxQ,avatar_clip,32,Uae,7-emotion,YouTube-domain adapted DistilBERT,chase1zhang/youtube-emotion-distilbert-domain-adapted,neutral,neutral,neutral,0.9726,Yes
https://www.youtube.com/watch?v=M8To7iorkxQ,avatar_clip,33,"The Queen Mother arrived and quickly turned the world upside down, not letting the King Atma die.Myself",7-emotion,YouTube-domain adapted DistilBERT,chase1zhang/youtube-emotion-distilbert-domain-adapted,neutral,sadness,sadness,0.7785,No
https://www.youtube.com/watch?v=M8To7iorkxQ,avatar_clip,34,From Brasil! Great vídeo!,7-emotion,YouTube-domain adapted DistilBERT,chase1zhang/youtube-emotion-distilbert-domain-adapted,joy,joy,joy,0.9787,Yes
https://www.youtube.com/watch?v=M8To7iorkxQ,avatar_clip,35,hello friends permision i am from Indonesian i like your video cool 🎉🎉🎉🎉🎉 amazing 🥰🥰🥰🙏🙏🙏✌️,7-emotion,YouTube-domain adapted DistilBERT,chase1zhang/youtube-emotion-distilbert-domain-adapted,joy,joy,joy,0.9805,Yes
https://www.youtube.com/watch?v=M8To7iorkxQ,avatar_clip,36,"Mantap,,,❤❤❤❤❤",7-emotion,YouTube-domain adapted DistilBERT,chase1zhang/youtube-emotion-distilbert-domain-adapted,joy,joy,joy,0.6108,Yes
https://www.youtube.com/watch?v=M8To7iorkxQ,avatar_clip,37,From USA 🇱🇷🎉🎉,7-emotion,YouTube-domain adapted DistilBERT,chase1zhang/youtube-emotion-distilbert-domain-adapted,joy,joy,joy,0.6179,Yes
https://www.youtube.com/watch?v=M8To7iorkxQ,avatar_clip,38,From indonesia❤,7-emotion,YouTube-domain adapted DistilBERT,chase1zhang/youtube-emotion-distilbert-domain-adapted,joy,joy,joy,0.7077,Yes
https://www.youtube.com/watch?v=M8To7iorkxQ,avatar_clip,39,ok,7-emotion,YouTube-domain adapted DistilBERT,chase1zhang/youtube-emotion-distilbert-domain-adapted,neutral,neutral,neutral,0.9594,Yes
https://www.youtube.com/watch?v=M8To7iorkxQ,avatar_clip,40,They need a vr version of this 😮,7-emotion,YouTube-domain adapted DistilBERT,chase1zhang/youtube-emotion-distilbert-domain-adapted,surprise,joy,joy,0.7378,No
https://www.youtube.com/watch?v=M8To7iorkxQ,avatar_clip,41,"Pandora always looks so stunning! 💙 If you could visit just one place in the Avatar world, where would it be ?",7-emotion,YouTube-domain adapted DistilBERT,chase1zhang/youtube-emotion-distilbert-domain-adapted,joy,joy,joy,0.8206,Yes
https://www.youtube.com/watch?v=M8To7iorkxQ,avatar_clip,42,Whatching from Kenya,7-emotion,YouTube-domain adapted DistilBERT,chase1zhang/youtube-emotion-distilbert-domain-adapted,neutral,neutral,neutral,0.9754,Yes
https://www.youtube.com/watch?v=M8To7iorkxQ,avatar_clip,43,"It's engaging and enjoyable to watch, mainly because the actors' performance is really good.",7-emotion,YouTube-domain adapted DistilBERT,chase1zhang/youtube-emotion-distilbert-domain-adapted,joy,joy,joy,0.9772,Yes
https://www.youtube.com/watch?v=M8To7iorkxQ,avatar_clip,44,МУЛЬКИК НО ВСЁ ЖЕ ИНТЕРЕСНО.❤❤❤❤❤,7-emotion,YouTube-domain adapted DistilBERT,chase1zhang/youtube-emotion-distilbert-domain-adapted,joy,joy,joy,0.5956,Yes
https://www.youtube.com/watch?v=M8To7iorkxQ,avatar_clip,45,Watching from India Attendance please,7-emotion,YouTube-domain adapted DistilBERT,chase1zhang/youtube-emotion-distilbert-domain-adapted,neutral,neutral,neutral,0.9446,Yes
https://www.youtube.com/watch?v=M8To7iorkxQ,avatar_clip,46,You are a superhero! 🎉,7-emotion,YouTube-domain adapted DistilBERT,chase1zhang/youtube-emotion-distilbert-domain-adapted,joy,joy,joy,0.631,Yes
https://www.youtube.com/watch?v=M8To7iorkxQ,avatar_clip,47,from Indonesia..🇮🇩❤ (Sragen),7-emotion,YouTube-domain adapted DistilBERT,chase1zhang/youtube-emotion-distilbert-domain-adapted,joy,neutral,neutral,0.946,No
https://www.youtube.com/watch?v=M8To7iorkxQ,avatar_clip,48,Watching from Philippines❤,7-emotion,YouTube-domain adapted DistilBERT,chase1zhang/youtube-emotion-distilbert-domain-adapted,joy,joy,joy,0.655,Yes
https://www.youtube.com/watch?v=M8To7iorkxQ,avatar_clip,49,Watching from South Africa enjoying the movie ❤,7-emotion,YouTube-domain adapted DistilBERT,chase1zhang/youtube-emotion-distilbert-domain-adapted,joy,joy,joy,0.976,Yes
https://www.youtube.com/watch?v=M8To7iorkxQ,avatar_clip,50,Watching from Cameroon🇨🇲,7-emotion,YouTube-domain adapted DistilBERT,chase1zhang/youtube-emotion-distilbert-domain-adapted,neutral,joy,joy,0.655,No
https://www.youtube.com/watch?v=-_-eIVAX1yQ,shooting_news,1,Why was he let out of the psychiatric facility? Moronic authorities,7-emotion,YouTube-domain adapted DistilBERT,chase1zhang/youtube-emotion-distilbert-domain-adapted,anger,anger,anger,0.5974,Yes
https://www.youtube.com/watch?v=-_-eIVAX1yQ,shooting_news,2,Finally got the treatment he needed.,7-emotion,YouTube-domain adapted DistilBERT,chase1zhang/youtube-emotion-distilbert-domain-adapted,anger,neutral,neutral,0.8981,No
https://www.youtube.com/watch?v=-_-eIVAX1yQ,shooting_news,3,Those reporters have the survival instincts of a rock,7-emotion,YouTube-domain adapted DistilBERT,chase1zhang/youtube-emotion-distilbert-domain-adapted,anger,neutral,neutral,0.8517,No
https://www.youtube.com/watch?v=-_-eIVAX1yQ,shooting_news,4,We need to start hiring more competent gunmen.,7-emotion,YouTube-domain adapted DistilBERT,chase1zhang/youtube-emotion-distilbert-domain-adapted,anger,neutral,neutral,0.9716,No
https://www.youtube.com/watch?v=-_-eIVAX1yQ,shooting_news,5,Freedom of irrelevancespeech..,7-emotion,YouTube-domain adapted DistilBERT,chase1zhang/youtube-emotion-distilbert-domain-adapted,neutral,neutral,neutral,0.8949,Yes
https://www.youtube.com/watch?v=-_-eIVAX1yQ,shooting_news,6,a revolver? what in tarnation?,7-emotion,YouTube-domain adapted DistilBERT,chase1zhang/youtube-emotion-distilbert-domain-adapted,surprise,neutral,neutral,0.9452,No
https://www.youtube.com/watch?v=-_-eIVAX1yQ,shooting_news,7,I was thinking how dumb standing near windows would be… but if any room was bullet proofed it would be that.,7-emotion,YouTube-domain adapted DistilBERT,chase1zhang/youtube-emotion-distilbert-domain-adapted,anger,anger,anger,0.7758,Yes
https://www.youtube.com/watch?v=-_-eIVAX1yQ,shooting_news,8,The reporters has the survival instincts of a Dodo,7-emotion,YouTube-domain adapted DistilBERT,chase1zhang/youtube-emotion-distilbert-domain-adapted,anger,neutral,neutral,0.9128,No
https://www.youtube.com/watch?v=-_-eIVAX1yQ,shooting_news,9,We have agent 007😂,7-emotion,YouTube-domain adapted DistilBERT,chase1zhang/youtube-emotion-distilbert-domain-adapted,joy,joy,joy,0.6571,Yes
https://www.youtube.com/watch?v=-_-eIVAX1yQ,shooting_news,10,Anything to get the ballroom 😂😂,7-emotion,YouTube-domain adapted DistilBERT,chase1zhang/youtube-emotion-distilbert-domain-adapted,joy,joy,joy,0.7269,Yes
https://www.youtube.com/watch?v=-_-eIVAX1yQ,shooting_news,11,"Give it three days, he'll be back.🤔💡",7-emotion,YouTube-domain adapted DistilBERT,chase1zhang/youtube-emotion-distilbert-domain-adapted,fear,joy,joy,0.7208,No
https://www.youtube.com/watch?v=-_-eIVAX1yQ,shooting_news,12,Will the world still believe?,7-emotion,YouTube-domain adapted DistilBERT,chase1zhang/youtube-emotion-distilbert-domain-adapted,neutral,neutral,neutral,0.9084,Yes
https://www.youtube.com/watch?v=-_-eIVAX1yQ,shooting_news,13,Just another day in USA,7-emotion,YouTube-domain adapted DistilBERT,chase1zhang/youtube-emotion-distilbert-domain-adapted,anger,neutral,neutral,0.9396,No
https://www.youtube.com/watch?v=-_-eIVAX1yQ,shooting_news,14,Sa manquait ❤❤🎉🎉,7-emotion,YouTube-domain adapted DistilBERT,chase1zhang/youtube-emotion-distilbert-domain-adapted,joy,joy,joy,0.7154,Yes
https://www.youtube.com/watch?v=-_-eIVAX1yQ,shooting_news,15,The USA is a lost cause.,7-emotion,YouTube-domain adapted DistilBERT,chase1zhang/youtube-emotion-distilbert-domain-adapted,anger,neutral,neutral,0.5998,No
https://www.youtube.com/watch?v=-_-eIVAX1yQ,shooting_news,16,Jeez what's this 4th attempt. Something odd about it all,7-emotion,YouTube-domain adapted DistilBERT,chase1zhang/youtube-emotion-distilbert-domain-adapted,surprise,neutral,neutral,0.8685,No
https://www.youtube.com/watch?v=-_-eIVAX1yQ,shooting_news,17,Another patriot gone.,7-emotion,YouTube-domain adapted DistilBERT,chase1zhang/youtube-emotion-distilbert-domain-adapted,sadness,sadness,sadness,0.7648,Yes
https://www.youtube.com/watch?v=-_-eIVAX1yQ,shooting_news,18,So many want him Xd,7-emotion,YouTube-domain adapted DistilBERT,chase1zhang/youtube-emotion-distilbert-domain-adapted,anger,neutral,neutral,0.9878,No
https://www.youtube.com/watch?v=-_-eIVAX1yQ,shooting_news,19,The shooters family could claim a presidential pardon for him & put a claim in for the slush fund.,7-emotion,YouTube-domain adapted DistilBERT,chase1zhang/youtube-emotion-distilbert-domain-adapted,anger,neutral,neutral,0.43,No
https://www.youtube.com/watch?v=-_-eIVAX1yQ,shooting_news,20,The United States is a threat to all of humanity...,7-emotion,YouTube-domain adapted DistilBERT,chase1zhang/youtube-emotion-distilbert-domain-adapted,fear,fear,fear,0.6794,Yes
https://www.youtube.com/watch?v=-_-eIVAX1yQ,shooting_news,21,The best learing centre graduate yet.,7-emotion,YouTube-domain adapted DistilBERT,chase1zhang/youtube-emotion-distilbert-domain-adapted,joy,joy,joy,0.9697,Yes
https://www.youtube.com/watch?v=-_-eIVAX1yQ,shooting_news,22,He missed his son's wedding for this! Could they not have arranged for the gunman to turn up another day?,7-emotion,YouTube-domain adapted DistilBERT,chase1zhang/youtube-emotion-distilbert-domain-adapted,sadness,neutral,neutral,0.8191,No
https://www.youtube.com/watch?v=-_-eIVAX1yQ,shooting_news,23,ترامب مغتصب اباطفال مع ابستين داعم الكيان الاسرائيلي قاتل الاطفال هو مجرد دميه بيد النتن,7-emotion,YouTube-domain adapted DistilBERT,chase1zhang/youtube-emotion-distilbert-domain-adapted,anger,neutral,neutral,0.8781,No
https://www.youtube.com/watch?v=-_-eIVAX1yQ,shooting_news,24,"We need a professional killer, not a psychotic kid.",7-emotion,YouTube-domain adapted DistilBERT,chase1zhang/youtube-emotion-distilbert-domain-adapted,anger,neutral,neutral,0.7126,No
https://www.youtube.com/watch?v=-_-eIVAX1yQ,shooting_news,25,Gunshots ringing out what is that😂 how did an insane person get access to a revolver?,7-emotion,YouTube-domain adapted DistilBERT,chase1zhang/youtube-emotion-distilbert-domain-adapted,fear,surprise,surprise,0.9772,No
https://www.youtube.com/watch?v=-_-eIVAX1yQ,shooting_news,26,Amando supremo tribunal federal do Brasil. Donald Trump a sua guela. Alexandro oliveira jornal nacional do Brasil. GCM . Romu fortaleza ceará. Força tática.,7-emotion,YouTube-domain adapted DistilBERT,chase1zhang/youtube-emotion-distilbert-domain-adapted,anger,neutral,neutral,0.9283,No
https://www.youtube.com/watch?v=-_-eIVAX1yQ,shooting_news,27,Vampire stern family,7-emotion,YouTube-domain adapted DistilBERT,chase1zhang/youtube-emotion-distilbert-domain-adapted,disgust,neutral,neutral,0.9528,No
https://www.youtube.com/watch?v=-_-eIVAX1yQ,shooting_news,28,😂😂😂😂😂,7-emotion,YouTube-domain adapted DistilBERT,chase1zhang/youtube-emotion-distilbert-domain-adapted,joy,joy,joy,0.6902,Yes
https://www.youtube.com/watch?v=-_-eIVAX1yQ,shooting_news,29,The real story is Trump lost the war and there is a bounty on his life.,7-emotion,YouTube-domain adapted DistilBERT,chase1zhang/youtube-emotion-distilbert-domain-adapted,fear,neutral,neutral,0.7998,No
https://www.youtube.com/watch?v=-_-eIVAX1yQ,shooting_news,30,Never has a president been like this lol,7-emotion,YouTube-domain adapted DistilBERT,chase1zhang/youtube-emotion-distilbert-domain-adapted,joy,neutral,neutral,0.7924,No
https://www.youtube.com/watch?v=-_-eIVAX1yQ,shooting_news,31,"On the plus side, the shootings happen closer to the White House.",7-emotion,YouTube-domain adapted DistilBERT,chase1zhang/youtube-emotion-distilbert-domain-adapted,fear,neutral,neutral,0.914,No
https://www.youtube.com/watch?v=-_-eIVAX1yQ,shooting_news,32,No Bias Just Reporting 👍,7-emotion,YouTube-domain adapted DistilBERT,chase1zhang/youtube-emotion-distilbert-domain-adapted,joy,neutral,neutral,0.7104,No
https://www.youtube.com/watch?v=-_-eIVAX1yQ,shooting_news,33,Distraction from the distraction from the distraction from the distraction from the distraction from the distraction from the distraction. Stay tuned there be a distraction soon from this distraction,7-emotion,YouTube-domain adapted DistilBERT,chase1zhang/youtube-emotion-distilbert-domain-adapted,neutral,neutral,neutral,0.6827,Yes
https://www.youtube.com/watch?v=-_-eIVAX1yQ,shooting_news,34,You can’t take a great man down trump forever,7-emotion,YouTube-domain adapted DistilBERT,chase1zhang/youtube-emotion-distilbert-domain-adapted,joy,joy,joy,0.9435,Yes
https://www.youtube.com/watch?v=-_-eIVAX1yQ,shooting_news,35,"Avec TRUMP, le rêve américain est devenu le cauchemar américain !",7-emotion,YouTube-domain adapted DistilBERT,chase1zhang/youtube-emotion-distilbert-domain-adapted,sadness,neutral,neutral,0.928,No
https://www.youtube.com/watch?v=-_-eIVAX1yQ,shooting_news,36,Very poor gun man in america,7-emotion,YouTube-domain adapted DistilBERT,chase1zhang/youtube-emotion-distilbert-domain-adapted,sadness,anger,anger,0.8388,No
https://www.youtube.com/watch?v=-_-eIVAX1yQ,shooting_news,37,Definitely an Ai slop.,7-emotion,YouTube-domain adapted DistilBERT,chase1zhang/youtube-emotion-distilbert-domain-adapted,disgust,neutral,neutral,0.7455,No
https://www.youtube.com/watch?v=-_-eIVAX1yQ,shooting_news,38,He was just looking for the snack bar,7-emotion,YouTube-domain adapted DistilBERT,chase1zhang/youtube-emotion-distilbert-domain-adapted,joy,disgust,disgust,0.7172,No
https://www.youtube.com/watch?v=-_-eIVAX1yQ,shooting_news,39,TDS,7-emotion,YouTube-domain adapted DistilBERT,chase1zhang/youtube-emotion-distilbert-domain-adapted,neutral,neutral,neutral,0.9783,Yes
https://www.youtube.com/watch?v=-_-eIVAX1yQ,shooting_news,40,Bro took Trump’s Christ image very seriously.,7-emotion,YouTube-domain adapted DistilBERT,chase1zhang/youtube-emotion-distilbert-domain-adapted,anger,neutral,neutral,0.9293,No
https://www.youtube.com/watch?v=-_-eIVAX1yQ,shooting_news,41,My heart goes out to the innocent bystander 😢,7-emotion,YouTube-domain adapted DistilBERT,chase1zhang/youtube-emotion-distilbert-domain-adapted,sadness,joy,joy,0.794,No
https://www.youtube.com/watch?v=-_-eIVAX1yQ,shooting_news,42,How does someone who believes they are Jesus Christ have legal ownership of a gun? Or be president of the most powerful nation on earth? The USA never fails to confound.,7-emotion,YouTube-domain adapted DistilBERT,chase1zhang/youtube-emotion-distilbert-domain-adapted,anger,anger,anger,0.5229,Yes
https://www.youtube.com/watch?v=-_-eIVAX1yQ,shooting_news,43,ITS NOT BREAKING NEWS SINCE HES STILL AROUND....MOST LIKELY TAKING A NAP DURING THE SHOOTING,7-emotion,YouTube-domain adapted DistilBERT,chase1zhang/youtube-emotion-distilbert-domain-adapted,anger,fear,fear,0.444,No
https://www.youtube.com/watch?v=-_-eIVAX1yQ,shooting_news,44,Really was this actually to distract from the mess of the Iran War and the economic fallout.,7-emotion,YouTube-domain adapted DistilBERT,chase1zhang/youtube-emotion-distilbert-domain-adapted,fear,anger,anger,0.8589,No
https://www.youtube.com/watch?v=-_-eIVAX1yQ,shooting_news,45,"If at first you don't succeed, try, try, again. Be careful who you try it with though.",7-emotion,YouTube-domain adapted DistilBERT,chase1zhang/youtube-emotion-distilbert-domain-adapted,fear,neutral,neutral,0.9695,No
https://www.youtube.com/watch?v=-_-eIVAX1yQ,shooting_news,46,Is very dangerous time in the USA is getting really close 4 Revolution is only matter of time 20 gunman or 200 we'll be doing that🙉 the sort of things been going on since forever😜,7-emotion,YouTube-domain adapted DistilBERT,chase1zhang/youtube-emotion-distilbert-domain-adapted,fear,fear,fear,0.9589,Yes
https://www.youtube.com/watch?v=-_-eIVAX1yQ,shooting_news,47,WWE,7-emotion,YouTube-domain adapted DistilBERT,chase1zhang/youtube-emotion-distilbert-domain-adapted,neutral,neutral,neutral,0.9085,Yes
https://www.youtube.com/watch?v=-_-eIVAX1yQ,shooting_news,48,Australian news is unbearable,7-emotion,YouTube-domain adapted DistilBERT,chase1zhang/youtube-emotion-distilbert-domain-adapted,disgust,sadness,sadness,0.369,No
https://www.youtube.com/watch?v=-_-eIVAX1yQ,shooting_news,49,Just another bad in the country,7-emotion,YouTube-domain adapted DistilBERT,chase1zhang/youtube-emotion-distilbert-domain-adapted,sadness,anger,anger,0.8426,No
https://www.youtube.com/watch?v=-_-eIVAX1yQ,shooting_news,50,"Un charlot, ridiculisé par l'iran.",7-emotion,YouTube-domain adapted DistilBERT,chase1zhang/youtube-emotion-distilbert-domain-adapted,anger,neutral,neutral,0.8948,No
https://www.youtube.com/watch?v=d2dgJGkw5p0,rare_earths,1,Learn more: Why Rare Earths Are China’s Trump Card in Trade War - https://bloom.bg/4nG7F63,7-emotion,public GoEmotions RoBERTa,SamLowe/roberta-base-go_emotions,neutral,neutral,neutral,0.8639,Yes
https://www.youtube.com/watch?v=d2dgJGkw5p0,rare_earths,2,Funny how they complain they cannot bully China,7-emotion,public GoEmotions RoBERTa,SamLowe/roberta-base-go_emotions,anger,joy,amusement,0.7937,No
https://www.youtube.com/watch?v=d2dgJGkw5p0,rare_earths,3,"Remember the US restricted sale of semiconductors to China, they responded by restricting sale of rare earth materials to the US. In the old days western countries dominated world trade, now that has shifted to Asia. The western powers must accept one thing, you can't dominate the world forever.",7-emotion,public GoEmotions RoBERTa,SamLowe/roberta-base-go_emotions,anger,neutral,neutral,0.5912,No
https://www.youtube.com/watch?v=d2dgJGkw5p0,rare_earths,4,China is only using rare earth as geopolitical leverage in response to US using its dominance in semiconductor as geopolitical leverage.,7-emotion,public GoEmotions RoBERTa,SamLowe/roberta-base-go_emotions,neutral,neutral,neutral,0.9322,Yes
https://www.youtube.com/watch?v=d2dgJGkw5p0,rare_earths,5,China never used it as geopolitical leverage until it had to.,7-emotion,public GoEmotions RoBERTa,SamLowe/roberta-base-go_emotions,neutral,neutral,neutral,0.8851,Yes
https://www.youtube.com/watch?v=d2dgJGkw5p0,rare_earths,6,You can restrict semiconductors and chips to China but China can't hold rare earth material,7-emotion,public GoEmotions RoBERTa,SamLowe/roberta-base-go_emotions,anger,neutral,neutral,0.7272,No
https://www.youtube.com/watch?v=d2dgJGkw5p0,rare_earths,7,Maybe not using your precious Rare earth on weapons. 😂,7-emotion,public GoEmotions RoBERTa,SamLowe/roberta-base-go_emotions,anger,neutral,confusion,0.4415,No
https://www.youtube.com/watch?v=d2dgJGkw5p0,rare_earths,8,"I remember learning in school back around 2000 that we in China had the rare earth deposits but our refining capability was so poor we could only export raw ore to countries like Japan, making a tiny profit in the whole value chain. Now watching this video i feel proud of my country and our people. We don't need to argue with others. Just do our job, improvise everyday and enjoy our lives. We dont need to envy or be afraid of the bullies.",7-emotion,public GoEmotions RoBERTa,SamLowe/roberta-base-go_emotions,joy,joy,joy,0.2701,Yes
https://www.youtube.com/watch?v=d2dgJGkw5p0,rare_earths,9,"There is nothing rare about ""rare"" earths. Its the processing plants that are rare.",7-emotion,public GoEmotions RoBERTa,SamLowe/roberta-base-go_emotions,neutral,neutral,neutral,0.8046,Yes
https://www.youtube.com/watch?v=d2dgJGkw5p0,rare_earths,10,"US is always the one that starting the trouble, China just reacting. this REM case show that many times US start something without thinking everything. like so many other cases. when you started it, don't blame others for reacting.",7-emotion,public GoEmotions RoBERTa,SamLowe/roberta-base-go_emotions,anger,neutral,neutral,0.659,No
https://www.youtube.com/watch?v=d2dgJGkw5p0,rare_earths,11,"BRAZIL is a BRICKS member and US imposed 50% on this country, there's no way the second largest REE country will align with US to solve this crisis.",7-emotion,public GoEmotions RoBERTa,SamLowe/roberta-base-go_emotions,neutral,neutral,neutral,0.5555,Yes
https://www.youtube.com/watch?v=d2dgJGkw5p0,rare_earths,12,"As usual, the narrative is: American hegemony = good Anything else = bad",7-emotion,public GoEmotions RoBERTa,SamLowe/roberta-base-go_emotions,anger,neutral,neutral,0.7165,No
https://www.youtube.com/watch?v=d2dgJGkw5p0,rare_earths,13,35000 lawyers 350 mining engineers.,7-emotion,public GoEmotions RoBERTa,SamLowe/roberta-base-go_emotions,neutral,neutral,neutral,0.9663,Yes
https://www.youtube.com/watch?v=d2dgJGkw5p0,rare_earths,14,"Don't start war with China, then no rare earth problem",7-emotion,public GoEmotions RoBERTa,SamLowe/roberta-base-go_emotions,neutral,disgust,disapproval,0.4914,No
https://www.youtube.com/watch?v=d2dgJGkw5p0,rare_earths,15,"Did they forget how they did to Huawei and some other companies back in 2018? And now still blocking China to get latest chips. So this means only US can accuse others and sanction others, others can’t fight back, if you fight back, I will do the strongest condemn logic? Karma is a bitch, isn’t it? 😊",7-emotion,public GoEmotions RoBERTa,SamLowe/roberta-base-go_emotions,anger,neutral,curiosity,0.4073,No
https://www.youtube.com/watch?v=d2dgJGkw5p0,rare_earths,16,"“We want a lot of rocks, I’m gathering rocks to stack them on top of each other”",7-emotion,public GoEmotions RoBERTa,SamLowe/roberta-base-go_emotions,neutral,neutral,neutral,0.8783,Yes
https://www.youtube.com/watch?v=d2dgJGkw5p0,rare_earths,17,They are talking about China like if they are aliens from different planet!!,7-emotion,public GoEmotions RoBERTa,SamLowe/roberta-base-go_emotions,joy,neutral,neutral,0.9444,No
https://www.youtube.com/watch?v=d2dgJGkw5p0,rare_earths,18,Very well done video. Those animations - hats off 👍,7-emotion,public GoEmotions RoBERTa,SamLowe/roberta-base-go_emotions,joy,joy,admiration,0.9683,Yes
https://www.youtube.com/watch?v=d2dgJGkw5p0,rare_earths,19,What do you mean running an economy based on economic derivatives leaves you vulnerable to foreign commodity spikes when you don't actually make anything? /s,7-emotion,public GoEmotions RoBERTa,SamLowe/roberta-base-go_emotions,anger,neutral,neutral,0.5672,No
https://www.youtube.com/watch?v=d2dgJGkw5p0,rare_earths,20,that thumbnail is so catchy so you click instantly,7-emotion,public GoEmotions RoBERTa,SamLowe/roberta-base-go_emotions,neutral,joy,approval,0.5329,No
https://www.youtube.com/watch?v=d2dgJGkw5p0,rare_earths,21,Why is it that I've never heard anyone voice any concerns about relying too much on the US or the EU?,7-emotion,public GoEmotions RoBERTa,SamLowe/roberta-base-go_emotions,neutral,neutral,confusion,0.4699,Yes
https://www.youtube.com/watch?v=d2dgJGkw5p0,rare_earths,22,Can we get a video on shipbuilding on Bloomberg Primer?,7-emotion,public GoEmotions RoBERTa,SamLowe/roberta-base-go_emotions,neutral,neutral,curiosity,0.6398,Yes
https://www.youtube.com/watch?v=d2dgJGkw5p0,rare_earths,23,US: Launches a trade war China: Fights back US: *Surprised Pikachu face*,7-emotion,public GoEmotions RoBERTa,SamLowe/roberta-base-go_emotions,surprise,neutral,neutral,0.66,No
https://www.youtube.com/watch?v=d2dgJGkw5p0,rare_earths,24,Thanks for the information,7-emotion,public GoEmotions RoBERTa,SamLowe/roberta-base-go_emotions,joy,joy,gratitude,0.9895,Yes
https://www.youtube.com/watch?v=d2dgJGkw5p0,rare_earths,25,The big problem was the West and US did not do anything about it until they realise too late. China have been buying and processing rare earth for like 20 years. China have long term plans. Now it’s too late for the West to catch up as it takes a decade to develop the processing of rare earths,7-emotion,public GoEmotions RoBERTa,SamLowe/roberta-base-go_emotions,neutral,neutral,neutral,0.5771,Yes
https://www.youtube.com/watch?v=d2dgJGkw5p0,rare_earths,26,It’s hella funny when the bully gets bullied 😂😂,7-emotion,public GoEmotions RoBERTa,SamLowe/roberta-base-go_emotions,joy,joy,amusement,0.9129,Yes
https://www.youtube.com/watch?v=d2dgJGkw5p0,rare_earths,27,"He said ""hold all the chips"" 😂😂😂",7-emotion,public GoEmotions RoBERTa,SamLowe/roberta-base-go_emotions,joy,neutral,neutral,0.4893,No
https://www.youtube.com/watch?v=d2dgJGkw5p0,rare_earths,28,"Knowledge, skill, industrial muscle, AND security",7-emotion,public GoEmotions RoBERTa,SamLowe/roberta-base-go_emotions,neutral,neutral,neutral,0.9636,Yes
https://www.youtube.com/watch?v=d2dgJGkw5p0,rare_earths,29,Great video,7-emotion,public GoEmotions RoBERTa,SamLowe/roberta-base-go_emotions,joy,joy,admiration,0.9513,Yes
https://www.youtube.com/watch?v=d2dgJGkw5p0,rare_earths,30,"You guys are intentionally misleading to sound optimistic. In order for the West to get to the capacity that China has today, it would take about 20-30 years. And that assuming China stays still during that time.",7-emotion,public GoEmotions RoBERTa,SamLowe/roberta-base-go_emotions,disgust,neutral,neutral,0.5149,No
https://www.youtube.com/watch?v=d2dgJGkw5p0,rare_earths,31,Best thumbnail for a bloomberg video I've ever seen. Gg.,7-emotion,public GoEmotions RoBERTa,SamLowe/roberta-base-go_emotions,joy,joy,admiration,0.943,Yes
https://www.youtube.com/watch?v=d2dgJGkw5p0,rare_earths,32,Straight of Rare Earths.,7-emotion,public GoEmotions RoBERTa,SamLowe/roberta-base-go_emotions,neutral,neutral,neutral,0.9663,Yes
https://www.youtube.com/watch?v=d2dgJGkw5p0,rare_earths,33,That refining technology was in widespread use in IA in the 1950s. Very highly optimized. We just let some Chinese students take it home.,7-emotion,public GoEmotions RoBERTa,SamLowe/roberta-base-go_emotions,anger,neutral,neutral,0.8425,No
https://www.youtube.com/watch?v=d2dgJGkw5p0,rare_earths,34,"Mate, don't even go to Rare earth!!! We would have to shut all business down if China stops any supplies.",7-emotion,public GoEmotions RoBERTa,SamLowe/roberta-base-go_emotions,fear,neutral,neutral,0.4144,No
https://www.youtube.com/watch?v=d2dgJGkw5p0,rare_earths,35,Being a video editor at Bloomberg must be so easy when the topic is about China. All they have to do is pick from a grand total of 10 different stock footage options.,7-emotion,public GoEmotions RoBERTa,SamLowe/roberta-base-go_emotions,anger,neutral,neutral,0.9223,No
https://www.youtube.com/watch?v=d2dgJGkw5p0,rare_earths,36,09:47 Why would the department of war buying $400 M worth of steaks from a freaking magnet factory lol.,7-emotion,public GoEmotions RoBERTa,SamLowe/roberta-base-go_emotions,surprise,joy,amusement,0.9363,No
https://www.youtube.com/watch?v=d2dgJGkw5p0,rare_earths,37,Love from South Africa ❤️🇿🇦🏆,7-emotion,public GoEmotions RoBERTa,SamLowe/roberta-base-go_emotions,joy,joy,love,0.9579,Yes
https://www.youtube.com/watch?v=d2dgJGkw5p0,rare_earths,38,10 billion hunt? That's just the first day of the Iran war. America wins wins wins.,7-emotion,public GoEmotions RoBERTa,SamLowe/roberta-base-go_emotions,anger,joy,approval,0.3107,No
https://www.youtube.com/watch?v=d2dgJGkw5p0,rare_earths,39,0:30. Woahhhh Malaysia 😃😃,7-emotion,public GoEmotions RoBERTa,SamLowe/roberta-base-go_emotions,surprise,joy,excitement,0.4411,No
https://www.youtube.com/watch?v=d2dgJGkw5p0,rare_earths,40,7:45 this is why there are playing the game so dominataly. They have filled every gap with right strategy. And it worked profoundly.,7-emotion,public GoEmotions RoBERTa,SamLowe/roberta-base-go_emotions,neutral,joy,approval,0.4582,No
https://www.youtube.com/watch?v=d2dgJGkw5p0,rare_earths,41,"As the G2, we could literally run the world together. Let's go hand in hand as trustworthy allies rather than confront each other — there's no beef between us. Plus, the world already has enough problems. Others may not have the cards, but we do",7-emotion,public GoEmotions RoBERTa,SamLowe/roberta-base-go_emotions,joy,neutral,neutral,0.5379,No
https://www.youtube.com/watch?v=d2dgJGkw5p0,rare_earths,42,"Australia has plenty of rare earth minerals, it's the processing that is the problem.",7-emotion,public GoEmotions RoBERTa,SamLowe/roberta-base-go_emotions,neutral,neutral,neutral,0.4889,Yes
https://www.youtube.com/watch?v=d2dgJGkw5p0,rare_earths,43,Nectar Gan is so beautiful 🔥 👌,7-emotion,public GoEmotions RoBERTa,SamLowe/roberta-base-go_emotions,joy,joy,admiration,0.9671,Yes
https://www.youtube.com/watch?v=d2dgJGkw5p0,rare_earths,44,brazil is full of rare earths,7-emotion,public GoEmotions RoBERTa,SamLowe/roberta-base-go_emotions,neutral,neutral,neutral,0.945,Yes
https://www.youtube.com/watch?v=d2dgJGkw5p0,rare_earths,45,Trump: You have rare earths. We have all the oil. Lets trade...,7-emotion,public GoEmotions RoBERTa,SamLowe/roberta-base-go_emotions,neutral,neutral,neutral,0.9573,Yes
https://www.youtube.com/watch?v=d2dgJGkw5p0,rare_earths,46,Meanwhile China is already looking for the next chokehold.,7-emotion,public GoEmotions RoBERTa,SamLowe/roberta-base-go_emotions,neutral,neutral,neutral,0.9551,Yes
https://www.youtube.com/watch?v=d2dgJGkw5p0,rare_earths,47,"The US has all the rare earth metals we need in California and Texas and in all the coal ash piles we have across the U.S. We simply need to build more of the processing plants to process these rare earths and the understanding that processing rare earths is usually a very polluting endeavor. I have no doubt we can do it in a more environmentally way, but we also need to understand that China's Rare Earth industry is heavily subsidized by China so America's Rare Earths will probably be more expensive. We also have the deals with both Ukraine and Austrailia for Rare Earths as well.",7-emotion,public GoEmotions RoBERTa,SamLowe/roberta-base-go_emotions,neutral,neutral,neutral,0.6256,Yes
https://www.youtube.com/watch?v=d2dgJGkw5p0,rare_earths,48,So much ad even before beginning?,7-emotion,public GoEmotions RoBERTa,SamLowe/roberta-base-go_emotions,anger,neutral,neutral,0.4352,No
https://www.youtube.com/watch?v=d2dgJGkw5p0,rare_earths,49,"Calling 21% a ""quarter"" and not a ""fifth"" of world's supply should be considered journalistic malpractice",7-emotion,public GoEmotions RoBERTa,SamLowe/roberta-base-go_emotions,disgust,disgust,disapproval,0.4002,Yes
https://www.youtube.com/watch?v=d2dgJGkw5p0,rare_earths,50,If making weapons of death is all that the USA does with them? BOYCOTT THEM ALL!,7-emotion,public GoEmotions RoBERTa,SamLowe/roberta-base-go_emotions,fear,neutral,neutral,0.4686,No
https://www.youtube.com/watch?v=M8To7iorkxQ,avatar_clip,1,This is the kind of content YouTube needs more of,7-emotion,public GoEmotions RoBERTa,SamLowe/roberta-base-go_emotions,joy,neutral,neutral,0.4577,No
https://www.youtube.com/watch?v=M8To7iorkxQ,avatar_clip,2,le le,7-emotion,public GoEmotions RoBERTa,SamLowe/roberta-base-go_emotions,neutral,neutral,neutral,0.9674,Yes
https://www.youtube.com/watch?v=M8To7iorkxQ,avatar_clip,3,🥰From India 🇮🇳 ❤🤗,7-emotion,public GoEmotions RoBERTa,SamLowe/roberta-base-go_emotions,joy,joy,love,0.7832,Yes
https://www.youtube.com/watch?v=M8To7iorkxQ,avatar_clip,4,Ecnaha,7-emotion,public GoEmotions RoBERTa,SamLowe/roberta-base-go_emotions,neutral,neutral,neutral,0.9634,Yes
https://www.youtube.com/watch?v=M8To7iorkxQ,avatar_clip,5,"The video is truly captivating, from the dramatic pace to the spectacular visuals, it's impossible to look away 👏🔥. The content is carefully selected, providing a thrilling and exciting experience, making viewers feel like they're living through every moment of the action. In particular, the scene setting and sound design are perfectly coordinated, highlighting the power and ferocity of the monsters 🦍🐊🏙. This is a high-quality clip, both entertaining and something viewers will want to watch again and again. The channel owner has done a great job bringing a cinematic experience right on YouTube, deserving more likes and subscribers 🌟💯. Hopefully, there will be more captivating videos like this in the future, which will surely attract even more viewers ❤🚀",7-emotion,public GoEmotions RoBERTa,SamLowe/roberta-base-go_emotions,joy,joy,admiration,0.9197,Yes
https://www.youtube.com/watch?v=M8To7iorkxQ,avatar_clip,6,kaka gua batu,7-emotion,public GoEmotions RoBERTa,SamLowe/roberta-base-go_emotions,neutral,neutral,neutral,0.9596,Yes
https://www.youtube.com/watch?v=M8To7iorkxQ,avatar_clip,7,Смотрю из Таджикистана ❤,7-emotion,public GoEmotions RoBERTa,SamLowe/roberta-base-go_emotions,joy,joy,love,0.8733,Yes
https://www.youtube.com/watch?v=M8To7iorkxQ,avatar_clip,8,That's amazing really ❤️,7-emotion,public GoEmotions RoBERTa,SamLowe/roberta-base-go_emotions,joy,joy,admiration,0.8626,Yes
https://www.youtube.com/watch?v=M8To7iorkxQ,avatar_clip,9,From Cyprus!❤,7-emotion,public GoEmotions RoBERTa,SamLowe/roberta-base-go_emotions,joy,neutral,neutral,0.8253,No
https://www.youtube.com/watch?v=M8To7iorkxQ,avatar_clip,10,Watching from Milano Italy ❤thank you for sharing,7-emotion,public GoEmotions RoBERTa,SamLowe/roberta-base-go_emotions,joy,joy,gratitude,0.9889,Yes
https://www.youtube.com/watch?v=M8To7iorkxQ,avatar_clip,11,Hola I am watching from NIGERIA🎉❤,7-emotion,public GoEmotions RoBERTa,SamLowe/roberta-base-go_emotions,joy,joy,amusement,0.5209,Yes
https://www.youtube.com/watch?v=M8To7iorkxQ,avatar_clip,12,N😊😊!o,7-emotion,public GoEmotions RoBERTa,SamLowe/roberta-base-go_emotions,joy,joy,amusement,0.6608,Yes
https://www.youtube.com/watch?v=M8To7iorkxQ,avatar_clip,13,Wow amazing MOVIE and watching from West Borneo,7-emotion,public GoEmotions RoBERTa,SamLowe/roberta-base-go_emotions,surprise,joy,admiration,0.8934,No
https://www.youtube.com/watch?v=M8To7iorkxQ,avatar_clip,14,"watching from Dublin, but Egyptian ❤❤❤ Amazing movie 🍿🎥",7-emotion,public GoEmotions RoBERTa,SamLowe/roberta-base-go_emotions,joy,joy,admiration,0.93,Yes
https://www.youtube.com/watch?v=M8To7iorkxQ,avatar_clip,15,Watching from Zambia 🥰,7-emotion,public GoEmotions RoBERTa,SamLowe/roberta-base-go_emotions,joy,neutral,neutral,0.8588,No
https://www.youtube.com/watch?v=M8To7iorkxQ,avatar_clip,16,From Sri Lanka 🇱🇰🇱🇰❤❤,7-emotion,public GoEmotions RoBERTa,SamLowe/roberta-base-go_emotions,joy,joy,love,0.5857,Yes
https://www.youtube.com/watch?v=M8To7iorkxQ,avatar_clip,17,Watching from Ghana ❤🎉,7-emotion,public GoEmotions RoBERTa,SamLowe/roberta-base-go_emotions,joy,joy,love,0.9263,Yes
https://www.youtube.com/watch?v=M8To7iorkxQ,avatar_clip,18,I'll never miss an Avatar movie 😊,7-emotion,public GoEmotions RoBERTa,SamLowe/roberta-base-go_emotions,joy,joy,optimism,0.356,Yes
https://www.youtube.com/watch?v=M8To7iorkxQ,avatar_clip,19,"Watching from my beloved country Philippines 🇵🇭🇵🇭 Since 2012 ,until now this movie is so amazing.. this is my favorite movie ever❤️AVATAR is the best for me❤❤❤❤❤",7-emotion,public GoEmotions RoBERTa,SamLowe/roberta-base-go_emotions,joy,joy,admiration,0.8252,Yes
https://www.youtube.com/watch?v=M8To7iorkxQ,avatar_clip,20,Good morning everyone! It's quite amazing movie. I'm from Uzbekistan,7-emotion,public GoEmotions RoBERTa,SamLowe/roberta-base-go_emotions,joy,joy,admiration,0.6323,Yes
https://www.youtube.com/watch?v=M8To7iorkxQ,avatar_clip,21,Good 👍 😊❤,7-emotion,public GoEmotions RoBERTa,SamLowe/roberta-base-go_emotions,joy,joy,admiration,0.8926,Yes
https://www.youtube.com/watch?v=M8To7iorkxQ,avatar_clip,22,From Swaziland...I'm enjoying this movie 🍿,7-emotion,public GoEmotions RoBERTa,SamLowe/roberta-base-go_emotions,joy,joy,joy,0.9187,Yes
https://www.youtube.com/watch?v=M8To7iorkxQ,avatar_clip,23,From Assam ❤❤❤,7-emotion,public GoEmotions RoBERTa,SamLowe/roberta-base-go_emotions,joy,joy,love,0.5963,Yes
https://www.youtube.com/watch?v=M8To7iorkxQ,avatar_clip,24,"watching from Abu Dhabi, UAE. thank you for sharing this video",7-emotion,public GoEmotions RoBERTa,SamLowe/roberta-base-go_emotions,joy,joy,gratitude,0.9897,Yes
https://www.youtube.com/watch?v=M8To7iorkxQ,avatar_clip,25,"The human coming in is like the world leaders,lying to us about everything!",7-emotion,public GoEmotions RoBERTa,SamLowe/roberta-base-go_emotions,anger,neutral,neutral,0.8457,No
https://www.youtube.com/watch?v=M8To7iorkxQ,avatar_clip,26,Here before Christmas 2025 😅let's go,7-emotion,public GoEmotions RoBERTa,SamLowe/roberta-base-go_emotions,joy,joy,excitement,0.5796,Yes
https://www.youtube.com/watch?v=M8To7iorkxQ,avatar_clip,27,Watchin from Nepal❤🎉,7-emotion,public GoEmotions RoBERTa,SamLowe/roberta-base-go_emotions,joy,neutral,neutral,0.8209,No
https://www.youtube.com/watch?v=M8To7iorkxQ,avatar_clip,28,"Аватар - был прекрасный фильм,❤а следующие части - это мультфильмы😪А так ждали и хотели продолжения именно фильма😢🥺",7-emotion,public GoEmotions RoBERTa,SamLowe/roberta-base-go_emotions,sadness,neutral,neutral,0.296,No
https://www.youtube.com/watch?v=M8To7iorkxQ,avatar_clip,29,Wonderful movie watching from south africa ❤😊❤,7-emotion,public GoEmotions RoBERTa,SamLowe/roberta-base-go_emotions,joy,joy,admiration,0.8849,Yes
https://www.youtube.com/watch?v=M8To7iorkxQ,avatar_clip,30,Watching from California nice movie thank you for uploading it ❤😊,7-emotion,public GoEmotions RoBERTa,SamLowe/roberta-base-go_emotions,joy,joy,gratitude,0.9723,Yes
https://www.youtube.com/watch?v=M8To7iorkxQ,avatar_clip,31,I'm watching from Viet Nam ❤,7-emotion,public GoEmotions RoBERTa,SamLowe/roberta-base-go_emotions,joy,joy,love,0.9087,Yes
https://www.youtube.com/watch?v=M8To7iorkxQ,avatar_clip,32,Uae,7-emotion,public GoEmotions RoBERTa,SamLowe/roberta-base-go_emotions,neutral,neutral,neutral,0.9638,Yes
https://www.youtube.com/watch?v=M8To7iorkxQ,avatar_clip,33,"The Queen Mother arrived and quickly turned the world upside down, not letting the King Atma die.Myself",7-emotion,public GoEmotions RoBERTa,SamLowe/roberta-base-go_emotions,neutral,neutral,neutral,0.8615,Yes
https://www.youtube.com/watch?v=M8To7iorkxQ,avatar_clip,34,From Brasil! Great vídeo!,7-emotion,public GoEmotions RoBERTa,SamLowe/roberta-base-go_emotions,joy,joy,admiration,0.932,Yes
https://www.youtube.com/watch?v=M8To7iorkxQ,avatar_clip,35,hello friends permision i am from Indonesian i like your video cool 🎉🎉🎉🎉🎉 amazing 🥰🥰🥰🙏🙏🙏✌️,7-emotion,public GoEmotions RoBERTa,SamLowe/roberta-base-go_emotions,joy,joy,admiration,0.8581,Yes
https://www.youtube.com/watch?v=M8To7iorkxQ,avatar_clip,36,"Mantap,,,❤❤❤❤❤",7-emotion,public GoEmotions RoBERTa,SamLowe/roberta-base-go_emotions,joy,neutral,neutral,0.5192,No
https://www.youtube.com/watch?v=M8To7iorkxQ,avatar_clip,37,From USA 🇱🇷🎉🎉,7-emotion,public GoEmotions RoBERTa,SamLowe/roberta-base-go_emotions,joy,neutral,neutral,0.7904,No
https://www.youtube.com/watch?v=M8To7iorkxQ,avatar_clip,38,From indonesia❤,7-emotion,public GoEmotions RoBERTa,SamLowe/roberta-base-go_emotions,joy,neutral,neutral,0.9149,No
https://www.youtube.com/watch?v=M8To7iorkxQ,avatar_clip,39,ok,7-emotion,public GoEmotions RoBERTa,SamLowe/roberta-base-go_emotions,neutral,neutral,neutral,0.9475,Yes
https://www.youtube.com/watch?v=M8To7iorkxQ,avatar_clip,40,They need a vr version of this 😮,7-emotion,public GoEmotions RoBERTa,SamLowe/roberta-base-go_emotions,surprise,neutral,neutral,0.8311,No
https://www.youtube.com/watch?v=M8To7iorkxQ,avatar_clip,41,"Pandora always looks so stunning! 💙 If you could visit just one place in the Avatar world, where would it be ?",7-emotion,public GoEmotions RoBERTa,SamLowe/roberta-base-go_emotions,joy,joy,admiration,0.7845,Yes
https://www.youtube.com/watch?v=M8To7iorkxQ,avatar_clip,42,Whatching from Kenya,7-emotion,public GoEmotions RoBERTa,SamLowe/roberta-base-go_emotions,neutral,neutral,neutral,0.9684,Yes
https://www.youtube.com/watch?v=M8To7iorkxQ,avatar_clip,43,"It's engaging and enjoyable to watch, mainly because the actors' performance is really good.",7-emotion,public GoEmotions RoBERTa,SamLowe/roberta-base-go_emotions,joy,joy,admiration,0.7723,Yes
https://www.youtube.com/watch?v=M8To7iorkxQ,avatar_clip,44,МУЛЬКИК НО ВСЁ ЖЕ ИНТЕРЕСНО.❤❤❤❤❤,7-emotion,public GoEmotions RoBERTa,SamLowe/roberta-base-go_emotions,joy,joy,love,0.6895,Yes
https://www.youtube.com/watch?v=M8To7iorkxQ,avatar_clip,45,Watching from India Attendance please,7-emotion,public GoEmotions RoBERTa,SamLowe/roberta-base-go_emotions,neutral,neutral,neutral,0.9621,Yes
https://www.youtube.com/watch?v=M8To7iorkxQ,avatar_clip,46,You are a superhero! 🎉,7-emotion,public GoEmotions RoBERTa,SamLowe/roberta-base-go_emotions,joy,joy,admiration,0.9375,Yes
https://www.youtube.com/watch?v=M8To7iorkxQ,avatar_clip,47,from Indonesia..🇮🇩❤ (Sragen),7-emotion,public GoEmotions RoBERTa,SamLowe/roberta-base-go_emotions,joy,neutral,neutral,0.728,No
https://www.youtube.com/watch?v=M8To7iorkxQ,avatar_clip,48,Watching from Philippines❤,7-emotion,public GoEmotions RoBERTa,SamLowe/roberta-base-go_emotions,joy,neutral,neutral,0.8975,No
https://www.youtube.com/watch?v=M8To7iorkxQ,avatar_clip,49,Watching from South Africa enjoying the movie ❤,7-emotion,public GoEmotions RoBERTa,SamLowe/roberta-base-go_emotions,joy,joy,love,0.7914,Yes
https://www.youtube.com/watch?v=M8To7iorkxQ,avatar_clip,50,Watching from Cameroon🇨🇲,7-emotion,public GoEmotions RoBERTa,SamLowe/roberta-base-go_emotions,neutral,neutral,neutral,0.9391,Yes
https://www.youtube.com/watch?v=-_-eIVAX1yQ,shooting_news,1,Why was he let out of the psychiatric facility? Moronic authorities,7-emotion,public GoEmotions RoBERTa,SamLowe/roberta-base-go_emotions,anger,neutral,curiosity,0.4928,No
https://www.youtube.com/watch?v=-_-eIVAX1yQ,shooting_news,2,Finally got the treatment he needed.,7-emotion,public GoEmotions RoBERTa,SamLowe/roberta-base-go_emotions,anger,neutral,neutral,0.3591,No
https://www.youtube.com/watch?v=-_-eIVAX1yQ,shooting_news,3,Those reporters have the survival instincts of a rock,7-emotion,public GoEmotions RoBERTa,SamLowe/roberta-base-go_emotions,anger,neutral,neutral,0.6392,No
https://www.youtube.com/watch?v=-_-eIVAX1yQ,shooting_news,4,We need to start hiring more competent gunmen.,7-emotion,public GoEmotions RoBERTa,SamLowe/roberta-base-go_emotions,anger,joy,desire,0.6259,No
https://www.youtube.com/watch?v=-_-eIVAX1yQ,shooting_news,5,Freedom of irrelevancespeech..,7-emotion,public GoEmotions RoBERTa,SamLowe/roberta-base-go_emotions,neutral,neutral,neutral,0.95,Yes
https://www.youtube.com/watch?v=-_-eIVAX1yQ,shooting_news,6,a revolver? what in tarnation?,7-emotion,public GoEmotions RoBERTa,SamLowe/roberta-base-go_emotions,surprise,neutral,curiosity,0.5099,No
https://www.youtube.com/watch?v=-_-eIVAX1yQ,shooting_news,7,I was thinking how dumb standing near windows would be… but if any room was bullet proofed it would be that.,7-emotion,public GoEmotions RoBERTa,SamLowe/roberta-base-go_emotions,anger,anger,annoyance,0.3908,Yes
https://www.youtube.com/watch?v=-_-eIVAX1yQ,shooting_news,8,The reporters has the survival instincts of a Dodo,7-emotion,public GoEmotions RoBERTa,SamLowe/roberta-base-go_emotions,anger,neutral,neutral,0.8324,No
https://www.youtube.com/watch?v=-_-eIVAX1yQ,shooting_news,9,We have agent 007😂,7-emotion,public GoEmotions RoBERTa,SamLowe/roberta-base-go_emotions,joy,neutral,neutral,0.7613,No
https://www.youtube.com/watch?v=-_-eIVAX1yQ,shooting_news,10,Anything to get the ballroom 😂😂,7-emotion,public GoEmotions RoBERTa,SamLowe/roberta-base-go_emotions,joy,joy,desire,0.517,Yes
https://www.youtube.com/watch?v=-_-eIVAX1yQ,shooting_news,11,"Give it three days, he'll be back.🤔💡",7-emotion,public GoEmotions RoBERTa,SamLowe/roberta-base-go_emotions,fear,joy,optimism,0.7594,No
https://www.youtube.com/watch?v=-_-eIVAX1yQ,shooting_news,12,Will the world still believe?,7-emotion,public GoEmotions RoBERTa,SamLowe/roberta-base-go_emotions,neutral,neutral,curiosity,0.602,Yes
https://www.youtube.com/watch?v=-_-eIVAX1yQ,shooting_news,13,Just another day in USA,7-emotion,public GoEmotions RoBERTa,SamLowe/roberta-base-go_emotions,anger,neutral,neutral,0.9239,No
https://www.youtube.com/watch?v=-_-eIVAX1yQ,shooting_news,14,Sa manquait ❤❤🎉🎉,7-emotion,public GoEmotions RoBERTa,SamLowe/roberta-base-go_emotions,joy,joy,love,0.907,Yes
https://www.youtube.com/watch?v=-_-eIVAX1yQ,shooting_news,15,The USA is a lost cause.,7-emotion,public GoEmotions RoBERTa,SamLowe/roberta-base-go_emotions,anger,sadness,disappointment,0.6419,No
https://www.youtube.com/watch?v=-_-eIVAX1yQ,shooting_news,16,Jeez what's this 4th attempt. Something odd about it all,7-emotion,public GoEmotions RoBERTa,SamLowe/roberta-base-go_emotions,surprise,neutral,curiosity,0.4816,No
https://www.youtube.com/watch?v=-_-eIVAX1yQ,shooting_news,17,Another patriot gone.,7-emotion,public GoEmotions RoBERTa,SamLowe/roberta-base-go_emotions,sadness,sadness,sadness,0.6745,Yes
https://www.youtube.com/watch?v=-_-eIVAX1yQ,shooting_news,18,So many want him Xd,7-emotion,public GoEmotions RoBERTa,SamLowe/roberta-base-go_emotions,anger,neutral,neutral,0.9445,No
https://www.youtube.com/watch?v=-_-eIVAX1yQ,shooting_news,19,The shooters family could claim a presidential pardon for him & put a claim in for the slush fund.,7-emotion,public GoEmotions RoBERTa,SamLowe/roberta-base-go_emotions,anger,neutral,neutral,0.9556,No
https://www.youtube.com/watch?v=-_-eIVAX1yQ,shooting_news,20,The United States is a threat to all of humanity...,7-emotion,public GoEmotions RoBERTa,SamLowe/roberta-base-go_emotions,fear,fear,fear,0.6748,Yes
https://www.youtube.com/watch?v=-_-eIVAX1yQ,shooting_news,21,The best learing centre graduate yet.,7-emotion,public GoEmotions RoBERTa,SamLowe/roberta-base-go_emotions,joy,joy,admiration,0.8507,Yes
https://www.youtube.com/watch?v=-_-eIVAX1yQ,shooting_news,22,He missed his son's wedding for this! Could they not have arranged for the gunman to turn up another day?,7-emotion,public GoEmotions RoBERTa,SamLowe/roberta-base-go_emotions,sadness,neutral,neutral,0.5503,No
https://www.youtube.com/watch?v=-_-eIVAX1yQ,shooting_news,23,ترامب مغتصب اباطفال مع ابستين داعم الكيان الاسرائيلي قاتل الاطفال هو مجرد دميه بيد النتن,7-emotion,public GoEmotions RoBERTa,SamLowe/roberta-base-go_emotions,anger,neutral,neutral,0.9501,No
https://www.youtube.com/watch?v=-_-eIVAX1yQ,shooting_news,24,"We need a professional killer, not a psychotic kid.",7-emotion,public GoEmotions RoBERTa,SamLowe/roberta-base-go_emotions,anger,neutral,neutral,0.4945,No
https://www.youtube.com/watch?v=-_-eIVAX1yQ,shooting_news,25,Gunshots ringing out what is that😂 how did an insane person get access to a revolver?,7-emotion,public GoEmotions RoBERTa,SamLowe/roberta-base-go_emotions,fear,neutral,curiosity,0.8372,No
https://www.youtube.com/watch?v=-_-eIVAX1yQ,shooting_news,26,Amando supremo tribunal federal do Brasil. Donald Trump a sua guela. Alexandro oliveira jornal nacional do Brasil. GCM . Romu fortaleza ceará. Força tática.,7-emotion,public GoEmotions RoBERTa,SamLowe/roberta-base-go_emotions,anger,neutral,neutral,0.9444,No
https://www.youtube.com/watch?v=-_-eIVAX1yQ,shooting_news,27,Vampire stern family,7-emotion,public GoEmotions RoBERTa,SamLowe/roberta-base-go_emotions,disgust,neutral,neutral,0.9382,No
https://www.youtube.com/watch?v=-_-eIVAX1yQ,shooting_news,28,😂😂😂😂😂,7-emotion,public GoEmotions RoBERTa,SamLowe/roberta-base-go_emotions,joy,joy,amusement,0.8948,Yes
https://www.youtube.com/watch?v=-_-eIVAX1yQ,shooting_news,29,The real story is Trump lost the war and there is a bounty on his life.,7-emotion,public GoEmotions RoBERTa,SamLowe/roberta-base-go_emotions,fear,neutral,neutral,0.7969,No
https://www.youtube.com/watch?v=-_-eIVAX1yQ,shooting_news,30,Never has a president been like this lol,7-emotion,public GoEmotions RoBERTa,SamLowe/roberta-base-go_emotions,joy,joy,amusement,0.8736,Yes
https://www.youtube.com/watch?v=-_-eIVAX1yQ,shooting_news,31,"On the plus side, the shootings happen closer to the White House.",7-emotion,public GoEmotions RoBERTa,SamLowe/roberta-base-go_emotions,fear,neutral,neutral,0.7863,No
https://www.youtube.com/watch?v=-_-eIVAX1yQ,shooting_news,32,No Bias Just Reporting 👍,7-emotion,public GoEmotions RoBERTa,SamLowe/roberta-base-go_emotions,joy,neutral,neutral,0.5493,No
https://www.youtube.com/watch?v=-_-eIVAX1yQ,shooting_news,33,Distraction from the distraction from the distraction from the distraction from the distraction from the distraction from the distraction. Stay tuned there be a distraction soon from this distraction,7-emotion,public GoEmotions RoBERTa,SamLowe/roberta-base-go_emotions,neutral,neutral,neutral,0.7952,Yes
https://www.youtube.com/watch?v=-_-eIVAX1yQ,shooting_news,34,You can’t take a great man down trump forever,7-emotion,public GoEmotions RoBERTa,SamLowe/roberta-base-go_emotions,joy,disgust,disapproval,0.6581,No
https://www.youtube.com/watch?v=-_-eIVAX1yQ,shooting_news,35,"Avec TRUMP, le rêve américain est devenu le cauchemar américain !",7-emotion,public GoEmotions RoBERTa,SamLowe/roberta-base-go_emotions,sadness,neutral,neutral,0.962,No
https://www.youtube.com/watch?v=-_-eIVAX1yQ,shooting_news,36,Very poor gun man in america,7-emotion,public GoEmotions RoBERTa,SamLowe/roberta-base-go_emotions,sadness,sadness,sadness,0.7535,Yes
https://www.youtube.com/watch?v=-_-eIVAX1yQ,shooting_news,37,Definitely an Ai slop.,7-emotion,public GoEmotions RoBERTa,SamLowe/roberta-base-go_emotions,disgust,neutral,neutral,0.8436,No
https://www.youtube.com/watch?v=-_-eIVAX1yQ,shooting_news,38,He was just looking for the snack bar,7-emotion,public GoEmotions RoBERTa,SamLowe/roberta-base-go_emotions,joy,neutral,neutral,0.967,No
https://www.youtube.com/watch?v=-_-eIVAX1yQ,shooting_news,39,TDS,7-emotion,public GoEmotions RoBERTa,SamLowe/roberta-base-go_emotions,neutral,neutral,neutral,0.9694,Yes
https://www.youtube.com/watch?v=-_-eIVAX1yQ,shooting_news,40,Bro took Trump’s Christ image very seriously.,7-emotion,public GoEmotions RoBERTa,SamLowe/roberta-base-go_emotions,anger,neutral,neutral,0.8078,No
https://www.youtube.com/watch?v=-_-eIVAX1yQ,shooting_news,41,My heart goes out to the innocent bystander 😢,7-emotion,public GoEmotions RoBERTa,SamLowe/roberta-base-go_emotions,sadness,sadness,sadness,0.8354,Yes
https://www.youtube.com/watch?v=-_-eIVAX1yQ,shooting_news,42,How does someone who believes they are Jesus Christ have legal ownership of a gun? Or be president of the most powerful nation on earth? The USA never fails to confound.,7-emotion,public GoEmotions RoBERTa,SamLowe/roberta-base-go_emotions,anger,neutral,confusion,0.7019,No
https://www.youtube.com/watch?v=-_-eIVAX1yQ,shooting_news,43,ITS NOT BREAKING NEWS SINCE HES STILL AROUND....MOST LIKELY TAKING A NAP DURING THE SHOOTING,7-emotion,public GoEmotions RoBERTa,SamLowe/roberta-base-go_emotions,anger,neutral,neutral,0.534,No
https://www.youtube.com/watch?v=-_-eIVAX1yQ,shooting_news,44,Really was this actually to distract from the mess of the Iran War and the economic fallout.,7-emotion,public GoEmotions RoBERTa,SamLowe/roberta-base-go_emotions,fear,neutral,confusion,0.4954,No
https://www.youtube.com/watch?v=-_-eIVAX1yQ,shooting_news,45,"If at first you don't succeed, try, try, again. Be careful who you try it with though.",7-emotion,public GoEmotions RoBERTa,SamLowe/roberta-base-go_emotions,fear,joy,caring,0.8604,No
https://www.youtube.com/watch?v=-_-eIVAX1yQ,shooting_news,46,Is very dangerous time in the USA is getting really close 4 Revolution is only matter of time 20 gunman or 200 we'll be doing that🙉 the sort of things been going on since forever😜,7-emotion,public GoEmotions RoBERTa,SamLowe/roberta-base-go_emotions,fear,fear,fear,0.6948,Yes
https://www.youtube.com/watch?v=-_-eIVAX1yQ,shooting_news,47,WWE,7-emotion,public GoEmotions RoBERTa,SamLowe/roberta-base-go_emotions,neutral,neutral,neutral,0.944,Yes
https://www.youtube.com/watch?v=-_-eIVAX1yQ,shooting_news,48,Australian news is unbearable,7-emotion,public GoEmotions RoBERTa,SamLowe/roberta-base-go_emotions,disgust,neutral,neutral,0.5512,No
https://www.youtube.com/watch?v=-_-eIVAX1yQ,shooting_news,49,Just another bad in the country,7-emotion,public GoEmotions RoBERTa,SamLowe/roberta-base-go_emotions,sadness,sadness,disappointment,0.5086,Yes
https://www.youtube.com/watch?v=-_-eIVAX1yQ,shooting_news,50,"Un charlot, ridiculisé par l'iran.",7-emotion,public GoEmotions RoBERTa,SamLowe/roberta-base-go_emotions,anger,neutral,neutral,0.9523,No
https://www.youtube.com/watch?v=d2dgJGkw5p0,rare_earths,1,Learn more: Why Rare Earths Are China’s Trump Card in Trade War - https://bloom.bg/4nG7F63,7-emotion,public RoBERTa-large seven-emotion,j-hartmann/emotion-english-roberta-large,neutral,neutral,neutral,0.7532,Yes
https://www.youtube.com/watch?v=d2dgJGkw5p0,rare_earths,2,Funny how they complain they cannot bully China,7-emotion,public RoBERTa-large seven-emotion,j-hartmann/emotion-english-roberta-large,anger,anger,anger,0.3018,Yes
https://www.youtube.com/watch?v=d2dgJGkw5p0,rare_earths,3,"Remember the US restricted sale of semiconductors to China, they responded by restricting sale of rare earth materials to the US. In the old days western countries dominated world trade, now that has shifted to Asia. The western powers must accept one thing, you can't dominate the world forever.",7-emotion,public RoBERTa-large seven-emotion,j-hartmann/emotion-english-roberta-large,anger,neutral,neutral,0.6768,No
https://www.youtube.com/watch?v=d2dgJGkw5p0,rare_earths,4,China is only using rare earth as geopolitical leverage in response to US using its dominance in semiconductor as geopolitical leverage.,7-emotion,public RoBERTa-large seven-emotion,j-hartmann/emotion-english-roberta-large,neutral,neutral,neutral,0.7777,Yes
https://www.youtube.com/watch?v=d2dgJGkw5p0,rare_earths,5,China never used it as geopolitical leverage until it had to.,7-emotion,public RoBERTa-large seven-emotion,j-hartmann/emotion-english-roberta-large,neutral,neutral,neutral,0.6394,Yes
https://www.youtube.com/watch?v=d2dgJGkw5p0,rare_earths,6,You can restrict semiconductors and chips to China but China can't hold rare earth material,7-emotion,public RoBERTa-large seven-emotion,j-hartmann/emotion-english-roberta-large,anger,neutral,neutral,0.9032,No
https://www.youtube.com/watch?v=d2dgJGkw5p0,rare_earths,7,Maybe not using your precious Rare earth on weapons. 😂,7-emotion,public RoBERTa-large seven-emotion,j-hartmann/emotion-english-roberta-large,anger,neutral,neutral,0.688,No
https://www.youtube.com/watch?v=d2dgJGkw5p0,rare_earths,8,"I remember learning in school back around 2000 that we in China had the rare earth deposits but our refining capability was so poor we could only export raw ore to countries like Japan, making a tiny profit in the whole value chain. Now watching this video i feel proud of my country and our people. We don't need to argue with others. Just do our job, improvise everyday and enjoy our lives. We dont need to envy or be afraid of the bullies.",7-emotion,public RoBERTa-large seven-emotion,j-hartmann/emotion-english-roberta-large,joy,fear,fear,0.4035,No
https://www.youtube.com/watch?v=d2dgJGkw5p0,rare_earths,9,"There is nothing rare about ""rare"" earths. Its the processing plants that are rare.",7-emotion,public RoBERTa-large seven-emotion,j-hartmann/emotion-english-roberta-large,neutral,neutral,neutral,0.6947,Yes
https://www.youtube.com/watch?v=d2dgJGkw5p0,rare_earths,10,"US is always the one that starting the trouble, China just reacting. this REM case show that many times US start something without thinking everything. like so many other cases. when you started it, don't blame others for reacting.",7-emotion,public RoBERTa-large seven-emotion,j-hartmann/emotion-english-roberta-large,anger,anger,anger,0.6423,Yes
https://www.youtube.com/watch?v=d2dgJGkw5p0,rare_earths,11,"BRAZIL is a BRICKS member and US imposed 50% on this country, there's no way the second largest REE country will align with US to solve this crisis.",7-emotion,public RoBERTa-large seven-emotion,j-hartmann/emotion-english-roberta-large,neutral,anger,anger,0.4858,No
https://www.youtube.com/watch?v=d2dgJGkw5p0,rare_earths,12,"As usual, the narrative is: American hegemony = good Anything else = bad",7-emotion,public RoBERTa-large seven-emotion,j-hartmann/emotion-english-roberta-large,anger,disgust,disgust,0.3178,No
https://www.youtube.com/watch?v=d2dgJGkw5p0,rare_earths,13,35000 lawyers 350 mining engineers.,7-emotion,public RoBERTa-large seven-emotion,j-hartmann/emotion-english-roberta-large,neutral,neutral,neutral,0.7971,Yes
https://www.youtube.com/watch?v=d2dgJGkw5p0,rare_earths,14,"Don't start war with China, then no rare earth problem",7-emotion,public RoBERTa-large seven-emotion,j-hartmann/emotion-english-roberta-large,neutral,anger,anger,0.441,No
https://www.youtube.com/watch?v=d2dgJGkw5p0,rare_earths,15,"Did they forget how they did to Huawei and some other companies back in 2018? And now still blocking China to get latest chips. So this means only US can accuse others and sanction others, others can’t fight back, if you fight back, I will do the strongest condemn logic? Karma is a bitch, isn’t it? 😊",7-emotion,public RoBERTa-large seven-emotion,j-hartmann/emotion-english-roberta-large,anger,anger,anger,0.7262,Yes
https://www.youtube.com/watch?v=d2dgJGkw5p0,rare_earths,16,"“We want a lot of rocks, I’m gathering rocks to stack them on top of each other”",7-emotion,public RoBERTa-large seven-emotion,j-hartmann/emotion-english-roberta-large,neutral,neutral,neutral,0.9547,Yes
https://www.youtube.com/watch?v=d2dgJGkw5p0,rare_earths,17,They are talking about China like if they are aliens from different planet!!,7-emotion,public RoBERTa-large seven-emotion,j-hartmann/emotion-english-roberta-large,joy,neutral,neutral,0.4487,No
https://www.youtube.com/watch?v=d2dgJGkw5p0,rare_earths,18,Very well done video. Those animations - hats off 👍,7-emotion,public RoBERTa-large seven-emotion,j-hartmann/emotion-english-roberta-large,joy,joy,joy,0.8386,Yes
https://www.youtube.com/watch?v=d2dgJGkw5p0,rare_earths,19,What do you mean running an economy based on economic derivatives leaves you vulnerable to foreign commodity spikes when you don't actually make anything? /s,7-emotion,public RoBERTa-large seven-emotion,j-hartmann/emotion-english-roberta-large,anger,surprise,surprise,0.4448,No
https://www.youtube.com/watch?v=d2dgJGkw5p0,rare_earths,20,that thumbnail is so catchy so you click instantly,7-emotion,public RoBERTa-large seven-emotion,j-hartmann/emotion-english-roberta-large,neutral,joy,joy,0.767,No
https://www.youtube.com/watch?v=d2dgJGkw5p0,rare_earths,21,Why is it that I've never heard anyone voice any concerns about relying too much on the US or the EU?,7-emotion,public RoBERTa-large seven-emotion,j-hartmann/emotion-english-roberta-large,neutral,surprise,surprise,0.5404,No
https://www.youtube.com/watch?v=d2dgJGkw5p0,rare_earths,22,Can we get a video on shipbuilding on Bloomberg Primer?,7-emotion,public RoBERTa-large seven-emotion,j-hartmann/emotion-english-roberta-large,neutral,neutral,neutral,0.9014,Yes
https://www.youtube.com/watch?v=d2dgJGkw5p0,rare_earths,23,US: Launches a trade war China: Fights back US: *Surprised Pikachu face*,7-emotion,public RoBERTa-large seven-emotion,j-hartmann/emotion-english-roberta-large,surprise,surprise,surprise,0.9388,Yes
https://www.youtube.com/watch?v=d2dgJGkw5p0,rare_earths,24,Thanks for the information,7-emotion,public RoBERTa-large seven-emotion,j-hartmann/emotion-english-roberta-large,joy,neutral,neutral,0.6673,No
https://www.youtube.com/watch?v=d2dgJGkw5p0,rare_earths,25,The big problem was the West and US did not do anything about it until they realise too late. China have been buying and processing rare earth for like 20 years. China have long term plans. Now it’s too late for the West to catch up as it takes a decade to develop the processing of rare earths,7-emotion,public RoBERTa-large seven-emotion,j-hartmann/emotion-english-roberta-large,neutral,neutral,neutral,0.748,Yes
https://www.youtube.com/watch?v=d2dgJGkw5p0,rare_earths,26,It’s hella funny when the bully gets bullied 😂😂,7-emotion,public RoBERTa-large seven-emotion,j-hartmann/emotion-english-roberta-large,joy,joy,joy,0.7498,Yes
https://www.youtube.com/watch?v=d2dgJGkw5p0,rare_earths,27,"He said ""hold all the chips"" 😂😂😂",7-emotion,public RoBERTa-large seven-emotion,j-hartmann/emotion-english-roberta-large,joy,anger,anger,0.4351,No
https://www.youtube.com/watch?v=d2dgJGkw5p0,rare_earths,28,"Knowledge, skill, industrial muscle, AND security",7-emotion,public RoBERTa-large seven-emotion,j-hartmann/emotion-english-roberta-large,neutral,neutral,neutral,0.7117,Yes
https://www.youtube.com/watch?v=d2dgJGkw5p0,rare_earths,29,Great video,7-emotion,public RoBERTa-large seven-emotion,j-hartmann/emotion-english-roberta-large,joy,joy,joy,0.8965,Yes
https://www.youtube.com/watch?v=d2dgJGkw5p0,rare_earths,30,"You guys are intentionally misleading to sound optimistic. In order for the West to get to the capacity that China has today, it would take about 20-30 years. And that assuming China stays still during that time.",7-emotion,public RoBERTa-large seven-emotion,j-hartmann/emotion-english-roberta-large,disgust,neutral,neutral,0.4978,No
https://www.youtube.com/watch?v=d2dgJGkw5p0,rare_earths,31,Best thumbnail for a bloomberg video I've ever seen. Gg.,7-emotion,public RoBERTa-large seven-emotion,j-hartmann/emotion-english-roberta-large,joy,neutral,neutral,0.6166,No
https://www.youtube.com/watch?v=d2dgJGkw5p0,rare_earths,32,Straight of Rare Earths.,7-emotion,public RoBERTa-large seven-emotion,j-hartmann/emotion-english-roberta-large,neutral,neutral,neutral,0.9263,Yes
https://www.youtube.com/watch?v=d2dgJGkw5p0,rare_earths,33,That refining technology was in widespread use in IA in the 1950s. Very highly optimized. We just let some Chinese students take it home.,7-emotion,public RoBERTa-large seven-emotion,j-hartmann/emotion-english-roberta-large,anger,neutral,neutral,0.9711,No
https://www.youtube.com/watch?v=d2dgJGkw5p0,rare_earths,34,"Mate, don't even go to Rare earth!!! We would have to shut all business down if China stops any supplies.",7-emotion,public RoBERTa-large seven-emotion,j-hartmann/emotion-english-roberta-large,fear,anger,anger,0.5513,No
https://www.youtube.com/watch?v=d2dgJGkw5p0,rare_earths,35,Being a video editor at Bloomberg must be so easy when the topic is about China. All they have to do is pick from a grand total of 10 different stock footage options.,7-emotion,public RoBERTa-large seven-emotion,j-hartmann/emotion-english-roberta-large,anger,neutral,neutral,0.9552,No
https://www.youtube.com/watch?v=d2dgJGkw5p0,rare_earths,36,09:47 Why would the department of war buying $400 M worth of steaks from a freaking magnet factory lol.,7-emotion,public RoBERTa-large seven-emotion,j-hartmann/emotion-english-roberta-large,surprise,anger,anger,0.5,No
https://www.youtube.com/watch?v=d2dgJGkw5p0,rare_earths,37,Love from South Africa ❤️🇿🇦🏆,7-emotion,public RoBERTa-large seven-emotion,j-hartmann/emotion-english-roberta-large,joy,neutral,neutral,0.656,No
https://www.youtube.com/watch?v=d2dgJGkw5p0,rare_earths,38,10 billion hunt? That's just the first day of the Iran war. America wins wins wins.,7-emotion,public RoBERTa-large seven-emotion,j-hartmann/emotion-english-roberta-large,anger,surprise,surprise,0.4637,No
https://www.youtube.com/watch?v=d2dgJGkw5p0,rare_earths,39,0:30. Woahhhh Malaysia 😃😃,7-emotion,public RoBERTa-large seven-emotion,j-hartmann/emotion-english-roberta-large,surprise,surprise,surprise,0.5345,Yes
https://www.youtube.com/watch?v=d2dgJGkw5p0,rare_earths,40,7:45 this is why there are playing the game so dominataly. They have filled every gap with right strategy. And it worked profoundly.,7-emotion,public RoBERTa-large seven-emotion,j-hartmann/emotion-english-roberta-large,neutral,neutral,neutral,0.8139,Yes
https://www.youtube.com/watch?v=d2dgJGkw5p0,rare_earths,41,"As the G2, we could literally run the world together. Let's go hand in hand as trustworthy allies rather than confront each other — there's no beef between us. Plus, the world already has enough problems. Others may not have the cards, but we do",7-emotion,public RoBERTa-large seven-emotion,j-hartmann/emotion-english-roberta-large,joy,neutral,neutral,0.7832,No
https://www.youtube.com/watch?v=d2dgJGkw5p0,rare_earths,42,"Australia has plenty of rare earth minerals, it's the processing that is the problem.",7-emotion,public RoBERTa-large seven-emotion,j-hartmann/emotion-english-roberta-large,neutral,neutral,neutral,0.9307,Yes
https://www.youtube.com/watch?v=d2dgJGkw5p0,rare_earths,43,Nectar Gan is so beautiful 🔥 👌,7-emotion,public RoBERTa-large seven-emotion,j-hartmann/emotion-english-roberta-large,joy,joy,joy,0.4634,Yes
https://www.youtube.com/watch?v=d2dgJGkw5p0,rare_earths,44,brazil is full of rare earths,7-emotion,public RoBERTa-large seven-emotion,j-hartmann/emotion-english-roberta-large,neutral,surprise,surprise,0.4581,No
https://www.youtube.com/watch?v=d2dgJGkw5p0,rare_earths,45,Trump: You have rare earths. We have all the oil. Lets trade...,7-emotion,public RoBERTa-large seven-emotion,j-hartmann/emotion-english-roberta-large,neutral,neutral,neutral,0.7379,Yes
https://www.youtube.com/watch?v=d2dgJGkw5p0,rare_earths,46,Meanwhile China is already looking for the next chokehold.,7-emotion,public RoBERTa-large seven-emotion,j-hartmann/emotion-english-roberta-large,neutral,neutral,neutral,0.8237,Yes
https://www.youtube.com/watch?v=d2dgJGkw5p0,rare_earths,47,"The US has all the rare earth metals we need in California and Texas and in all the coal ash piles we have across the U.S. We simply need to build more of the processing plants to process these rare earths and the understanding that processing rare earths is usually a very polluting endeavor. I have no doubt we can do it in a more environmentally way, but we also need to understand that China's Rare Earth industry is heavily subsidized by China so America's Rare Earths will probably be more expensive. We also have the deals with both Ukraine and Austrailia for Rare Earths as well.",7-emotion,public RoBERTa-large seven-emotion,j-hartmann/emotion-english-roberta-large,neutral,neutral,neutral,0.8218,Yes
https://www.youtube.com/watch?v=d2dgJGkw5p0,rare_earths,48,So much ad even before beginning?,7-emotion,public RoBERTa-large seven-emotion,j-hartmann/emotion-english-roberta-large,anger,surprise,surprise,0.8685,No
https://www.youtube.com/watch?v=d2dgJGkw5p0,rare_earths,49,"Calling 21% a ""quarter"" and not a ""fifth"" of world's supply should be considered journalistic malpractice",7-emotion,public RoBERTa-large seven-emotion,j-hartmann/emotion-english-roberta-large,disgust,neutral,neutral,0.5771,No
https://www.youtube.com/watch?v=d2dgJGkw5p0,rare_earths,50,If making weapons of death is all that the USA does with them? BOYCOTT THEM ALL!,7-emotion,public RoBERTa-large seven-emotion,j-hartmann/emotion-english-roberta-large,fear,anger,anger,0.8475,No
https://www.youtube.com/watch?v=M8To7iorkxQ,avatar_clip,1,This is the kind of content YouTube needs more of,7-emotion,public RoBERTa-large seven-emotion,j-hartmann/emotion-english-roberta-large,joy,neutral,neutral,0.9576,No
https://www.youtube.com/watch?v=M8To7iorkxQ,avatar_clip,2,le le,7-emotion,public RoBERTa-large seven-emotion,j-hartmann/emotion-english-roberta-large,neutral,neutral,neutral,0.7895,Yes
https://www.youtube.com/watch?v=M8To7iorkxQ,avatar_clip,3,🥰From India 🇮🇳 ❤🤗,7-emotion,public RoBERTa-large seven-emotion,j-hartmann/emotion-english-roberta-large,joy,neutral,neutral,0.6592,No
https://www.youtube.com/watch?v=M8To7iorkxQ,avatar_clip,4,Ecnaha,7-emotion,public RoBERTa-large seven-emotion,j-hartmann/emotion-english-roberta-large,neutral,neutral,neutral,0.8948,Yes
https://www.youtube.com/watch?v=M8To7iorkxQ,avatar_clip,5,"The video is truly captivating, from the dramatic pace to the spectacular visuals, it's impossible to look away 👏🔥. The content is carefully selected, providing a thrilling and exciting experience, making viewers feel like they're living through every moment of the action. In particular, the scene setting and sound design are perfectly coordinated, highlighting the power and ferocity of the monsters 🦍🐊🏙. This is a high-quality clip, both entertaining and something viewers will want to watch again and again. The channel owner has done a great job bringing a cinematic experience right on YouTube, deserving more likes and subscribers 🌟💯. Hopefully, there will be more captivating videos like this in the future, which will surely attract even more viewers ❤🚀",7-emotion,public RoBERTa-large seven-emotion,j-hartmann/emotion-english-roberta-large,joy,joy,joy,0.9873,Yes
https://www.youtube.com/watch?v=M8To7iorkxQ,avatar_clip,6,kaka gua batu,7-emotion,public RoBERTa-large seven-emotion,j-hartmann/emotion-english-roberta-large,neutral,neutral,neutral,0.8144,Yes
https://www.youtube.com/watch?v=M8To7iorkxQ,avatar_clip,7,Смотрю из Таджикистана ❤,7-emotion,public RoBERTa-large seven-emotion,j-hartmann/emotion-english-roberta-large,joy,anger,anger,0.3819,No
https://www.youtube.com/watch?v=M8To7iorkxQ,avatar_clip,8,That's amazing really ❤️,7-emotion,public RoBERTa-large seven-emotion,j-hartmann/emotion-english-roberta-large,joy,surprise,surprise,0.6421,No
https://www.youtube.com/watch?v=M8To7iorkxQ,avatar_clip,9,From Cyprus!❤,7-emotion,public RoBERTa-large seven-emotion,j-hartmann/emotion-english-roberta-large,joy,joy,joy,0.4158,Yes
https://www.youtube.com/watch?v=M8To7iorkxQ,avatar_clip,10,Watching from Milano Italy ❤thank you for sharing,7-emotion,public RoBERTa-large seven-emotion,j-hartmann/emotion-english-roberta-large,joy,joy,joy,0.7399,Yes
https://www.youtube.com/watch?v=M8To7iorkxQ,avatar_clip,11,Hola I am watching from NIGERIA🎉❤,7-emotion,public RoBERTa-large seven-emotion,j-hartmann/emotion-english-roberta-large,joy,neutral,neutral,0.8415,No
https://www.youtube.com/watch?v=M8To7iorkxQ,avatar_clip,12,N😊😊!o,7-emotion,public RoBERTa-large seven-emotion,j-hartmann/emotion-english-roberta-large,joy,anger,anger,0.5572,No
https://www.youtube.com/watch?v=M8To7iorkxQ,avatar_clip,13,Wow amazing MOVIE and watching from West Borneo,7-emotion,public RoBERTa-large seven-emotion,j-hartmann/emotion-english-roberta-large,surprise,surprise,surprise,0.8847,Yes
https://www.youtube.com/watch?v=M8To7iorkxQ,avatar_clip,14,"watching from Dublin, but Egyptian ❤❤❤ Amazing movie 🍿🎥",7-emotion,public RoBERTa-large seven-emotion,j-hartmann/emotion-english-roberta-large,joy,surprise,surprise,0.4954,No
https://www.youtube.com/watch?v=M8To7iorkxQ,avatar_clip,15,Watching from Zambia 🥰,7-emotion,public RoBERTa-large seven-emotion,j-hartmann/emotion-english-roberta-large,joy,neutral,neutral,0.803,No
https://www.youtube.com/watch?v=M8To7iorkxQ,avatar_clip,16,From Sri Lanka 🇱🇰🇱🇰❤❤,7-emotion,public RoBERTa-large seven-emotion,j-hartmann/emotion-english-roberta-large,joy,neutral,neutral,0.6488,No
https://www.youtube.com/watch?v=M8To7iorkxQ,avatar_clip,17,Watching from Ghana ❤🎉,7-emotion,public RoBERTa-large seven-emotion,j-hartmann/emotion-english-roberta-large,joy,neutral,neutral,0.7856,No
https://www.youtube.com/watch?v=M8To7iorkxQ,avatar_clip,18,I'll never miss an Avatar movie 😊,7-emotion,public RoBERTa-large seven-emotion,j-hartmann/emotion-english-roberta-large,joy,sadness,sadness,0.7261,No
https://www.youtube.com/watch?v=M8To7iorkxQ,avatar_clip,19,"Watching from my beloved country Philippines 🇵🇭🇵🇭 Since 2012 ,until now this movie is so amazing.. this is my favorite movie ever❤️AVATAR is the best for me❤❤❤❤❤",7-emotion,public RoBERTa-large seven-emotion,j-hartmann/emotion-english-roberta-large,joy,joy,joy,0.8048,Yes
https://www.youtube.com/watch?v=M8To7iorkxQ,avatar_clip,20,Good morning everyone! It's quite amazing movie. I'm from Uzbekistan,7-emotion,public RoBERTa-large seven-emotion,j-hartmann/emotion-english-roberta-large,joy,joy,joy,0.8213,Yes
https://www.youtube.com/watch?v=M8To7iorkxQ,avatar_clip,21,Good 👍 😊❤,7-emotion,public RoBERTa-large seven-emotion,j-hartmann/emotion-english-roberta-large,joy,joy,joy,0.6592,Yes
https://www.youtube.com/watch?v=M8To7iorkxQ,avatar_clip,22,From Swaziland...I'm enjoying this movie 🍿,7-emotion,public RoBERTa-large seven-emotion,j-hartmann/emotion-english-roberta-large,joy,joy,joy,0.9841,Yes
https://www.youtube.com/watch?v=M8To7iorkxQ,avatar_clip,23,From Assam ❤❤❤,7-emotion,public RoBERTa-large seven-emotion,j-hartmann/emotion-english-roberta-large,joy,neutral,neutral,0.5544,No
https://www.youtube.com/watch?v=M8To7iorkxQ,avatar_clip,24,"watching from Abu Dhabi, UAE. thank you for sharing this video",7-emotion,public RoBERTa-large seven-emotion,j-hartmann/emotion-english-roberta-large,joy,joy,joy,0.5388,Yes
https://www.youtube.com/watch?v=M8To7iorkxQ,avatar_clip,25,"The human coming in is like the world leaders,lying to us about everything!",7-emotion,public RoBERTa-large seven-emotion,j-hartmann/emotion-english-roberta-large,anger,disgust,disgust,0.4352,No
https://www.youtube.com/watch?v=M8To7iorkxQ,avatar_clip,26,Here before Christmas 2025 😅let's go,7-emotion,public RoBERTa-large seven-emotion,j-hartmann/emotion-english-roberta-large,joy,neutral,neutral,0.6713,No
https://www.youtube.com/watch?v=M8To7iorkxQ,avatar_clip,27,Watchin from Nepal❤🎉,7-emotion,public RoBERTa-large seven-emotion,j-hartmann/emotion-english-roberta-large,joy,neutral,neutral,0.5449,No
https://www.youtube.com/watch?v=M8To7iorkxQ,avatar_clip,28,"Аватар - был прекрасный фильм,❤а следующие части - это мультфильмы😪А так ждали и хотели продолжения именно фильма😢🥺",7-emotion,public RoBERTa-large seven-emotion,j-hartmann/emotion-english-roberta-large,sadness,anger,anger,0.3472,No
https://www.youtube.com/watch?v=M8To7iorkxQ,avatar_clip,29,Wonderful movie watching from south africa ❤😊❤,7-emotion,public RoBERTa-large seven-emotion,j-hartmann/emotion-english-roberta-large,joy,joy,joy,0.9665,Yes
https://www.youtube.com/watch?v=M8To7iorkxQ,avatar_clip,30,Watching from California nice movie thank you for uploading it ❤😊,7-emotion,public RoBERTa-large seven-emotion,j-hartmann/emotion-english-roberta-large,joy,joy,joy,0.8961,Yes
https://www.youtube.com/watch?v=M8To7iorkxQ,avatar_clip,31,I'm watching from Viet Nam ❤,7-emotion,public RoBERTa-large seven-emotion,j-hartmann/emotion-english-roberta-large,joy,neutral,neutral,0.5779,No
https://www.youtube.com/watch?v=M8To7iorkxQ,avatar_clip,32,Uae,7-emotion,public RoBERTa-large seven-emotion,j-hartmann/emotion-english-roberta-large,neutral,neutral,neutral,0.9008,Yes
https://www.youtube.com/watch?v=M8To7iorkxQ,avatar_clip,33,"The Queen Mother arrived and quickly turned the world upside down, not letting the King Atma die.Myself",7-emotion,public RoBERTa-large seven-emotion,j-hartmann/emotion-english-roberta-large,neutral,neutral,neutral,0.3546,Yes
https://www.youtube.com/watch?v=M8To7iorkxQ,avatar_clip,34,From Brasil! Great vídeo!,7-emotion,public RoBERTa-large seven-emotion,j-hartmann/emotion-english-roberta-large,joy,joy,joy,0.6726,Yes
https://www.youtube.com/watch?v=M8To7iorkxQ,avatar_clip,35,hello friends permision i am from Indonesian i like your video cool 🎉🎉🎉🎉🎉 amazing 🥰🥰🥰🙏🙏🙏✌️,7-emotion,public RoBERTa-large seven-emotion,j-hartmann/emotion-english-roberta-large,joy,joy,joy,0.7616,Yes
https://www.youtube.com/watch?v=M8To7iorkxQ,avatar_clip,36,"Mantap,,,❤❤❤❤❤",7-emotion,public RoBERTa-large seven-emotion,j-hartmann/emotion-english-roberta-large,joy,neutral,neutral,0.3451,No
https://www.youtube.com/watch?v=M8To7iorkxQ,avatar_clip,37,From USA 🇱🇷🎉🎉,7-emotion,public RoBERTa-large seven-emotion,j-hartmann/emotion-english-roberta-large,joy,neutral,neutral,0.8021,No
https://www.youtube.com/watch?v=M8To7iorkxQ,avatar_clip,38,From indonesia❤,7-emotion,public RoBERTa-large seven-emotion,j-hartmann/emotion-english-roberta-large,joy,neutral,neutral,0.6845,No
https://www.youtube.com/watch?v=M8To7iorkxQ,avatar_clip,39,ok,7-emotion,public RoBERTa-large seven-emotion,j-hartmann/emotion-english-roberta-large,neutral,neutral,neutral,0.4818,Yes
https://www.youtube.com/watch?v=M8To7iorkxQ,avatar_clip,40,They need a vr version of this 😮,7-emotion,public RoBERTa-large seven-emotion,j-hartmann/emotion-english-roberta-large,surprise,anger,anger,0.3773,No
https://www.youtube.com/watch?v=M8To7iorkxQ,avatar_clip,41,"Pandora always looks so stunning! 💙 If you could visit just one place in the Avatar world, where would it be ?",7-emotion,public RoBERTa-large seven-emotion,j-hartmann/emotion-english-roberta-large,joy,surprise,surprise,0.4468,No
https://www.youtube.com/watch?v=M8To7iorkxQ,avatar_clip,42,Whatching from Kenya,7-emotion,public RoBERTa-large seven-emotion,j-hartmann/emotion-english-roberta-large,neutral,neutral,neutral,0.9351,Yes
https://www.youtube.com/watch?v=M8To7iorkxQ,avatar_clip,43,"It's engaging and enjoyable to watch, mainly because the actors' performance is really good.",7-emotion,public RoBERTa-large seven-emotion,j-hartmann/emotion-english-roberta-large,joy,joy,joy,0.9848,Yes
https://www.youtube.com/watch?v=M8To7iorkxQ,avatar_clip,44,МУЛЬКИК НО ВСЁ ЖЕ ИНТЕРЕСНО.❤❤❤❤❤,7-emotion,public RoBERTa-large seven-emotion,j-hartmann/emotion-english-roberta-large,joy,anger,anger,0.364,No
https://www.youtube.com/watch?v=M8To7iorkxQ,avatar_clip,45,Watching from India Attendance please,7-emotion,public RoBERTa-large seven-emotion,j-hartmann/emotion-english-roberta-large,neutral,neutral,neutral,0.9316,Yes
https://www.youtube.com/watch?v=M8To7iorkxQ,avatar_clip,46,You are a superhero! 🎉,7-emotion,public RoBERTa-large seven-emotion,j-hartmann/emotion-english-roberta-large,joy,surprise,surprise,0.3293,No
https://www.youtube.com/watch?v=M8To7iorkxQ,avatar_clip,47,from Indonesia..🇮🇩❤ (Sragen),7-emotion,public RoBERTa-large seven-emotion,j-hartmann/emotion-english-roberta-large,joy,neutral,neutral,0.753,No
https://www.youtube.com/watch?v=M8To7iorkxQ,avatar_clip,48,Watching from Philippines❤,7-emotion,public RoBERTa-large seven-emotion,j-hartmann/emotion-english-roberta-large,joy,neutral,neutral,0.6596,No
https://www.youtube.com/watch?v=M8To7iorkxQ,avatar_clip,49,Watching from South Africa enjoying the movie ❤,7-emotion,public RoBERTa-large seven-emotion,j-hartmann/emotion-english-roberta-large,joy,joy,joy,0.9423,Yes
https://www.youtube.com/watch?v=M8To7iorkxQ,avatar_clip,50,Watching from Cameroon🇨🇲,7-emotion,public RoBERTa-large seven-emotion,j-hartmann/emotion-english-roberta-large,neutral,neutral,neutral,0.8911,Yes
https://www.youtube.com/watch?v=-_-eIVAX1yQ,shooting_news,1,Why was he let out of the psychiatric facility? Moronic authorities,7-emotion,public RoBERTa-large seven-emotion,j-hartmann/emotion-english-roberta-large,anger,surprise,surprise,0.7984,No
https://www.youtube.com/watch?v=-_-eIVAX1yQ,shooting_news,2,Finally got the treatment he needed.,7-emotion,public RoBERTa-large seven-emotion,j-hartmann/emotion-english-roberta-large,anger,joy,joy,0.9244,No
https://www.youtube.com/watch?v=-_-eIVAX1yQ,shooting_news,3,Those reporters have the survival instincts of a rock,7-emotion,public RoBERTa-large seven-emotion,j-hartmann/emotion-english-roberta-large,anger,neutral,neutral,0.9356,No
https://www.youtube.com/watch?v=-_-eIVAX1yQ,shooting_news,4,We need to start hiring more competent gunmen.,7-emotion,public RoBERTa-large seven-emotion,j-hartmann/emotion-english-roberta-large,anger,neutral,neutral,0.9004,No
https://www.youtube.com/watch?v=-_-eIVAX1yQ,shooting_news,5,Freedom of irrelevancespeech..,7-emotion,public RoBERTa-large seven-emotion,j-hartmann/emotion-english-roberta-large,neutral,neutral,neutral,0.4411,Yes
https://www.youtube.com/watch?v=-_-eIVAX1yQ,shooting_news,6,a revolver? what in tarnation?,7-emotion,public RoBERTa-large seven-emotion,j-hartmann/emotion-english-roberta-large,surprise,surprise,surprise,0.8151,Yes
https://www.youtube.com/watch?v=-_-eIVAX1yQ,shooting_news,7,I was thinking how dumb standing near windows would be… but if any room was bullet proofed it would be that.,7-emotion,public RoBERTa-large seven-emotion,j-hartmann/emotion-english-roberta-large,anger,disgust,disgust,0.502,No
https://www.youtube.com/watch?v=-_-eIVAX1yQ,shooting_news,8,The reporters has the survival instincts of a Dodo,7-emotion,public RoBERTa-large seven-emotion,j-hartmann/emotion-english-roberta-large,anger,neutral,neutral,0.9627,No
https://www.youtube.com/watch?v=-_-eIVAX1yQ,shooting_news,9,We have agent 007😂,7-emotion,public RoBERTa-large seven-emotion,j-hartmann/emotion-english-roberta-large,joy,neutral,neutral,0.9607,No
https://www.youtube.com/watch?v=-_-eIVAX1yQ,shooting_news,10,Anything to get the ballroom 😂😂,7-emotion,public RoBERTa-large seven-emotion,j-hartmann/emotion-english-roberta-large,joy,neutral,neutral,0.5934,No
https://www.youtube.com/watch?v=-_-eIVAX1yQ,shooting_news,11,"Give it three days, he'll be back.🤔💡",7-emotion,public RoBERTa-large seven-emotion,j-hartmann/emotion-english-roberta-large,fear,neutral,neutral,0.8409,No
https://www.youtube.com/watch?v=-_-eIVAX1yQ,shooting_news,12,Will the world still believe?,7-emotion,public RoBERTa-large seven-emotion,j-hartmann/emotion-english-roberta-large,neutral,surprise,surprise,0.7594,No
https://www.youtube.com/watch?v=-_-eIVAX1yQ,shooting_news,13,Just another day in USA,7-emotion,public RoBERTa-large seven-emotion,j-hartmann/emotion-english-roberta-large,anger,neutral,neutral,0.8328,No
https://www.youtube.com/watch?v=-_-eIVAX1yQ,shooting_news,14,Sa manquait ❤❤🎉🎉,7-emotion,public RoBERTa-large seven-emotion,j-hartmann/emotion-english-roberta-large,joy,neutral,neutral,0.7018,No
https://www.youtube.com/watch?v=-_-eIVAX1yQ,shooting_news,15,The USA is a lost cause.,7-emotion,public RoBERTa-large seven-emotion,j-hartmann/emotion-english-roberta-large,anger,sadness,sadness,0.7629,No
https://www.youtube.com/watch?v=-_-eIVAX1yQ,shooting_news,16,Jeez what's this 4th attempt. Something odd about it all,7-emotion,public RoBERTa-large seven-emotion,j-hartmann/emotion-english-roberta-large,surprise,surprise,surprise,0.5057,Yes
https://www.youtube.com/watch?v=-_-eIVAX1yQ,shooting_news,17,Another patriot gone.,7-emotion,public RoBERTa-large seven-emotion,j-hartmann/emotion-english-roberta-large,sadness,sadness,sadness,0.9457,Yes
https://www.youtube.com/watch?v=-_-eIVAX1yQ,shooting_news,18,So many want him Xd,7-emotion,public RoBERTa-large seven-emotion,j-hartmann/emotion-english-roberta-large,anger,neutral,neutral,0.7295,No
https://www.youtube.com/watch?v=-_-eIVAX1yQ,shooting_news,19,The shooters family could claim a presidential pardon for him & put a claim in for the slush fund.,7-emotion,public RoBERTa-large seven-emotion,j-hartmann/emotion-english-roberta-large,anger,neutral,neutral,0.8743,No
https://www.youtube.com/watch?v=-_-eIVAX1yQ,shooting_news,20,The United States is a threat to all of humanity...,7-emotion,public RoBERTa-large seven-emotion,j-hartmann/emotion-english-roberta-large,fear,fear,fear,0.9189,Yes
https://www.youtube.com/watch?v=-_-eIVAX1yQ,shooting_news,21,The best learing centre graduate yet.,7-emotion,public RoBERTa-large seven-emotion,j-hartmann/emotion-english-roberta-large,joy,joy,joy,0.5786,Yes
https://www.youtube.com/watch?v=-_-eIVAX1yQ,shooting_news,22,He missed his son's wedding for this! Could they not have arranged for the gunman to turn up another day?,7-emotion,public RoBERTa-large seven-emotion,j-hartmann/emotion-english-roberta-large,sadness,surprise,surprise,0.4758,No
https://www.youtube.com/watch?v=-_-eIVAX1yQ,shooting_news,23,ترامب مغتصب اباطفال مع ابستين داعم الكيان الاسرائيلي قاتل الاطفال هو مجرد دميه بيد النتن,7-emotion,public RoBERTa-large seven-emotion,j-hartmann/emotion-english-roberta-large,anger,neutral,neutral,0.3783,No
https://www.youtube.com/watch?v=-_-eIVAX1yQ,shooting_news,24,"We need a professional killer, not a psychotic kid.",7-emotion,public RoBERTa-large seven-emotion,j-hartmann/emotion-english-roberta-large,anger,anger,anger,0.3603,Yes
https://www.youtube.com/watch?v=-_-eIVAX1yQ,shooting_news,25,Gunshots ringing out what is that😂 how did an insane person get access to a revolver?,7-emotion,public RoBERTa-large seven-emotion,j-hartmann/emotion-english-roberta-large,fear,surprise,surprise,0.552,No
https://www.youtube.com/watch?v=-_-eIVAX1yQ,shooting_news,26,Amando supremo tribunal federal do Brasil. Donald Trump a sua guela. Alexandro oliveira jornal nacional do Brasil. GCM . Romu fortaleza ceará. Força tática.,7-emotion,public RoBERTa-large seven-emotion,j-hartmann/emotion-english-roberta-large,anger,neutral,neutral,0.6627,No
https://www.youtube.com/watch?v=-_-eIVAX1yQ,shooting_news,27,Vampire stern family,7-emotion,public RoBERTa-large seven-emotion,j-hartmann/emotion-english-roberta-large,disgust,neutral,neutral,0.784,No
https://www.youtube.com/watch?v=-_-eIVAX1yQ,shooting_news,28,😂😂😂😂😂,7-emotion,public RoBERTa-large seven-emotion,j-hartmann/emotion-english-roberta-large,joy,anger,anger,0.3576,No
https://www.youtube.com/watch?v=-_-eIVAX1yQ,shooting_news,29,The real story is Trump lost the war and there is a bounty on his life.,7-emotion,public RoBERTa-large seven-emotion,j-hartmann/emotion-english-roberta-large,fear,sadness,sadness,0.4099,No
https://www.youtube.com/watch?v=-_-eIVAX1yQ,shooting_news,30,Never has a president been like this lol,7-emotion,public RoBERTa-large seven-emotion,j-hartmann/emotion-english-roberta-large,joy,joy,joy,0.4228,Yes
https://www.youtube.com/watch?v=-_-eIVAX1yQ,shooting_news,31,"On the plus side, the shootings happen closer to the White House.",7-emotion,public RoBERTa-large seven-emotion,j-hartmann/emotion-english-roberta-large,fear,neutral,neutral,0.7464,No
https://www.youtube.com/watch?v=-_-eIVAX1yQ,shooting_news,32,No Bias Just Reporting 👍,7-emotion,public RoBERTa-large seven-emotion,j-hartmann/emotion-english-roberta-large,joy,neutral,neutral,0.4264,No
https://www.youtube.com/watch?v=-_-eIVAX1yQ,shooting_news,33,Distraction from the distraction from the distraction from the distraction from the distraction from the distraction from the distraction. Stay tuned there be a distraction soon from this distraction,7-emotion,public RoBERTa-large seven-emotion,j-hartmann/emotion-english-roberta-large,neutral,neutral,neutral,0.8835,Yes
https://www.youtube.com/watch?v=-_-eIVAX1yQ,shooting_news,34,You can’t take a great man down trump forever,7-emotion,public RoBERTa-large seven-emotion,j-hartmann/emotion-english-roberta-large,joy,neutral,neutral,0.4639,No
https://www.youtube.com/watch?v=-_-eIVAX1yQ,shooting_news,35,"Avec TRUMP, le rêve américain est devenu le cauchemar américain !",7-emotion,public RoBERTa-large seven-emotion,j-hartmann/emotion-english-roberta-large,sadness,neutral,neutral,0.4729,No
https://www.youtube.com/watch?v=-_-eIVAX1yQ,shooting_news,36,Very poor gun man in america,7-emotion,public RoBERTa-large seven-emotion,j-hartmann/emotion-english-roberta-large,sadness,sadness,sadness,0.958,Yes
https://www.youtube.com/watch?v=-_-eIVAX1yQ,shooting_news,37,Definitely an Ai slop.,7-emotion,public RoBERTa-large seven-emotion,j-hartmann/emotion-english-roberta-large,disgust,neutral,neutral,0.8583,No
https://www.youtube.com/watch?v=-_-eIVAX1yQ,shooting_news,38,He was just looking for the snack bar,7-emotion,public RoBERTa-large seven-emotion,j-hartmann/emotion-english-roberta-large,joy,neutral,neutral,0.9688,No
https://www.youtube.com/watch?v=-_-eIVAX1yQ,shooting_news,39,TDS,7-emotion,public RoBERTa-large seven-emotion,j-hartmann/emotion-english-roberta-large,neutral,neutral,neutral,0.8971,Yes
https://www.youtube.com/watch?v=-_-eIVAX1yQ,shooting_news,40,Bro took Trump’s Christ image very seriously.,7-emotion,public RoBERTa-large seven-emotion,j-hartmann/emotion-english-roberta-large,anger,neutral,neutral,0.6665,No
https://www.youtube.com/watch?v=-_-eIVAX1yQ,shooting_news,41,My heart goes out to the innocent bystander 😢,7-emotion,public RoBERTa-large seven-emotion,j-hartmann/emotion-english-roberta-large,sadness,sadness,sadness,0.8675,Yes
https://www.youtube.com/watch?v=-_-eIVAX1yQ,shooting_news,42,How does someone who believes they are Jesus Christ have legal ownership of a gun? Or be president of the most powerful nation on earth? The USA never fails to confound.,7-emotion,public RoBERTa-large seven-emotion,j-hartmann/emotion-english-roberta-large,anger,surprise,surprise,0.5421,No
https://www.youtube.com/watch?v=-_-eIVAX1yQ,shooting_news,43,ITS NOT BREAKING NEWS SINCE HES STILL AROUND....MOST LIKELY TAKING A NAP DURING THE SHOOTING,7-emotion,public RoBERTa-large seven-emotion,j-hartmann/emotion-english-roberta-large,anger,neutral,neutral,0.7831,No
https://www.youtube.com/watch?v=-_-eIVAX1yQ,shooting_news,44,Really was this actually to distract from the mess of the Iran War and the economic fallout.,7-emotion,public RoBERTa-large seven-emotion,j-hartmann/emotion-english-roberta-large,fear,neutral,neutral,0.3297,No
https://www.youtube.com/watch?v=-_-eIVAX1yQ,shooting_news,45,"If at first you don't succeed, try, try, again. Be careful who you try it with though.",7-emotion,public RoBERTa-large seven-emotion,j-hartmann/emotion-english-roberta-large,fear,neutral,neutral,0.8464,No
https://www.youtube.com/watch?v=-_-eIVAX1yQ,shooting_news,46,Is very dangerous time in the USA is getting really close 4 Revolution is only matter of time 20 gunman or 200 we'll be doing that🙉 the sort of things been going on since forever😜,7-emotion,public RoBERTa-large seven-emotion,j-hartmann/emotion-english-roberta-large,fear,anger,anger,0.5374,No
https://www.youtube.com/watch?v=-_-eIVAX1yQ,shooting_news,47,WWE,7-emotion,public RoBERTa-large seven-emotion,j-hartmann/emotion-english-roberta-large,neutral,neutral,neutral,0.756,Yes
https://www.youtube.com/watch?v=-_-eIVAX1yQ,shooting_news,48,Australian news is unbearable,7-emotion,public RoBERTa-large seven-emotion,j-hartmann/emotion-english-roberta-large,disgust,disgust,disgust,0.5465,Yes
https://www.youtube.com/watch?v=-_-eIVAX1yQ,shooting_news,49,Just another bad in the country,7-emotion,public RoBERTa-large seven-emotion,j-hartmann/emotion-english-roberta-large,sadness,disgust,disgust,0.7703,No
https://www.youtube.com/watch?v=-_-eIVAX1yQ,shooting_news,50,"Un charlot, ridiculisé par l'iran.",7-emotion,public RoBERTa-large seven-emotion,j-hartmann/emotion-english-roberta-large,anger,disgust,disgust,0.7169,No
https://www.youtube.com/watch?v=d2dgJGkw5p0,rare_earths,1,Learn more: Why Rare Earths Are China’s Trump Card in Trade War - https://bloom.bg/4nG7F63,7-emotion,YouTube-domain adapted RoBERTa,chase1zhang/youtube-emotion-samlowe-roberta-domain-adapted,neutral,neutral,neutral,0.9821,Yes
https://www.youtube.com/watch?v=d2dgJGkw5p0,rare_earths,2,Funny how they complain they cannot bully China,7-emotion,YouTube-domain adapted RoBERTa,chase1zhang/youtube-emotion-samlowe-roberta-domain-adapted,anger,anger,anger,0.9856,Yes
https://www.youtube.com/watch?v=d2dgJGkw5p0,rare_earths,3,"Remember the US restricted sale of semiconductors to China, they responded by restricting sale of rare earth materials to the US. In the old days western countries dominated world trade, now that has shifted to Asia. The western powers must accept one thing, you can't dominate the world forever.",7-emotion,YouTube-domain adapted RoBERTa,chase1zhang/youtube-emotion-samlowe-roberta-domain-adapted,anger,neutral,neutral,0.9746,No
https://www.youtube.com/watch?v=d2dgJGkw5p0,rare_earths,4,China is only using rare earth as geopolitical leverage in response to US using its dominance in semiconductor as geopolitical leverage.,7-emotion,YouTube-domain adapted RoBERTa,chase1zhang/youtube-emotion-samlowe-roberta-domain-adapted,neutral,neutral,neutral,0.9865,Yes
https://www.youtube.com/watch?v=d2dgJGkw5p0,rare_earths,5,China never used it as geopolitical leverage until it had to.,7-emotion,YouTube-domain adapted RoBERTa,chase1zhang/youtube-emotion-samlowe-roberta-domain-adapted,neutral,neutral,neutral,0.9856,Yes
https://www.youtube.com/watch?v=d2dgJGkw5p0,rare_earths,6,You can restrict semiconductors and chips to China but China can't hold rare earth material,7-emotion,YouTube-domain adapted RoBERTa,chase1zhang/youtube-emotion-samlowe-roberta-domain-adapted,anger,neutral,neutral,0.9852,No
https://www.youtube.com/watch?v=d2dgJGkw5p0,rare_earths,7,Maybe not using your precious Rare earth on weapons. 😂,7-emotion,YouTube-domain adapted RoBERTa,chase1zhang/youtube-emotion-samlowe-roberta-domain-adapted,anger,joy,joy,0.9877,No
https://www.youtube.com/watch?v=d2dgJGkw5p0,rare_earths,8,"I remember learning in school back around 2000 that we in China had the rare earth deposits but our refining capability was so poor we could only export raw ore to countries like Japan, making a tiny profit in the whole value chain. Now watching this video i feel proud of my country and our people. We don't need to argue with others. Just do our job, improvise everyday and enjoy our lives. We dont need to envy or be afraid of the bullies.",7-emotion,YouTube-domain adapted RoBERTa,chase1zhang/youtube-emotion-samlowe-roberta-domain-adapted,joy,fear,fear,0.974,No
https://www.youtube.com/watch?v=d2dgJGkw5p0,rare_earths,9,"There is nothing rare about ""rare"" earths. Its the processing plants that are rare.",7-emotion,YouTube-domain adapted RoBERTa,chase1zhang/youtube-emotion-samlowe-roberta-domain-adapted,neutral,neutral,neutral,0.9289,Yes
https://www.youtube.com/watch?v=d2dgJGkw5p0,rare_earths,10,"US is always the one that starting the trouble, China just reacting. this REM case show that many times US start something without thinking everything. like so many other cases. when you started it, don't blame others for reacting.",7-emotion,YouTube-domain adapted RoBERTa,chase1zhang/youtube-emotion-samlowe-roberta-domain-adapted,anger,anger,anger,0.9706,Yes
https://www.youtube.com/watch?v=d2dgJGkw5p0,rare_earths,11,"BRAZIL is a BRICKS member and US imposed 50% on this country, there's no way the second largest REE country will align with US to solve this crisis.",7-emotion,YouTube-domain adapted RoBERTa,chase1zhang/youtube-emotion-samlowe-roberta-domain-adapted,neutral,anger,anger,0.9851,No
https://www.youtube.com/watch?v=d2dgJGkw5p0,rare_earths,12,"As usual, the narrative is: American hegemony = good Anything else = bad",7-emotion,YouTube-domain adapted RoBERTa,chase1zhang/youtube-emotion-samlowe-roberta-domain-adapted,anger,joy,joy,0.9776,No
https://www.youtube.com/watch?v=d2dgJGkw5p0,rare_earths,13,35000 lawyers 350 mining engineers.,7-emotion,YouTube-domain adapted RoBERTa,chase1zhang/youtube-emotion-samlowe-roberta-domain-adapted,neutral,neutral,neutral,0.9571,Yes
https://www.youtube.com/watch?v=d2dgJGkw5p0,rare_earths,14,"Don't start war with China, then no rare earth problem",7-emotion,YouTube-domain adapted RoBERTa,chase1zhang/youtube-emotion-samlowe-roberta-domain-adapted,neutral,neutral,neutral,0.9765,Yes
https://www.youtube.com/watch?v=d2dgJGkw5p0,rare_earths,15,"Did they forget how they did to Huawei and some other companies back in 2018? And now still blocking China to get latest chips. So this means only US can accuse others and sanction others, others can’t fight back, if you fight back, I will do the strongest condemn logic? Karma is a bitch, isn’t it? 😊",7-emotion,YouTube-domain adapted RoBERTa,chase1zhang/youtube-emotion-samlowe-roberta-domain-adapted,anger,anger,anger,0.9441,Yes
https://www.youtube.com/watch?v=d2dgJGkw5p0,rare_earths,16,"“We want a lot of rocks, I’m gathering rocks to stack them on top of each other”",7-emotion,YouTube-domain adapted RoBERTa,chase1zhang/youtube-emotion-samlowe-roberta-domain-adapted,neutral,neutral,neutral,0.984,Yes
https://www.youtube.com/watch?v=d2dgJGkw5p0,rare_earths,17,They are talking about China like if they are aliens from different planet!!,7-emotion,YouTube-domain adapted RoBERTa,chase1zhang/youtube-emotion-samlowe-roberta-domain-adapted,joy,neutral,neutral,0.964,No
https://www.youtube.com/watch?v=d2dgJGkw5p0,rare_earths,18,Very well done video. Those animations - hats off 👍,7-emotion,YouTube-domain adapted RoBERTa,chase1zhang/youtube-emotion-samlowe-roberta-domain-adapted,joy,joy,joy,0.9899,Yes
https://www.youtube.com/watch?v=d2dgJGkw5p0,rare_earths,19,What do you mean running an economy based on economic derivatives leaves you vulnerable to foreign commodity spikes when you don't actually make anything? /s,7-emotion,YouTube-domain adapted RoBERTa,chase1zhang/youtube-emotion-samlowe-roberta-domain-adapted,anger,neutral,neutral,0.9569,No
https://www.youtube.com/watch?v=d2dgJGkw5p0,rare_earths,20,that thumbnail is so catchy so you click instantly,7-emotion,YouTube-domain adapted RoBERTa,chase1zhang/youtube-emotion-samlowe-roberta-domain-adapted,neutral,neutral,neutral,0.9729,Yes
https://www.youtube.com/watch?v=d2dgJGkw5p0,rare_earths,21,Why is it that I've never heard anyone voice any concerns about relying too much on the US or the EU?,7-emotion,YouTube-domain adapted RoBERTa,chase1zhang/youtube-emotion-samlowe-roberta-domain-adapted,neutral,neutral,neutral,0.9223,Yes
https://www.youtube.com/watch?v=d2dgJGkw5p0,rare_earths,22,Can we get a video on shipbuilding on Bloomberg Primer?,7-emotion,YouTube-domain adapted RoBERTa,chase1zhang/youtube-emotion-samlowe-roberta-domain-adapted,neutral,neutral,neutral,0.9844,Yes
https://www.youtube.com/watch?v=d2dgJGkw5p0,rare_earths,23,US: Launches a trade war China: Fights back US: *Surprised Pikachu face*,7-emotion,YouTube-domain adapted RoBERTa,chase1zhang/youtube-emotion-samlowe-roberta-domain-adapted,surprise,surprise,surprise,0.9666,Yes
https://www.youtube.com/watch?v=d2dgJGkw5p0,rare_earths,24,Thanks for the information,7-emotion,YouTube-domain adapted RoBERTa,chase1zhang/youtube-emotion-samlowe-roberta-domain-adapted,joy,joy,joy,0.9719,Yes
https://www.youtube.com/watch?v=d2dgJGkw5p0,rare_earths,25,The big problem was the West and US did not do anything about it until they realise too late. China have been buying and processing rare earth for like 20 years. China have long term plans. Now it’s too late for the West to catch up as it takes a decade to develop the processing of rare earths,7-emotion,YouTube-domain adapted RoBERTa,chase1zhang/youtube-emotion-samlowe-roberta-domain-adapted,neutral,neutral,neutral,0.9804,Yes
https://www.youtube.com/watch?v=d2dgJGkw5p0,rare_earths,26,It’s hella funny when the bully gets bullied 😂😂,7-emotion,YouTube-domain adapted RoBERTa,chase1zhang/youtube-emotion-samlowe-roberta-domain-adapted,joy,joy,joy,0.9417,Yes
https://www.youtube.com/watch?v=d2dgJGkw5p0,rare_earths,27,"He said ""hold all the chips"" 😂😂😂",7-emotion,YouTube-domain adapted RoBERTa,chase1zhang/youtube-emotion-samlowe-roberta-domain-adapted,joy,joy,joy,0.9843,Yes
https://www.youtube.com/watch?v=d2dgJGkw5p0,rare_earths,28,"Knowledge, skill, industrial muscle, AND security",7-emotion,YouTube-domain adapted RoBERTa,chase1zhang/youtube-emotion-samlowe-roberta-domain-adapted,neutral,neutral,neutral,0.9721,Yes
https://www.youtube.com/watch?v=d2dgJGkw5p0,rare_earths,29,Great video,7-emotion,YouTube-domain adapted RoBERTa,chase1zhang/youtube-emotion-samlowe-roberta-domain-adapted,joy,joy,joy,0.9896,Yes
https://www.youtube.com/watch?v=d2dgJGkw5p0,rare_earths,30,"You guys are intentionally misleading to sound optimistic. In order for the West to get to the capacity that China has today, it would take about 20-30 years. And that assuming China stays still during that time.",7-emotion,YouTube-domain adapted RoBERTa,chase1zhang/youtube-emotion-samlowe-roberta-domain-adapted,disgust,anger,anger,0.9256,No
https://www.youtube.com/watch?v=d2dgJGkw5p0,rare_earths,31,Best thumbnail for a bloomberg video I've ever seen. Gg.,7-emotion,YouTube-domain adapted RoBERTa,chase1zhang/youtube-emotion-samlowe-roberta-domain-adapted,joy,joy,joy,0.9901,Yes
https://www.youtube.com/watch?v=d2dgJGkw5p0,rare_earths,32,Straight of Rare Earths.,7-emotion,YouTube-domain adapted RoBERTa,chase1zhang/youtube-emotion-samlowe-roberta-domain-adapted,neutral,neutral,neutral,0.9856,Yes
https://www.youtube.com/watch?v=d2dgJGkw5p0,rare_earths,33,That refining technology was in widespread use in IA in the 1950s. Very highly optimized. We just let some Chinese students take it home.,7-emotion,YouTube-domain adapted RoBERTa,chase1zhang/youtube-emotion-samlowe-roberta-domain-adapted,anger,neutral,neutral,0.9813,No
https://www.youtube.com/watch?v=d2dgJGkw5p0,rare_earths,34,"Mate, don't even go to Rare earth!!! We would have to shut all business down if China stops any supplies.",7-emotion,YouTube-domain adapted RoBERTa,chase1zhang/youtube-emotion-samlowe-roberta-domain-adapted,fear,anger,anger,0.9733,No
https://www.youtube.com/watch?v=d2dgJGkw5p0,rare_earths,35,Being a video editor at Bloomberg must be so easy when the topic is about China. All they have to do is pick from a grand total of 10 different stock footage options.,7-emotion,YouTube-domain adapted RoBERTa,chase1zhang/youtube-emotion-samlowe-roberta-domain-adapted,anger,neutral,neutral,0.9855,No
https://www.youtube.com/watch?v=d2dgJGkw5p0,rare_earths,36,09:47 Why would the department of war buying $400 M worth of steaks from a freaking magnet factory lol.,7-emotion,YouTube-domain adapted RoBERTa,chase1zhang/youtube-emotion-samlowe-roberta-domain-adapted,surprise,joy,joy,0.7462,No
https://www.youtube.com/watch?v=d2dgJGkw5p0,rare_earths,37,Love from South Africa ❤️🇿🇦🏆,7-emotion,YouTube-domain adapted RoBERTa,chase1zhang/youtube-emotion-samlowe-roberta-domain-adapted,joy,joy,joy,0.9855,Yes
https://www.youtube.com/watch?v=d2dgJGkw5p0,rare_earths,38,10 billion hunt? That's just the first day of the Iran war. America wins wins wins.,7-emotion,YouTube-domain adapted RoBERTa,chase1zhang/youtube-emotion-samlowe-roberta-domain-adapted,anger,neutral,neutral,0.9616,No
https://www.youtube.com/watch?v=d2dgJGkw5p0,rare_earths,39,0:30. Woahhhh Malaysia 😃😃,7-emotion,YouTube-domain adapted RoBERTa,chase1zhang/youtube-emotion-samlowe-roberta-domain-adapted,surprise,surprise,surprise,0.9079,Yes
https://www.youtube.com/watch?v=d2dgJGkw5p0,rare_earths,40,7:45 this is why there are playing the game so dominataly. They have filled every gap with right strategy. And it worked profoundly.,7-emotion,YouTube-domain adapted RoBERTa,chase1zhang/youtube-emotion-samlowe-roberta-domain-adapted,neutral,neutral,neutral,0.9747,Yes
https://www.youtube.com/watch?v=d2dgJGkw5p0,rare_earths,41,"As the G2, we could literally run the world together. Let's go hand in hand as trustworthy allies rather than confront each other — there's no beef between us. Plus, the world already has enough problems. Others may not have the cards, but we do",7-emotion,YouTube-domain adapted RoBERTa,chase1zhang/youtube-emotion-samlowe-roberta-domain-adapted,joy,anger,anger,0.9714,No
https://www.youtube.com/watch?v=d2dgJGkw5p0,rare_earths,42,"Australia has plenty of rare earth minerals, it's the processing that is the problem.",7-emotion,YouTube-domain adapted RoBERTa,chase1zhang/youtube-emotion-samlowe-roberta-domain-adapted,neutral,neutral,neutral,0.9728,Yes
https://www.youtube.com/watch?v=d2dgJGkw5p0,rare_earths,43,Nectar Gan is so beautiful 🔥 👌,7-emotion,YouTube-domain adapted RoBERTa,chase1zhang/youtube-emotion-samlowe-roberta-domain-adapted,joy,joy,joy,0.9901,Yes
https://www.youtube.com/watch?v=d2dgJGkw5p0,rare_earths,44,brazil is full of rare earths,7-emotion,YouTube-domain adapted RoBERTa,chase1zhang/youtube-emotion-samlowe-roberta-domain-adapted,neutral,neutral,neutral,0.9824,Yes
https://www.youtube.com/watch?v=d2dgJGkw5p0,rare_earths,45,Trump: You have rare earths. We have all the oil. Lets trade...,7-emotion,YouTube-domain adapted RoBERTa,chase1zhang/youtube-emotion-samlowe-roberta-domain-adapted,neutral,neutral,neutral,0.9833,Yes
https://www.youtube.com/watch?v=d2dgJGkw5p0,rare_earths,46,Meanwhile China is already looking for the next chokehold.,7-emotion,YouTube-domain adapted RoBERTa,chase1zhang/youtube-emotion-samlowe-roberta-domain-adapted,neutral,neutral,neutral,0.9798,Yes
https://www.youtube.com/watch?v=d2dgJGkw5p0,rare_earths,47,"The US has all the rare earth metals we need in California and Texas and in all the coal ash piles we have across the U.S. We simply need to build more of the processing plants to process these rare earths and the understanding that processing rare earths is usually a very polluting endeavor. I have no doubt we can do it in a more environmentally way, but we also need to understand that China's Rare Earth industry is heavily subsidized by China so America's Rare Earths will probably be more expensive. We also have the deals with both Ukraine and Austrailia for Rare Earths as well.",7-emotion,YouTube-domain adapted RoBERTa,chase1zhang/youtube-emotion-samlowe-roberta-domain-adapted,neutral,disgust,disgust,0.9571,No
https://www.youtube.com/watch?v=d2dgJGkw5p0,rare_earths,48,So much ad even before beginning?,7-emotion,YouTube-domain adapted RoBERTa,chase1zhang/youtube-emotion-samlowe-roberta-domain-adapted,anger,neutral,neutral,0.9863,No
https://www.youtube.com/watch?v=d2dgJGkw5p0,rare_earths,49,"Calling 21% a ""quarter"" and not a ""fifth"" of world's supply should be considered journalistic malpractice",7-emotion,YouTube-domain adapted RoBERTa,chase1zhang/youtube-emotion-samlowe-roberta-domain-adapted,disgust,anger,anger,0.9681,No
https://www.youtube.com/watch?v=d2dgJGkw5p0,rare_earths,50,If making weapons of death is all that the USA does with them? BOYCOTT THEM ALL!,7-emotion,YouTube-domain adapted RoBERTa,chase1zhang/youtube-emotion-samlowe-roberta-domain-adapted,fear,neutral,neutral,0.9514,No
https://www.youtube.com/watch?v=M8To7iorkxQ,avatar_clip,1,This is the kind of content YouTube needs more of,7-emotion,YouTube-domain adapted RoBERTa,chase1zhang/youtube-emotion-samlowe-roberta-domain-adapted,joy,neutral,neutral,0.9776,No
https://www.youtube.com/watch?v=M8To7iorkxQ,avatar_clip,2,le le,7-emotion,YouTube-domain adapted RoBERTa,chase1zhang/youtube-emotion-samlowe-roberta-domain-adapted,neutral,neutral,neutral,0.9833,Yes
https://www.youtube.com/watch?v=M8To7iorkxQ,avatar_clip,3,🥰From India 🇮🇳 ❤🤗,7-emotion,YouTube-domain adapted RoBERTa,chase1zhang/youtube-emotion-samlowe-roberta-domain-adapted,joy,joy,joy,0.9832,Yes
https://www.youtube.com/watch?v=M8To7iorkxQ,avatar_clip,4,Ecnaha,7-emotion,YouTube-domain adapted RoBERTa,chase1zhang/youtube-emotion-samlowe-roberta-domain-adapted,neutral,neutral,neutral,0.9844,Yes
https://www.youtube.com/watch?v=M8To7iorkxQ,avatar_clip,5,"The video is truly captivating, from the dramatic pace to the spectacular visuals, it's impossible to look away 👏🔥. The content is carefully selected, providing a thrilling and exciting experience, making viewers feel like they're living through every moment of the action. In particular, the scene setting and sound design are perfectly coordinated, highlighting the power and ferocity of the monsters 🦍🐊🏙. This is a high-quality clip, both entertaining and something viewers will want to watch again and again. The channel owner has done a great job bringing a cinematic experience right on YouTube, deserving more likes and subscribers 🌟💯. Hopefully, there will be more captivating videos like this in the future, which will surely attract even more viewers ❤🚀",7-emotion,YouTube-domain adapted RoBERTa,chase1zhang/youtube-emotion-samlowe-roberta-domain-adapted,joy,joy,joy,0.9875,Yes
https://www.youtube.com/watch?v=M8To7iorkxQ,avatar_clip,6,kaka gua batu,7-emotion,YouTube-domain adapted RoBERTa,chase1zhang/youtube-emotion-samlowe-roberta-domain-adapted,neutral,neutral,neutral,0.9847,Yes
https://www.youtube.com/watch?v=M8To7iorkxQ,avatar_clip,7,Смотрю из Таджикистана ❤,7-emotion,YouTube-domain adapted RoBERTa,chase1zhang/youtube-emotion-samlowe-roberta-domain-adapted,joy,joy,joy,0.9842,Yes
https://www.youtube.com/watch?v=M8To7iorkxQ,avatar_clip,8,That's amazing really ❤️,7-emotion,YouTube-domain adapted RoBERTa,chase1zhang/youtube-emotion-samlowe-roberta-domain-adapted,joy,joy,joy,0.9899,Yes
https://www.youtube.com/watch?v=M8To7iorkxQ,avatar_clip,9,From Cyprus!❤,7-emotion,YouTube-domain adapted RoBERTa,chase1zhang/youtube-emotion-samlowe-roberta-domain-adapted,joy,joy,joy,0.9758,Yes
https://www.youtube.com/watch?v=M8To7iorkxQ,avatar_clip,10,Watching from Milano Italy ❤thank you for sharing,7-emotion,YouTube-domain adapted RoBERTa,chase1zhang/youtube-emotion-samlowe-roberta-domain-adapted,joy,joy,joy,0.984,Yes
https://www.youtube.com/watch?v=M8To7iorkxQ,avatar_clip,11,Hola I am watching from NIGERIA🎉❤,7-emotion,YouTube-domain adapted RoBERTa,chase1zhang/youtube-emotion-samlowe-roberta-domain-adapted,joy,joy,joy,0.9885,Yes
https://www.youtube.com/watch?v=M8To7iorkxQ,avatar_clip,12,N😊😊!o,7-emotion,YouTube-domain adapted RoBERTa,chase1zhang/youtube-emotion-samlowe-roberta-domain-adapted,joy,neutral,neutral,0.974,No
https://www.youtube.com/watch?v=M8To7iorkxQ,avatar_clip,13,Wow amazing MOVIE and watching from West Borneo,7-emotion,YouTube-domain adapted RoBERTa,chase1zhang/youtube-emotion-samlowe-roberta-domain-adapted,surprise,joy,joy,0.9776,No
https://www.youtube.com/watch?v=M8To7iorkxQ,avatar_clip,14,"watching from Dublin, but Egyptian ❤❤❤ Amazing movie 🍿🎥",7-emotion,YouTube-domain adapted RoBERTa,chase1zhang/youtube-emotion-samlowe-roberta-domain-adapted,joy,joy,joy,0.9894,Yes
https://www.youtube.com/watch?v=M8To7iorkxQ,avatar_clip,15,Watching from Zambia 🥰,7-emotion,YouTube-domain adapted RoBERTa,chase1zhang/youtube-emotion-samlowe-roberta-domain-adapted,joy,neutral,neutral,0.9829,No
https://www.youtube.com/watch?v=M8To7iorkxQ,avatar_clip,16,From Sri Lanka 🇱🇰🇱🇰❤❤,7-emotion,YouTube-domain adapted RoBERTa,chase1zhang/youtube-emotion-samlowe-roberta-domain-adapted,joy,joy,joy,0.9834,Yes
https://www.youtube.com/watch?v=M8To7iorkxQ,avatar_clip,17,Watching from Ghana ❤🎉,7-emotion,YouTube-domain adapted RoBERTa,chase1zhang/youtube-emotion-samlowe-roberta-domain-adapted,joy,joy,joy,0.9857,Yes
https://www.youtube.com/watch?v=M8To7iorkxQ,avatar_clip,18,I'll never miss an Avatar movie 😊,7-emotion,YouTube-domain adapted RoBERTa,chase1zhang/youtube-emotion-samlowe-roberta-domain-adapted,joy,sadness,sadness,0.9823,No
https://www.youtube.com/watch?v=M8To7iorkxQ,avatar_clip,19,"Watching from my beloved country Philippines 🇵🇭🇵🇭 Since 2012 ,until now this movie is so amazing.. this is my favorite movie ever❤️AVATAR is the best for me❤❤❤❤❤",7-emotion,YouTube-domain adapted RoBERTa,chase1zhang/youtube-emotion-samlowe-roberta-domain-adapted,joy,joy,joy,0.9898,Yes
https://www.youtube.com/watch?v=M8To7iorkxQ,avatar_clip,20,Good morning everyone! It's quite amazing movie. I'm from Uzbekistan,7-emotion,YouTube-domain adapted RoBERTa,chase1zhang/youtube-emotion-samlowe-roberta-domain-adapted,joy,joy,joy,0.9892,Yes
https://www.youtube.com/watch?v=M8To7iorkxQ,avatar_clip,21,Good 👍 😊❤,7-emotion,YouTube-domain adapted RoBERTa,chase1zhang/youtube-emotion-samlowe-roberta-domain-adapted,joy,joy,joy,0.9906,Yes
https://www.youtube.com/watch?v=M8To7iorkxQ,avatar_clip,22,From Swaziland...I'm enjoying this movie 🍿,7-emotion,YouTube-domain adapted RoBERTa,chase1zhang/youtube-emotion-samlowe-roberta-domain-adapted,joy,joy,joy,0.9761,Yes
https://www.youtube.com/watch?v=M8To7iorkxQ,avatar_clip,23,From Assam ❤❤❤,7-emotion,YouTube-domain adapted RoBERTa,chase1zhang/youtube-emotion-samlowe-roberta-domain-adapted,joy,joy,joy,0.9851,Yes
https://www.youtube.com/watch?v=M8To7iorkxQ,avatar_clip,24,"watching from Abu Dhabi, UAE. thank you for sharing this video",7-emotion,YouTube-domain adapted RoBERTa,chase1zhang/youtube-emotion-samlowe-roberta-domain-adapted,joy,joy,joy,0.9761,Yes
https://www.youtube.com/watch?v=M8To7iorkxQ,avatar_clip,25,"The human coming in is like the world leaders,lying to us about everything!",7-emotion,YouTube-domain adapted RoBERTa,chase1zhang/youtube-emotion-samlowe-roberta-domain-adapted,anger,neutral,neutral,0.9666,No
https://www.youtube.com/watch?v=M8To7iorkxQ,avatar_clip,26,Here before Christmas 2025 😅let's go,7-emotion,YouTube-domain adapted RoBERTa,chase1zhang/youtube-emotion-samlowe-roberta-domain-adapted,joy,neutral,neutral,0.9666,No
https://www.youtube.com/watch?v=M8To7iorkxQ,avatar_clip,27,Watchin from Nepal❤🎉,7-emotion,YouTube-domain adapted RoBERTa,chase1zhang/youtube-emotion-samlowe-roberta-domain-adapted,joy,joy,joy,0.9838,Yes
https://www.youtube.com/watch?v=M8To7iorkxQ,avatar_clip,28,"Аватар - был прекрасный фильм,❤а следующие части - это мультфильмы😪А так ждали и хотели продолжения именно фильма😢🥺",7-emotion,YouTube-domain adapted RoBERTa,chase1zhang/youtube-emotion-samlowe-roberta-domain-adapted,sadness,disgust,disgust,0.92,No
https://www.youtube.com/watch?v=M8To7iorkxQ,avatar_clip,29,Wonderful movie watching from south africa ❤😊❤,7-emotion,YouTube-domain adapted RoBERTa,chase1zhang/youtube-emotion-samlowe-roberta-domain-adapted,joy,joy,joy,0.9898,Yes
https://www.youtube.com/watch?v=M8To7iorkxQ,avatar_clip,30,Watching from California nice movie thank you for uploading it ❤😊,7-emotion,YouTube-domain adapted RoBERTa,chase1zhang/youtube-emotion-samlowe-roberta-domain-adapted,joy,joy,joy,0.9883,Yes
https://www.youtube.com/watch?v=M8To7iorkxQ,avatar_clip,31,I'm watching from Viet Nam ❤,7-emotion,YouTube-domain adapted RoBERTa,chase1zhang/youtube-emotion-samlowe-roberta-domain-adapted,joy,joy,joy,0.9849,Yes
https://www.youtube.com/watch?v=M8To7iorkxQ,avatar_clip,32,Uae,7-emotion,YouTube-domain adapted RoBERTa,chase1zhang/youtube-emotion-samlowe-roberta-domain-adapted,neutral,neutral,neutral,0.9845,Yes
https://www.youtube.com/watch?v=M8To7iorkxQ,avatar_clip,33,"The Queen Mother arrived and quickly turned the world upside down, not letting the King Atma die.Myself",7-emotion,YouTube-domain adapted RoBERTa,chase1zhang/youtube-emotion-samlowe-roberta-domain-adapted,neutral,sadness,sadness,0.9872,No
https://www.youtube.com/watch?v=M8To7iorkxQ,avatar_clip,34,From Brasil! Great vídeo!,7-emotion,YouTube-domain adapted RoBERTa,chase1zhang/youtube-emotion-samlowe-roberta-domain-adapted,joy,joy,joy,0.9894,Yes
https://www.youtube.com/watch?v=M8To7iorkxQ,avatar_clip,35,hello friends permision i am from Indonesian i like your video cool 🎉🎉🎉🎉🎉 amazing 🥰🥰🥰🙏🙏🙏✌️,7-emotion,YouTube-domain adapted RoBERTa,chase1zhang/youtube-emotion-samlowe-roberta-domain-adapted,joy,joy,joy,0.9902,Yes
https://www.youtube.com/watch?v=M8To7iorkxQ,avatar_clip,36,"Mantap,,,❤❤❤❤❤",7-emotion,YouTube-domain adapted RoBERTa,chase1zhang/youtube-emotion-samlowe-roberta-domain-adapted,joy,joy,joy,0.9835,Yes
https://www.youtube.com/watch?v=M8To7iorkxQ,avatar_clip,37,From USA 🇱🇷🎉🎉,7-emotion,YouTube-domain adapted RoBERTa,chase1zhang/youtube-emotion-samlowe-roberta-domain-adapted,joy,neutral,neutral,0.9819,No
https://www.youtube.com/watch?v=M8To7iorkxQ,avatar_clip,38,From indonesia❤,7-emotion,YouTube-domain adapted RoBERTa,chase1zhang/youtube-emotion-samlowe-roberta-domain-adapted,joy,joy,joy,0.9758,Yes
https://www.youtube.com/watch?v=M8To7iorkxQ,avatar_clip,39,ok,7-emotion,YouTube-domain adapted RoBERTa,chase1zhang/youtube-emotion-samlowe-roberta-domain-adapted,neutral,neutral,neutral,0.9874,Yes
https://www.youtube.com/watch?v=M8To7iorkxQ,avatar_clip,40,They need a vr version of this 😮,7-emotion,YouTube-domain adapted RoBERTa,chase1zhang/youtube-emotion-samlowe-roberta-domain-adapted,surprise,neutral,neutral,0.9829,No
https://www.youtube.com/watch?v=M8To7iorkxQ,avatar_clip,41,"Pandora always looks so stunning! 💙 If you could visit just one place in the Avatar world, where would it be ?",7-emotion,YouTube-domain adapted RoBERTa,chase1zhang/youtube-emotion-samlowe-roberta-domain-adapted,joy,joy,joy,0.9875,Yes
https://www.youtube.com/watch?v=M8To7iorkxQ,avatar_clip,42,Whatching from Kenya,7-emotion,YouTube-domain adapted RoBERTa,chase1zhang/youtube-emotion-samlowe-roberta-domain-adapted,neutral,neutral,neutral,0.9851,Yes
https://www.youtube.com/watch?v=M8To7iorkxQ,avatar_clip,43,"It's engaging and enjoyable to watch, mainly because the actors' performance is really good.",7-emotion,YouTube-domain adapted RoBERTa,chase1zhang/youtube-emotion-samlowe-roberta-domain-adapted,joy,joy,joy,0.9893,Yes
https://www.youtube.com/watch?v=M8To7iorkxQ,avatar_clip,44,МУЛЬКИК НО ВСЁ ЖЕ ИНТЕРЕСНО.❤❤❤❤❤,7-emotion,YouTube-domain adapted RoBERTa,chase1zhang/youtube-emotion-samlowe-roberta-domain-adapted,joy,joy,joy,0.9828,Yes
https://www.youtube.com/watch?v=M8To7iorkxQ,avatar_clip,45,Watching from India Attendance please,7-emotion,YouTube-domain adapted RoBERTa,chase1zhang/youtube-emotion-samlowe-roberta-domain-adapted,neutral,neutral,neutral,0.9796,Yes
https://www.youtube.com/watch?v=M8To7iorkxQ,avatar_clip,46,You are a superhero! 🎉,7-emotion,YouTube-domain adapted RoBERTa,chase1zhang/youtube-emotion-samlowe-roberta-domain-adapted,joy,joy,joy,0.9759,Yes
https://www.youtube.com/watch?v=M8To7iorkxQ,avatar_clip,47,from Indonesia..🇮🇩❤ (Sragen),7-emotion,YouTube-domain adapted RoBERTa,chase1zhang/youtube-emotion-samlowe-roberta-domain-adapted,joy,joy,joy,0.9827,Yes
https://www.youtube.com/watch?v=M8To7iorkxQ,avatar_clip,48,Watching from Philippines❤,7-emotion,YouTube-domain adapted RoBERTa,chase1zhang/youtube-emotion-samlowe-roberta-domain-adapted,joy,joy,joy,0.9844,Yes
https://www.youtube.com/watch?v=M8To7iorkxQ,avatar_clip,49,Watching from South Africa enjoying the movie ❤,7-emotion,YouTube-domain adapted RoBERTa,chase1zhang/youtube-emotion-samlowe-roberta-domain-adapted,joy,joy,joy,0.9889,Yes
https://www.youtube.com/watch?v=M8To7iorkxQ,avatar_clip,50,Watching from Cameroon🇨🇲,7-emotion,YouTube-domain adapted RoBERTa,chase1zhang/youtube-emotion-samlowe-roberta-domain-adapted,neutral,neutral,neutral,0.9863,Yes
https://www.youtube.com/watch?v=-_-eIVAX1yQ,shooting_news,1,Why was he let out of the psychiatric facility? Moronic authorities,7-emotion,YouTube-domain adapted RoBERTa,chase1zhang/youtube-emotion-samlowe-roberta-domain-adapted,anger,neutral,neutral,0.9358,No
https://www.youtube.com/watch?v=-_-eIVAX1yQ,shooting_news,2,Finally got the treatment he needed.,7-emotion,YouTube-domain adapted RoBERTa,chase1zhang/youtube-emotion-samlowe-roberta-domain-adapted,anger,neutral,neutral,0.9808,No
https://www.youtube.com/watch?v=-_-eIVAX1yQ,shooting_news,3,Those reporters have the survival instincts of a rock,7-emotion,YouTube-domain adapted RoBERTa,chase1zhang/youtube-emotion-samlowe-roberta-domain-adapted,anger,neutral,neutral,0.9772,No
https://www.youtube.com/watch?v=-_-eIVAX1yQ,shooting_news,4,We need to start hiring more competent gunmen.,7-emotion,YouTube-domain adapted RoBERTa,chase1zhang/youtube-emotion-samlowe-roberta-domain-adapted,anger,neutral,neutral,0.9613,No
https://www.youtube.com/watch?v=-_-eIVAX1yQ,shooting_news,5,Freedom of irrelevancespeech..,7-emotion,YouTube-domain adapted RoBERTa,chase1zhang/youtube-emotion-samlowe-roberta-domain-adapted,neutral,neutral,neutral,0.9862,Yes
https://www.youtube.com/watch?v=-_-eIVAX1yQ,shooting_news,6,a revolver? what in tarnation?,7-emotion,YouTube-domain adapted RoBERTa,chase1zhang/youtube-emotion-samlowe-roberta-domain-adapted,surprise,neutral,neutral,0.9848,No
https://www.youtube.com/watch?v=-_-eIVAX1yQ,shooting_news,7,I was thinking how dumb standing near windows would be… but if any room was bullet proofed it would be that.,7-emotion,YouTube-domain adapted RoBERTa,chase1zhang/youtube-emotion-samlowe-roberta-domain-adapted,anger,anger,anger,0.9905,Yes
https://www.youtube.com/watch?v=-_-eIVAX1yQ,shooting_news,8,The reporters has the survival instincts of a Dodo,7-emotion,YouTube-domain adapted RoBERTa,chase1zhang/youtube-emotion-samlowe-roberta-domain-adapted,anger,neutral,neutral,0.9768,No
https://www.youtube.com/watch?v=-_-eIVAX1yQ,shooting_news,9,We have agent 007😂,7-emotion,YouTube-domain adapted RoBERTa,chase1zhang/youtube-emotion-samlowe-roberta-domain-adapted,joy,joy,joy,0.987,Yes
https://www.youtube.com/watch?v=-_-eIVAX1yQ,shooting_news,10,Anything to get the ballroom 😂😂,7-emotion,YouTube-domain adapted RoBERTa,chase1zhang/youtube-emotion-samlowe-roberta-domain-adapted,joy,joy,joy,0.9865,Yes
https://www.youtube.com/watch?v=-_-eIVAX1yQ,shooting_news,11,"Give it three days, he'll be back.🤔💡",7-emotion,YouTube-domain adapted RoBERTa,chase1zhang/youtube-emotion-samlowe-roberta-domain-adapted,fear,joy,joy,0.9667,No
https://www.youtube.com/watch?v=-_-eIVAX1yQ,shooting_news,12,Will the world still believe?,7-emotion,YouTube-domain adapted RoBERTa,chase1zhang/youtube-emotion-samlowe-roberta-domain-adapted,neutral,neutral,neutral,0.9696,Yes
https://www.youtube.com/watch?v=-_-eIVAX1yQ,shooting_news,13,Just another day in USA,7-emotion,YouTube-domain adapted RoBERTa,chase1zhang/youtube-emotion-samlowe-roberta-domain-adapted,anger,neutral,neutral,0.9842,No
https://www.youtube.com/watch?v=-_-eIVAX1yQ,shooting_news,14,Sa manquait ❤❤🎉🎉,7-emotion,YouTube-domain adapted RoBERTa,chase1zhang/youtube-emotion-samlowe-roberta-domain-adapted,joy,joy,joy,0.9862,Yes
https://www.youtube.com/watch?v=-_-eIVAX1yQ,shooting_news,15,The USA is a lost cause.,7-emotion,YouTube-domain adapted RoBERTa,chase1zhang/youtube-emotion-samlowe-roberta-domain-adapted,anger,neutral,neutral,0.9598,No
https://www.youtube.com/watch?v=-_-eIVAX1yQ,shooting_news,16,Jeez what's this 4th attempt. Something odd about it all,7-emotion,YouTube-domain adapted RoBERTa,chase1zhang/youtube-emotion-samlowe-roberta-domain-adapted,surprise,neutral,neutral,0.959,No
https://www.youtube.com/watch?v=-_-eIVAX1yQ,shooting_news,17,Another patriot gone.,7-emotion,YouTube-domain adapted RoBERTa,chase1zhang/youtube-emotion-samlowe-roberta-domain-adapted,sadness,sadness,sadness,0.9924,Yes
https://www.youtube.com/watch?v=-_-eIVAX1yQ,shooting_news,18,So many want him Xd,7-emotion,YouTube-domain adapted RoBERTa,chase1zhang/youtube-emotion-samlowe-roberta-domain-adapted,anger,neutral,neutral,0.9796,No
https://www.youtube.com/watch?v=-_-eIVAX1yQ,shooting_news,19,The shooters family could claim a presidential pardon for him & put a claim in for the slush fund.,7-emotion,YouTube-domain adapted RoBERTa,chase1zhang/youtube-emotion-samlowe-roberta-domain-adapted,anger,neutral,neutral,0.9695,No
https://www.youtube.com/watch?v=-_-eIVAX1yQ,shooting_news,20,The United States is a threat to all of humanity...,7-emotion,YouTube-domain adapted RoBERTa,chase1zhang/youtube-emotion-samlowe-roberta-domain-adapted,fear,fear,fear,0.9727,Yes
https://www.youtube.com/watch?v=-_-eIVAX1yQ,shooting_news,21,The best learing centre graduate yet.,7-emotion,YouTube-domain adapted RoBERTa,chase1zhang/youtube-emotion-samlowe-roberta-domain-adapted,joy,joy,joy,0.9893,Yes
https://www.youtube.com/watch?v=-_-eIVAX1yQ,shooting_news,22,He missed his son's wedding for this! Could they not have arranged for the gunman to turn up another day?,7-emotion,YouTube-domain adapted RoBERTa,chase1zhang/youtube-emotion-samlowe-roberta-domain-adapted,sadness,sadness,sadness,0.9729,Yes
https://www.youtube.com/watch?v=-_-eIVAX1yQ,shooting_news,23,ترامب مغتصب اباطفال مع ابستين داعم الكيان الاسرائيلي قاتل الاطفال هو مجرد دميه بيد النتن,7-emotion,YouTube-domain adapted RoBERTa,chase1zhang/youtube-emotion-samlowe-roberta-domain-adapted,anger,neutral,neutral,0.9568,No
https://www.youtube.com/watch?v=-_-eIVAX1yQ,shooting_news,24,"We need a professional killer, not a psychotic kid.",7-emotion,YouTube-domain adapted RoBERTa,chase1zhang/youtube-emotion-samlowe-roberta-domain-adapted,anger,sadness,sadness,0.9123,No
https://www.youtube.com/watch?v=-_-eIVAX1yQ,shooting_news,25,Gunshots ringing out what is that😂 how did an insane person get access to a revolver?,7-emotion,YouTube-domain adapted RoBERTa,chase1zhang/youtube-emotion-samlowe-roberta-domain-adapted,fear,surprise,surprise,0.9102,No
https://www.youtube.com/watch?v=-_-eIVAX1yQ,shooting_news,26,Amando supremo tribunal federal do Brasil. Donald Trump a sua guela. Alexandro oliveira jornal nacional do Brasil. GCM . Romu fortaleza ceará. Força tática.,7-emotion,YouTube-domain adapted RoBERTa,chase1zhang/youtube-emotion-samlowe-roberta-domain-adapted,anger,neutral,neutral,0.9808,No
https://www.youtube.com/watch?v=-_-eIVAX1yQ,shooting_news,27,Vampire stern family,7-emotion,YouTube-domain adapted RoBERTa,chase1zhang/youtube-emotion-samlowe-roberta-domain-adapted,disgust,neutral,neutral,0.9814,No
https://www.youtube.com/watch?v=-_-eIVAX1yQ,shooting_news,28,😂😂😂😂😂,7-emotion,YouTube-domain adapted RoBERTa,chase1zhang/youtube-emotion-samlowe-roberta-domain-adapted,joy,joy,joy,0.9833,Yes
https://www.youtube.com/watch?v=-_-eIVAX1yQ,shooting_news,29,The real story is Trump lost the war and there is a bounty on his life.,7-emotion,YouTube-domain adapted RoBERTa,chase1zhang/youtube-emotion-samlowe-roberta-domain-adapted,fear,neutral,neutral,0.9554,No
https://www.youtube.com/watch?v=-_-eIVAX1yQ,shooting_news,30,Never has a president been like this lol,7-emotion,YouTube-domain adapted RoBERTa,chase1zhang/youtube-emotion-samlowe-roberta-domain-adapted,joy,neutral,neutral,0.8911,No
https://www.youtube.com/watch?v=-_-eIVAX1yQ,shooting_news,31,"On the plus side, the shootings happen closer to the White House.",7-emotion,YouTube-domain adapted RoBERTa,chase1zhang/youtube-emotion-samlowe-roberta-domain-adapted,fear,fear,fear,0.9692,Yes
https://www.youtube.com/watch?v=-_-eIVAX1yQ,shooting_news,32,No Bias Just Reporting 👍,7-emotion,YouTube-domain adapted RoBERTa,chase1zhang/youtube-emotion-samlowe-roberta-domain-adapted,joy,neutral,neutral,0.9719,No
https://www.youtube.com/watch?v=-_-eIVAX1yQ,shooting_news,33,Distraction from the distraction from the distraction from the distraction from the distraction from the distraction from the distraction. Stay tuned there be a distraction soon from this distraction,7-emotion,YouTube-domain adapted RoBERTa,chase1zhang/youtube-emotion-samlowe-roberta-domain-adapted,neutral,neutral,neutral,0.9573,Yes
https://www.youtube.com/watch?v=-_-eIVAX1yQ,shooting_news,34,You can’t take a great man down trump forever,7-emotion,YouTube-domain adapted RoBERTa,chase1zhang/youtube-emotion-samlowe-roberta-domain-adapted,joy,joy,joy,0.9884,Yes
https://www.youtube.com/watch?v=-_-eIVAX1yQ,shooting_news,35,"Avec TRUMP, le rêve américain est devenu le cauchemar américain !",7-emotion,YouTube-domain adapted RoBERTa,chase1zhang/youtube-emotion-samlowe-roberta-domain-adapted,sadness,neutral,neutral,0.9844,No
https://www.youtube.com/watch?v=-_-eIVAX1yQ,shooting_news,36,Very poor gun man in america,7-emotion,YouTube-domain adapted RoBERTa,chase1zhang/youtube-emotion-samlowe-roberta-domain-adapted,sadness,anger,anger,0.9583,No
https://www.youtube.com/watch?v=-_-eIVAX1yQ,shooting_news,37,Definitely an Ai slop.,7-emotion,YouTube-domain adapted RoBERTa,chase1zhang/youtube-emotion-samlowe-roberta-domain-adapted,disgust,anger,anger,0.9743,No
https://www.youtube.com/watch?v=-_-eIVAX1yQ,shooting_news,38,He was just looking for the snack bar,7-emotion,YouTube-domain adapted RoBERTa,chase1zhang/youtube-emotion-samlowe-roberta-domain-adapted,joy,neutral,neutral,0.976,No
https://www.youtube.com/watch?v=-_-eIVAX1yQ,shooting_news,39,TDS,7-emotion,YouTube-domain adapted RoBERTa,chase1zhang/youtube-emotion-samlowe-roberta-domain-adapted,neutral,neutral,neutral,0.9822,Yes
https://www.youtube.com/watch?v=-_-eIVAX1yQ,shooting_news,40,Bro took Trump’s Christ image very seriously.,7-emotion,YouTube-domain adapted RoBERTa,chase1zhang/youtube-emotion-samlowe-roberta-domain-adapted,anger,neutral,neutral,0.9793,No
https://www.youtube.com/watch?v=-_-eIVAX1yQ,shooting_news,41,My heart goes out to the innocent bystander 😢,7-emotion,YouTube-domain adapted RoBERTa,chase1zhang/youtube-emotion-samlowe-roberta-domain-adapted,sadness,sadness,sadness,0.931,Yes
https://www.youtube.com/watch?v=-_-eIVAX1yQ,shooting_news,42,How does someone who believes they are Jesus Christ have legal ownership of a gun? Or be president of the most powerful nation on earth? The USA never fails to confound.,7-emotion,YouTube-domain adapted RoBERTa,chase1zhang/youtube-emotion-samlowe-roberta-domain-adapted,anger,neutral,neutral,0.9388,No
https://www.youtube.com/watch?v=-_-eIVAX1yQ,shooting_news,43,ITS NOT BREAKING NEWS SINCE HES STILL AROUND....MOST LIKELY TAKING A NAP DURING THE SHOOTING,7-emotion,YouTube-domain adapted RoBERTa,chase1zhang/youtube-emotion-samlowe-roberta-domain-adapted,anger,fear,fear,0.9075,No
https://www.youtube.com/watch?v=-_-eIVAX1yQ,shooting_news,44,Really was this actually to distract from the mess of the Iran War and the economic fallout.,7-emotion,YouTube-domain adapted RoBERTa,chase1zhang/youtube-emotion-samlowe-roberta-domain-adapted,fear,anger,anger,0.9826,No
https://www.youtube.com/watch?v=-_-eIVAX1yQ,shooting_news,45,"If at first you don't succeed, try, try, again. Be careful who you try it with though.",7-emotion,YouTube-domain adapted RoBERTa,chase1zhang/youtube-emotion-samlowe-roberta-domain-adapted,fear,fear,fear,0.9314,Yes
https://www.youtube.com/watch?v=-_-eIVAX1yQ,shooting_news,46,Is very dangerous time in the USA is getting really close 4 Revolution is only matter of time 20 gunman or 200 we'll be doing that🙉 the sort of things been going on since forever😜,7-emotion,YouTube-domain adapted RoBERTa,chase1zhang/youtube-emotion-samlowe-roberta-domain-adapted,fear,fear,fear,0.9927,Yes
https://www.youtube.com/watch?v=-_-eIVAX1yQ,shooting_news,47,WWE,7-emotion,YouTube-domain adapted RoBERTa,chase1zhang/youtube-emotion-samlowe-roberta-domain-adapted,neutral,neutral,neutral,0.9783,Yes
https://www.youtube.com/watch?v=-_-eIVAX1yQ,shooting_news,48,Australian news is unbearable,7-emotion,YouTube-domain adapted RoBERTa,chase1zhang/youtube-emotion-samlowe-roberta-domain-adapted,disgust,anger,anger,0.9601,No
https://www.youtube.com/watch?v=-_-eIVAX1yQ,shooting_news,49,Just another bad in the country,7-emotion,YouTube-domain adapted RoBERTa,chase1zhang/youtube-emotion-samlowe-roberta-domain-adapted,sadness,anger,anger,0.988,No
https://www.youtube.com/watch?v=-_-eIVAX1yQ,shooting_news,50,"Un charlot, ridiculisé par l'iran.",7-emotion,YouTube-domain adapted RoBERTa,chase1zhang/youtube-emotion-samlowe-roberta-domain-adapted,anger,neutral,neutral,0.9812,No
https://www.youtube.com/watch?v=d2dgJGkw5p0,rare_earths,1,Learn more: Why Rare Earths Are China’s Trump Card in Trade War - https://bloom.bg/4nG7F63,7-emotion,YouTube-domain adapted DistilRoBERTa,chase1zhang/youtube-emotion-jhartmann-distilroberta-domain-adapted,neutral,surprise,surprise,0.8931,No
https://www.youtube.com/watch?v=d2dgJGkw5p0,rare_earths,2,Funny how they complain they cannot bully China,7-emotion,YouTube-domain adapted DistilRoBERTa,chase1zhang/youtube-emotion-jhartmann-distilroberta-domain-adapted,anger,neutral,neutral,0.3618,No
https://www.youtube.com/watch?v=d2dgJGkw5p0,rare_earths,3,"Remember the US restricted sale of semiconductors to China, they responded by restricting sale of rare earth materials to the US. In the old days western countries dominated world trade, now that has shifted to Asia. The western powers must accept one thing, you can't dominate the world forever.",7-emotion,YouTube-domain adapted DistilRoBERTa,chase1zhang/youtube-emotion-jhartmann-distilroberta-domain-adapted,anger,neutral,neutral,0.8136,No
https://www.youtube.com/watch?v=d2dgJGkw5p0,rare_earths,4,China is only using rare earth as geopolitical leverage in response to US using its dominance in semiconductor as geopolitical leverage.,7-emotion,YouTube-domain adapted DistilRoBERTa,chase1zhang/youtube-emotion-jhartmann-distilroberta-domain-adapted,neutral,neutral,neutral,0.8904,Yes
https://www.youtube.com/watch?v=d2dgJGkw5p0,rare_earths,5,China never used it as geopolitical leverage until it had to.,7-emotion,YouTube-domain adapted DistilRoBERTa,chase1zhang/youtube-emotion-jhartmann-distilroberta-domain-adapted,neutral,neutral,neutral,0.8846,Yes
https://www.youtube.com/watch?v=d2dgJGkw5p0,rare_earths,6,You can restrict semiconductors and chips to China but China can't hold rare earth material,7-emotion,YouTube-domain adapted DistilRoBERTa,chase1zhang/youtube-emotion-jhartmann-distilroberta-domain-adapted,anger,neutral,neutral,0.9415,No
https://www.youtube.com/watch?v=d2dgJGkw5p0,rare_earths,7,Maybe not using your precious Rare earth on weapons. 😂,7-emotion,YouTube-domain adapted DistilRoBERTa,chase1zhang/youtube-emotion-jhartmann-distilroberta-domain-adapted,anger,joy,joy,0.9605,No
https://www.youtube.com/watch?v=d2dgJGkw5p0,rare_earths,8,"I remember learning in school back around 2000 that we in China had the rare earth deposits but our refining capability was so poor we could only export raw ore to countries like Japan, making a tiny profit in the whole value chain. Now watching this video i feel proud of my country and our people. We don't need to argue with others. Just do our job, improvise everyday and enjoy our lives. We dont need to envy or be afraid of the bullies.",7-emotion,YouTube-domain adapted DistilRoBERTa,chase1zhang/youtube-emotion-jhartmann-distilroberta-domain-adapted,joy,fear,fear,0.8907,No
https://www.youtube.com/watch?v=d2dgJGkw5p0,rare_earths,9,"There is nothing rare about ""rare"" earths. Its the processing plants that are rare.",7-emotion,YouTube-domain adapted DistilRoBERTa,chase1zhang/youtube-emotion-jhartmann-distilroberta-domain-adapted,neutral,disgust,disgust,0.6282,No
https://www.youtube.com/watch?v=d2dgJGkw5p0,rare_earths,10,"US is always the one that starting the trouble, China just reacting. this REM case show that many times US start something without thinking everything. like so many other cases. when you started it, don't blame others for reacting.",7-emotion,YouTube-domain adapted DistilRoBERTa,chase1zhang/youtube-emotion-jhartmann-distilroberta-domain-adapted,anger,anger,anger,0.8983,Yes
https://www.youtube.com/watch?v=d2dgJGkw5p0,rare_earths,11,"BRAZIL is a BRICKS member and US imposed 50% on this country, there's no way the second largest REE country will align with US to solve this crisis.",7-emotion,YouTube-domain adapted DistilRoBERTa,chase1zhang/youtube-emotion-jhartmann-distilroberta-domain-adapted,neutral,anger,anger,0.7471,No
https://www.youtube.com/watch?v=d2dgJGkw5p0,rare_earths,12,"As usual, the narrative is: American hegemony = good Anything else = bad",7-emotion,YouTube-domain adapted DistilRoBERTa,chase1zhang/youtube-emotion-jhartmann-distilroberta-domain-adapted,anger,joy,joy,0.7375,No
https://www.youtube.com/watch?v=d2dgJGkw5p0,rare_earths,13,35000 lawyers 350 mining engineers.,7-emotion,YouTube-domain adapted DistilRoBERTa,chase1zhang/youtube-emotion-jhartmann-distilroberta-domain-adapted,neutral,neutral,neutral,0.6017,Yes
https://www.youtube.com/watch?v=d2dgJGkw5p0,rare_earths,14,"Don't start war with China, then no rare earth problem",7-emotion,YouTube-domain adapted DistilRoBERTa,chase1zhang/youtube-emotion-jhartmann-distilroberta-domain-adapted,neutral,neutral,neutral,0.7619,Yes
https://www.youtube.com/watch?v=d2dgJGkw5p0,rare_earths,15,"Did they forget how they did to Huawei and some other companies back in 2018? And now still blocking China to get latest chips. So this means only US can accuse others and sanction others, others can’t fight back, if you fight back, I will do the strongest condemn logic? Karma is a bitch, isn’t it? 😊",7-emotion,YouTube-domain adapted DistilRoBERTa,chase1zhang/youtube-emotion-jhartmann-distilroberta-domain-adapted,anger,anger,anger,0.9597,Yes
https://www.youtube.com/watch?v=d2dgJGkw5p0,rare_earths,16,"“We want a lot of rocks, I’m gathering rocks to stack them on top of each other”",7-emotion,YouTube-domain adapted DistilRoBERTa,chase1zhang/youtube-emotion-jhartmann-distilroberta-domain-adapted,neutral,neutral,neutral,0.965,Yes
https://www.youtube.com/watch?v=d2dgJGkw5p0,rare_earths,17,They are talking about China like if they are aliens from different planet!!,7-emotion,YouTube-domain adapted DistilRoBERTa,chase1zhang/youtube-emotion-jhartmann-distilroberta-domain-adapted,joy,neutral,neutral,0.811,No
https://www.youtube.com/watch?v=d2dgJGkw5p0,rare_earths,18,Very well done video. Those animations - hats off 👍,7-emotion,YouTube-domain adapted DistilRoBERTa,chase1zhang/youtube-emotion-jhartmann-distilroberta-domain-adapted,joy,joy,joy,0.968,Yes
https://www.youtube.com/watch?v=d2dgJGkw5p0,rare_earths,19,What do you mean running an economy based on economic derivatives leaves you vulnerable to foreign commodity spikes when you don't actually make anything? /s,7-emotion,YouTube-domain adapted DistilRoBERTa,chase1zhang/youtube-emotion-jhartmann-distilroberta-domain-adapted,anger,neutral,neutral,0.522,No
https://www.youtube.com/watch?v=d2dgJGkw5p0,rare_earths,20,that thumbnail is so catchy so you click instantly,7-emotion,YouTube-domain adapted DistilRoBERTa,chase1zhang/youtube-emotion-jhartmann-distilroberta-domain-adapted,neutral,joy,joy,0.7478,No
https://www.youtube.com/watch?v=d2dgJGkw5p0,rare_earths,21,Why is it that I've never heard anyone voice any concerns about relying too much on the US or the EU?,7-emotion,YouTube-domain adapted DistilRoBERTa,chase1zhang/youtube-emotion-jhartmann-distilroberta-domain-adapted,neutral,fear,fear,0.4151,No
https://www.youtube.com/watch?v=d2dgJGkw5p0,rare_earths,22,Can we get a video on shipbuilding on Bloomberg Primer?,7-emotion,YouTube-domain adapted DistilRoBERTa,chase1zhang/youtube-emotion-jhartmann-distilroberta-domain-adapted,neutral,neutral,neutral,0.9702,Yes
https://www.youtube.com/watch?v=d2dgJGkw5p0,rare_earths,23,US: Launches a trade war China: Fights back US: *Surprised Pikachu face*,7-emotion,YouTube-domain adapted DistilRoBERTa,chase1zhang/youtube-emotion-jhartmann-distilroberta-domain-adapted,surprise,surprise,surprise,0.912,Yes
https://www.youtube.com/watch?v=d2dgJGkw5p0,rare_earths,24,Thanks for the information,7-emotion,YouTube-domain adapted DistilRoBERTa,chase1zhang/youtube-emotion-jhartmann-distilroberta-domain-adapted,joy,joy,joy,0.7812,Yes
https://www.youtube.com/watch?v=d2dgJGkw5p0,rare_earths,25,The big problem was the West and US did not do anything about it until they realise too late. China have been buying and processing rare earth for like 20 years. China have long term plans. Now it’s too late for the West to catch up as it takes a decade to develop the processing of rare earths,7-emotion,YouTube-domain adapted DistilRoBERTa,chase1zhang/youtube-emotion-jhartmann-distilroberta-domain-adapted,neutral,neutral,neutral,0.768,Yes
https://www.youtube.com/watch?v=d2dgJGkw5p0,rare_earths,26,It’s hella funny when the bully gets bullied 😂😂,7-emotion,YouTube-domain adapted DistilRoBERTa,chase1zhang/youtube-emotion-jhartmann-distilroberta-domain-adapted,joy,joy,joy,0.9504,Yes
https://www.youtube.com/watch?v=d2dgJGkw5p0,rare_earths,27,"He said ""hold all the chips"" 😂😂😂",7-emotion,YouTube-domain adapted DistilRoBERTa,chase1zhang/youtube-emotion-jhartmann-distilroberta-domain-adapted,joy,joy,joy,0.9614,Yes
https://www.youtube.com/watch?v=d2dgJGkw5p0,rare_earths,28,"Knowledge, skill, industrial muscle, AND security",7-emotion,YouTube-domain adapted DistilRoBERTa,chase1zhang/youtube-emotion-jhartmann-distilroberta-domain-adapted,neutral,neutral,neutral,0.9198,Yes
https://www.youtube.com/watch?v=d2dgJGkw5p0,rare_earths,29,Great video,7-emotion,YouTube-domain adapted DistilRoBERTa,chase1zhang/youtube-emotion-jhartmann-distilroberta-domain-adapted,joy,joy,joy,0.9849,Yes
https://www.youtube.com/watch?v=d2dgJGkw5p0,rare_earths,30,"You guys are intentionally misleading to sound optimistic. In order for the West to get to the capacity that China has today, it would take about 20-30 years. And that assuming China stays still during that time.",7-emotion,YouTube-domain adapted DistilRoBERTa,chase1zhang/youtube-emotion-jhartmann-distilroberta-domain-adapted,disgust,neutral,neutral,0.9118,No
https://www.youtube.com/watch?v=d2dgJGkw5p0,rare_earths,31,Best thumbnail for a bloomberg video I've ever seen. Gg.,7-emotion,YouTube-domain adapted DistilRoBERTa,chase1zhang/youtube-emotion-jhartmann-distilroberta-domain-adapted,joy,joy,joy,0.9789,Yes
https://www.youtube.com/watch?v=d2dgJGkw5p0,rare_earths,32,Straight of Rare Earths.,7-emotion,YouTube-domain adapted DistilRoBERTa,chase1zhang/youtube-emotion-jhartmann-distilroberta-domain-adapted,neutral,neutral,neutral,0.819,Yes
https://www.youtube.com/watch?v=d2dgJGkw5p0,rare_earths,33,That refining technology was in widespread use in IA in the 1950s. Very highly optimized. We just let some Chinese students take it home.,7-emotion,YouTube-domain adapted DistilRoBERTa,chase1zhang/youtube-emotion-jhartmann-distilroberta-domain-adapted,anger,neutral,neutral,0.9191,No
https://www.youtube.com/watch?v=d2dgJGkw5p0,rare_earths,34,"Mate, don't even go to Rare earth!!! We would have to shut all business down if China stops any supplies.",7-emotion,YouTube-domain adapted DistilRoBERTa,chase1zhang/youtube-emotion-jhartmann-distilroberta-domain-adapted,fear,anger,anger,0.6576,No
https://www.youtube.com/watch?v=d2dgJGkw5p0,rare_earths,35,Being a video editor at Bloomberg must be so easy when the topic is about China. All they have to do is pick from a grand total of 10 different stock footage options.,7-emotion,YouTube-domain adapted DistilRoBERTa,chase1zhang/youtube-emotion-jhartmann-distilroberta-domain-adapted,anger,neutral,neutral,0.9009,No
https://www.youtube.com/watch?v=d2dgJGkw5p0,rare_earths,36,09:47 Why would the department of war buying $400 M worth of steaks from a freaking magnet factory lol.,7-emotion,YouTube-domain adapted DistilRoBERTa,chase1zhang/youtube-emotion-jhartmann-distilroberta-domain-adapted,surprise,neutral,neutral,0.4762,No
https://www.youtube.com/watch?v=d2dgJGkw5p0,rare_earths,37,Love from South Africa ❤️🇿🇦🏆,7-emotion,YouTube-domain adapted DistilRoBERTa,chase1zhang/youtube-emotion-jhartmann-distilroberta-domain-adapted,joy,joy,joy,0.9568,Yes
https://www.youtube.com/watch?v=d2dgJGkw5p0,rare_earths,38,10 billion hunt? That's just the first day of the Iran war. America wins wins wins.,7-emotion,YouTube-domain adapted DistilRoBERTa,chase1zhang/youtube-emotion-jhartmann-distilroberta-domain-adapted,anger,neutral,neutral,0.7622,No
https://www.youtube.com/watch?v=d2dgJGkw5p0,rare_earths,39,0:30. Woahhhh Malaysia 😃😃,7-emotion,YouTube-domain adapted DistilRoBERTa,chase1zhang/youtube-emotion-jhartmann-distilroberta-domain-adapted,surprise,joy,joy,0.717,No
https://www.youtube.com/watch?v=d2dgJGkw5p0,rare_earths,40,7:45 this is why there are playing the game so dominataly. They have filled every gap with right strategy. And it worked profoundly.,7-emotion,YouTube-domain adapted DistilRoBERTa,chase1zhang/youtube-emotion-jhartmann-distilroberta-domain-adapted,neutral,neutral,neutral,0.7419,Yes
https://www.youtube.com/watch?v=d2dgJGkw5p0,rare_earths,41,"As the G2, we could literally run the world together. Let's go hand in hand as trustworthy allies rather than confront each other — there's no beef between us. Plus, the world already has enough problems. Others may not have the cards, but we do",7-emotion,YouTube-domain adapted DistilRoBERTa,chase1zhang/youtube-emotion-jhartmann-distilroberta-domain-adapted,joy,anger,anger,0.5657,No
https://www.youtube.com/watch?v=d2dgJGkw5p0,rare_earths,42,"Australia has plenty of rare earth minerals, it's the processing that is the problem.",7-emotion,YouTube-domain adapted DistilRoBERTa,chase1zhang/youtube-emotion-jhartmann-distilroberta-domain-adapted,neutral,neutral,neutral,0.7069,Yes
https://www.youtube.com/watch?v=d2dgJGkw5p0,rare_earths,43,Nectar Gan is so beautiful 🔥 👌,7-emotion,YouTube-domain adapted DistilRoBERTa,chase1zhang/youtube-emotion-jhartmann-distilroberta-domain-adapted,joy,joy,joy,0.9477,Yes
https://www.youtube.com/watch?v=d2dgJGkw5p0,rare_earths,44,brazil is full of rare earths,7-emotion,YouTube-domain adapted DistilRoBERTa,chase1zhang/youtube-emotion-jhartmann-distilroberta-domain-adapted,neutral,neutral,neutral,0.708,Yes
https://www.youtube.com/watch?v=d2dgJGkw5p0,rare_earths,45,Trump: You have rare earths. We have all the oil. Lets trade...,7-emotion,YouTube-domain adapted DistilRoBERTa,chase1zhang/youtube-emotion-jhartmann-distilroberta-domain-adapted,neutral,neutral,neutral,0.8631,Yes
https://www.youtube.com/watch?v=d2dgJGkw5p0,rare_earths,46,Meanwhile China is already looking for the next chokehold.,7-emotion,YouTube-domain adapted DistilRoBERTa,chase1zhang/youtube-emotion-jhartmann-distilroberta-domain-adapted,neutral,neutral,neutral,0.959,Yes
https://www.youtube.com/watch?v=d2dgJGkw5p0,rare_earths,47,"The US has all the rare earth metals we need in California and Texas and in all the coal ash piles we have across the U.S. We simply need to build more of the processing plants to process these rare earths and the understanding that processing rare earths is usually a very polluting endeavor. I have no doubt we can do it in a more environmentally way, but we also need to understand that China's Rare Earth industry is heavily subsidized by China so America's Rare Earths will probably be more expensive. We also have the deals with both Ukraine and Austrailia for Rare Earths as well.",7-emotion,YouTube-domain adapted DistilRoBERTa,chase1zhang/youtube-emotion-jhartmann-distilroberta-domain-adapted,neutral,disgust,disgust,0.4424,No
https://www.youtube.com/watch?v=d2dgJGkw5p0,rare_earths,48,So much ad even before beginning?,7-emotion,YouTube-domain adapted DistilRoBERTa,chase1zhang/youtube-emotion-jhartmann-distilroberta-domain-adapted,anger,neutral,neutral,0.9573,No
https://www.youtube.com/watch?v=d2dgJGkw5p0,rare_earths,49,"Calling 21% a ""quarter"" and not a ""fifth"" of world's supply should be considered journalistic malpractice",7-emotion,YouTube-domain adapted DistilRoBERTa,chase1zhang/youtube-emotion-jhartmann-distilroberta-domain-adapted,disgust,anger,anger,0.7756,No
https://www.youtube.com/watch?v=d2dgJGkw5p0,rare_earths,50,If making weapons of death is all that the USA does with them? BOYCOTT THEM ALL!,7-emotion,YouTube-domain adapted DistilRoBERTa,chase1zhang/youtube-emotion-jhartmann-distilroberta-domain-adapted,fear,sadness,sadness,0.303,No
https://www.youtube.com/watch?v=M8To7iorkxQ,avatar_clip,1,This is the kind of content YouTube needs more of,7-emotion,YouTube-domain adapted DistilRoBERTa,chase1zhang/youtube-emotion-jhartmann-distilroberta-domain-adapted,joy,neutral,neutral,0.9543,No
https://www.youtube.com/watch?v=M8To7iorkxQ,avatar_clip,2,le le,7-emotion,YouTube-domain adapted DistilRoBERTa,chase1zhang/youtube-emotion-jhartmann-distilroberta-domain-adapted,neutral,neutral,neutral,0.7942,Yes
https://www.youtube.com/watch?v=M8To7iorkxQ,avatar_clip,3,🥰From India 🇮🇳 ❤🤗,7-emotion,YouTube-domain adapted DistilRoBERTa,chase1zhang/youtube-emotion-jhartmann-distilroberta-domain-adapted,joy,neutral,neutral,0.5206,No
https://www.youtube.com/watch?v=M8To7iorkxQ,avatar_clip,4,Ecnaha,7-emotion,YouTube-domain adapted DistilRoBERTa,chase1zhang/youtube-emotion-jhartmann-distilroberta-domain-adapted,neutral,neutral,neutral,0.938,Yes
https://www.youtube.com/watch?v=M8To7iorkxQ,avatar_clip,5,"The video is truly captivating, from the dramatic pace to the spectacular visuals, it's impossible to look away 👏🔥. The content is carefully selected, providing a thrilling and exciting experience, making viewers feel like they're living through every moment of the action. In particular, the scene setting and sound design are perfectly coordinated, highlighting the power and ferocity of the monsters 🦍🐊🏙. This is a high-quality clip, both entertaining and something viewers will want to watch again and again. The channel owner has done a great job bringing a cinematic experience right on YouTube, deserving more likes and subscribers 🌟💯. Hopefully, there will be more captivating videos like this in the future, which will surely attract even more viewers ❤🚀",7-emotion,YouTube-domain adapted DistilRoBERTa,chase1zhang/youtube-emotion-jhartmann-distilroberta-domain-adapted,joy,joy,joy,0.9807,Yes
https://www.youtube.com/watch?v=M8To7iorkxQ,avatar_clip,6,kaka gua batu,7-emotion,YouTube-domain adapted DistilRoBERTa,chase1zhang/youtube-emotion-jhartmann-distilroberta-domain-adapted,neutral,neutral,neutral,0.9153,Yes
https://www.youtube.com/watch?v=M8To7iorkxQ,avatar_clip,7,Смотрю из Таджикистана ❤,7-emotion,YouTube-domain adapted DistilRoBERTa,chase1zhang/youtube-emotion-jhartmann-distilroberta-domain-adapted,joy,joy,joy,0.8624,Yes
https://www.youtube.com/watch?v=M8To7iorkxQ,avatar_clip,8,That's amazing really ❤️,7-emotion,YouTube-domain adapted DistilRoBERTa,chase1zhang/youtube-emotion-jhartmann-distilroberta-domain-adapted,joy,joy,joy,0.9845,Yes
https://www.youtube.com/watch?v=M8To7iorkxQ,avatar_clip,9,From Cyprus!❤,7-emotion,YouTube-domain adapted DistilRoBERTa,chase1zhang/youtube-emotion-jhartmann-distilroberta-domain-adapted,joy,joy,joy,0.7639,Yes
https://www.youtube.com/watch?v=M8To7iorkxQ,avatar_clip,10,Watching from Milano Italy ❤thank you for sharing,7-emotion,YouTube-domain adapted DistilRoBERTa,chase1zhang/youtube-emotion-jhartmann-distilroberta-domain-adapted,joy,joy,joy,0.989,Yes
https://www.youtube.com/watch?v=M8To7iorkxQ,avatar_clip,11,Hola I am watching from NIGERIA🎉❤,7-emotion,YouTube-domain adapted DistilRoBERTa,chase1zhang/youtube-emotion-jhartmann-distilroberta-domain-adapted,joy,joy,joy,0.9571,Yes
https://www.youtube.com/watch?v=M8To7iorkxQ,avatar_clip,12,N😊😊!o,7-emotion,YouTube-domain adapted DistilRoBERTa,chase1zhang/youtube-emotion-jhartmann-distilroberta-domain-adapted,joy,joy,joy,0.7349,Yes
https://www.youtube.com/watch?v=M8To7iorkxQ,avatar_clip,13,Wow amazing MOVIE and watching from West Borneo,7-emotion,YouTube-domain adapted DistilRoBERTa,chase1zhang/youtube-emotion-jhartmann-distilroberta-domain-adapted,surprise,surprise,surprise,0.6559,Yes
https://www.youtube.com/watch?v=M8To7iorkxQ,avatar_clip,14,"watching from Dublin, but Egyptian ❤❤❤ Amazing movie 🍿🎥",7-emotion,YouTube-domain adapted DistilRoBERTa,chase1zhang/youtube-emotion-jhartmann-distilroberta-domain-adapted,joy,joy,joy,0.9846,Yes
https://www.youtube.com/watch?v=M8To7iorkxQ,avatar_clip,15,Watching from Zambia 🥰,7-emotion,YouTube-domain adapted DistilRoBERTa,chase1zhang/youtube-emotion-jhartmann-distilroberta-domain-adapted,joy,joy,joy,0.8683,Yes
https://www.youtube.com/watch?v=M8To7iorkxQ,avatar_clip,16,From Sri Lanka 🇱🇰🇱🇰❤❤,7-emotion,YouTube-domain adapted DistilRoBERTa,chase1zhang/youtube-emotion-jhartmann-distilroberta-domain-adapted,joy,joy,joy,0.8716,Yes
https://www.youtube.com/watch?v=M8To7iorkxQ,avatar_clip,17,Watching from Ghana ❤🎉,7-emotion,YouTube-domain adapted DistilRoBERTa,chase1zhang/youtube-emotion-jhartmann-distilroberta-domain-adapted,joy,joy,joy,0.9691,Yes
https://www.youtube.com/watch?v=M8To7iorkxQ,avatar_clip,18,I'll never miss an Avatar movie 😊,7-emotion,YouTube-domain adapted DistilRoBERTa,chase1zhang/youtube-emotion-jhartmann-distilroberta-domain-adapted,joy,sadness,sadness,0.9552,No
https://www.youtube.com/watch?v=M8To7iorkxQ,avatar_clip,19,"Watching from my beloved country Philippines 🇵🇭🇵🇭 Since 2012 ,until now this movie is so amazing.. this is my favorite movie ever❤️AVATAR is the best for me❤❤❤❤❤",7-emotion,YouTube-domain adapted DistilRoBERTa,chase1zhang/youtube-emotion-jhartmann-distilroberta-domain-adapted,joy,joy,joy,0.9887,Yes
https://www.youtube.com/watch?v=M8To7iorkxQ,avatar_clip,20,Good morning everyone! It's quite amazing movie. I'm from Uzbekistan,7-emotion,YouTube-domain adapted DistilRoBERTa,chase1zhang/youtube-emotion-jhartmann-distilroberta-domain-adapted,joy,joy,joy,0.9841,Yes
https://www.youtube.com/watch?v=M8To7iorkxQ,avatar_clip,21,Good 👍 😊❤,7-emotion,YouTube-domain adapted DistilRoBERTa,chase1zhang/youtube-emotion-jhartmann-distilroberta-domain-adapted,joy,joy,joy,0.9724,Yes
https://www.youtube.com/watch?v=M8To7iorkxQ,avatar_clip,22,From Swaziland...I'm enjoying this movie 🍿,7-emotion,YouTube-domain adapted DistilRoBERTa,chase1zhang/youtube-emotion-jhartmann-distilroberta-domain-adapted,joy,joy,joy,0.9821,Yes
https://www.youtube.com/watch?v=M8To7iorkxQ,avatar_clip,23,From Assam ❤❤❤,7-emotion,YouTube-domain adapted DistilRoBERTa,chase1zhang/youtube-emotion-jhartmann-distilroberta-domain-adapted,joy,joy,joy,0.9289,Yes
https://www.youtube.com/watch?v=M8To7iorkxQ,avatar_clip,24,"watching from Abu Dhabi, UAE. thank you for sharing this video",7-emotion,YouTube-domain adapted DistilRoBERTa,chase1zhang/youtube-emotion-jhartmann-distilroberta-domain-adapted,joy,joy,joy,0.9375,Yes
https://www.youtube.com/watch?v=M8To7iorkxQ,avatar_clip,25,"The human coming in is like the world leaders,lying to us about everything!",7-emotion,YouTube-domain adapted DistilRoBERTa,chase1zhang/youtube-emotion-jhartmann-distilroberta-domain-adapted,anger,neutral,neutral,0.8696,No
https://www.youtube.com/watch?v=M8To7iorkxQ,avatar_clip,26,Here before Christmas 2025 😅let's go,7-emotion,YouTube-domain adapted DistilRoBERTa,chase1zhang/youtube-emotion-jhartmann-distilroberta-domain-adapted,joy,neutral,neutral,0.9379,No
https://www.youtube.com/watch?v=M8To7iorkxQ,avatar_clip,27,Watchin from Nepal❤🎉,7-emotion,YouTube-domain adapted DistilRoBERTa,chase1zhang/youtube-emotion-jhartmann-distilroberta-domain-adapted,joy,joy,joy,0.9357,Yes
https://www.youtube.com/watch?v=M8To7iorkxQ,avatar_clip,28,"Аватар - был прекрасный фильм,❤а следующие части - это мультфильмы😪А так ждали и хотели продолжения именно фильма😢🥺",7-emotion,YouTube-domain adapted DistilRoBERTa,chase1zhang/youtube-emotion-jhartmann-distilroberta-domain-adapted,sadness,joy,joy,0.8114,No
https://www.youtube.com/watch?v=M8To7iorkxQ,avatar_clip,29,Wonderful movie watching from south africa ❤😊❤,7-emotion,YouTube-domain adapted DistilRoBERTa,chase1zhang/youtube-emotion-jhartmann-distilroberta-domain-adapted,joy,joy,joy,0.9848,Yes
https://www.youtube.com/watch?v=M8To7iorkxQ,avatar_clip,30,Watching from California nice movie thank you for uploading it ❤😊,7-emotion,YouTube-domain adapted DistilRoBERTa,chase1zhang/youtube-emotion-jhartmann-distilroberta-domain-adapted,joy,joy,joy,0.9852,Yes
https://www.youtube.com/watch?v=M8To7iorkxQ,avatar_clip,31,I'm watching from Viet Nam ❤,7-emotion,YouTube-domain adapted DistilRoBERTa,chase1zhang/youtube-emotion-jhartmann-distilroberta-domain-adapted,joy,joy,joy,0.9568,Yes
https://www.youtube.com/watch?v=M8To7iorkxQ,avatar_clip,32,Uae,7-emotion,YouTube-domain adapted DistilRoBERTa,chase1zhang/youtube-emotion-jhartmann-distilroberta-domain-adapted,neutral,neutral,neutral,0.9157,Yes
https://www.youtube.com/watch?v=M8To7iorkxQ,avatar_clip,33,"The Queen Mother arrived and quickly turned the world upside down, not letting the King Atma die.Myself",7-emotion,YouTube-domain adapted DistilRoBERTa,chase1zhang/youtube-emotion-jhartmann-distilroberta-domain-adapted,neutral,sadness,sadness,0.6757,No
https://www.youtube.com/watch?v=M8To7iorkxQ,avatar_clip,34,From Brasil! Great vídeo!,7-emotion,YouTube-domain adapted DistilRoBERTa,chase1zhang/youtube-emotion-jhartmann-distilroberta-domain-adapted,joy,joy,joy,0.981,Yes
https://www.youtube.com/watch?v=M8To7iorkxQ,avatar_clip,35,hello friends permision i am from Indonesian i like your video cool 🎉🎉🎉🎉🎉 amazing 🥰🥰🥰🙏🙏🙏✌️,7-emotion,YouTube-domain adapted DistilRoBERTa,chase1zhang/youtube-emotion-jhartmann-distilroberta-domain-adapted,joy,joy,joy,0.9739,Yes
https://www.youtube.com/watch?v=M8To7iorkxQ,avatar_clip,36,"Mantap,,,❤❤❤❤❤",7-emotion,YouTube-domain adapted DistilRoBERTa,chase1zhang/youtube-emotion-jhartmann-distilroberta-domain-adapted,joy,joy,joy,0.959,Yes
https://www.youtube.com/watch?v=M8To7iorkxQ,avatar_clip,37,From USA 🇱🇷🎉🎉,7-emotion,YouTube-domain adapted DistilRoBERTa,chase1zhang/youtube-emotion-jhartmann-distilroberta-domain-adapted,joy,neutral,neutral,0.8493,No
https://www.youtube.com/watch?v=M8To7iorkxQ,avatar_clip,38,From indonesia❤,7-emotion,YouTube-domain adapted DistilRoBERTa,chase1zhang/youtube-emotion-jhartmann-distilroberta-domain-adapted,joy,joy,joy,0.6714,Yes
https://www.youtube.com/watch?v=M8To7iorkxQ,avatar_clip,39,ok,7-emotion,YouTube-domain adapted DistilRoBERTa,chase1zhang/youtube-emotion-jhartmann-distilroberta-domain-adapted,neutral,neutral,neutral,0.9289,Yes
https://www.youtube.com/watch?v=M8To7iorkxQ,avatar_clip,40,They need a vr version of this 😮,7-emotion,YouTube-domain adapted DistilRoBERTa,chase1zhang/youtube-emotion-jhartmann-distilroberta-domain-adapted,surprise,joy,joy,0.5606,No
https://www.youtube.com/watch?v=M8To7iorkxQ,avatar_clip,41,"Pandora always looks so stunning! 💙 If you could visit just one place in the Avatar world, where would it be ?",7-emotion,YouTube-domain adapted DistilRoBERTa,chase1zhang/youtube-emotion-jhartmann-distilroberta-domain-adapted,joy,joy,joy,0.8852,Yes
https://www.youtube.com/watch?v=M8To7iorkxQ,avatar_clip,42,Whatching from Kenya,7-emotion,YouTube-domain adapted DistilRoBERTa,chase1zhang/youtube-emotion-jhartmann-distilroberta-domain-adapted,neutral,neutral,neutral,0.9518,Yes
https://www.youtube.com/watch?v=M8To7iorkxQ,avatar_clip,43,"It's engaging and enjoyable to watch, mainly because the actors' performance is really good.",7-emotion,YouTube-domain adapted DistilRoBERTa,chase1zhang/youtube-emotion-jhartmann-distilroberta-domain-adapted,joy,joy,joy,0.9859,Yes
https://www.youtube.com/watch?v=M8To7iorkxQ,avatar_clip,44,МУЛЬКИК НО ВСЁ ЖЕ ИНТЕРЕСНО.❤❤❤❤❤,7-emotion,YouTube-domain adapted DistilRoBERTa,chase1zhang/youtube-emotion-jhartmann-distilroberta-domain-adapted,joy,joy,joy,0.8916,Yes
https://www.youtube.com/watch?v=M8To7iorkxQ,avatar_clip,45,Watching from India Attendance please,7-emotion,YouTube-domain adapted DistilRoBERTa,chase1zhang/youtube-emotion-jhartmann-distilroberta-domain-adapted,neutral,neutral,neutral,0.7862,Yes
https://www.youtube.com/watch?v=M8To7iorkxQ,avatar_clip,46,You are a superhero! 🎉,7-emotion,YouTube-domain adapted DistilRoBERTa,chase1zhang/youtube-emotion-jhartmann-distilroberta-domain-adapted,joy,joy,joy,0.651,Yes
https://www.youtube.com/watch?v=M8To7iorkxQ,avatar_clip,47,from Indonesia..🇮🇩❤ (Sragen),7-emotion,YouTube-domain adapted DistilRoBERTa,chase1zhang/youtube-emotion-jhartmann-distilroberta-domain-adapted,joy,neutral,neutral,0.7323,No
https://www.youtube.com/watch?v=M8To7iorkxQ,avatar_clip,48,Watching from Philippines❤,7-emotion,YouTube-domain adapted DistilRoBERTa,chase1zhang/youtube-emotion-jhartmann-distilroberta-domain-adapted,joy,joy,joy,0.9694,Yes
https://www.youtube.com/watch?v=M8To7iorkxQ,avatar_clip,49,Watching from South Africa enjoying the movie ❤,7-emotion,YouTube-domain adapted DistilRoBERTa,chase1zhang/youtube-emotion-jhartmann-distilroberta-domain-adapted,joy,joy,joy,0.99,Yes
https://www.youtube.com/watch?v=M8To7iorkxQ,avatar_clip,50,Watching from Cameroon🇨🇲,7-emotion,YouTube-domain adapted DistilRoBERTa,chase1zhang/youtube-emotion-jhartmann-distilroberta-domain-adapted,neutral,joy,joy,0.4986,No
https://www.youtube.com/watch?v=-_-eIVAX1yQ,shooting_news,1,Why was he let out of the psychiatric facility? Moronic authorities,7-emotion,YouTube-domain adapted DistilRoBERTa,chase1zhang/youtube-emotion-jhartmann-distilroberta-domain-adapted,anger,neutral,neutral,0.5262,No
https://www.youtube.com/watch?v=-_-eIVAX1yQ,shooting_news,2,Finally got the treatment he needed.,7-emotion,YouTube-domain adapted DistilRoBERTa,chase1zhang/youtube-emotion-jhartmann-distilroberta-domain-adapted,anger,neutral,neutral,0.463,No
https://www.youtube.com/watch?v=-_-eIVAX1yQ,shooting_news,3,Those reporters have the survival instincts of a rock,7-emotion,YouTube-domain adapted DistilRoBERTa,chase1zhang/youtube-emotion-jhartmann-distilroberta-domain-adapted,anger,neutral,neutral,0.9519,No
https://www.youtube.com/watch?v=-_-eIVAX1yQ,shooting_news,4,We need to start hiring more competent gunmen.,7-emotion,YouTube-domain adapted DistilRoBERTa,chase1zhang/youtube-emotion-jhartmann-distilroberta-domain-adapted,anger,neutral,neutral,0.9408,No
https://www.youtube.com/watch?v=-_-eIVAX1yQ,shooting_news,5,Freedom of irrelevancespeech..,7-emotion,YouTube-domain adapted DistilRoBERTa,chase1zhang/youtube-emotion-jhartmann-distilroberta-domain-adapted,neutral,neutral,neutral,0.7827,Yes
https://www.youtube.com/watch?v=-_-eIVAX1yQ,shooting_news,6,a revolver? what in tarnation?,7-emotion,YouTube-domain adapted DistilRoBERTa,chase1zhang/youtube-emotion-jhartmann-distilroberta-domain-adapted,surprise,neutral,neutral,0.6869,No
https://www.youtube.com/watch?v=-_-eIVAX1yQ,shooting_news,7,I was thinking how dumb standing near windows would be… but if any room was bullet proofed it would be that.,7-emotion,YouTube-domain adapted DistilRoBERTa,chase1zhang/youtube-emotion-jhartmann-distilroberta-domain-adapted,anger,anger,anger,0.8564,Yes
https://www.youtube.com/watch?v=-_-eIVAX1yQ,shooting_news,8,The reporters has the survival instincts of a Dodo,7-emotion,YouTube-domain adapted DistilRoBERTa,chase1zhang/youtube-emotion-jhartmann-distilroberta-domain-adapted,anger,neutral,neutral,0.958,No
https://www.youtube.com/watch?v=-_-eIVAX1yQ,shooting_news,9,We have agent 007😂,7-emotion,YouTube-domain adapted DistilRoBERTa,chase1zhang/youtube-emotion-jhartmann-distilroberta-domain-adapted,joy,joy,joy,0.961,Yes
https://www.youtube.com/watch?v=-_-eIVAX1yQ,shooting_news,10,Anything to get the ballroom 😂😂,7-emotion,YouTube-domain adapted DistilRoBERTa,chase1zhang/youtube-emotion-jhartmann-distilroberta-domain-adapted,joy,joy,joy,0.9751,Yes
https://www.youtube.com/watch?v=-_-eIVAX1yQ,shooting_news,11,"Give it three days, he'll be back.🤔💡",7-emotion,YouTube-domain adapted DistilRoBERTa,chase1zhang/youtube-emotion-jhartmann-distilroberta-domain-adapted,fear,neutral,neutral,0.669,No
https://www.youtube.com/watch?v=-_-eIVAX1yQ,shooting_news,12,Will the world still believe?,7-emotion,YouTube-domain adapted DistilRoBERTa,chase1zhang/youtube-emotion-jhartmann-distilroberta-domain-adapted,neutral,neutral,neutral,0.5429,Yes
https://www.youtube.com/watch?v=-_-eIVAX1yQ,shooting_news,13,Just another day in USA,7-emotion,YouTube-domain adapted DistilRoBERTa,chase1zhang/youtube-emotion-jhartmann-distilroberta-domain-adapted,anger,neutral,neutral,0.9536,No
https://www.youtube.com/watch?v=-_-eIVAX1yQ,shooting_news,14,Sa manquait ❤❤🎉🎉,7-emotion,YouTube-domain adapted DistilRoBERTa,chase1zhang/youtube-emotion-jhartmann-distilroberta-domain-adapted,joy,joy,joy,0.947,Yes
https://www.youtube.com/watch?v=-_-eIVAX1yQ,shooting_news,15,The USA is a lost cause.,7-emotion,YouTube-domain adapted DistilRoBERTa,chase1zhang/youtube-emotion-jhartmann-distilroberta-domain-adapted,anger,sadness,sadness,0.5771,No
https://www.youtube.com/watch?v=-_-eIVAX1yQ,shooting_news,16,Jeez what's this 4th attempt. Something odd about it all,7-emotion,YouTube-domain adapted DistilRoBERTa,chase1zhang/youtube-emotion-jhartmann-distilroberta-domain-adapted,surprise,neutral,neutral,0.9576,No
https://www.youtube.com/watch?v=-_-eIVAX1yQ,shooting_news,17,Another patriot gone.,7-emotion,YouTube-domain adapted DistilRoBERTa,chase1zhang/youtube-emotion-jhartmann-distilroberta-domain-adapted,sadness,sadness,sadness,0.5314,Yes
https://www.youtube.com/watch?v=-_-eIVAX1yQ,shooting_news,18,So many want him Xd,7-emotion,YouTube-domain adapted DistilRoBERTa,chase1zhang/youtube-emotion-jhartmann-distilroberta-domain-adapted,anger,neutral,neutral,0.964,No
https://www.youtube.com/watch?v=-_-eIVAX1yQ,shooting_news,19,The shooters family could claim a presidential pardon for him & put a claim in for the slush fund.,7-emotion,YouTube-domain adapted DistilRoBERTa,chase1zhang/youtube-emotion-jhartmann-distilroberta-domain-adapted,anger,neutral,neutral,0.4696,No
https://www.youtube.com/watch?v=-_-eIVAX1yQ,shooting_news,20,The United States is a threat to all of humanity...,7-emotion,YouTube-domain adapted DistilRoBERTa,chase1zhang/youtube-emotion-jhartmann-distilroberta-domain-adapted,fear,fear,fear,0.7178,Yes
https://www.youtube.com/watch?v=-_-eIVAX1yQ,shooting_news,21,The best learing centre graduate yet.,7-emotion,YouTube-domain adapted DistilRoBERTa,chase1zhang/youtube-emotion-jhartmann-distilroberta-domain-adapted,joy,joy,joy,0.9712,Yes
https://www.youtube.com/watch?v=-_-eIVAX1yQ,shooting_news,22,He missed his son's wedding for this! Could they not have arranged for the gunman to turn up another day?,7-emotion,YouTube-domain adapted DistilRoBERTa,chase1zhang/youtube-emotion-jhartmann-distilroberta-domain-adapted,sadness,sadness,sadness,0.4308,Yes
https://www.youtube.com/watch?v=-_-eIVAX1yQ,shooting_news,23,ترامب مغتصب اباطفال مع ابستين داعم الكيان الاسرائيلي قاتل الاطفال هو مجرد دميه بيد النتن,7-emotion,YouTube-domain adapted DistilRoBERTa,chase1zhang/youtube-emotion-jhartmann-distilroberta-domain-adapted,anger,anger,anger,0.2725,Yes
https://www.youtube.com/watch?v=-_-eIVAX1yQ,shooting_news,24,"We need a professional killer, not a psychotic kid.",7-emotion,YouTube-domain adapted DistilRoBERTa,chase1zhang/youtube-emotion-jhartmann-distilroberta-domain-adapted,anger,neutral,neutral,0.8075,No
https://www.youtube.com/watch?v=-_-eIVAX1yQ,shooting_news,25,Gunshots ringing out what is that😂 how did an insane person get access to a revolver?,7-emotion,YouTube-domain adapted DistilRoBERTa,chase1zhang/youtube-emotion-jhartmann-distilroberta-domain-adapted,fear,surprise,surprise,0.9579,No
https://www.youtube.com/watch?v=-_-eIVAX1yQ,shooting_news,26,Amando supremo tribunal federal do Brasil. Donald Trump a sua guela. Alexandro oliveira jornal nacional do Brasil. GCM . Romu fortaleza ceará. Força tática.,7-emotion,YouTube-domain adapted DistilRoBERTa,chase1zhang/youtube-emotion-jhartmann-distilroberta-domain-adapted,anger,neutral,neutral,0.4744,No
https://www.youtube.com/watch?v=-_-eIVAX1yQ,shooting_news,27,Vampire stern family,7-emotion,YouTube-domain adapted DistilRoBERTa,chase1zhang/youtube-emotion-jhartmann-distilroberta-domain-adapted,disgust,neutral,neutral,0.8691,No
https://www.youtube.com/watch?v=-_-eIVAX1yQ,shooting_news,28,😂😂😂😂😂,7-emotion,YouTube-domain adapted DistilRoBERTa,chase1zhang/youtube-emotion-jhartmann-distilroberta-domain-adapted,joy,joy,joy,0.9656,Yes
https://www.youtube.com/watch?v=-_-eIVAX1yQ,shooting_news,29,The real story is Trump lost the war and there is a bounty on his life.,7-emotion,YouTube-domain adapted DistilRoBERTa,chase1zhang/youtube-emotion-jhartmann-distilroberta-domain-adapted,fear,neutral,neutral,0.6131,No
https://www.youtube.com/watch?v=-_-eIVAX1yQ,shooting_news,30,Never has a president been like this lol,7-emotion,YouTube-domain adapted DistilRoBERTa,chase1zhang/youtube-emotion-jhartmann-distilroberta-domain-adapted,joy,neutral,neutral,0.8583,No
https://www.youtube.com/watch?v=-_-eIVAX1yQ,shooting_news,31,"On the plus side, the shootings happen closer to the White House.",7-emotion,YouTube-domain adapted DistilRoBERTa,chase1zhang/youtube-emotion-jhartmann-distilroberta-domain-adapted,fear,fear,fear,0.4409,Yes
https://www.youtube.com/watch?v=-_-eIVAX1yQ,shooting_news,32,No Bias Just Reporting 👍,7-emotion,YouTube-domain adapted DistilRoBERTa,chase1zhang/youtube-emotion-jhartmann-distilroberta-domain-adapted,joy,anger,anger,0.7207,No
https://www.youtube.com/watch?v=-_-eIVAX1yQ,shooting_news,33,Distraction from the distraction from the distraction from the distraction from the distraction from the distraction from the distraction. Stay tuned there be a distraction soon from this distraction,7-emotion,YouTube-domain adapted DistilRoBERTa,chase1zhang/youtube-emotion-jhartmann-distilroberta-domain-adapted,neutral,neutral,neutral,0.3963,Yes
https://www.youtube.com/watch?v=-_-eIVAX1yQ,shooting_news,34,You can’t take a great man down trump forever,7-emotion,YouTube-domain adapted DistilRoBERTa,chase1zhang/youtube-emotion-jhartmann-distilroberta-domain-adapted,joy,joy,joy,0.8367,Yes
https://www.youtube.com/watch?v=-_-eIVAX1yQ,shooting_news,35,"Avec TRUMP, le rêve américain est devenu le cauchemar américain !",7-emotion,YouTube-domain adapted DistilRoBERTa,chase1zhang/youtube-emotion-jhartmann-distilroberta-domain-adapted,sadness,neutral,neutral,0.8318,No
https://www.youtube.com/watch?v=-_-eIVAX1yQ,shooting_news,36,Very poor gun man in america,7-emotion,YouTube-domain adapted DistilRoBERTa,chase1zhang/youtube-emotion-jhartmann-distilroberta-domain-adapted,sadness,anger,anger,0.6561,No
https://www.youtube.com/watch?v=-_-eIVAX1yQ,shooting_news,37,Definitely an Ai slop.,7-emotion,YouTube-domain adapted DistilRoBERTa,chase1zhang/youtube-emotion-jhartmann-distilroberta-domain-adapted,disgust,neutral,neutral,0.8245,No
https://www.youtube.com/watch?v=-_-eIVAX1yQ,shooting_news,38,He was just looking for the snack bar,7-emotion,YouTube-domain adapted DistilRoBERTa,chase1zhang/youtube-emotion-jhartmann-distilroberta-domain-adapted,joy,disgust,disgust,0.8651,No
https://www.youtube.com/watch?v=-_-eIVAX1yQ,shooting_news,39,TDS,7-emotion,YouTube-domain adapted DistilRoBERTa,chase1zhang/youtube-emotion-jhartmann-distilroberta-domain-adapted,neutral,neutral,neutral,0.9572,Yes
https://www.youtube.com/watch?v=-_-eIVAX1yQ,shooting_news,40,Bro took Trump’s Christ image very seriously.,7-emotion,YouTube-domain adapted DistilRoBERTa,chase1zhang/youtube-emotion-jhartmann-distilroberta-domain-adapted,anger,neutral,neutral,0.8746,No
https://www.youtube.com/watch?v=-_-eIVAX1yQ,shooting_news,41,My heart goes out to the innocent bystander 😢,7-emotion,YouTube-domain adapted DistilRoBERTa,chase1zhang/youtube-emotion-jhartmann-distilroberta-domain-adapted,sadness,joy,joy,0.9005,No
https://www.youtube.com/watch?v=-_-eIVAX1yQ,shooting_news,42,How does someone who believes they are Jesus Christ have legal ownership of a gun? Or be president of the most powerful nation on earth? The USA never fails to confound.,7-emotion,YouTube-domain adapted DistilRoBERTa,chase1zhang/youtube-emotion-jhartmann-distilroberta-domain-adapted,anger,neutral,neutral,0.5305,No
https://www.youtube.com/watch?v=-_-eIVAX1yQ,shooting_news,43,ITS NOT BREAKING NEWS SINCE HES STILL AROUND....MOST LIKELY TAKING A NAP DURING THE SHOOTING,7-emotion,YouTube-domain adapted DistilRoBERTa,chase1zhang/youtube-emotion-jhartmann-distilroberta-domain-adapted,anger,disgust,disgust,0.5076,No
https://www.youtube.com/watch?v=-_-eIVAX1yQ,shooting_news,44,Really was this actually to distract from the mess of the Iran War and the economic fallout.,7-emotion,YouTube-domain adapted DistilRoBERTa,chase1zhang/youtube-emotion-jhartmann-distilroberta-domain-adapted,fear,anger,anger,0.6262,No
https://www.youtube.com/watch?v=-_-eIVAX1yQ,shooting_news,45,"If at first you don't succeed, try, try, again. Be careful who you try it with though.",7-emotion,YouTube-domain adapted DistilRoBERTa,chase1zhang/youtube-emotion-jhartmann-distilroberta-domain-adapted,fear,neutral,neutral,0.8061,No
https://www.youtube.com/watch?v=-_-eIVAX1yQ,shooting_news,46,Is very dangerous time in the USA is getting really close 4 Revolution is only matter of time 20 gunman or 200 we'll be doing that🙉 the sort of things been going on since forever😜,7-emotion,YouTube-domain adapted DistilRoBERTa,chase1zhang/youtube-emotion-jhartmann-distilroberta-domain-adapted,fear,fear,fear,0.983,Yes
https://www.youtube.com/watch?v=-_-eIVAX1yQ,shooting_news,47,WWE,7-emotion,YouTube-domain adapted DistilRoBERTa,chase1zhang/youtube-emotion-jhartmann-distilroberta-domain-adapted,neutral,neutral,neutral,0.7194,Yes
https://www.youtube.com/watch?v=-_-eIVAX1yQ,shooting_news,48,Australian news is unbearable,7-emotion,YouTube-domain adapted DistilRoBERTa,chase1zhang/youtube-emotion-jhartmann-distilroberta-domain-adapted,disgust,anger,anger,0.8309,No
https://www.youtube.com/watch?v=-_-eIVAX1yQ,shooting_news,49,Just another bad in the country,7-emotion,YouTube-domain adapted DistilRoBERTa,chase1zhang/youtube-emotion-jhartmann-distilroberta-domain-adapted,sadness,anger,anger,0.9194,No
https://www.youtube.com/watch?v=-_-eIVAX1yQ,shooting_news,50,"Un charlot, ridiculisé par l'iran.",7-emotion,YouTube-domain adapted DistilRoBERTa,chase1zhang/youtube-emotion-jhartmann-distilroberta-domain-adapted,anger,neutral,neutral,0.749,No
https://www.youtube.com/watch?v=d2dgJGkw5p0,rare_earths,1,Learn more: Why Rare Earths Are China’s Trump Card in Trade War - https://bloom.bg/4nG7F63,3-sentiment,supporting sentiment pipeline,cardiffnlp/twitter-roberta-base-sentiment-latest,neutral,neutral,neutral,0.8981,Yes
https://www.youtube.com/watch?v=d2dgJGkw5p0,rare_earths,2,Funny how they complain they cannot bully China,3-sentiment,supporting sentiment pipeline,cardiffnlp/twitter-roberta-base-sentiment-latest,negative,negative,negative,0.5937,Yes
https://www.youtube.com/watch?v=d2dgJGkw5p0,rare_earths,3,"Remember the US restricted sale of semiconductors to China, they responded by restricting sale of rare earth materials to the US. In the old days western countries dominated world trade, now that has shifted to Asia. The western powers must accept one thing, you can't dominate the world forever.",3-sentiment,supporting sentiment pipeline,cardiffnlp/twitter-roberta-base-sentiment-latest,negative,neutral,neutral,0.6248,No
https://www.youtube.com/watch?v=d2dgJGkw5p0,rare_earths,4,China is only using rare earth as geopolitical leverage in response to US using its dominance in semiconductor as geopolitical leverage.,3-sentiment,supporting sentiment pipeline,cardiffnlp/twitter-roberta-base-sentiment-latest,neutral,neutral,neutral,0.7369,Yes
https://www.youtube.com/watch?v=d2dgJGkw5p0,rare_earths,5,China never used it as geopolitical leverage until it had to.,3-sentiment,supporting sentiment pipeline,cardiffnlp/twitter-roberta-base-sentiment-latest,neutral,neutral,neutral,0.6133,Yes
https://www.youtube.com/watch?v=d2dgJGkw5p0,rare_earths,6,You can restrict semiconductors and chips to China but China can't hold rare earth material,3-sentiment,supporting sentiment pipeline,cardiffnlp/twitter-roberta-base-sentiment-latest,negative,neutral,neutral,0.5127,No
https://www.youtube.com/watch?v=d2dgJGkw5p0,rare_earths,7,Maybe not using your precious Rare earth on weapons. 😂,3-sentiment,supporting sentiment pipeline,cardiffnlp/twitter-roberta-base-sentiment-latest,negative,negative,negative,0.5499,Yes
https://www.youtube.com/watch?v=d2dgJGkw5p0,rare_earths,8,"I remember learning in school back around 2000 that we in China had the rare earth deposits but our refining capability was so poor we could only export raw ore to countries like Japan, making a tiny profit in the whole value chain. Now watching this video i feel proud of my country and our people. We don't need to argue with others. Just do our job, improvise everyday and enjoy our lives. We dont need to envy or be afraid of the bullies.",3-sentiment,supporting sentiment pipeline,cardiffnlp/twitter-roberta-base-sentiment-latest,positive,neutral,neutral,0.4598,No
https://www.youtube.com/watch?v=d2dgJGkw5p0,rare_earths,9,"There is nothing rare about ""rare"" earths. Its the processing plants that are rare.",3-sentiment,supporting sentiment pipeline,cardiffnlp/twitter-roberta-base-sentiment-latest,neutral,neutral,neutral,0.617,Yes
https://www.youtube.com/watch?v=d2dgJGkw5p0,rare_earths,10,"US is always the one that starting the trouble, China just reacting. this REM case show that many times US start something without thinking everything. like so many other cases. when you started it, don't blame others for reacting.",3-sentiment,supporting sentiment pipeline,cardiffnlp/twitter-roberta-base-sentiment-latest,negative,negative,negative,0.7491,Yes
https://www.youtube.com/watch?v=d2dgJGkw5p0,rare_earths,11,"BRAZIL is a BRICKS member and US imposed 50% on this country, there's no way the second largest REE country will align with US to solve this crisis.",3-sentiment,supporting sentiment pipeline,cardiffnlp/twitter-roberta-base-sentiment-latest,neutral,negative,negative,0.9263,No
https://www.youtube.com/watch?v=d2dgJGkw5p0,rare_earths,12,"As usual, the narrative is: American hegemony = good Anything else = bad",3-sentiment,supporting sentiment pipeline,cardiffnlp/twitter-roberta-base-sentiment-latest,negative,negative,negative,0.5936,Yes
https://www.youtube.com/watch?v=d2dgJGkw5p0,rare_earths,13,35000 lawyers 350 mining engineers.,3-sentiment,supporting sentiment pipeline,cardiffnlp/twitter-roberta-base-sentiment-latest,neutral,neutral,neutral,0.8526,Yes
https://www.youtube.com/watch?v=d2dgJGkw5p0,rare_earths,14,"Don't start war with China, then no rare earth problem",3-sentiment,supporting sentiment pipeline,cardiffnlp/twitter-roberta-base-sentiment-latest,neutral,negative,negative,0.6254,No
https://www.youtube.com/watch?v=d2dgJGkw5p0,rare_earths,15,"Did they forget how they did to Huawei and some other companies back in 2018? And now still blocking China to get latest chips. So this means only US can accuse others and sanction others, others can’t fight back, if you fight back, I will do the strongest condemn logic? Karma is a bitch, isn’t it? 😊",3-sentiment,supporting sentiment pipeline,cardiffnlp/twitter-roberta-base-sentiment-latest,negative,negative,negative,0.8004,Yes
https://www.youtube.com/watch?v=d2dgJGkw5p0,rare_earths,16,"“We want a lot of rocks, I’m gathering rocks to stack them on top of each other”",3-sentiment,supporting sentiment pipeline,cardiffnlp/twitter-roberta-base-sentiment-latest,neutral,neutral,neutral,0.722,Yes
https://www.youtube.com/watch?v=d2dgJGkw5p0,rare_earths,17,They are talking about China like if they are aliens from different planet!!,3-sentiment,supporting sentiment pipeline,cardiffnlp/twitter-roberta-base-sentiment-latest,positive,negative,negative,0.5983,No
https://www.youtube.com/watch?v=d2dgJGkw5p0,rare_earths,18,Very well done video. Those animations - hats off 👍,3-sentiment,supporting sentiment pipeline,cardiffnlp/twitter-roberta-base-sentiment-latest,positive,positive,positive,0.9779,Yes
https://www.youtube.com/watch?v=d2dgJGkw5p0,rare_earths,19,What do you mean running an economy based on economic derivatives leaves you vulnerable to foreign commodity spikes when you don't actually make anything? /s,3-sentiment,supporting sentiment pipeline,cardiffnlp/twitter-roberta-base-sentiment-latest,negative,negative,negative,0.6454,Yes
https://www.youtube.com/watch?v=d2dgJGkw5p0,rare_earths,20,that thumbnail is so catchy so you click instantly,3-sentiment,supporting sentiment pipeline,cardiffnlp/twitter-roberta-base-sentiment-latest,neutral,positive,positive,0.9731,No
https://www.youtube.com/watch?v=d2dgJGkw5p0,rare_earths,21,Why is it that I've never heard anyone voice any concerns about relying too much on the US or the EU?,3-sentiment,supporting sentiment pipeline,cardiffnlp/twitter-roberta-base-sentiment-latest,neutral,negative,negative,0.5882,No
https://www.youtube.com/watch?v=d2dgJGkw5p0,rare_earths,22,Can we get a video on shipbuilding on Bloomberg Primer?,3-sentiment,supporting sentiment pipeline,cardiffnlp/twitter-roberta-base-sentiment-latest,neutral,neutral,neutral,0.9169,Yes
https://www.youtube.com/watch?v=d2dgJGkw5p0,rare_earths,23,US: Launches a trade war China: Fights back US: *Surprised Pikachu face*,3-sentiment,supporting sentiment pipeline,cardiffnlp/twitter-roberta-base-sentiment-latest,neutral,negative,negative,0.6706,No
https://www.youtube.com/watch?v=d2dgJGkw5p0,rare_earths,24,Thanks for the information,3-sentiment,supporting sentiment pipeline,cardiffnlp/twitter-roberta-base-sentiment-latest,positive,positive,positive,0.7741,Yes
https://www.youtube.com/watch?v=d2dgJGkw5p0,rare_earths,25,The big problem was the West and US did not do anything about it until they realise too late. China have been buying and processing rare earth for like 20 years. China have long term plans. Now it’s too late for the West to catch up as it takes a decade to develop the processing of rare earths,3-sentiment,supporting sentiment pipeline,cardiffnlp/twitter-roberta-base-sentiment-latest,neutral,negative,negative,0.7293,No
https://www.youtube.com/watch?v=d2dgJGkw5p0,rare_earths,26,It’s hella funny when the bully gets bullied 😂😂,3-sentiment,supporting sentiment pipeline,cardiffnlp/twitter-roberta-base-sentiment-latest,positive,neutral,neutral,0.3937,No
https://www.youtube.com/watch?v=d2dgJGkw5p0,rare_earths,27,"He said ""hold all the chips"" 😂😂😂",3-sentiment,supporting sentiment pipeline,cardiffnlp/twitter-roberta-base-sentiment-latest,positive,neutral,neutral,0.7013,No
https://www.youtube.com/watch?v=d2dgJGkw5p0,rare_earths,28,"Knowledge, skill, industrial muscle, AND security",3-sentiment,supporting sentiment pipeline,cardiffnlp/twitter-roberta-base-sentiment-latest,neutral,neutral,neutral,0.6201,Yes
https://www.youtube.com/watch?v=d2dgJGkw5p0,rare_earths,29,Great video,3-sentiment,supporting sentiment pipeline,cardiffnlp/twitter-roberta-base-sentiment-latest,positive,positive,positive,0.9427,Yes
https://www.youtube.com/watch?v=d2dgJGkw5p0,rare_earths,30,"You guys are intentionally misleading to sound optimistic. In order for the West to get to the capacity that China has today, it would take about 20-30 years. And that assuming China stays still during that time.",3-sentiment,supporting sentiment pipeline,cardiffnlp/twitter-roberta-base-sentiment-latest,negative,negative,negative,0.5796,Yes
https://www.youtube.com/watch?v=d2dgJGkw5p0,rare_earths,31,Best thumbnail for a bloomberg video I've ever seen. Gg.,3-sentiment,supporting sentiment pipeline,cardiffnlp/twitter-roberta-base-sentiment-latest,positive,positive,positive,0.9726,Yes
https://www.youtube.com/watch?v=d2dgJGkw5p0,rare_earths,32,Straight of Rare Earths.,3-sentiment,supporting sentiment pipeline,cardiffnlp/twitter-roberta-base-sentiment-latest,neutral,neutral,neutral,0.8856,Yes
https://www.youtube.com/watch?v=d2dgJGkw5p0,rare_earths,33,That refining technology was in widespread use in IA in the 1950s. Very highly optimized. We just let some Chinese students take it home.,3-sentiment,supporting sentiment pipeline,cardiffnlp/twitter-roberta-base-sentiment-latest,negative,neutral,neutral,0.6747,No
https://www.youtube.com/watch?v=d2dgJGkw5p0,rare_earths,34,"Mate, don't even go to Rare earth!!! We would have to shut all business down if China stops any supplies.",3-sentiment,supporting sentiment pipeline,cardiffnlp/twitter-roberta-base-sentiment-latest,negative,negative,negative,0.8689,Yes
https://www.youtube.com/watch?v=d2dgJGkw5p0,rare_earths,35,Being a video editor at Bloomberg must be so easy when the topic is about China. All they have to do is pick from a grand total of 10 different stock footage options.,3-sentiment,supporting sentiment pipeline,cardiffnlp/twitter-roberta-base-sentiment-latest,negative,neutral,neutral,0.5029,No
https://www.youtube.com/watch?v=d2dgJGkw5p0,rare_earths,36,09:47 Why would the department of war buying $400 M worth of steaks from a freaking magnet factory lol.,3-sentiment,supporting sentiment pipeline,cardiffnlp/twitter-roberta-base-sentiment-latest,neutral,negative,negative,0.8774,No
https://www.youtube.com/watch?v=d2dgJGkw5p0,rare_earths,37,Love from South Africa ❤️🇿🇦🏆,3-sentiment,supporting sentiment pipeline,cardiffnlp/twitter-roberta-base-sentiment-latest,positive,positive,positive,0.973,Yes
https://www.youtube.com/watch?v=d2dgJGkw5p0,rare_earths,38,10 billion hunt? That's just the first day of the Iran war. America wins wins wins.,3-sentiment,supporting sentiment pipeline,cardiffnlp/twitter-roberta-base-sentiment-latest,negative,neutral,neutral,0.4819,No
https://www.youtube.com/watch?v=d2dgJGkw5p0,rare_earths,39,0:30. Woahhhh Malaysia 😃😃,3-sentiment,supporting sentiment pipeline,cardiffnlp/twitter-roberta-base-sentiment-latest,neutral,positive,positive,0.9384,No
https://www.youtube.com/watch?v=d2dgJGkw5p0,rare_earths,40,7:45 this is why there are playing the game so dominataly. They have filled every gap with right strategy. And it worked profoundly.,3-sentiment,supporting sentiment pipeline,cardiffnlp/twitter-roberta-base-sentiment-latest,neutral,positive,positive,0.5488,No
https://www.youtube.com/watch?v=d2dgJGkw5p0,rare_earths,41,"As the G2, we could literally run the world together. Let's go hand in hand as trustworthy allies rather than confront each other — there's no beef between us. Plus, the world already has enough problems. Others may not have the cards, but we do",3-sentiment,supporting sentiment pipeline,cardiffnlp/twitter-roberta-base-sentiment-latest,positive,positive,positive,0.5135,Yes
https://www.youtube.com/watch?v=d2dgJGkw5p0,rare_earths,42,"Australia has plenty of rare earth minerals, it's the processing that is the problem.",3-sentiment,supporting sentiment pipeline,cardiffnlp/twitter-roberta-base-sentiment-latest,neutral,neutral,neutral,0.5105,Yes
https://www.youtube.com/watch?v=d2dgJGkw5p0,rare_earths,43,Nectar Gan is so beautiful 🔥 👌,3-sentiment,supporting sentiment pipeline,cardiffnlp/twitter-roberta-base-sentiment-latest,positive,positive,positive,0.9809,Yes
https://www.youtube.com/watch?v=d2dgJGkw5p0,rare_earths,44,brazil is full of rare earths,3-sentiment,supporting sentiment pipeline,cardiffnlp/twitter-roberta-base-sentiment-latest,neutral,neutral,neutral,0.5544,Yes
https://www.youtube.com/watch?v=d2dgJGkw5p0,rare_earths,45,Trump: You have rare earths. We have all the oil. Lets trade...,3-sentiment,supporting sentiment pipeline,cardiffnlp/twitter-roberta-base-sentiment-latest,neutral,neutral,neutral,0.7563,Yes
https://www.youtube.com/watch?v=d2dgJGkw5p0,rare_earths,46,Meanwhile China is already looking for the next chokehold.,3-sentiment,supporting sentiment pipeline,cardiffnlp/twitter-roberta-base-sentiment-latest,neutral,negative,negative,0.7104,No
https://www.youtube.com/watch?v=d2dgJGkw5p0,rare_earths,47,"The US has all the rare earth metals we need in California and Texas and in all the coal ash piles we have across the U.S. We simply need to build more of the processing plants to process these rare earths and the understanding that processing rare earths is usually a very polluting endeavor. I have no doubt we can do it in a more environmentally way, but we also need to understand that China's Rare Earth industry is heavily subsidized by China so America's Rare Earths will probably be more expensive. We also have the deals with both Ukraine and Austrailia for Rare Earths as well.",3-sentiment,supporting sentiment pipeline,cardiffnlp/twitter-roberta-base-sentiment-latest,neutral,neutral,neutral,0.7596,Yes
https://www.youtube.com/watch?v=d2dgJGkw5p0,rare_earths,48,So much ad even before beginning?,3-sentiment,supporting sentiment pipeline,cardiffnlp/twitter-roberta-base-sentiment-latest,negative,neutral,neutral,0.5491,No
https://www.youtube.com/watch?v=d2dgJGkw5p0,rare_earths,49,"Calling 21% a ""quarter"" and not a ""fifth"" of world's supply should be considered journalistic malpractice",3-sentiment,supporting sentiment pipeline,cardiffnlp/twitter-roberta-base-sentiment-latest,negative,negative,negative,0.7544,Yes
https://www.youtube.com/watch?v=d2dgJGkw5p0,rare_earths,50,If making weapons of death is all that the USA does with them? BOYCOTT THEM ALL!,3-sentiment,supporting sentiment pipeline,cardiffnlp/twitter-roberta-base-sentiment-latest,negative,negative,negative,0.932,Yes
https://www.youtube.com/watch?v=M8To7iorkxQ,avatar_clip,1,This is the kind of content YouTube needs more of,3-sentiment,supporting sentiment pipeline,cardiffnlp/twitter-roberta-base-sentiment-latest,positive,positive,positive,0.7204,Yes
https://www.youtube.com/watch?v=M8To7iorkxQ,avatar_clip,2,le le,3-sentiment,supporting sentiment pipeline,cardiffnlp/twitter-roberta-base-sentiment-latest,neutral,neutral,neutral,0.6384,Yes
https://www.youtube.com/watch?v=M8To7iorkxQ,avatar_clip,3,🥰From India 🇮🇳 ❤🤗,3-sentiment,supporting sentiment pipeline,cardiffnlp/twitter-roberta-base-sentiment-latest,positive,positive,positive,0.9835,Yes
https://www.youtube.com/watch?v=M8To7iorkxQ,avatar_clip,4,Ecnaha,3-sentiment,supporting sentiment pipeline,cardiffnlp/twitter-roberta-base-sentiment-latest,neutral,neutral,neutral,0.717,Yes
https://www.youtube.com/watch?v=M8To7iorkxQ,avatar_clip,5,"The video is truly captivating, from the dramatic pace to the spectacular visuals, it's impossible to look away 👏🔥. The content is carefully selected, providing a thrilling and exciting experience, making viewers feel like they're living through every moment of the action. In particular, the scene setting and sound design are perfectly coordinated, highlighting the power and ferocity of the monsters 🦍🐊🏙. This is a high-quality clip, both entertaining and something viewers will want to watch again and again. The channel owner has done a great job bringing a cinematic experience right on YouTube, deserving more likes and subscribers 🌟💯. Hopefully, there will be more captivating videos like this in the future, which will surely attract even more viewers ❤🚀",3-sentiment,supporting sentiment pipeline,cardiffnlp/twitter-roberta-base-sentiment-latest,positive,positive,positive,0.9848,Yes
https://www.youtube.com/watch?v=M8To7iorkxQ,avatar_clip,6,kaka gua batu,3-sentiment,supporting sentiment pipeline,cardiffnlp/twitter-roberta-base-sentiment-latest,neutral,neutral,neutral,0.7644,Yes
https://www.youtube.com/watch?v=M8To7iorkxQ,avatar_clip,7,Смотрю из Таджикистана ❤,3-sentiment,supporting sentiment pipeline,cardiffnlp/twitter-roberta-base-sentiment-latest,positive,neutral,neutral,0.6877,No
https://www.youtube.com/watch?v=M8To7iorkxQ,avatar_clip,8,That's amazing really ❤️,3-sentiment,supporting sentiment pipeline,cardiffnlp/twitter-roberta-base-sentiment-latest,positive,positive,positive,0.9743,Yes
https://www.youtube.com/watch?v=M8To7iorkxQ,avatar_clip,9,From Cyprus!❤,3-sentiment,supporting sentiment pipeline,cardiffnlp/twitter-roberta-base-sentiment-latest,positive,positive,positive,0.954,Yes
https://www.youtube.com/watch?v=M8To7iorkxQ,avatar_clip,10,Watching from Milano Italy ❤thank you for sharing,3-sentiment,supporting sentiment pipeline,cardiffnlp/twitter-roberta-base-sentiment-latest,positive,positive,positive,0.963,Yes
https://www.youtube.com/watch?v=M8To7iorkxQ,avatar_clip,11,Hola I am watching from NIGERIA🎉❤,3-sentiment,supporting sentiment pipeline,cardiffnlp/twitter-roberta-base-sentiment-latest,positive,positive,positive,0.9856,Yes
https://www.youtube.com/watch?v=M8To7iorkxQ,avatar_clip,12,N😊😊!o,3-sentiment,supporting sentiment pipeline,cardiffnlp/twitter-roberta-base-sentiment-latest,positive,positive,positive,0.9573,Yes
https://www.youtube.com/watch?v=M8To7iorkxQ,avatar_clip,13,Wow amazing MOVIE and watching from West Borneo,3-sentiment,supporting sentiment pipeline,cardiffnlp/twitter-roberta-base-sentiment-latest,positive,positive,positive,0.9818,Yes
https://www.youtube.com/watch?v=M8To7iorkxQ,avatar_clip,14,"watching from Dublin, but Egyptian ❤❤❤ Amazing movie 🍿🎥",3-sentiment,supporting sentiment pipeline,cardiffnlp/twitter-roberta-base-sentiment-latest,positive,positive,positive,0.9832,Yes
https://www.youtube.com/watch?v=M8To7iorkxQ,avatar_clip,15,Watching from Zambia 🥰,3-sentiment,supporting sentiment pipeline,cardiffnlp/twitter-roberta-base-sentiment-latest,positive,positive,positive,0.9678,Yes
https://www.youtube.com/watch?v=M8To7iorkxQ,avatar_clip,16,From Sri Lanka 🇱🇰🇱🇰❤❤,3-sentiment,supporting sentiment pipeline,cardiffnlp/twitter-roberta-base-sentiment-latest,positive,positive,positive,0.9157,Yes
https://www.youtube.com/watch?v=M8To7iorkxQ,avatar_clip,17,Watching from Ghana ❤🎉,3-sentiment,supporting sentiment pipeline,cardiffnlp/twitter-roberta-base-sentiment-latest,positive,positive,positive,0.9834,Yes
https://www.youtube.com/watch?v=M8To7iorkxQ,avatar_clip,18,I'll never miss an Avatar movie 😊,3-sentiment,supporting sentiment pipeline,cardiffnlp/twitter-roberta-base-sentiment-latest,positive,positive,positive,0.9824,Yes
https://www.youtube.com/watch?v=M8To7iorkxQ,avatar_clip,19,"Watching from my beloved country Philippines 🇵🇭🇵🇭 Since 2012 ,until now this movie is so amazing.. this is my favorite movie ever❤️AVATAR is the best for me❤❤❤❤❤",3-sentiment,supporting sentiment pipeline,cardiffnlp/twitter-roberta-base-sentiment-latest,positive,positive,positive,0.9905,Yes
https://www.youtube.com/watch?v=M8To7iorkxQ,avatar_clip,20,Good morning everyone! It's quite amazing movie. I'm from Uzbekistan,3-sentiment,supporting sentiment pipeline,cardiffnlp/twitter-roberta-base-sentiment-latest,positive,positive,positive,0.9906,Yes
https://www.youtube.com/watch?v=M8To7iorkxQ,avatar_clip,21,Good 👍 😊❤,3-sentiment,supporting sentiment pipeline,cardiffnlp/twitter-roberta-base-sentiment-latest,positive,positive,positive,0.977,Yes
https://www.youtube.com/watch?v=M8To7iorkxQ,avatar_clip,22,From Swaziland...I'm enjoying this movie 🍿,3-sentiment,supporting sentiment pipeline,cardiffnlp/twitter-roberta-base-sentiment-latest,positive,positive,positive,0.9851,Yes
https://www.youtube.com/watch?v=M8To7iorkxQ,avatar_clip,23,From Assam ❤❤❤,3-sentiment,supporting sentiment pipeline,cardiffnlp/twitter-roberta-base-sentiment-latest,positive,positive,positive,0.9615,Yes
https://www.youtube.com/watch?v=M8To7iorkxQ,avatar_clip,24,"watching from Abu Dhabi, UAE. thank you for sharing this video",3-sentiment,supporting sentiment pipeline,cardiffnlp/twitter-roberta-base-sentiment-latest,positive,positive,positive,0.8876,Yes
https://www.youtube.com/watch?v=M8To7iorkxQ,avatar_clip,25,"The human coming in is like the world leaders,lying to us about everything!",3-sentiment,supporting sentiment pipeline,cardiffnlp/twitter-roberta-base-sentiment-latest,negative,neutral,neutral,0.6112,No
https://www.youtube.com/watch?v=M8To7iorkxQ,avatar_clip,26,Here before Christmas 2025 😅let's go,3-sentiment,supporting sentiment pipeline,cardiffnlp/twitter-roberta-base-sentiment-latest,positive,positive,positive,0.6998,Yes
https://www.youtube.com/watch?v=M8To7iorkxQ,avatar_clip,27,Watchin from Nepal❤🎉,3-sentiment,supporting sentiment pipeline,cardiffnlp/twitter-roberta-base-sentiment-latest,positive,positive,positive,0.9782,Yes
https://www.youtube.com/watch?v=M8To7iorkxQ,avatar_clip,28,"Аватар - был прекрасный фильм,❤а следующие части - это мультфильмы😪А так ждали и хотели продолжения именно фильма😢🥺",3-sentiment,supporting sentiment pipeline,cardiffnlp/twitter-roberta-base-sentiment-latest,negative,neutral,neutral,0.7826,No
https://www.youtube.com/watch?v=M8To7iorkxQ,avatar_clip,29,Wonderful movie watching from south africa ❤😊❤,3-sentiment,supporting sentiment pipeline,cardiffnlp/twitter-roberta-base-sentiment-latest,positive,positive,positive,0.9872,Yes
https://www.youtube.com/watch?v=M8To7iorkxQ,avatar_clip,30,Watching from California nice movie thank you for uploading it ❤😊,3-sentiment,supporting sentiment pipeline,cardiffnlp/twitter-roberta-base-sentiment-latest,positive,positive,positive,0.985,Yes
https://www.youtube.com/watch?v=M8To7iorkxQ,avatar_clip,31,I'm watching from Viet Nam ❤,3-sentiment,supporting sentiment pipeline,cardiffnlp/twitter-roberta-base-sentiment-latest,positive,positive,positive,0.8806,Yes
https://www.youtube.com/watch?v=M8To7iorkxQ,avatar_clip,32,Uae,3-sentiment,supporting sentiment pipeline,cardiffnlp/twitter-roberta-base-sentiment-latest,neutral,neutral,neutral,0.7052,Yes
https://www.youtube.com/watch?v=M8To7iorkxQ,avatar_clip,33,"The Queen Mother arrived and quickly turned the world upside down, not letting the King Atma die.Myself",3-sentiment,supporting sentiment pipeline,cardiffnlp/twitter-roberta-base-sentiment-latest,neutral,neutral,neutral,0.7211,Yes
https://www.youtube.com/watch?v=M8To7iorkxQ,avatar_clip,34,From Brasil! Great vídeo!,3-sentiment,supporting sentiment pipeline,cardiffnlp/twitter-roberta-base-sentiment-latest,positive,positive,positive,0.9861,Yes
https://www.youtube.com/watch?v=M8To7iorkxQ,avatar_clip,35,hello friends permision i am from Indonesian i like your video cool 🎉🎉🎉🎉🎉 amazing 🥰🥰🥰🙏🙏🙏✌️,3-sentiment,supporting sentiment pipeline,cardiffnlp/twitter-roberta-base-sentiment-latest,positive,positive,positive,0.9897,Yes
https://www.youtube.com/watch?v=M8To7iorkxQ,avatar_clip,36,"Mantap,,,❤❤❤❤❤",3-sentiment,supporting sentiment pipeline,cardiffnlp/twitter-roberta-base-sentiment-latest,positive,positive,positive,0.974,Yes
https://www.youtube.com/watch?v=M8To7iorkxQ,avatar_clip,37,From USA 🇱🇷🎉🎉,3-sentiment,supporting sentiment pipeline,cardiffnlp/twitter-roberta-base-sentiment-latest,positive,positive,positive,0.9779,Yes
https://www.youtube.com/watch?v=M8To7iorkxQ,avatar_clip,38,From indonesia❤,3-sentiment,supporting sentiment pipeline,cardiffnlp/twitter-roberta-base-sentiment-latest,positive,positive,positive,0.8967,Yes
https://www.youtube.com/watch?v=M8To7iorkxQ,avatar_clip,39,ok,3-sentiment,supporting sentiment pipeline,cardiffnlp/twitter-roberta-base-sentiment-latest,neutral,neutral,neutral,0.5058,Yes
https://www.youtube.com/watch?v=M8To7iorkxQ,avatar_clip,40,They need a vr version of this 😮,3-sentiment,supporting sentiment pipeline,cardiffnlp/twitter-roberta-base-sentiment-latest,positive,neutral,neutral,0.7019,No
https://www.youtube.com/watch?v=M8To7iorkxQ,avatar_clip,41,"Pandora always looks so stunning! 💙 If you could visit just one place in the Avatar world, where would it be ?",3-sentiment,supporting sentiment pipeline,cardiffnlp/twitter-roberta-base-sentiment-latest,positive,positive,positive,0.9738,Yes
https://www.youtube.com/watch?v=M8To7iorkxQ,avatar_clip,42,Whatching from Kenya,3-sentiment,supporting sentiment pipeline,cardiffnlp/twitter-roberta-base-sentiment-latest,neutral,neutral,neutral,0.858,Yes
https://www.youtube.com/watch?v=M8To7iorkxQ,avatar_clip,43,"It's engaging and enjoyable to watch, mainly because the actors' performance is really good.",3-sentiment,supporting sentiment pipeline,cardiffnlp/twitter-roberta-base-sentiment-latest,positive,positive,positive,0.9865,Yes
https://www.youtube.com/watch?v=M8To7iorkxQ,avatar_clip,44,МУЛЬКИК НО ВСЁ ЖЕ ИНТЕРЕСНО.❤❤❤❤❤,3-sentiment,supporting sentiment pipeline,cardiffnlp/twitter-roberta-base-sentiment-latest,positive,positive,positive,0.5464,Yes
https://www.youtube.com/watch?v=M8To7iorkxQ,avatar_clip,45,Watching from India Attendance please,3-sentiment,supporting sentiment pipeline,cardiffnlp/twitter-roberta-base-sentiment-latest,neutral,neutral,neutral,0.7864,Yes
https://www.youtube.com/watch?v=M8To7iorkxQ,avatar_clip,46,You are a superhero! 🎉,3-sentiment,supporting sentiment pipeline,cardiffnlp/twitter-roberta-base-sentiment-latest,positive,positive,positive,0.9845,Yes
https://www.youtube.com/watch?v=M8To7iorkxQ,avatar_clip,47,from Indonesia..🇮🇩❤ (Sragen),3-sentiment,supporting sentiment pipeline,cardiffnlp/twitter-roberta-base-sentiment-latest,positive,positive,positive,0.8768,Yes
https://www.youtube.com/watch?v=M8To7iorkxQ,avatar_clip,48,Watching from Philippines❤,3-sentiment,supporting sentiment pipeline,cardiffnlp/twitter-roberta-base-sentiment-latest,positive,positive,positive,0.9039,Yes
https://www.youtube.com/watch?v=M8To7iorkxQ,avatar_clip,49,Watching from South Africa enjoying the movie ❤,3-sentiment,supporting sentiment pipeline,cardiffnlp/twitter-roberta-base-sentiment-latest,positive,positive,positive,0.9728,Yes
https://www.youtube.com/watch?v=M8To7iorkxQ,avatar_clip,50,Watching from Cameroon🇨🇲,3-sentiment,supporting sentiment pipeline,cardiffnlp/twitter-roberta-base-sentiment-latest,neutral,neutral,neutral,0.7795,Yes
https://www.youtube.com/watch?v=-_-eIVAX1yQ,shooting_news,1,Why was he let out of the psychiatric facility? Moronic authorities,3-sentiment,supporting sentiment pipeline,cardiffnlp/twitter-roberta-base-sentiment-latest,negative,negative,negative,0.9215,Yes
https://www.youtube.com/watch?v=-_-eIVAX1yQ,shooting_news,2,Finally got the treatment he needed.,3-sentiment,supporting sentiment pipeline,cardiffnlp/twitter-roberta-base-sentiment-latest,negative,positive,positive,0.7344,No
https://www.youtube.com/watch?v=-_-eIVAX1yQ,shooting_news,3,Those reporters have the survival instincts of a rock,3-sentiment,supporting sentiment pipeline,cardiffnlp/twitter-roberta-base-sentiment-latest,negative,negative,negative,0.8518,Yes
https://www.youtube.com/watch?v=-_-eIVAX1yQ,shooting_news,4,We need to start hiring more competent gunmen.,3-sentiment,supporting sentiment pipeline,cardiffnlp/twitter-roberta-base-sentiment-latest,negative,neutral,neutral,0.6942,No
https://www.youtube.com/watch?v=-_-eIVAX1yQ,shooting_news,5,Freedom of irrelevancespeech..,3-sentiment,supporting sentiment pipeline,cardiffnlp/twitter-roberta-base-sentiment-latest,neutral,neutral,neutral,0.7799,Yes
https://www.youtube.com/watch?v=-_-eIVAX1yQ,shooting_news,6,a revolver? what in tarnation?,3-sentiment,supporting sentiment pipeline,cardiffnlp/twitter-roberta-base-sentiment-latest,negative,negative,negative,0.8395,Yes
https://www.youtube.com/watch?v=-_-eIVAX1yQ,shooting_news,7,I was thinking how dumb standing near windows would be… but if any room was bullet proofed it would be that.,3-sentiment,supporting sentiment pipeline,cardiffnlp/twitter-roberta-base-sentiment-latest,negative,negative,negative,0.813,Yes
https://www.youtube.com/watch?v=-_-eIVAX1yQ,shooting_news,8,The reporters has the survival instincts of a Dodo,3-sentiment,supporting sentiment pipeline,cardiffnlp/twitter-roberta-base-sentiment-latest,negative,neutral,neutral,0.4747,No
https://www.youtube.com/watch?v=-_-eIVAX1yQ,shooting_news,9,We have agent 007😂,3-sentiment,supporting sentiment pipeline,cardiffnlp/twitter-roberta-base-sentiment-latest,positive,neutral,neutral,0.801,No
https://www.youtube.com/watch?v=-_-eIVAX1yQ,shooting_news,10,Anything to get the ballroom 😂😂,3-sentiment,supporting sentiment pipeline,cardiffnlp/twitter-roberta-base-sentiment-latest,positive,neutral,neutral,0.5844,No
https://www.youtube.com/watch?v=-_-eIVAX1yQ,shooting_news,11,"Give it three days, he'll be back.🤔💡",3-sentiment,supporting sentiment pipeline,cardiffnlp/twitter-roberta-base-sentiment-latest,negative,neutral,neutral,0.7583,No
https://www.youtube.com/watch?v=-_-eIVAX1yQ,shooting_news,12,Will the world still believe?,3-sentiment,supporting sentiment pipeline,cardiffnlp/twitter-roberta-base-sentiment-latest,neutral,neutral,neutral,0.7644,Yes
https://www.youtube.com/watch?v=-_-eIVAX1yQ,shooting_news,13,Just another day in USA,3-sentiment,supporting sentiment pipeline,cardiffnlp/twitter-roberta-base-sentiment-latest,negative,negative,negative,0.5882,Yes
https://www.youtube.com/watch?v=-_-eIVAX1yQ,shooting_news,14,Sa manquait ❤❤🎉🎉,3-sentiment,supporting sentiment pipeline,cardiffnlp/twitter-roberta-base-sentiment-latest,positive,positive,positive,0.9843,Yes
https://www.youtube.com/watch?v=-_-eIVAX1yQ,shooting_news,15,The USA is a lost cause.,3-sentiment,supporting sentiment pipeline,cardiffnlp/twitter-roberta-base-sentiment-latest,negative,negative,negative,0.9368,Yes
https://www.youtube.com/watch?v=-_-eIVAX1yQ,shooting_news,16,Jeez what's this 4th attempt. Something odd about it all,3-sentiment,supporting sentiment pipeline,cardiffnlp/twitter-roberta-base-sentiment-latest,negative,negative,negative,0.8557,Yes
https://www.youtube.com/watch?v=-_-eIVAX1yQ,shooting_news,17,Another patriot gone.,3-sentiment,supporting sentiment pipeline,cardiffnlp/twitter-roberta-base-sentiment-latest,negative,negative,negative,0.7717,Yes
https://www.youtube.com/watch?v=-_-eIVAX1yQ,shooting_news,18,So many want him Xd,3-sentiment,supporting sentiment pipeline,cardiffnlp/twitter-roberta-base-sentiment-latest,negative,positive,positive,0.7911,No
https://www.youtube.com/watch?v=-_-eIVAX1yQ,shooting_news,19,The shooters family could claim a presidential pardon for him & put a claim in for the slush fund.,3-sentiment,supporting sentiment pipeline,cardiffnlp/twitter-roberta-base-sentiment-latest,negative,neutral,neutral,0.7679,No
https://www.youtube.com/watch?v=-_-eIVAX1yQ,shooting_news,20,The United States is a threat to all of humanity...,3-sentiment,supporting sentiment pipeline,cardiffnlp/twitter-roberta-base-sentiment-latest,negative,negative,negative,0.9181,Yes
https://www.youtube.com/watch?v=-_-eIVAX1yQ,shooting_news,21,The best learing centre graduate yet.,3-sentiment,supporting sentiment pipeline,cardiffnlp/twitter-roberta-base-sentiment-latest,positive,positive,positive,0.972,Yes
https://www.youtube.com/watch?v=-_-eIVAX1yQ,shooting_news,22,He missed his son's wedding for this! Could they not have arranged for the gunman to turn up another day?,3-sentiment,supporting sentiment pipeline,cardiffnlp/twitter-roberta-base-sentiment-latest,negative,negative,negative,0.8884,Yes
https://www.youtube.com/watch?v=-_-eIVAX1yQ,shooting_news,23,ترامب مغتصب اباطفال مع ابستين داعم الكيان الاسرائيلي قاتل الاطفال هو مجرد دميه بيد النتن,3-sentiment,supporting sentiment pipeline,cardiffnlp/twitter-roberta-base-sentiment-latest,negative,neutral,neutral,0.6561,No
https://www.youtube.com/watch?v=-_-eIVAX1yQ,shooting_news,24,"We need a professional killer, not a psychotic kid.",3-sentiment,supporting sentiment pipeline,cardiffnlp/twitter-roberta-base-sentiment-latest,negative,negative,negative,0.8576,Yes
https://www.youtube.com/watch?v=-_-eIVAX1yQ,shooting_news,25,Gunshots ringing out what is that😂 how did an insane person get access to a revolver?,3-sentiment,supporting sentiment pipeline,cardiffnlp/twitter-roberta-base-sentiment-latest,negative,negative,negative,0.8776,Yes
https://www.youtube.com/watch?v=-_-eIVAX1yQ,shooting_news,26,Amando supremo tribunal federal do Brasil. Donald Trump a sua guela. Alexandro oliveira jornal nacional do Brasil. GCM . Romu fortaleza ceará. Força tática.,3-sentiment,supporting sentiment pipeline,cardiffnlp/twitter-roberta-base-sentiment-latest,negative,neutral,neutral,0.849,No
https://www.youtube.com/watch?v=-_-eIVAX1yQ,shooting_news,27,Vampire stern family,3-sentiment,supporting sentiment pipeline,cardiffnlp/twitter-roberta-base-sentiment-latest,negative,neutral,neutral,0.7396,No
https://www.youtube.com/watch?v=-_-eIVAX1yQ,shooting_news,28,😂😂😂😂😂,3-sentiment,supporting sentiment pipeline,cardiffnlp/twitter-roberta-base-sentiment-latest,positive,neutral,neutral,0.5544,No
https://www.youtube.com/watch?v=-_-eIVAX1yQ,shooting_news,29,The real story is Trump lost the war and there is a bounty on his life.,3-sentiment,supporting sentiment pipeline,cardiffnlp/twitter-roberta-base-sentiment-latest,negative,negative,negative,0.8787,Yes
https://www.youtube.com/watch?v=-_-eIVAX1yQ,shooting_news,30,Never has a president been like this lol,3-sentiment,supporting sentiment pipeline,cardiffnlp/twitter-roberta-base-sentiment-latest,positive,negative,negative,0.4424,No
https://www.youtube.com/watch?v=-_-eIVAX1yQ,shooting_news,31,"On the plus side, the shootings happen closer to the White House.",3-sentiment,supporting sentiment pipeline,cardiffnlp/twitter-roberta-base-sentiment-latest,negative,neutral,neutral,0.6985,No
https://www.youtube.com/watch?v=-_-eIVAX1yQ,shooting_news,32,No Bias Just Reporting 👍,3-sentiment,supporting sentiment pipeline,cardiffnlp/twitter-roberta-base-sentiment-latest,positive,positive,positive,0.5045,Yes
https://www.youtube.com/watch?v=-_-eIVAX1yQ,shooting_news,33,Distraction from the distraction from the distraction from the distraction from the distraction from the distraction from the distraction. Stay tuned there be a distraction soon from this distraction,3-sentiment,supporting sentiment pipeline,cardiffnlp/twitter-roberta-base-sentiment-latest,neutral,neutral,neutral,0.6679,Yes
https://www.youtube.com/watch?v=-_-eIVAX1yQ,shooting_news,34,You can’t take a great man down trump forever,3-sentiment,supporting sentiment pipeline,cardiffnlp/twitter-roberta-base-sentiment-latest,positive,negative,negative,0.5669,No
https://www.youtube.com/watch?v=-_-eIVAX1yQ,shooting_news,35,"Avec TRUMP, le rêve américain est devenu le cauchemar américain !",3-sentiment,supporting sentiment pipeline,cardiffnlp/twitter-roberta-base-sentiment-latest,negative,neutral,neutral,0.7189,No
https://www.youtube.com/watch?v=-_-eIVAX1yQ,shooting_news,36,Very poor gun man in america,3-sentiment,supporting sentiment pipeline,cardiffnlp/twitter-roberta-base-sentiment-latest,negative,negative,negative,0.9139,Yes
https://www.youtube.com/watch?v=-_-eIVAX1yQ,shooting_news,37,Definitely an Ai slop.,3-sentiment,supporting sentiment pipeline,cardiffnlp/twitter-roberta-base-sentiment-latest,negative,negative,negative,0.8327,Yes
https://www.youtube.com/watch?v=-_-eIVAX1yQ,shooting_news,38,He was just looking for the snack bar,3-sentiment,supporting sentiment pipeline,cardiffnlp/twitter-roberta-base-sentiment-latest,positive,neutral,neutral,0.8499,No
https://www.youtube.com/watch?v=-_-eIVAX1yQ,shooting_news,39,TDS,3-sentiment,supporting sentiment pipeline,cardiffnlp/twitter-roberta-base-sentiment-latest,neutral,neutral,neutral,0.5266,Yes
https://www.youtube.com/watch?v=-_-eIVAX1yQ,shooting_news,40,Bro took Trump’s Christ image very seriously.,3-sentiment,supporting sentiment pipeline,cardiffnlp/twitter-roberta-base-sentiment-latest,negative,neutral,neutral,0.5701,No
https://www.youtube.com/watch?v=-_-eIVAX1yQ,shooting_news,41,My heart goes out to the innocent bystander 😢,3-sentiment,supporting sentiment pipeline,cardiffnlp/twitter-roberta-base-sentiment-latest,negative,negative,negative,0.8312,Yes
https://www.youtube.com/watch?v=-_-eIVAX1yQ,shooting_news,42,How does someone who believes they are Jesus Christ have legal ownership of a gun? Or be president of the most powerful nation on earth? The USA never fails to confound.,3-sentiment,supporting sentiment pipeline,cardiffnlp/twitter-roberta-base-sentiment-latest,negative,negative,negative,0.7585,Yes
https://www.youtube.com/watch?v=-_-eIVAX1yQ,shooting_news,43,ITS NOT BREAKING NEWS SINCE HES STILL AROUND....MOST LIKELY TAKING A NAP DURING THE SHOOTING,3-sentiment,supporting sentiment pipeline,cardiffnlp/twitter-roberta-base-sentiment-latest,negative,neutral,neutral,0.6803,No
https://www.youtube.com/watch?v=-_-eIVAX1yQ,shooting_news,44,Really was this actually to distract from the mess of the Iran War and the economic fallout.,3-sentiment,supporting sentiment pipeline,cardiffnlp/twitter-roberta-base-sentiment-latest,negative,negative,negative,0.7272,Yes
https://www.youtube.com/watch?v=-_-eIVAX1yQ,shooting_news,45,"If at first you don't succeed, try, try, again. Be careful who you try it with though.",3-sentiment,supporting sentiment pipeline,cardiffnlp/twitter-roberta-base-sentiment-latest,negative,neutral,neutral,0.5616,No
https://www.youtube.com/watch?v=-_-eIVAX1yQ,shooting_news,46,Is very dangerous time in the USA is getting really close 4 Revolution is only matter of time 20 gunman or 200 we'll be doing that🙉 the sort of things been going on since forever😜,3-sentiment,supporting sentiment pipeline,cardiffnlp/twitter-roberta-base-sentiment-latest,negative,negative,negative,0.8223,Yes
https://www.youtube.com/watch?v=-_-eIVAX1yQ,shooting_news,47,WWE,3-sentiment,supporting sentiment pipeline,cardiffnlp/twitter-roberta-base-sentiment-latest,neutral,neutral,neutral,0.6452,Yes
https://www.youtube.com/watch?v=-_-eIVAX1yQ,shooting_news,48,Australian news is unbearable,3-sentiment,supporting sentiment pipeline,cardiffnlp/twitter-roberta-base-sentiment-latest,negative,negative,negative,0.9232,Yes
https://www.youtube.com/watch?v=-_-eIVAX1yQ,shooting_news,49,Just another bad in the country,3-sentiment,supporting sentiment pipeline,cardiffnlp/twitter-roberta-base-sentiment-latest,negative,negative,negative,0.907,Yes
https://www.youtube.com/watch?v=-_-eIVAX1yQ,shooting_news,50,"Un charlot, ridiculisé par l'iran.",3-sentiment,supporting sentiment pipeline,cardiffnlp/twitter-roberta-base-sentiment-latest,negative,neutral,neutral,0.5797,No
