text,label,label_id,sentiment,video_short,video,comment_index,label_notes
"Seeing this campaign as an elder brother stirred up a lot of feelings 💔. I’ve watched my younger sister struggle with the weight of beauty standards—she’s always checking her reflection, worried about looking “perfect” like the people she sees online. Just like the girl in this video, she feels pressured to edit every photo, hiding behind filters to feel like she’s enough. There have been so many times when she gets anxious about stepping out without makeup, convinced she needs it to be “presentable.”",fear,2,negative,beauty_brand_campaign,https://www.youtube.com/watch?v=z2T-Rh838GA,8,fear or safety cue
standing at the side of it while it gonna explode is wild,surprise,6,negative,surprise_product_fail,https://www.youtube.com/watch?v=8H6jz30Im_Y,89,product-failure surprise cue
Next season of Forensic Files is gonna be lit,neutral,4,neutral,sadness_brand_story,https://www.youtube.com/watch?v=YvYGO4o334I,46,no dominant affective cue
"Hope she's fired, this isn't the 1st time, it's her 1st time getting caught, that's why I don't eat fast food",disgust,1,negative,brand_crisis_negative,https://www.youtube.com/watch?v=JVxCp22WatU,77,brand-crisis hygiene or safety concern
"Copy & past in Grok or Gemini. Ask it to consider each point without mainstream science concensus. Some one does not want us to know the truth. Phaeton Protocol: Forensic Summary January 5, 2026 – Matthew Lee Hanson 1. Zero Hour 2.8 AU. Phaeton—5 Earth-mass, water-rich—detonates. 97% mass escapes solar system. 3% becomes asteroid belt. 0.01% captured: Earth, Mars, Saturn. 2. Earth Accretion 10²¹ kg slurry hits in 40 days. Crust expands 55%. Orbit: 360 → 365.24 days. Angular momentum drop = 25 × 10¹⁸ J. 3. Gravity Tax Δg = 0.1 m/s². Megafauna bones snap. Pterosaurs grounded. Lifespan clocks reset—radiation pulse. 4. Cam-Pump Core Eccentric core rotates. Mantle pulses. Mid-ocean ridges unzip. Hawaiian kink: 60° bend in 200 kyr—plate tectonics can’t do that. 5. Chemical Receipts Oil: Helium-3, diamondoids, C¹³ spike—matches meteorites, not fossils. Coal: pure carbon seams, no biology. Salt domes: 98% NaCl—distilled in space, not seas. 6. Global Clock Ten cultures, 360-day year, simultaneous shift. Probability: 1 in 10¹⁷. Not coincidence. 7. Ice Core Spike Platinum, nanodiamonds—Phaeton ejecta—12,900 BP. 8. Manna Butlerov Reaction in high-pressure sky. Organic condensate. Melted at dawn. Logged worldwide: Ambrosia, Amrita, Honey-Dew. 9. The Dip Indian Ocean geoid low? Low-density plume—Phaeton’s foam—still rising. Δg = –G m / r² m ≈ 2.3 × 10²³ kg. Gravity fails where the corpse floats.",neutral,4,neutral,surprise_launch_reaction,https://www.youtube.com/watch?v=4qGw9WH4Xj8,53,"metadata, sponsor, or link-heavy comment"
"who's here because school gave this link to us? good to know....cause, ""I'm on a horse""",joy,3,positive,classic_brand_ad,https://www.youtube.com/watch?v=owGykVbfgUE,90,positive appreciation or humor cue
I hope that man sues the heck out of united airlines,anger,0,negative,anger_brand_crisis,https://www.youtube.com/watch?v=VrDWY6C1178,37,airline brand-crisis criticism
"Dude I had to search this just so I could re-watch it, I honestly thought it was an SNL skit.... This is advertising at its purest form.... I love you guys just for this... Bravo!",joy,3,positive,sadness_brand_story,https://www.youtube.com/watch?v=YvYGO4o334I,14,positive appreciation or humor cue
"It is in the millions, I'm in Texas and mine blocked at 12:06 CST",anger,0,negative,anger_customer_service,https://www.youtube.com/watch?v=MUo3n8QSQLE,85,customer-service outage criticism
The worst part is it's actually one of the managers that are doing it not just a regular employee,anger,0,negative,brand_crisis_negative,https://www.youtube.com/watch?v=JVxCp22WatU,7,brand-crisis criticism
Love meee,joy,3,positive,surprise_launch_reaction,https://www.youtube.com/watch?v=4qGw9WH4Xj8,46,positive appreciation or humor cue
It is now 2025 and I am continuing the legacy of calling this the best commercial of all time.,joy,3,positive,automotive_brand_ad,https://www.youtube.com/watch?v=M7FIvfx5J10,17,positive appreciation or humor cue
"So he wants to learn about France. He meets a cute girl. She says she likes him. Then he wants to impress her. They get into a relation ship. He goes back. Then he wants to know how to manage a long distance relation ship. Instead, he moves to where she lives. They get married, and have a baby.",joy,3,positive,tech_brand_story,https://www.youtube.com/watch?v=nnsSUqgkDwU,86,positive appreciation or humor cue
"That’s the manager also, what the hell is she thinking? Why is she doing that?",neutral,4,neutral,brand_crisis_negative,https://www.youtube.com/watch?v=JVxCp22WatU,41,no dominant affective cue
"Fun fact: For those who haven't tried it and are scared to, Its a mix of vanilla shake and berries, specifically Red raspberry, strawberry and blueberry. Barely escaped with my life after drinking it.",fear,2,negative,fast_food_brand_launch,https://www.youtube.com/watch?v=chYLHu0w8z0,23,fear or safety cue
Back to watch this legendary reveal trailer after watching the ps5 pro reveal. Love the chooper sound when the PS5 digital edition is revealed.,joy,3,positive,gaming_product_launch,https://www.youtube.com/watch?v=RkC0l4iekYo,60,positive appreciation or humor cue
“None of us can go back” That hits different now.,neutral,4,neutral,entertainment_fandom,https://www.youtube.com/watch?v=TcMBFSGVi1c,2,no dominant affective cue
Recommend this 6 years ago..,neutral,4,neutral,entertainment_fandom,https://www.youtube.com/watch?v=TcMBFSGVi1c,52,no dominant affective cue
I come back to this now and again when Im about to book a United Flight.,neutral,4,neutral,anger_brand_crisis,https://www.youtube.com/watch?v=VrDWY6C1178,100,no dominant affective cue
Hope this company flies straight in the trash,anger,0,negative,anger_brand_crisis,https://www.youtube.com/watch?v=VrDWY6C1178,14,negative criticism cue
"I am from India. I was smoking for many many years but somehow managed to quit. Really feeling healthy & happy. Also I can walk faster, breath easier, sleep better etc.",fear,2,negative,fear_health_warning,https://www.youtube.com/watch?v=5zWB4dLYChM,17,health-warning fear cue
"“911, what is your emergency?” “My phone is explo-“",neutral,4,neutral,surprise_product_fail,https://www.youtube.com/watch?v=8H6jz30Im_Y,35,no dominant affective cue
That bit with the sar-chasm is absolutely brilliant,joy,3,positive,movie_trailer_joy,https://www.youtube.com/watch?v=LEjhY15eCx0,50,positive appreciation or humor cue
This.... is a masterpiece,joy,3,positive,fast_food_brand_launch,https://www.youtube.com/watch?v=chYLHu0w8z0,88,positive appreciation or humor cue
"Oh mcdonald's,how I miss you.I am in a country witch doesn't have mcdonald's😢.",sadness,5,negative,fast_food_brand,https://www.youtube.com/watch?v=79phlhutGLg,11,sadness cue
Thank you for not taking much time and making a huge noise out of the Spen Bluetooth,joy,3,positive,tech_review_mixed,https://www.youtube.com/watch?v=XkXbkxtBlwY,54,positive appreciation or humor cue
The one ad people shouldn't skip.,neutral,4,neutral,classic_brand_ad,https://www.youtube.com/watch?v=owGykVbfgUE,96,no dominant affective cue
"I love this ad, so inspiring! @Kaepernick you are an inspiration",joy,3,positive,sports_brand_purpose,https://www.youtube.com/watch?v=jBnseji3tBk,22,positive appreciation or humor cue
Confusing refresh pull 😭,neutral,4,neutral,disgust_food_safety,https://www.youtube.com/watch?v=--OnclX8yac,80,no dominant affective cue
"Sometimes we wish we could go back and change things, but when it comes to the road, its best to never make the mistake in the first place",joy,3,positive,sadness_psa,https://www.youtube.com/watch?v=B2rFTbvwteo,61,positive appreciation or humor cue
"Gosh, I can't believe they pulled this off TV! I'm thirstin' for a shake already! :)",surprise,6,neutral,fast_food_brand_launch,https://www.youtube.com/watch?v=chYLHu0w8z0,46,surprise cue
Here after the switch 2 reveal.,neutral,4,neutral,gaming_product_launch,https://www.youtube.com/watch?v=RkC0l4iekYo,64,no dominant affective cue
"While I'm not as seasoned of a restaurant veteran as others here (reaching my first full year as a waiter), even I can recognize that this wasn't just a lack of caring. It has to take pure hard work and effort to make a kitchen this unclean",disgust,1,negative,disgust_food_safety,https://www.youtube.com/watch?v=--OnclX8yac,57,food-safety disgust cue
this should have at least million views,neutral,4,neutral,brand_campaign_positive,https://www.youtube.com/watch?v=ijTwZNUBhcI,50,no dominant affective cue
"United airlines “We’re not good at beating our competitors, but we sure are good at beating our customers!”",anger,0,negative,anger_brand_crisis,https://www.youtube.com/watch?v=VrDWY6C1178,32,airline brand-crisis criticism
Nationwide.....it's in the millions. Lying isn't helping Verizon 😒.,anger,0,negative,anger_customer_service,https://www.youtube.com/watch?v=MUo3n8QSQLE,2,customer-service outage criticism
Just found out about this ad today (not from the US). Hilarious!,joy,3,positive,sadness_brand_story,https://www.youtube.com/watch?v=YvYGO4o334I,90,positive appreciation or humor cue
#RealBeautyIsUniversal After a long tiring day this really made me inspired. thank you for reminding me the definition of a real beauty,joy,3,positive,beauty_campaign,https://www.youtube.com/watch?v=JNYjRmNCu9o,6,positive appreciation or humor cue
The person or persons who thought up this commercial must of loved Alfred Hitchcock !,joy,3,positive,sadness_brand_story,https://www.youtube.com/watch?v=YvYGO4o334I,75,positive appreciation or humor cue
My wallet: Excecute order 66 My money: It'll be done my lord.,joy,3,positive,gaming_product_launch,https://www.youtube.com/watch?v=RkC0l4iekYo,63,positive appreciation or humor cue
0:11 bro got jumped scared my a finger 💀,fear,2,negative,app_brand_campaign,https://www.youtube.com/watch?v=Ew4kM1FmM8o,65,fear or safety cue
We Need commercials like this to return. Young drivers have forgotten how dangerous driving can be.,fear,2,negative,sadness_psa,https://www.youtube.com/watch?v=B2rFTbvwteo,34,road-safety fear cue
Still not working here in RI,neutral,4,neutral,anger_customer_service,https://www.youtube.com/watch?v=MUo3n8QSQLE,80,no dominant affective cue
"For me, it's the McChicken. The best fast food sandwich. I even ask for extra McChicken sauce packets and the staff is so friendly and more than willing to oblige. One time I asked for McChicken sauce packets and they gave me three. I said, ""Wow, three for free!"" and the nice friendly McDonald's worker laughed and said, ""I'm going to call you 3-for-free!"". Now the staff greets me with ""hey it's 3-for-free!"" and ALWAYS give me three packets. It's such a fun and cool atmosphere at my local McDonald's restaurant, I go there at least 3 times a week for lunch and a large iced coffee with milk instead of cream, 1-2 times for breakfast on the weekend, and maybe once for dinner when I'm in a rush but want a great meal that is affordable, fast, and can match my daily nutritional needs. I even dip my fries in McChicken sauce, it's delicious! What a great restaurant.",joy,3,positive,fast_food_brand,https://www.youtube.com/watch?v=79phlhutGLg,3,positive appreciation or humor cue
The fact that this looks like the same buffet in almost every city freaked me out,disgust,1,negative,disgust_food_safety,https://www.youtube.com/watch?v=--OnclX8yac,19,food-safety disgust cue
NEVER FLYING UNITED AGAIN!!,anger,0,negative,anger_brand_crisis,https://www.youtube.com/watch?v=VrDWY6C1178,71,airline brand-crisis criticism
"So in other words, that place had Sum Ting Wong.",neutral,4,neutral,disgust_food_safety,https://www.youtube.com/watch?v=--OnclX8yac,51,no dominant affective cue
i love how the bottling up emotions metaphor is as literal as it could possibly get,joy,3,positive,movie_trailer_joy,https://www.youtube.com/watch?v=LEjhY15eCx0,3,positive appreciation or humor cue
They need to be shut down immediately🤢🤮,disgust,1,negative,disgust_food_safety,https://www.youtube.com/watch?v=--OnclX8yac,40,food-safety disgust cue
United Airline's new motto 'There's not enough seating?We'll give a passenger or two a beating!',anger,0,negative,anger_brand_crisis,https://www.youtube.com/watch?v=VrDWY6C1178,30,airline brand-crisis criticism
Five years gone by and the PS5 reveal is still amazing.,joy,3,positive,gaming_product_launch,https://www.youtube.com/watch?v=RkC0l4iekYo,12,positive nostalgia or emotional appreciation
It is sad to see what cancer did to Terrie. She was such a beautiful woman,sadness,5,negative,fear_health_warning,https://www.youtube.com/watch?v=5zWB4dLYChM,37,health-warning sadness cue
Holy shit! 🥺 This hit me harder than expected. As a dad of 2 amazing boys........ I immediately lost it when he turned around and looked at his son in the backseat just before the crash. Also doesn’t help that a little over a year ago my brother borrowed my car to take his son out. On their way home they got rear ended by a drunk driver. Police were amazed no one was seriously hurt. Especially because they said she hit them going near 70 miles an hour. The trunk of my car was in the backseat. Thankfully my brother had recently decided his son was old enough and tall enough to sit in the front seat. If he had waited even a little longer......... 😖 I don’t want to think about that. Thankfully they’re ok.,fear,2,negative,sadness_psa,https://www.youtube.com/watch?v=B2rFTbvwteo,41,road-safety fear cue
Who got offended by this??? And by all means I will agree that the commercial is stupid but not controversial,anger,0,negative,disgust_brand_backlash,https://www.youtube.com/watch?v=zFm9FRxi0ZM,88,brand-backlash criticism
"There are SO many more WORSE things that go on in those places. People hate their jobs, their lives and customers pay",anger,0,negative,brand_crisis_negative,https://www.youtube.com/watch?v=JVxCp22WatU,61,brand-crisis criticism
This is too scary 😨 please to everyone out there stop smoking 😟,fear,2,negative,fear_health_warning,https://www.youtube.com/watch?v=5zWB4dLYChM,82,health-warning fear cue
"A masterpiece! old school vibes in modern time, perfect cast, thrilling story,mystery, horror + fun most of all using many old amazing musics & songs in a lots of scenes which made the show even more wonderful.. truly my favourite show ever🖤🤍",joy,3,positive,streaming_trailer_reaction,https://www.youtube.com/watch?v=Di310WS8zLk,67,positive appreciation or humor cue
"I'm holding out high hopes for this one. Love Tim Burton's style and Wednesday is one of my favorite television characters of all time, so Netflix better not mess it up.",joy,3,positive,streaming_trailer_reaction,https://www.youtube.com/watch?v=Di310WS8zLk,17,positive appreciation or humor cue
Just saw the advert thos is a great ad to see and best one this year,joy,3,positive,beauty_brand_campaign,https://www.youtube.com/watch?v=z2T-Rh838GA,97,positive appreciation or humor cue
Me : so how do you get your flight booked enough? United Airlines : the secret ingredient is a beating,anger,0,negative,anger_brand_crisis,https://www.youtube.com/watch?v=VrDWY6C1178,40,airline brand-crisis criticism
Glad it's all presented with french lessons... Cuz they're the only ones I've tried yay,neutral,4,neutral,app_brand_campaign,https://www.youtube.com/watch?v=Ew4kM1FmM8o,89,no dominant affective cue
"Making an AI add with the slogan ""Real Magic"" by the end is CRAZY",surprise,6,neutral,food_beverage_ad,https://www.youtube.com/watch?v=Yy6fByUmPuE,48,surprise cue
“911 what’s your emergency?” “My phone go boom boom”,surprise,6,negative,surprise_product_fail,https://www.youtube.com/watch?v=8H6jz30Im_Y,50,product-failure surprise cue
This is literally every McDonald's. Ive worked there. Ive seen people defile food just because someone ordering had a little attitude.,disgust,1,negative,brand_crisis_negative,https://www.youtube.com/watch?v=JVxCp22WatU,24,brand-crisis hygiene or safety concern
"""911 what's your emergency?"" ""MY PHONE IS ABOUT TO EXPLODE!""",surprise,6,negative,surprise_product_fail,https://www.youtube.com/watch?v=8H6jz30Im_Y,75,product-failure surprise cue
Totally worth watching the last 9:29 minute over and over a few times! 😂,joy,3,positive,tech_product_launch,https://www.youtube.com/watch?v=n6pqGoXWZzo,70,positive appreciation or humor cue
"Grok is really biases & It’s easy to test just grok with negativity of trump 😅, Imagine the power of social manipulation it has 😮",neutral,4,neutral,surprise_launch_reaction,https://www.youtube.com/watch?v=4qGw9WH4Xj8,71,no dominant affective cue
The filters and lighting fit perfectly with the mood of the trailer and they captured her personality perfectly. I'm looking forward to this series.,joy,3,positive,streaming_trailer_reaction,https://www.youtube.com/watch?v=Di310WS8zLk,72,positive appreciation or humor cue
"Right, I just finished watching this today. This was the best series I've ever watched in my life. I give it 200/10. This is a must watch show. You will not skip a single second or get bored in any of the episode. Except for the fact that I was a bit disappointed in ep 6 (was to do with the plot) everything else was amazing. Recommended 😊👍✨",joy,3,positive,streaming_trailer_reaction,https://www.youtube.com/watch?v=Di310WS8zLk,60,positive appreciation or humor cue
I want to make World Famous Fries.,neutral,4,neutral,fast_food_brand,https://www.youtube.com/watch?v=79phlhutGLg,16,no dominant affective cue
Crazy how this is now 7 years old..,sadness,5,negative,entertainment_fandom,https://www.youtube.com/watch?v=TcMBFSGVi1c,1,sadness cue
Kapernic started a whole line of shit we are still dealing with today.,anger,0,negative,sports_brand_purpose,https://www.youtube.com/watch?v=jBnseji3tBk,77,negative criticism cue
This commercial was one of the most beautiful commercials I have ever seen.,joy,3,positive,tech_brand_story,https://www.youtube.com/watch?v=nnsSUqgkDwU,13,positive appreciation or humor cue
for all those who have this I hope that those recover :( really sorry😢😢😢😞😞😞,neutral,4,neutral,fear_health_warning,https://www.youtube.com/watch?v=5zWB4dLYChM,70,no dominant affective cue
"""IM BOUTTA BLO-"" *EXPLODES violently*",surprise,6,negative,surprise_product_fail,https://www.youtube.com/watch?v=8H6jz30Im_Y,45,product-failure surprise cue
"If that doesn't put people off from smoking, I don't know what will.",fear,2,negative,fear_health_warning,https://www.youtube.com/watch?v=5zWB4dLYChM,57,health-warning fear cue
DISGUSTING! McDonald’s should be sued to high heaven to allow this right over food!,disgust,1,negative,brand_crisis_negative,https://www.youtube.com/watch?v=JVxCp22WatU,37,brand-crisis hygiene or safety concern
"No matter what happened there, you cant use violence on a man with no arms, especially he is your customer! He paid and got this shit? This is too absurd!",anger,0,negative,anger_brand_crisis,https://www.youtube.com/watch?v=VrDWY6C1178,85,negative criticism cue
Bro Pixar really did A good job on this movie! 😁,joy,3,positive,movie_trailer_joy,https://www.youtube.com/watch?v=LEjhY15eCx0,52,positive appreciation or humor cue
"This is so dystopian. A massive corporation making an ai commercial to sell their sugar water, generating wild animals being excited while real ecosystems dwindle due to the water usage and real artists are stripped of their dignity",surprise,6,neutral,food_beverage_ad,https://www.youtube.com/watch?v=Yy6fByUmPuE,5,surprise cue
"""Well, that was a preview of the next ten years."" Was so real",neutral,4,neutral,movie_trailer_joy,https://www.youtube.com/watch?v=LEjhY15eCx0,61,no dominant affective cue
Anna is my friend from school!!!,neutral,4,neutral,sadness_brand_story,https://www.youtube.com/watch?v=YvYGO4o334I,40,no dominant affective cue
"One of the best safety video for no texting while driving was a series of clips from street CCTV, showing people on their phone while walking and then either tripping on the pavement or hitting random things on the street ( a light pole, a parked car, someone else). The video then showed the message ""You cannot text while walking"" then you had a black screen with the sound of car brake and a crash followed by the message ""What makes you think you can when driving?""",fear,2,negative,fear_public_safety,https://www.youtube.com/watch?v=O8MQV40pOtk,11,road-safety fear cue
"In my many years as an airlines station manager at 43 different airports around the world, I had to deal with overbooked flights many times when not enough passengers were giving up their seat voluntarily. I NEVER had to resort to anything like this and cannot even imagine making such a decision, causing such a circus and putting my employer in this situation. I was ALWAYS, and I mean ALWAYS, successful in finding the right passenger(s) discreetly and without ""drama"" to relinquish their seat for an agreeable compensation, usually within 10 minutes and without anyone else in the cabin being aware of the situation, but I worked for airlines that trained their people very well and had very high standards. There is absolutely no excuse for this.",anger,0,negative,anger_brand_crisis,https://www.youtube.com/watch?v=VrDWY6C1178,26,airline brand-crisis criticism
He came as a doctor and left as a patient 😓😫,anger,0,negative,anger_brand_crisis,https://www.youtube.com/watch?v=VrDWY6C1178,15,airline brand-crisis criticism
"""Sadly, he isn't me."" LOL",sadness,5,negative,classic_brand_ad,https://www.youtube.com/watch?v=owGykVbfgUE,34,sadness cue
I love how Anxiety’s bags can be interpreted literally as “Emotional Baggage”.,joy,3,positive,movie_trailer_joy,https://www.youtube.com/watch?v=LEjhY15eCx0,16,movie character reference with positive trailer context
I feel I've been waiting for years for this ad campaign to end because I hate the Bada-da-da-dumb at the end so much.,anger,0,negative,fast_food_brand,https://www.youtube.com/watch?v=79phlhutGLg,38,negative criticism cue
Rap cowbell warriors at 150% speed I’m begging you plss,neutral,4,neutral,fast_food_brand,https://www.youtube.com/watch?v=79phlhutGLg,32,no dominant affective cue
Even the Note 7 itself knew it was a weapon 💀,neutral,4,neutral,surprise_product_fail,https://www.youtube.com/watch?v=8H6jz30Im_Y,83,no dominant affective cue
For those who don’t know: this place finally closed in 2020 (before COVID) and became a doctor’s office.,neutral,4,neutral,disgust_food_safety,https://www.youtube.com/watch?v=--OnclX8yac,23,no dominant affective cue
"What on earth!!! I do not think I have ever been so outraged in my life, this is awful! What a disgusting, vile, inhuman way to handle this. I think this could literally be punishable extremely seriously for those who handled it.",disgust,1,negative,anger_brand_crisis,https://www.youtube.com/watch?v=VrDWY6C1178,67,brand-crisis disgust cue
"what is this?? why would you even allow over booking to be a thing, united airlines? the fact that you not only removed a passenger that paid for his seat got BEATEN UP? He was bleeding and looks as if he passed out. god this is scary.",anger,0,negative,anger_brand_crisis,https://www.youtube.com/watch?v=VrDWY6C1178,86,airline brand-crisis criticism
This one actually made me shiver the fear and panic felt shockingly real,fear,2,negative,fast_food_brand_launch,https://www.youtube.com/watch?v=chYLHu0w8z0,11,fear or safety cue
real magic is when you hire an actual artist with a soul,neutral,4,neutral,food_beverage_ad,https://www.youtube.com/watch?v=Yy6fByUmPuE,18,no dominant affective cue
"""Police:What's your emergency? "" ""Me:My note 7 is overheating""",surprise,6,negative,surprise_product_fail,https://www.youtube.com/watch?v=8H6jz30Im_Y,81,product-failure surprise cue
This is the most disturbing and most terrifying advertisement I had ever seen in my life. That is why it is very important to drive safely plus slowly in order to prevent car accidents which could lead to injuries and death.,sadness,5,negative,sadness_psa,https://www.youtube.com/watch?v=B2rFTbvwteo,12,road-safety sadness cue
"I truly despise people looking at their phones while driving. I hate it so much, that I posted a video of my own. youfa episode 38. Please watch. This message needs to be louder and stronger. The calm, mild approach isn't working. Thank you for posting this video.",joy,3,positive,fear_public_safety,https://www.youtube.com/watch?v=O8MQV40pOtk,100,positive appreciation or humor cue
calling 911 will only make it worse since it will be using more battery. that is the *SMARTEST* design ever!,surprise,6,negative,surprise_product_fail,https://www.youtube.com/watch?v=8H6jz30Im_Y,36,product-failure surprise cue
"love how the ""lovin' it"" thing is replaced with *""I'M INNOCENT""*",joy,3,positive,fast_food_brand_launch,https://www.youtube.com/watch?v=chYLHu0w8z0,76,positive appreciation or humor cue
RIP Terrie. You saved thousands of lives by sharing your story. I am sure your family grieves terribly for you but they are proud of how you educated so many people about how terrible smoking is.,sadness,5,negative,fear_health_warning,https://www.youtube.com/watch?v=5zWB4dLYChM,18,health-warning sadness cue
"I'm guessing their intention was to make all the animals look cute, but god damn did the AI screw up. Especially with that sloth. Aside from looking completely out of place, the robotic head turn and those soulless eyes make it look like, what I would imagine, someone's creepypasta creation",joy,3,positive,food_beverage_ad,https://www.youtube.com/watch?v=Yy6fByUmPuE,32,positive appreciation or humor cue
Putting those steaks that were on the floor right on your working station is crazy 😂,joy,3,positive,disgust_food_safety,https://www.youtube.com/watch?v=--OnclX8yac,60,positive appreciation or humor cue
“Mommy device may explode is calling you!”💀💀,surprise,6,negative,surprise_product_fail,https://www.youtube.com/watch?v=8H6jz30Im_Y,34,product-failure surprise cue
"That is assault, he didn't have any obligation to leave his seat. He'd paid for it. I hope he sues the HELL out of that airline and gets MILLIONS. They need to be held accountable, he is a human being and they targeted him and beat him. Its disgusting. Only in America is THIS considered ""customer service!""",disgust,1,negative,anger_brand_crisis,https://www.youtube.com/watch?v=VrDWY6C1178,45,brand-crisis disgust cue
This is possibly the best road safety advert I've ever seen. First time I saw it I started to cry. And I'm from Northern Ireland where their road safety adverts are on after 9pm,sadness,5,negative,sadness_psa,https://www.youtube.com/watch?v=B2rFTbvwteo,26,road-safety sadness cue
it's hard to believe that this is almost 2 years old already,neutral,4,neutral,entertainment_fandom,https://www.youtube.com/watch?v=TcMBFSGVi1c,26,no dominant affective cue
This one in particular is truly timeless.,neutral,4,neutral,brand_campaign_positive,https://www.youtube.com/watch?v=ijTwZNUBhcI,9,no dominant affective cue
Just saw this with my family we were shocked!,surprise,6,neutral,sadness_brand_story,https://www.youtube.com/watch?v=YvYGO4o334I,22,surprise cue
Those people telling potential customers about the problem literally could've saved lives. Food poisoning can kill.,disgust,1,negative,disgust_food_safety,https://www.youtube.com/watch?v=--OnclX8yac,25,food-safety disgust cue
I love Riley’s mum being like “THAT’S a preview of the next 10 years” 😂,joy,3,positive,movie_trailer_joy,https://www.youtube.com/watch?v=LEjhY15eCx0,63,positive appreciation or humor cue
"I worked in a kitchen and the worst thing I discovered was maggots under a giant cutting board that was apparently never moved. The place was mostly clean aside from that, and it hasn't been a problem since I found it that first time, because nobody knew you even could move it.",disgust,1,negative,disgust_food_safety,https://www.youtube.com/watch?v=--OnclX8yac,59,food-safety disgust cue
What is the title of the song?,neutral,4,neutral,beauty_campaign,https://www.youtube.com/watch?v=JNYjRmNCu9o,23,no dominant affective cue
Its crazy how this happened five years ago,surprise,6,neutral,gaming_product_launch,https://www.youtube.com/watch?v=RkC0l4iekYo,80,surprise cue
2021 and still coming back to this beauty.,neutral,4,neutral,brand_campaign_positive,https://www.youtube.com/watch?v=ijTwZNUBhcI,26,no dominant affective cue
What a beautiful and important advert. Congratulations Dove on recognising and reacting to the toxicity that surrounds young people and social media.,joy,3,positive,beauty_brand_campaign,https://www.youtube.com/watch?v=z2T-Rh838GA,28,positive appreciation or humor cue
"I'm eighteen, but I saw this all of the time on TV growing up to the point where I remembered it vividly. It unnerved the crap out of me, and now that I can legally drive myself, its terrifying to see first hand that people pulling out In front of other drivers, even if their pulling out infront of a bus or a truck, is incredibly common.",fear,2,negative,sadness_psa,https://www.youtube.com/watch?v=B2rFTbvwteo,28,road-safety fear cue
"""Mum I love my new phon..."" ""BOOM""",surprise,6,negative,surprise_product_fail,https://www.youtube.com/watch?v=8H6jz30Im_Y,21,product-failure surprise cue
"Jon Taffer just entered the Chat,”You Get the Hell outta here!” 😂",joy,3,positive,brand_crisis_negative,https://www.youtube.com/watch?v=JVxCp22WatU,20,positive appreciation or humor cue
Time to call the McHealth inspector 😂,disgust,1,negative,brand_crisis_negative,https://www.youtube.com/watch?v=JVxCp22WatU,6,brand-crisis hygiene or safety concern
"This is just preposterous! In my opinion, all Pespi was trying to do was convey the message that all of the world's biggest problems are inherently simple and easy to solve, if we all just learned to respect one another and get along. What's actually wrong with Mankind is that we need to complicate things and mess it all up first-hand (like we're doing right now: reading something horrible into something that was supposed to be a positive message). People should just learn to relax and care about things that really matter. By the by, if you want drop me a line, there's no need to offend. I'm just stating my opinion. DISCLAIMER: I am NOT saying that the real issues happening in the World don't matter, OBVIOUSLY. I just think that we should know how to ""separate the waters"".",anger,0,negative,disgust_brand_backlash,https://www.youtube.com/watch?v=zFm9FRxi0ZM,22,brand-backlash criticism
Its only 175k because no one else can call in!!!,anger,0,negative,anger_customer_service,https://www.youtube.com/watch?v=MUo3n8QSQLE,4,customer-service outage criticism
Guess he's being framed by an impostor.,neutral,4,neutral,fast_food_brand_launch,https://www.youtube.com/watch?v=chYLHu0w8z0,100,no dominant affective cue
"“MY KIDS CAN’T GROW UP WITHOUT A FATHER” —Grimace, McDonalds mascot, 2023",neutral,4,neutral,fast_food_brand_launch,https://www.youtube.com/watch?v=chYLHu0w8z0,26,no dominant affective cue
Who said they were similar?! They are literally polar opposites,neutral,4,neutral,surprise_launch_reaction,https://www.youtube.com/watch?v=4qGw9WH4Xj8,63,no dominant affective cue
FINALLY ACTUAL PHRASES,neutral,4,neutral,app_brand_campaign,https://www.youtube.com/watch?v=Ew4kM1FmM8o,84,no dominant affective cue
The fact that Anxiety is the villain and tries to take control and get rid of other emotions is so accurate. That’s my anxiety right there😂.,joy,3,positive,movie_trailer_joy,https://www.youtube.com/watch?v=LEjhY15eCx0,67,movie character reference with positive trailer context
...I love how the company that is yanking the landlines you could depend on OUT are directing you to those very same methods of making an emergency phone call...MIMS,anger,0,negative,anger_customer_service,https://www.youtube.com/watch?v=MUo3n8QSQLE,32,customer-service outage criticism
"This was well done & thought out! Humor level on 1,000! Well done!",joy,3,positive,sadness_brand_story,https://www.youtube.com/watch?v=YvYGO4o334I,25,positive appreciation or humor cue
I really miss pre-AI internet,sadness,5,negative,food_beverage_ad,https://www.youtube.com/watch?v=Yy6fByUmPuE,3,sadness cue
This is why I’m vegan and eat at home. lol 😂,joy,3,positive,brand_crisis_negative,https://www.youtube.com/watch?v=JVxCp22WatU,79,positive appreciation or humor cue
"The absolute most unique take on this video. Genuinely held up by the animation, premise, and the voice acting.",neutral,4,neutral,fast_food_brand_launch,https://www.youtube.com/watch?v=chYLHu0w8z0,22,no dominant affective cue
"Unbelievable.... The man entered the plane as a Doctor and left a patient, ain't that some ironic ass shit?",anger,0,negative,anger_brand_crisis,https://www.youtube.com/watch?v=VrDWY6C1178,51,airline brand-crisis criticism
wow just got 2 know that even pepsi can offend ppl what is going on with ppl,surprise,6,neutral,disgust_brand_backlash,https://www.youtube.com/watch?v=zFm9FRxi0ZM,54,surprise cue
is their any chance that anyone came here after reading book art of clear thinking.,neutral,4,neutral,tech_brand_story,https://www.youtube.com/watch?v=nnsSUqgkDwU,14,no dominant affective cue
Some advertising departments would probably be better off creating skits.,joy,3,positive,sadness_brand_story,https://www.youtube.com/watch?v=YvYGO4o334I,68,positive appreciation or humor cue
"Okay, Jesus Christ, this is amazing. It's so simple and so perfect at getting the message across.",joy,3,positive,sadness_psa,https://www.youtube.com/watch?v=B2rFTbvwteo,43,positive appreciation or humor cue
You know there was a 2nd ad of this where they dont crash. They would put it in every so often to show you that more responsible driving could avoid fatal crashes.,fear,2,negative,sadness_psa,https://www.youtube.com/watch?v=B2rFTbvwteo,54,road-safety fear cue
This is hands down a masterpiece if not one of the best series Jenna Ortega acting and style skills and everything was so perfect really enjoyed it. Hope they release season 2 soon as this is a masterpiece. Definitely recommended to anyone to watch.,joy,3,positive,streaming_trailer_reaction,https://www.youtube.com/watch?v=Di310WS8zLk,24,positive appreciation or humor cue
Respect !,neutral,4,neutral,sports_brand_purpose,https://www.youtube.com/watch?v=jBnseji3tBk,46,no dominant affective cue
namiss ko yung mga ganitong commecial ng DOVE. kahit di ako babae...grabeh yung message nakaka uplift! wow.,joy,3,positive,beauty_campaign,https://www.youtube.com/watch?v=JNYjRmNCu9o,3,positive appreciation or humor cue
"stupid ad. but, black lives matter should be outraged by uncle drew pepsi ads, instead of this one. the movie"" idiocracy"" has come to fruition in our present society.",anger,0,negative,disgust_brand_backlash,https://www.youtube.com/watch?v=zFm9FRxi0ZM,60,negative criticism cue
"United we stand, United we fall, United we drag passengers off planes",anger,0,negative,anger_brand_crisis,https://www.youtube.com/watch?v=VrDWY6C1178,23,airline brand-crisis criticism
"I’ve absolutely loved the rise of Jenna Ortega. Such a talented young actress, cannot wait to see her journey to the very top acting!",joy,3,positive,streaming_trailer_reaction,https://www.youtube.com/watch?v=Di310WS8zLk,39,positive appreciation or humor cue
Shows how much the human body can endure that nobody died from eating (or working) there.,sadness,5,negative,disgust_food_safety,https://www.youtube.com/watch?v=--OnclX8yac,63,sadness cue
Disgust holding up envy like a doll is the cutest thing ever 😭,joy,3,positive,movie_trailer_joy,https://www.youtube.com/watch?v=LEjhY15eCx0,57,movie character reference with positive trailer context
"EasyBake Ovens, Clackers, Lawn Darts & Cracker Jack toys all too dangerous. But, Cyber Truck that weighs a crazy amount with crazy batteries and glued on parts going down the road at high speeds...no problem.",fear,2,negative,automotive_controversy,https://www.youtube.com/watch?v=ro262oyhZAI,53,fear or safety cue
Shes looks 10x better at the end. Natural.,joy,3,positive,beauty_brand_campaign,https://www.youtube.com/watch?v=z2T-Rh838GA,31,positive appreciation or humor cue
I love this video! I come back to it every other year or so. It's still one of my favorites.,joy,3,positive,tech_brand_story,https://www.youtube.com/watch?v=nnsSUqgkDwU,43,positive appreciation or humor cue
Gives me the chills every time,joy,3,positive,brand_campaign_positive,https://www.youtube.com/watch?v=ijTwZNUBhcI,99,positive appreciation or humor cue
Someone:how good you want your update to be? Duolingo:YES,joy,3,positive,app_brand_campaign,https://www.youtube.com/watch?v=Ew4kM1FmM8o,80,positive appreciation or humor cue
"Really... you couldn't pay a few people to animate this and put a bit of soul and passion into it. The original ad had that Christmas magic. Now, the magic... just like your childhood is gone, leaving emptiness and coldness behind.",sadness,5,negative,food_beverage_ad,https://www.youtube.com/watch?v=Yy6fByUmPuE,12,sadness cue
0:07 T R U E D A R K N E S S,neutral,4,neutral,fast_food_brand_launch,https://www.youtube.com/watch?v=chYLHu0w8z0,63,no dominant affective cue
"it's crazy that it's now 4 years that this was been released, and now we have the PRO that everyone hates because there is no disc drive.",surprise,6,neutral,gaming_product_launch,https://www.youtube.com/watch?v=RkC0l4iekYo,20,surprise cue
Looks like a restaurant's kitchen 😂😂,joy,3,positive,automotive_controversy,https://www.youtube.com/watch?v=ro262oyhZAI,40,positive appreciation or humor cue
"""so what axle configuration should we use for our trucks?"" - ""yes""",neutral,4,neutral,food_beverage_ad,https://www.youtube.com/watch?v=Yy6fByUmPuE,19,no dominant affective cue
"You look like Paulo Avelino, an actor here in the Philippines 😊",joy,3,positive,tech_review_mixed,https://www.youtube.com/watch?v=XkXbkxtBlwY,42,positive appreciation or humor cue
"No Selfie Needed. There's a whole world out there to look at, listen to, and share. Scenery, art, architecture, animals, objects (even a colorful pile of dishes soaking in the sink can look beautiful photographed in the right way).",joy,3,positive,beauty_brand_campaign,https://www.youtube.com/watch?v=z2T-Rh838GA,6,positive appreciation or humor cue
"Must watch series. Everything is just perfect like casting,acting, dialogue delivery, mysterious elements , creatures, school life, etc.",joy,3,positive,streaming_trailer_reaction,https://www.youtube.com/watch?v=Di310WS8zLk,52,positive appreciation or humor cue
"I love this ad it speaks to me on a much more personal level than most ads, I'm 14 and I deal with this dysphoria every day, I am male and i deal with this every day, I wish we could cure these sort of things in an instant 🥰",joy,3,positive,beauty_brand_campaign,https://www.youtube.com/watch?v=z2T-Rh838GA,54,positive appreciation or humor cue
My all time favorite Super Bowl commercial right here!,neutral,4,neutral,classic_brand_ad,https://www.youtube.com/watch?v=owGykVbfgUE,61,no dominant affective cue
Who else is here after the new Pepsi commercial?,neutral,4,neutral,food_beverage_ad,https://www.youtube.com/watch?v=Yy6fByUmPuE,8,no dominant affective cue
"I think its safe to say that absolutely every restaurant has some things hiding in their closet, no matter what type of restaurant or how expensive it is. But Im fairly certain that in the majority of cases its rather minor things, not much different to everybody's kitchen at home. But this here is shocking even compared to the usual ""bad of the bunch"". It literally looks like there has NEVER been anything done towards cleaning or sanitation or food safety or whatever.",disgust,1,negative,disgust_food_safety,https://www.youtube.com/watch?v=--OnclX8yac,66,food-safety disgust cue
I hope this manager got fired soon as corporate seen this video,joy,3,positive,brand_crisis_negative,https://www.youtube.com/watch?v=JVxCp22WatU,67,positive appreciation or humor cue
My mum smokes and I told her about this video and as I was saying about it I didn't realise that I burst into tears. This woman broke my heart and I pray for her. If my mum ever went away I wouldn't be able to cope with anything and I would always be depressed. She said she is trying to stop and I really hope she does...,fear,2,negative,fear_health_warning,https://www.youtube.com/watch?v=5zWB4dLYChM,19,health-warning fear cue
Hilarious! Do they all drive Jaguars?,joy,3,positive,controversial_brand_purpose,https://www.youtube.com/watch?v=UYaY2Kb_PKI,41,positive appreciation or humor cue
"My girlfriend's mother almost died after the car she was travelling in got hit by a ute driven by someone texting while driving. She escaped with minor injuries, but three others in the car with her got seriously hurt, one is still on an induced coma and intubated in ICU days afterwards. The sheer idiocy of those who text and drive - I can't understand how one can be so stupid and yet be able to operate a motor vehicle.",sadness,5,negative,fear_public_safety,https://www.youtube.com/watch?v=O8MQV40pOtk,12,road-safety sadness cue
"can't believe it has been 2 years, still feels like yesterday.",surprise,6,positive,entertainment_fandom,https://www.youtube.com/watch?v=TcMBFSGVi1c,57,surprise cue
I've seen trash cans more aesthetic (and maybe useful) than this thing,anger,0,negative,automotive_controversy,https://www.youtube.com/watch?v=ro262oyhZAI,44,controversial product criticism
"Love how it goes straight into copaganda. Like if phones turned off automatically over the speed of 10mph she also could have been saved but we don't make commercials advocating for that while advocating for not texting and driving. It's not even an argument for cops to be around, they're just inserting cops as good with no argument as to why other solutions can't fix the problem in a less intrusive and expensive way.",joy,3,positive,fear_public_safety,https://www.youtube.com/watch?v=O8MQV40pOtk,60,positive appreciation or humor cue
Love it!! Haven't seen something this funny in years. 😂👌,joy,3,positive,sadness_brand_story,https://www.youtube.com/watch?v=YvYGO4o334I,82,positive appreciation or humor cue
i feel so bad for her 😭😭,anger,0,negative,fear_health_warning,https://www.youtube.com/watch?v=5zWB4dLYChM,66,negative criticism cue
"this genuinely looks really cool, glad i get to see the silly mascot characters in action now",joy,3,positive,app_brand_campaign,https://www.youtube.com/watch?v=Ew4kM1FmM8o,74,positive appreciation or humor cue
this be the cutest shit,joy,3,positive,tech_brand_story,https://www.youtube.com/watch?v=nnsSUqgkDwU,79,positive appreciation or humor cue
"“Drying lamp under food, heat lamp” y’all editors are getting lazy😭😭😩",disgust,1,negative,brand_crisis_negative,https://www.youtube.com/watch?v=JVxCp22WatU,72,brand-crisis hygiene or safety concern
Plot twist: Two armed Grimace actually is innocent. His four armed brother on the other hand...,neutral,4,neutral,fast_food_brand_launch,https://www.youtube.com/watch?v=chYLHu0w8z0,58,no dominant affective cue
"This came out when I was a teenager. I've remembered this advertisement my entire life, I waited longer than others to get a license. I made sure to actually know the road code, to get proper lessons until I felt confident and to always treat driving seriously. All of us will make mistakes while driving, it's everyone's responsibility to make sure it happens as little as possible so that two mistakes don't happen at once like this. This ad did its job well.",neutral,4,neutral,sadness_psa,https://www.youtube.com/watch?v=B2rFTbvwteo,80,no dominant affective cue
“SHUT IT DOWN SO IT DOESNT EXPLODE!” “Nah bro its way too hot to touch it…” Edit: BRO THANK YOU FOR ALL THE LIKES,surprise,6,negative,surprise_product_fail,https://www.youtube.com/watch?v=8H6jz30Im_Y,29,product-failure surprise cue
That owner is a sick person to knowingly let people eat food that was prepared in a place like that. He doesn't deserve to have a restaurant.,disgust,1,negative,disgust_food_safety,https://www.youtube.com/watch?v=--OnclX8yac,30,food-safety disgust cue
"""Your phone will explode"" ""I'll just stand here and watch it""",surprise,6,negative,surprise_product_fail,https://www.youtube.com/watch?v=8H6jz30Im_Y,22,product-failure surprise cue
"Wow, if this doesn't wake smokers up then i don't know what will.",fear,2,negative,fear_health_warning,https://www.youtube.com/watch?v=5zWB4dLYChM,4,health-warning fear cue
"Truly hoping this doesn’t disappoint, loved the movies live action and animated and the original 1964 tv show .",joy,3,positive,streaming_trailer_reaction,https://www.youtube.com/watch?v=Di310WS8zLk,81,positive appreciation or humor cue
Seeing Grimace in the opening looking so adorable in 3D makes me wish McDonalds would bring him and the rest of the crew back for commercials instead of those creepy boxes with limbs and faces,joy,3,positive,fast_food_brand_launch,https://www.youtube.com/watch?v=chYLHu0w8z0,43,positive appreciation or humor cue
"Went back to McDonalds and had a Big Mac.it’s been a few years. Sorry to say the quality has went down the tubes. Very little meat in the wafer thin patty. Also, the patties were very dry. The austere minimalist interior felt like something out of the movie THX 1138- “look it up!” 30 minutes later my stomach is in nots. Might be food poisoning; however, could just be my body reacting to low quality food. This is not even near the quality when I was younger. Safe to say, I’ll not be back. The whole experience of going to McDonald’s today is just “SAD” Goodbye McDonald’s, I’ll watch the vintage commercials to remind me what you were once was!",disgust,1,negative,fast_food_brand,https://www.youtube.com/watch?v=79phlhutGLg,89,disgust cue
B,neutral,4,neutral,beauty_campaign,https://www.youtube.com/watch?v=JNYjRmNCu9o,49,no dominant affective cue
"I was on a United flight less than two weeks ago where they threw a guy off for talking loud. He said nothing offensive or threatening, just joking around as we were boarding. He was quiet by the time we pushed back but then we returned to the gate and the cops came. He was suprised and went peacefully. Everyone was then 45 minutes late. I thought it was uncalled for.",fear,2,negative,anger_brand_crisis,https://www.youtube.com/watch?v=VrDWY6C1178,57,fear or safety cue
This is the best commercial that has ever been made for Pepsi,joy,3,positive,food_beverage_ad,https://www.youtube.com/watch?v=Yy6fByUmPuE,64,positive appreciation or humor cue
At least it shut those idiots up.,anger,0,negative,fear_public_safety,https://www.youtube.com/watch?v=O8MQV40pOtk,29,negative criticism cue
Doctor Strange and Cyborg has been real quiet since this dropped.,neutral,4,neutral,fear_public_safety,https://www.youtube.com/watch?v=O8MQV40pOtk,23,no dominant affective cue
Are they being stupid cuz she text and drive and the truck run them over that my favorite part,anger,0,negative,fear_public_safety,https://www.youtube.com/watch?v=O8MQV40pOtk,53,negative criticism cue
“Customer sees worker drying LAMP under food heat LAMP” I mean how much are you paying these idiots lmao,disgust,1,negative,brand_crisis_negative,https://www.youtube.com/watch?v=JVxCp22WatU,57,brand-crisis hygiene or safety concern
Actually chatgpt is the worst,anger,0,negative,surprise_launch_reaction,https://www.youtube.com/watch?v=4qGw9WH4Xj8,90,negative criticism cue
That is SO DISGUSTING....And you have to know that that mop is being used IN THE BATHROOMS.,disgust,1,negative,brand_crisis_negative,https://www.youtube.com/watch?v=JVxCp22WatU,65,brand-crisis hygiene or safety concern
"The light had just turned green, so the car in front of me had just started moving. I happened to look up at the rear view to see a car barreling towards me, as the light was green, so he obviously thought he could keep up his speed. I had enough time to realize he wouldn't manage to brake in time before the impact, sort of having a real life version of this for a split second. My car was totaled, but since he didn't have enough time to react, he didn't have time to swerve, lessening the potential injuries. Some time after the accident, I saw him again (recognized his vanity plate) driving with a 4 car gap at speed limit. He had certainly learned.",fear,2,negative,sadness_psa,https://www.youtube.com/watch?v=B2rFTbvwteo,14,road-safety fear cue
That food prolly bussin tho,disgust,1,negative,disgust_food_safety,https://www.youtube.com/watch?v=--OnclX8yac,48,food-safety disgust cue
it was a precious commercial.... ...almost made my eyes water up... ...if it would of been Pepsi in a glass bottle I probably would have started crying..,sadness,5,negative,disgust_brand_backlash,https://www.youtube.com/watch?v=zFm9FRxi0ZM,13,sadness cue
Jenna has had some incredible roles lately!! She is absolutely killing it! I'm so excited for this!!,joy,3,positive,streaming_trailer_reaction,https://www.youtube.com/watch?v=Di310WS8zLk,89,positive appreciation or humor cue
I've got hit a few times by people texting and driving. Once or Twice when I was walking. And once sitting at a Stop Light 🚦 by a young kid who forgot to look up. And another time or two. But don't remember all the details any more. But still suffer from all the injuries.,fear,2,negative,fear_public_safety,https://www.youtube.com/watch?v=O8MQV40pOtk,14,road-safety fear cue
The fact that no one is saying anything to her tells me they’re all nasty 🤮,disgust,1,negative,brand_crisis_negative,https://www.youtube.com/watch?v=JVxCp22WatU,13,brand-crisis hygiene or safety concern
"ive never ate mcdonalds, whats it taste like?",neutral,4,neutral,fast_food_brand,https://www.youtube.com/watch?v=79phlhutGLg,71,no dominant affective cue
Anyone here from the book 'All We Can Do Is Wait' ?,neutral,4,neutral,tech_brand_story,https://www.youtube.com/watch?v=nnsSUqgkDwU,85,no dominant affective cue
"As a former restaurant manager, and also someone who has worked in 3 Chinese restaurants growing up for years that were immaculate - and had better inspections than corporate/franchises in comparison - I just want to say this case is not the norm. 110 violations is amazingly bad.",disgust,1,negative,disgust_food_safety,https://www.youtube.com/watch?v=--OnclX8yac,82,food-safety disgust cue
"I’ve used them all. In writing book Chat started laying down ultimatums ie do this that and the other but never never glamorize, justify, or complain… huh? Shocked I reverted to MS Copilot. Doing okay but loses sequence or place-have to lead & correct but as clever as Chat. Grok I use to help me explain the others and write prompts for them. 😏",anger,0,negative,surprise_launch_reaction,https://www.youtube.com/watch?v=4qGw9WH4Xj8,12,negative criticism cue
If you care about your health just cook your own food at home. You have no idea how bad some kitchens are,disgust,1,negative,brand_crisis_negative,https://www.youtube.com/watch?v=JVxCp22WatU,23,brand-crisis hygiene or safety concern
“911 what is your emergency?” “KABOOM”,surprise,6,negative,surprise_product_fail,https://www.youtube.com/watch?v=8H6jz30Im_Y,41,product-failure surprise cue
"You board as a doctor, you leave as a patient. -*United Airlines*",anger,0,negative,anger_brand_crisis,https://www.youtube.com/watch?v=VrDWY6C1178,1,airline brand-crisis criticism
"""Don't worry, I gotchu"" ""Your phone is ready sir"" HITS HARD🗣️🗣️🗣️🔥🔥🔥",fear,2,negative,surprise_product_fail,https://www.youtube.com/watch?v=8H6jz30Im_Y,61,fear or safety cue
No wonder the fries are salty😂,joy,3,positive,brand_crisis_negative,https://www.youtube.com/watch?v=JVxCp22WatU,52,positive appreciation or humor cue
"""our team looked for volunteers"" didnt seem like he volunteered😂",joy,3,positive,anger_brand_crisis,https://www.youtube.com/watch?v=VrDWY6C1178,21,positive appreciation or humor cue
I don’t have any children but my god what a powerful advert ❤️,joy,3,positive,beauty_brand_campaign,https://www.youtube.com/watch?v=z2T-Rh838GA,86,positive appreciation or humor cue
Bruh calling support to ask someone to unlock your door is insane,surprise,6,neutral,automotive_controversy,https://www.youtube.com/watch?v=ro262oyhZAI,15,surprise cue
Innovation is totally dead.,sadness,5,negative,tech_product_launch,https://www.youtube.com/watch?v=n6pqGoXWZzo,36,sadness cue
Wednesday is really doing us a favor by having a series about her.,neutral,4,neutral,streaming_trailer_reaction,https://www.youtube.com/watch?v=Di310WS8zLk,35,no dominant affective cue
"""911 what is your emergency?"" ""KABOOM!""",surprise,6,negative,surprise_product_fail,https://www.youtube.com/watch?v=8H6jz30Im_Y,23,product-failure surprise cue
That Dump truck is reversing,neutral,4,neutral,brand_crisis_negative,https://www.youtube.com/watch?v=JVxCp22WatU,100,no dominant affective cue
Whoever wrote the video title needs to stop coming to work high 😂,joy,3,positive,brand_crisis_negative,https://www.youtube.com/watch?v=JVxCp22WatU,30,positive appreciation or humor cue
It's sad but also creepy every time this comes on I turn my tv off,sadness,5,negative,fear_health_warning,https://www.youtube.com/watch?v=5zWB4dLYChM,12,sadness cue
this is like fuckin DOE ad holy shit,anger,0,negative,fear_public_safety,https://www.youtube.com/watch?v=O8MQV40pOtk,74,negative criticism cue
Looks like a geometry problem with wheels .,neutral,4,neutral,automotive_controversy,https://www.youtube.com/watch?v=ro262oyhZAI,8,no dominant affective cue
Ive had 3 androids so far Currently on iphone 11 and will definitely get this one,neutral,4,neutral,tech_review_mixed,https://www.youtube.com/watch?v=XkXbkxtBlwY,89,no dominant affective cue
We are all beautiful the way we are ❤️,joy,3,positive,beauty_brand_campaign,https://www.youtube.com/watch?v=z2T-Rh838GA,88,positive appreciation or humor cue
Virginia is out near Hampton rds and on up the east coast,neutral,4,neutral,anger_customer_service,https://www.youtube.com/watch?v=MUo3n8QSQLE,21,no dominant affective cue
"we just went from ""spanish or vanish"" to ""adventure or I'll venture you""😭🙏",neutral,4,neutral,app_brand_campaign,https://www.youtube.com/watch?v=Ew4kM1FmM8o,30,no dominant affective cue
"Smoke-free for 94 days and counting, that’s great news! Keep it up, we know you can continue to be smoke-free for good and improve your health. Thank you for sharing your story with us.",fear,2,negative,fear_health_warning,https://www.youtube.com/watch?v=5zWB4dLYChM,52,health-warning fear cue
0:27 why is he kinda...🤔,neutral,4,neutral,sadness_brand_story,https://www.youtube.com/watch?v=YvYGO4o334I,43,no dominant affective cue
Rewatched this after the official Apple event. Jon's presentation is more appealing. He sells the 16 pro better than Apple😅,joy,3,positive,tech_product_launch,https://www.youtube.com/watch?v=n6pqGoXWZzo,49,positive appreciation or humor cue
THE COUNTDOWN *DANG* IS JUST GIVING ME NIGHTMARES- 😭,fear,2,negative,surprise_product_fail,https://www.youtube.com/watch?v=8H6jz30Im_Y,73,fear or safety cue
"'Fear was invented in 1869"" People in 1868:",fear,2,negative,surprise_product_fail,https://www.youtube.com/watch?v=8H6jz30Im_Y,78,fear or safety cue
a decade later and still the best commercial ever,joy,3,positive,classic_brand_ad,https://www.youtube.com/watch?v=owGykVbfgUE,42,positive appreciation or humor cue
I'm pretty sure there were more than 100K dislikes a few hours ago. Why are they just 26K dislikes now?,neutral,4,neutral,controversial_brand_purpose,https://www.youtube.com/watch?v=UYaY2Kb_PKI,70,no dominant affective cue
"If you text while driving, one way or another, you will be stopped. Pray it's by the cops.",neutral,4,neutral,fear_public_safety,https://www.youtube.com/watch?v=O8MQV40pOtk,25,no dominant affective cue
this is ACTUALLY goated for the ACTUAL doulingo stuff,neutral,4,neutral,app_brand_campaign,https://www.youtube.com/watch?v=Ew4kM1FmM8o,78,no dominant affective cue
I almost forgot to watch this today,neutral,4,neutral,automotive_brand_ad,https://www.youtube.com/watch?v=M7FIvfx5J10,72,no dominant affective cue
The entire east coast. Top to bottom and only in the US. I didn’t even notice til I left home to run to the store and realized I couldn’t make a call.,neutral,4,neutral,anger_customer_service,https://www.youtube.com/watch?v=MUo3n8QSQLE,15,no dominant affective cue
goosebumps every time...,joy,3,positive,brand_campaign_positive,https://www.youtube.com/watch?v=ijTwZNUBhcI,45,positive appreciation or humor cue
I was driving the truck. I was on instagram,neutral,4,neutral,fear_public_safety,https://www.youtube.com/watch?v=O8MQV40pOtk,63,no dominant affective cue
Gemini is excellent. Grok needs to be arrested.,joy,3,positive,surprise_launch_reaction,https://www.youtube.com/watch?v=4qGw9WH4Xj8,84,positive appreciation or humor cue
We better receive a MASSIVE bill credit for this bs from Verizon,anger,0,negative,anger_customer_service,https://www.youtube.com/watch?v=MUo3n8QSQLE,3,customer-service outage criticism
"For those that aren't, or perhaps don't know the full extent of the problem, Samsung had to recall the Galaxy Note 7 due to a faulty battery cell that caused the battery to overheat and possibly explode when charging. Samsung confirmed it became aware of 35 such cases in South Korea and in other countries. Edit: CHILL OUT ON THE LIKES",surprise,6,negative,surprise_product_fail,https://www.youtube.com/watch?v=8H6jz30Im_Y,58,product-failure surprise cue
0:10 thumbnail,neutral,4,neutral,app_brand_campaign,https://www.youtube.com/watch?v=Ew4kM1FmM8o,14,no dominant affective cue
"Man, he sounds genuinely terrified, like he was REALLY inocent, plus the ""my kids can't grow without a father"" makes it even more real",fear,2,negative,fast_food_brand_launch,https://www.youtube.com/watch?v=chYLHu0w8z0,2,fear or safety cue
"i remember everyone in the room just stopped what they were doing and watched this commercial during the superbowl. it was absolutely perfect, and still is. this commercial connects to you more than any other commercial i've ever seen. i think the music and sound effects really sell it, building to the end",joy,3,positive,tech_brand_story,https://www.youtube.com/watch?v=nnsSUqgkDwU,15,positive appreciation or humor cue
エドワード役の男の子イケメンすぎる…🥺 なんて名前の俳優さんなんだろ？,neutral,4,neutral,sadness_brand_story,https://www.youtube.com/watch?v=YvYGO4o334I,17,no dominant affective cue
None of the other employees say anything either. SO disgusting. This is why I don't eat out anymore and prepare all my own meals.,disgust,1,negative,brand_crisis_negative,https://www.youtube.com/watch?v=JVxCp22WatU,95,brand-crisis hygiene or safety concern
"“Never to forget, never to forgive”",neutral,4,neutral,controversial_brand_purpose,https://www.youtube.com/watch?v=UYaY2Kb_PKI,69,no dominant affective cue
They can't drag someone off a plane cuz the stupid airline felt like overbooking the flight,anger,0,negative,anger_brand_crisis,https://www.youtube.com/watch?v=VrDWY6C1178,65,airline brand-crisis criticism
"Gordon Ramsay would have a field day just looking at this. Stubborn owner, filthy kitchen, and probably bad food, checks all the list for a Kitchen Nightmare episode.",disgust,1,negative,disgust_food_safety,https://www.youtube.com/watch?v=--OnclX8yac,50,food-safety disgust cue
"Concerning Grok code specifically, even when trying again and again, it could not create a grid of products on a webpage, even when provided with a completed example...very frustrating, I dont understand hwat the hell was going on with this guy?... I also noticed it definately lacks in comparison to gemini, claude, gpt... they have some nerve putting the word ""CODE"" next to this model",joy,3,positive,surprise_launch_reaction,https://www.youtube.com/watch?v=4qGw9WH4Xj8,32,positive appreciation or humor cue
this is every CHINA BUFFET,disgust,1,negative,disgust_food_safety,https://www.youtube.com/watch?v=--OnclX8yac,8,food-safety disgust cue
He was also in Shortland Street,neutral,4,neutral,sadness_psa,https://www.youtube.com/watch?v=B2rFTbvwteo,85,no dominant affective cue
"I worked at McDonald's and mopped the floor for many years. I never did this even once. There's ABSOLUTELY NO REASON TO DO THIS. You can dry the mop by squeezing and dry mopping the floor. Leave signs up for everyone walking. It will dry within 10 minutes. This is disgusting and DOWNRIGHT STUPID. You need to report them to the city immediately, that can poison the food.",disgust,1,negative,brand_crisis_negative,https://www.youtube.com/watch?v=JVxCp22WatU,14,brand-crisis hygiene or safety concern
Rip Terrie 💔❤️,sadness,5,negative,fear_health_warning,https://www.youtube.com/watch?v=5zWB4dLYChM,58,health-warning sadness cue
I love it when billion dollar corporations lecture me on how I should feel.,joy,3,positive,controversial_brand_purpose,https://www.youtube.com/watch?v=UYaY2Kb_PKI,8,positive appreciation or humor cue
"As a musician, I can say this is the *exact* process that all my photos go through.",neutral,4,neutral,beauty_brand_campaign,https://www.youtube.com/watch?v=z2T-Rh838GA,41,no dominant affective cue
"I love watching this... I listen to it.... I live this... whether i'm running 400m dash, or playing football/futbol/soccer for my team to go on to the next round, or facing the best team in my league... I'll always remember this.. .and never forget it",joy,3,positive,brand_campaign_positive,https://www.youtube.com/watch?v=ijTwZNUBhcI,73,positive appreciation or humor cue
Anxiety and embarrassment are going to create a lot of core memories.,joy,3,positive,movie_trailer_joy,https://www.youtube.com/watch?v=LEjhY15eCx0,90,movie character reference with positive trailer context
"I'm conflicted, not sure if it's the best or worst ad ever.",joy,3,positive,sadness_brand_story,https://www.youtube.com/watch?v=YvYGO4o334I,67,positive appreciation or humor cue
Believe N. GOD. ❤❤❤😂,joy,3,positive,sports_brand_purpose,https://www.youtube.com/watch?v=jBnseji3tBk,66,positive appreciation or humor cue
Duolingo ads: 😊😊😊 Duolingo shorts: 💀💀💀,joy,3,positive,app_brand_campaign,https://www.youtube.com/watch?v=Ew4kM1FmM8o,6,positive appreciation or humor cue
So THIS was Luke in his shadowhunter days...,neutral,4,neutral,classic_brand_ad,https://www.youtube.com/watch?v=owGykVbfgUE,38,no dominant affective cue
10 years after and this is still one of the most epic of commercials.,joy,3,positive,automotive_brand_ad,https://www.youtube.com/watch?v=M7FIvfx5J10,14,positive appreciation or humor cue
It just popped on my watch list and i saw that it’s been 5 years wow,surprise,6,neutral,gaming_product_launch,https://www.youtube.com/watch?v=RkC0l4iekYo,76,surprise cue
Millions. We can't report because our service is down. Orlando reporting,anger,0,negative,anger_customer_service,https://www.youtube.com/watch?v=MUo3n8QSQLE,11,customer-service outage criticism
Proud of the lady who stood up for him😢,neutral,4,neutral,anger_brand_crisis,https://www.youtube.com/watch?v=VrDWY6C1178,64,no dominant affective cue
why does he sound like he completely dies and becomes depressed at the end,sadness,5,negative,fast_food_brand,https://www.youtube.com/watch?v=79phlhutGLg,1,sadness cue
There's literally no situation you need to dry a mop that bad.,neutral,4,neutral,brand_crisis_negative,https://www.youtube.com/watch?v=JVxCp22WatU,35,no dominant affective cue
that this level of quality was achieved on government funding is frankly unbelievable.,joy,3,positive,sadness_psa,https://www.youtube.com/watch?v=B2rFTbvwteo,72,positive appreciation or humor cue
"Every time someone reacts to this comment, I will come back to see this work of art!",neutral,4,neutral,app_brand_campaign,https://www.youtube.com/watch?v=Ew4kM1FmM8o,56,no dominant affective cue
Everyone take a chill pill and relax it’s the MANAGER doing it it’s okay 😅😭🤣🤣,joy,3,positive,brand_crisis_negative,https://www.youtube.com/watch?v=JVxCp22WatU,87,positive appreciation or humor cue
"""Not Enough Seating, Time For A Beating""",anger,0,negative,anger_brand_crisis,https://www.youtube.com/watch?v=VrDWY6C1178,5,airline brand-crisis criticism
"I can't believe it's already been 5 years. Now we know what it feels like to say ""I remember it like it was yesterday"".",surprise,6,neutral,gaming_product_launch,https://www.youtube.com/watch?v=RkC0l4iekYo,48,surprise cue
"This is what I do when the driver in front was texting. I start a road rage and if they deny they were texting, I hit them. Then I deny what I did",neutral,4,neutral,fear_public_safety,https://www.youtube.com/watch?v=O8MQV40pOtk,15,no dominant affective cue
The best video i ve ever watched today,joy,3,positive,beauty_brand_campaign,https://www.youtube.com/watch?v=z2T-Rh838GA,70,positive appreciation or humor cue
"lol, turned out Gemini and Claude are the best, and Grok is absolutely shit",joy,3,positive,surprise_launch_reaction,https://www.youtube.com/watch?v=4qGw9WH4Xj8,59,positive appreciation or humor cue
JUNK JUNK JUNK 😂,joy,3,positive,automotive_controversy,https://www.youtube.com/watch?v=ro262oyhZAI,70,positive appreciation or humor cue
iPads come out in October Jon,neutral,4,neutral,tech_product_launch,https://www.youtube.com/watch?v=n6pqGoXWZzo,96,no dominant affective cue
"Amazing how I got this ad when I was feeling down about myself and searched for a makeup tutorial to cover eye bags 🤣 I immediately closed the video and told myself I’m beautiful just the way I am :), Thankyou dove",joy,3,positive,beauty_brand_campaign,https://www.youtube.com/watch?v=z2T-Rh838GA,7,positive appreciation or humor cue
"Wow! This should be shown in the US, too.",surprise,6,neutral,sadness_psa,https://www.youtube.com/watch?v=B2rFTbvwteo,7,surprise cue
Is it safe to say that s24 ultra is better than s25 ultra? I was planning to upgrade my phone from samsung a52s,joy,3,positive,tech_review_mixed,https://www.youtube.com/watch?v=XkXbkxtBlwY,100,positive appreciation or humor cue
"As an adolescent, I really appreciate you guys doing this, it's really getting out of hand now...everyone just feels that they're obligated to be ""pretty"" and ""handsome"" which they naturally are, but their appearances aren't enough for society's insanely high beauty standards...it's very sad :(",sadness,5,negative,beauty_brand_campaign,https://www.youtube.com/watch?v=z2T-Rh838GA,9,sadness cue
This has to be the greatest episode of Kitchen Nightmares I’ve ever seen.,disgust,1,negative,disgust_food_safety,https://www.youtube.com/watch?v=--OnclX8yac,44,food-safety disgust cue
S25 ultra makes S24 ultra great phone and value for the money.,joy,3,positive,tech_review_mixed,https://www.youtube.com/watch?v=XkXbkxtBlwY,99,positive appreciation or humor cue
"Disgusting!! Not only should she be fired, but she should also never be allowed to work in an environment serving food to customers again!",disgust,1,negative,brand_crisis_negative,https://www.youtube.com/watch?v=JVxCp22WatU,45,brand-crisis hygiene or safety concern
0:18 GYATT,neutral,4,neutral,app_brand_campaign,https://www.youtube.com/watch?v=Ew4kM1FmM8o,87,no dominant affective cue
I haven't eaten anything from McDonald's for 12 years now. Their food and customer service is absolutely disgusting. 🤢🤮,disgust,1,negative,brand_crisis_negative,https://www.youtube.com/watch?v=JVxCp22WatU,80,brand-crisis hygiene or safety concern
My mom was really inspired by this commercial and she's wondering how she can be a part of this campaign :D,joy,3,positive,beauty_campaign,https://www.youtube.com/watch?v=JNYjRmNCu9o,2,positive appreciation or humor cue
So… anybody feel like a Pepsi?,neutral,4,neutral,food_beverage_ad,https://www.youtube.com/watch?v=Yy6fByUmPuE,25,no dominant affective cue
I remember 5 years ago when I saw this trailer.,neutral,4,neutral,gaming_product_launch,https://www.youtube.com/watch?v=RkC0l4iekYo,68,no dominant affective cue
Millions of people,anger,0,negative,anger_customer_service,https://www.youtube.com/watch?v=MUo3n8QSQLE,88,customer-service outage criticism
Thank you for the honest and straight to the point reviews.,joy,3,positive,tech_review_mixed,https://www.youtube.com/watch?v=XkXbkxtBlwY,55,positive appreciation or humor cue
"Can we get more entertainment like this?!! Creative, beautifully shot, incredible acting, costumes, sets, the music. QUALITY.",joy,3,positive,streaming_trailer_reaction,https://www.youtube.com/watch?v=Di310WS8zLk,99,positive appreciation or humor cue
"Yo Volvo, who was the genius that came up with this idea of commercial? This is still 12 years later the best ad ever.",joy,3,positive,automotive_brand_ad,https://www.youtube.com/watch?v=M7FIvfx5J10,31,positive appreciation or humor cue
"As a truck driver, if people would only know how much skill it takes, to keep this tractor truck in control backwards with a trailer. Insane driving skill.",surprise,6,neutral,automotive_brand_ad,https://www.youtube.com/watch?v=M7FIvfx5J10,100,surprise cue
god i remember this being played on the tv when i was like 7 or 8,neutral,4,neutral,sadness_psa,https://www.youtube.com/watch?v=B2rFTbvwteo,86,no dominant affective cue
I love the Grok because it's not just politically incorrect but agressively honest.,joy,3,positive,surprise_launch_reaction,https://www.youtube.com/watch?v=4qGw9WH4Xj8,2,positive appreciation or humor cue
Grok is THE worst ChatGPT is still King,anger,0,negative,surprise_launch_reaction,https://www.youtube.com/watch?v=4qGw9WH4Xj8,97,negative criticism cue
This is the best commercial I've ever come across,joy,3,positive,tech_brand_story,https://www.youtube.com/watch?v=nnsSUqgkDwU,30,positive appreciation or humor cue
"Ughh people luuurrvee to feel offended up there, apparently. It's just an ad. Relax a little guys, it won't hurt you, I promise!!",anger,0,negative,disgust_brand_backlash,https://www.youtube.com/watch?v=zFm9FRxi0ZM,45,brand-backlash criticism
"for 100 grand people could have gotten a lexus LC500 with the big 5.0 V8, emotional design, and an interior far above its price point with toyota build quality/reliability. but instead they got a driving Whirlpool fridge stuck together with glue. yuppies never cease to amaze with their genius financial decisions",anger,0,negative,automotive_controversy,https://www.youtube.com/watch?v=ro262oyhZAI,45,controversial product criticism
Jenna looks amazing as Wednesday and seems like she will nail this role… CZJ is someone who ALWAYS understands the assignment,joy,3,positive,streaming_trailer_reaction,https://www.youtube.com/watch?v=Di310WS8zLk,51,positive appreciation or humor cue
I love how Grimace can hold his shake by just touching it to his palm.,joy,3,positive,fast_food_brand_launch,https://www.youtube.com/watch?v=chYLHu0w8z0,85,positive appreciation or humor cue
Why are they protecting Verizon with this “thousands” bs.,anger,0,negative,anger_customer_service,https://www.youtube.com/watch?v=MUo3n8QSQLE,82,customer-service outage criticism
"I've said it before, and I'll say it again, ""If you don't stand for something, you'll fall for anything.""💁 AND, I don't know why everyone is victimizing Kendall Jenner??? she had a huge part in this. I mean does she not have a brain? Does she not have a manager? Does she not have a team? Can she not think for herself? she needs to stay in her own lane. leave your stupid fashion out of THE REAL WORLD. I've had it with you #followers. #SHEEPAF",anger,0,negative,disgust_brand_backlash,https://www.youtube.com/watch?v=zFm9FRxi0ZM,93,negative criticism cue
Happy one year anniversary to the Wednesday teaser trailer,neutral,4,neutral,streaming_trailer_reaction,https://www.youtube.com/watch?v=Di310WS8zLk,40,no dominant affective cue
"Everyone clicked on this, because literally every town has a ""China Buffet""",disgust,1,negative,disgust_food_safety,https://www.youtube.com/watch?v=--OnclX8yac,35,food-safety disgust cue
"God bless her, she was a kind positive woman! RIP, Terri!",sadness,5,negative,fear_health_warning,https://www.youtube.com/watch?v=5zWB4dLYChM,60,health-warning sadness cue
Everyone united because this got recommended,neutral,4,neutral,disgust_food_safety,https://www.youtube.com/watch?v=--OnclX8yac,52,no dominant affective cue
Black Widow goes through more hair changes in this trailer than the whole of the MCU 😂😂😂,joy,3,positive,entertainment_fandom,https://www.youtube.com/watch?v=TcMBFSGVi1c,42,positive appreciation or humor cue
"Leftists, liberals and progressives are the collective definition of ""human garbage""",anger,0,negative,disgust_brand_backlash,https://www.youtube.com/watch?v=zFm9FRxi0ZM,95,negative criticism cue
Hello joycelyn Now look at your man Now back at me Now look at your man Now back at me Sadly he isn't me,sadness,5,negative,classic_brand_ad,https://www.youtube.com/watch?v=owGykVbfgUE,31,sadness cue
auto play ads 👎👎👎,neutral,4,neutral,beauty_campaign,https://www.youtube.com/watch?v=JNYjRmNCu9o,20,no dominant affective cue
"Nah imagine waking up to them sounds, I’d shit myself",anger,0,negative,surprise_product_fail,https://www.youtube.com/watch?v=8H6jz30Im_Y,19,negative criticism cue
United didn’t even apologize for the man being dragged. They just apologized for being overbooked.,anger,0,negative,anger_brand_crisis,https://www.youtube.com/watch?v=VrDWY6C1178,4,airline brand-crisis criticism
This is deeper than you think this is a test,neutral,4,neutral,anger_customer_service,https://www.youtube.com/watch?v=MUo3n8QSQLE,66,no dominant affective cue
Nothing says “holiday spirit” like laying off your whole graphic arts department in the name of “moving forward and pushing the envelope”!,neutral,4,neutral,food_beverage_ad,https://www.youtube.com/watch?v=Yy6fByUmPuE,38,no dominant affective cue
MILES BETTER THAN ALL OF THE MOTIVATIONAL VIDEOS OUT THERE IN THE SOCIAL MEDIA NOW.,joy,3,positive,brand_campaign_positive,https://www.youtube.com/watch?v=ijTwZNUBhcI,59,positive appreciation or humor cue
I just came here by Kronii Old Spice meme,neutral,4,neutral,classic_brand_ad,https://www.youtube.com/watch?v=owGykVbfgUE,99,no dominant affective cue
the memory of this video makes me slow down sometimes. good job psa making people,joy,3,positive,sadness_psa,https://www.youtube.com/watch?v=B2rFTbvwteo,30,positive appreciation or humor cue
Patama talaga ito sa miss universe beauty pageant... Hahaha..,neutral,4,neutral,beauty_campaign,https://www.youtube.com/watch?v=JNYjRmNCu9o,22,no dominant affective cue
It's 5PM eastern and I've been without service since noon. Think I'll be switching carriers soon...,anger,0,negative,anger_customer_service,https://www.youtube.com/watch?v=MUo3n8QSQLE,13,customer-service outage criticism
Teacher: who is calling you?😡 You: my overheating note 7☠️,surprise,6,negative,surprise_product_fail,https://www.youtube.com/watch?v=8H6jz30Im_Y,4,product-failure surprise cue
“YOUR DEVICE MAY EXPLODE!” …..And it did.,surprise,6,negative,surprise_product_fail,https://www.youtube.com/watch?v=8H6jz30Im_Y,67,product-failure surprise cue
"Imao only in America they get offended by this, but they voted Trump into office 😂😂😂",anger,0,negative,disgust_brand_backlash,https://www.youtube.com/watch?v=zFm9FRxi0ZM,36,brand-backlash criticism
"pepsi, you have the huge opportunity to roast the shit out of coca cola right now",anger,0,negative,food_beverage_ad,https://www.youtube.com/watch?v=Yy6fByUmPuE,23,negative criticism cue
The new emotions appears from her adolescence is characteristically accurate.,neutral,4,neutral,movie_trailer_joy,https://www.youtube.com/watch?v=LEjhY15eCx0,95,no dominant affective cue
Been watching this since high school! Still hits!,neutral,4,neutral,brand_campaign_positive,https://www.youtube.com/watch?v=ijTwZNUBhcI,13,no dominant affective cue
"As a business owner, it still amazes me how in life it takes many talented people to grow your business, but just one idiot to damage it.",anger,0,negative,brand_crisis_negative,https://www.youtube.com/watch?v=JVxCp22WatU,11,brand-crisis criticism
"""The world has changed, and none of us can go back."" God this line hits different in 2021. The world really is a different place now than is was in 2019.",neutral,4,neutral,entertainment_fandom,https://www.youtube.com/watch?v=TcMBFSGVi1c,7,no dominant affective cue
Feb 2026! Who's still watching this?,neutral,4,neutral,automotive_brand_ad,https://www.youtube.com/watch?v=M7FIvfx5J10,20,no dominant affective cue
As if I needed another reason to avoid McDonalds.,neutral,4,neutral,brand_crisis_negative,https://www.youtube.com/watch?v=JVxCp22WatU,47,no dominant affective cue
"Terrie if u r reading this i feel so bad for u, i was about to watcha video and i saw your add and i came right here to say somthin' or anything really. but this made me cry... and i anmost NEVER cry, I'm so sorry for you.",sadness,5,negative,fear_health_warning,https://www.youtube.com/watch?v=5zWB4dLYChM,89,sadness cue
And the sad fact: those who drive unsafely SOMETIMES dont get as much injury as the one being safe. Talk about unfair,fear,2,negative,fear_public_safety,https://www.youtube.com/watch?v=O8MQV40pOtk,27,road-safety fear cue
"Alec: Hey Luke! Look at the window, now back to me, look at the window, now back to me. Sadly, There's a war happening outside! Goddammit Luke help us!",sadness,5,negative,classic_brand_ad,https://www.youtube.com/watch?v=owGykVbfgUE,63,sadness cue
"[Harry Potter] Hello ladies. Look at your man, now back to me, now back to your man, now back to me, sadly he isn't me, look down, back up. Where are you? You're on a broomstick. What's in your hand? It's those platform 9 3/4 tickets you want. Look again! The tickets are now The Philosopher's stone! I'm on a Hippogriff.",sadness,5,negative,classic_brand_ad,https://www.youtube.com/watch?v=owGykVbfgUE,67,sadness cue
Me when i open the console: Yo where are this trillions of black dots i ordered??,neutral,4,neutral,gaming_product_launch,https://www.youtube.com/watch?v=RkC0l4iekYo,31,no dominant affective cue
"Y'all need to pull these ads. Very distasteful to people who are grieving the loss of a spouse. Every service I see this on is getting complaints about you and lack of class. Hopefully, once you suffer the loss of some revenue, you will choose a new marketing strategy.",anger,0,negative,sadness_brand_story,https://www.youtube.com/watch?v=YvYGO4o334I,91,negative criticism cue
"This is why I'll never touch a cigarette in my life, and always hold my breath when i approach someone smoking one.",fear,2,negative,fear_health_warning,https://www.youtube.com/watch?v=5zWB4dLYChM,40,health-warning fear cue
Remember when they paid real animators to make commercials with heart. Now it's soulless AI.,neutral,4,neutral,food_beverage_ad,https://www.youtube.com/watch?v=Yy6fByUmPuE,7,no dominant affective cue
Low-key could be a horror game soundtrack and it would still fit in,fear,2,negative,surprise_product_fail,https://www.youtube.com/watch?v=8H6jz30Im_Y,8,product-failure fear cue
"the question isn't ""why is she drying the mop over food?"" The question is, ""WHY IS SHE DRYING THE MOP?""",disgust,1,negative,brand_crisis_negative,https://www.youtube.com/watch?v=JVxCp22WatU,31,brand-crisis hygiene or safety concern
3 years of watching that damn video and It still gives me chills.,joy,3,positive,brand_campaign_positive,https://www.youtube.com/watch?v=ijTwZNUBhcI,3,positive appreciation or humor cue
I'm still using the Samsung S21. Looking to upgrade to this guy. My phone is glitching and slowing down and has barely any memory left on it even after deleting lots of old photos and apps. I bought my phone right before the pandemic started. Love your review 🤖,joy,3,positive,tech_review_mixed,https://www.youtube.com/watch?v=XkXbkxtBlwY,12,positive appreciation or humor cue
"LOL! Even the dog wanted him gone! I love it! But for real, no more go fund me for funeral expenses. GET LIFE INSURANCE!",joy,3,positive,sadness_brand_story,https://www.youtube.com/watch?v=YvYGO4o334I,23,positive nostalgia or emotional appreciation
IM CRYING THE CUT OFF IN THE ORIGINAL AD,sadness,5,negative,sadness_psa,https://www.youtube.com/watch?v=B2rFTbvwteo,21,road-safety sadness cue
Tony and Natasha saying “Whatever it takes” hits different now,neutral,4,neutral,entertainment_fandom,https://www.youtube.com/watch?v=TcMBFSGVi1c,25,no dominant affective cue
Who after brand new day trailer 🙋🏻‍♂️,neutral,4,neutral,entertainment_fandom,https://www.youtube.com/watch?v=TcMBFSGVi1c,36,no dominant affective cue
My favourite ad. Best I’ve seen.,joy,3,positive,sadness_brand_story,https://www.youtube.com/watch?v=YvYGO4o334I,30,positive appreciation or humor cue
I haven’t seen him laugh this much,joy,3,positive,automotive_controversy,https://www.youtube.com/watch?v=ro262oyhZAI,17,positive appreciation or humor cue
"I owe a lot to this commentary, this text. Inspirational beyond words. GOAT!",joy,3,positive,brand_campaign_positive,https://www.youtube.com/watch?v=ijTwZNUBhcI,51,positive appreciation or humor cue
"I had a boss who consistently forgot to order hand soap and/or hand towels for the store including bathrooms. (He was terrible at ordering in general) He also stole time, scheduled people for one-hour shifts, showed up late every day, promoted people who didn't do anything, and punished the people who did. On top of that his boss was worse and protected him. There is no way this Buffet place had 110 violations without a health inspector that was just as bad as these 2 winners.",disgust,1,negative,disgust_food_safety,https://www.youtube.com/watch?v=--OnclX8yac,62,food-safety disgust cue
"See, *these* are the commercials that make teens stop smoking, not those dumb ""it's a trap"" commercials with a bunch of pop music and flashy colors. -a teen that used to smoke",fear,2,negative,fear_health_warning,https://www.youtube.com/watch?v=5zWB4dLYChM,15,health-warning fear cue
“911 What's Your Emergency” *Phone proceeds to explode*,surprise,6,negative,surprise_product_fail,https://www.youtube.com/watch?v=8H6jz30Im_Y,17,product-failure surprise cue
"2:22 I honesty hope that you will be around much, much longer, Scotty. Longer than me as well 😊 Stay healthy, legend!",joy,3,positive,automotive_controversy,https://www.youtube.com/watch?v=ro262oyhZAI,13,positive appreciation or humor cue
i remember search stories :) i miss this time of youtube :'(,sadness,5,negative,tech_brand_story,https://www.youtube.com/watch?v=nnsSUqgkDwU,51,sadness cue
TOOOO CUTE!!!! I almost teared up. This is a really sweet video. I love the background noises/sounds and how it fits perfectly. Good job to the team that put this together : ),joy,3,positive,tech_brand_story,https://www.youtube.com/watch?v=nnsSUqgkDwU,55,positive nostalgia or emotional appreciation
These are way funnier than they should be,joy,3,positive,fear_public_safety,https://www.youtube.com/watch?v=O8MQV40pOtk,33,positive appreciation or humor cue
Let’s all demand a refund,anger,0,negative,anger_customer_service,https://www.youtube.com/watch?v=MUo3n8QSQLE,10,customer-service outage criticism
Why’d he become a Monsters vs. Aliens character,neutral,4,neutral,fast_food_brand_launch,https://www.youtube.com/watch?v=chYLHu0w8z0,53,no dominant affective cue
The funniest part is it was playing relaxing music while blue was about to die💀💀💀😭😭😭😂😂😂😂😂,joy,3,positive,surprise_product_fail,https://www.youtube.com/watch?v=8H6jz30Im_Y,59,positive appreciation or humor cue
Currently using the s22 thinking this or wait till next year,neutral,4,neutral,tech_review_mixed,https://www.youtube.com/watch?v=XkXbkxtBlwY,75,no dominant affective cue
"7:23 ""Or I'm gonna have a giant bird feeder in my driveway for awhile, hehe"" Scotty is the best lmao 🌟",joy,3,positive,automotive_controversy,https://www.youtube.com/watch?v=ro262oyhZAI,62,positive appreciation or humor cue
This looks so good! Jenny Ortega was the best choice to play Wednesday. Can’t wait to watch it ❤️,joy,3,positive,streaming_trailer_reaction,https://www.youtube.com/watch?v=Di310WS8zLk,88,positive appreciation or humor cue
"As former Cook who's been in the restaurant business for 7 years, it frustrates me when I have lazy coworkers who don't take cleanliness and proper food care seriously and cut corners. Left the industry and its been the best decision I've ever made.",disgust,1,negative,disgust_food_safety,https://www.youtube.com/watch?v=--OnclX8yac,41,food-safety disgust cue
And yet people today STILL continue to smoke!! How can anyone continue after seeing this?!?! Rest In Peace Terrie :'(,sadness,5,negative,fear_health_warning,https://www.youtube.com/watch?v=5zWB4dLYChM,5,health-warning sadness cue
The countdown I hear in my head when I watch the Minecraft movie at the cinema when Steve has to escape the caves before it explodes from a creeper:,surprise,6,negative,surprise_product_fail,https://www.youtube.com/watch?v=8H6jz30Im_Y,92,product-failure surprise cue
Law suit on it's way. RIP United Airlines,anger,0,negative,anger_brand_crisis,https://www.youtube.com/watch?v=VrDWY6C1178,50,airline brand-crisis criticism
I'm a 42 year old guy with a 5 year old daughter. This hit me hard. Good work Dove.,joy,3,positive,beauty_brand_campaign,https://www.youtube.com/watch?v=z2T-Rh838GA,13,positive appreciation or humor cue
I was in a car accident but we weren’t on our phones I just mentioned a work place and the driver and me looked at it kinda dumb to be honest lol,fear,2,negative,fear_public_safety,https://www.youtube.com/watch?v=O8MQV40pOtk,19,road-safety fear cue
"Using an app to unlock the door of a car you paid 100,000 Plus USD for !!????😂",joy,3,positive,automotive_controversy,https://www.youtube.com/watch?v=ro262oyhZAI,76,positive appreciation or humor cue
Only good thing in this video is Matt Lauer,joy,3,positive,disgust_brand_backlash,https://www.youtube.com/watch?v=zFm9FRxi0ZM,51,positive appreciation or humor cue
Smh it’s still out almost 5 hours,neutral,4,neutral,anger_customer_service,https://www.youtube.com/watch?v=MUo3n8QSQLE,52,no dominant affective cue
Coming from 21 FE I'll be upgrading to this one. The anti-glare display is awesome.,joy,3,positive,tech_review_mixed,https://www.youtube.com/watch?v=XkXbkxtBlwY,16,positive appreciation or humor cue
Seeing Envy being personified as a teeny tiny cutesy adorable emotion makes me think that her thing is that she transforms into BIG BAD GREEN-EYED MONSTER WITH SCARY TEETH AND FANGS AND AN ATTITUDE when she hits her breaking point.,joy,3,positive,movie_trailer_joy,https://www.youtube.com/watch?v=LEjhY15eCx0,71,movie character reference with positive trailer context
The outage makes no sense. I have 2 Verizon phones (one for work) and only one of them had no service but the other did. In the exact same locations…,anger,0,negative,anger_customer_service,https://www.youtube.com/watch?v=MUo3n8QSQLE,35,customer-service outage criticism
"This video is great it shows everyone that people face this type off pressure! But to the people who are commenting rude things about this girl you are part of the problem, she's basically a child and you guys commenting this stuff isn't helping be better.",joy,3,positive,beauty_brand_campaign,https://www.youtube.com/watch?v=z2T-Rh838GA,76,positive appreciation or humor cue
Family Guy Cutaway gag vibes,neutral,4,neutral,sadness_brand_story,https://www.youtube.com/watch?v=YvYGO4o334I,97,no dominant affective cue
I just got jumpscared by that alarm this morning,fear,2,negative,surprise_product_fail,https://www.youtube.com/watch?v=8H6jz30Im_Y,98,fear or safety cue
"The people featured in the Tips From Formers Smokers campaign showed incredible courage and commitment by telling their stories, and all shared a common goal of inspiring and motivating others to take steps to quit smoking. We support them and are inspired by their example. When asked why they took part, each said that they didn’t want anyone to have to go through what they have gone through. Smoking is the leading preventable cause of death and watching these ads will motivate people to quit.",fear,2,negative,fear_health_warning,https://www.youtube.com/watch?v=5zWB4dLYChM,49,health-warning fear cue
“Did they do it” “Yes” “What did it cost” “We don’t know”,neutral,4,neutral,gaming_product_launch,https://www.youtube.com/watch?v=RkC0l4iekYo,3,no dominant affective cue
Duolingo always cooks🗣️🗣️‼️,neutral,4,neutral,app_brand_campaign,https://www.youtube.com/watch?v=Ew4kM1FmM8o,18,no dominant affective cue
Notice there is a slight dip in the road which makes it harder to see thr approaching car at a glance... As a kid I got hit my a car whilst riding my bike ... I was turning right at the brow of a hill and didn't see the driver coming up over the hill on the left side ... same type of thing that happens here. Luckily I was wearing a helmet... although I still knocked out cold and can't actually remember the accident at all ...,fear,2,negative,sadness_psa,https://www.youtube.com/watch?v=B2rFTbvwteo,89,road-safety fear cue
"I am truly disgusted how they thought an employee deserves that seat more than a passenger. They paid for that trip, and your gonna treat them like trash. I’ve work in the flight industry (NOT AT UNITED) as a Flight Attendant and in trainings we are always taught about trust, and protecting our passengers. United showed us the example of the opposite. I pray for the doctor to be alright. 😊😩",anger,0,negative,anger_brand_crisis,https://www.youtube.com/watch?v=VrDWY6C1178,76,airline brand-crisis criticism
“We believe we’re better than our customers. That’s why we believe we should lecture our customers.”,joy,3,positive,controversial_brand_purpose,https://www.youtube.com/watch?v=UYaY2Kb_PKI,79,positive appreciation or humor cue
If Apple doesn’t have a folding phone I swear,neutral,4,neutral,tech_product_launch,https://www.youtube.com/watch?v=n6pqGoXWZzo,52,no dominant affective cue
Whats worst driving without license but being attentive on road vs driving without license but while texting and driving and not being attentive on the road,anger,0,negative,fear_public_safety,https://www.youtube.com/watch?v=O8MQV40pOtk,32,negative criticism cue
PEPSI - virtue in a can. This is the inevitable result of mixing BUSINESS with POLITICS. People don't want corporations telling them how to think - just stick to making drinks Pepsi.,neutral,4,neutral,disgust_brand_backlash,https://www.youtube.com/watch?v=zFm9FRxi0ZM,57,no dominant affective cue
"I love downgrades, bravo Samsung",joy,3,positive,tech_review_mixed,https://www.youtube.com/watch?v=XkXbkxtBlwY,91,positive appreciation or humor cue
"My mom ate at a restaurant in Florida in 2011. She died from ecoli and a bacterial infection. The restaurant was shut down and on news. However, it reopened three months later after passing inspection. What was found was totally disgusting. There are so many restaurants dirty filthy roaches . Some cooks are dirty never wash hands I have not eaten out in 12 years. Today you have to even be careful with regular groceries. I get alerts on my phone daily of recalls.",disgust,1,negative,disgust_food_safety,https://www.youtube.com/watch?v=--OnclX8yac,29,food-safety disgust cue
The security is dragging him off the plane like he is a wanted criminal or something,anger,0,negative,anger_brand_crisis,https://www.youtube.com/watch?v=VrDWY6C1178,88,airline brand-crisis criticism
0:52 Who else thought this was gonna be a family show until this moment? 😂,joy,3,positive,streaming_trailer_reaction,https://www.youtube.com/watch?v=Di310WS8zLk,82,positive appreciation or humor cue
No verizon signal on Long Island,neutral,4,neutral,anger_customer_service,https://www.youtube.com/watch?v=MUo3n8QSQLE,47,no dominant affective cue
"Oh my gawd, I'm crying",sadness,5,negative,tech_brand_story,https://www.youtube.com/watch?v=nnsSUqgkDwU,71,sadness cue
ok tell me. why it is that FIVE people discuss about ONE. It's not that big of a deal.,neutral,4,neutral,disgust_brand_backlash,https://www.youtube.com/watch?v=zFm9FRxi0ZM,14,no dominant affective cue
"It looks like those typical ultra fake concepts impossible to make, but in this case it's real",neutral,4,neutral,gaming_product_launch,https://www.youtube.com/watch?v=RkC0l4iekYo,97,no dominant affective cue
"This is encouraging. I was scared they’d make the Addamses less healthy and loving. There’s a tendency to do that in shows, which is fine, but one of the things that set the Addams apart (and one of the ways they’re “weird”) is exactly how loving, caring, supportive, and healthy they are as a family. But from this, it seems like they’re keeping that. If so, there’s hope for the series",fear,2,negative,streaming_trailer_reaction,https://www.youtube.com/watch?v=Di310WS8zLk,6,fear or safety cue
THIS was the point in time were the internet really started to get weird but very funny.,joy,3,positive,classic_brand_ad,https://www.youtube.com/watch?v=owGykVbfgUE,2,positive appreciation or humor cue
"I knew about the ad, but didn't watch it fully in a full screen before I suppose. Now, after 12 years, I noticed that they were going backwards... holy cow this is amazing",joy,3,positive,automotive_brand_ad,https://www.youtube.com/watch?v=M7FIvfx5J10,55,positive appreciation or humor cue
if this guy decided to not go in the car he could start final destination,neutral,4,neutral,sadness_psa,https://www.youtube.com/watch?v=B2rFTbvwteo,22,no dominant affective cue
I'm surprised dude still out here making money?,surprise,6,neutral,sports_brand_purpose,https://www.youtube.com/watch?v=jBnseji3tBk,78,surprise cue
"This is the best anti anything ad I’ve seen, brilliantly done",joy,3,positive,sadness_psa,https://www.youtube.com/watch?v=B2rFTbvwteo,31,positive appreciation or humor cue
"Of course they're disturbing. I'm on the verge of tears. Seeing someone suffer like she still is wasn't exactly what i came looking for on youtube. She's beyond defeated, and it shows in her expression. I commend her perseverance and know that you're helping others, but now i'm really depressed.",sadness,5,negative,fear_health_warning,https://www.youtube.com/watch?v=5zWB4dLYChM,42,sadness cue
0:16 IM INNOCENT got me😂😂😂,joy,3,positive,fast_food_brand_launch,https://www.youtube.com/watch?v=chYLHu0w8z0,12,positive appreciation or humor cue
This is so bad. How can people fall for this marketing crap?,anger,0,negative,sports_brand_purpose,https://www.youtube.com/watch?v=jBnseji3tBk,87,negative criticism cue
"All that crap is terrible, because it's too new. It makes mistakes and puts in incorrect wording, in sentences.",anger,0,negative,surprise_launch_reaction,https://www.youtube.com/watch?v=4qGw9WH4Xj8,77,negative criticism cue
❤️,joy,3,positive,sports_brand_purpose,https://www.youtube.com/watch?v=jBnseji3tBk,67,positive appreciation or humor cue
"One of my heroes. As someone with a lot of smokers in my family, I have to say I will never even touch tobacco in my life. 😭",fear,2,negative,fear_health_warning,https://www.youtube.com/watch?v=5zWB4dLYChM,43,health-warning fear cue
So now downgrading counts as a innovative,neutral,4,neutral,tech_review_mixed,https://www.youtube.com/watch?v=XkXbkxtBlwY,26,no dominant affective cue
Gemini is the best,joy,3,positive,surprise_launch_reaction,https://www.youtube.com/watch?v=4qGw9WH4Xj8,25,positive appreciation or humor cue
"My sister is a fine dining chef & she said... ""If people knew what goes on in kitchens, they would NEVER go out to eat ..""",disgust,1,negative,disgust_food_safety,https://www.youtube.com/watch?v=--OnclX8yac,9,food-safety disgust cue
This is an incredible PSA,joy,3,positive,sadness_psa,https://www.youtube.com/watch?v=B2rFTbvwteo,32,positive appreciation or humor cue
This actually scared the living shit outta ne,fear,2,negative,surprise_product_fail,https://www.youtube.com/watch?v=8H6jz30Im_Y,15,fear or safety cue
"The way he becomes all shiny and ""real"" once it shows him in the chair is a great contrast from his fluffy counterpart",joy,3,positive,fast_food_brand_launch,https://www.youtube.com/watch?v=chYLHu0w8z0,27,positive appreciation or humor cue
I like listening to these Nike commercials before a game and while I work out. Very motivating and inspirational,joy,3,positive,brand_campaign_positive,https://www.youtube.com/watch?v=ijTwZNUBhcI,33,positive appreciation or humor cue
Hol up I'm the only one who seen this mf said drying a lamp under a heat lamps😅😅😂,disgust,1,negative,brand_crisis_negative,https://www.youtube.com/watch?v=JVxCp22WatU,53,brand-crisis hygiene or safety concern
How to shave company net earnings in 1 Minute and 49 seconds.,neutral,4,neutral,controversial_brand_purpose,https://www.youtube.com/watch?v=UYaY2Kb_PKI,99,no dominant affective cue
"my jaw dropped when i saw the sewage overflow puddled on the bathroom floor. that’s MAJOR food safety violations. that’s insanely disgusting, the bathroom is being used for sure, the door is always open, people walk in and out spreading sewage over the floors, the same floors they put the fish and beef on. the beef was put on the prep table, the same prep table where they definitely touch/ use during food prep. basically they’re spreading sewage into the food, good job!",disgust,1,negative,disgust_food_safety,https://www.youtube.com/watch?v=--OnclX8yac,33,food-safety disgust cue
8:20 - I don't think Scotty has ever reviewed a vehicle that is so bad that he got worn out complaining about it only 8 minutes into the video.,anger,0,negative,automotive_controversy,https://www.youtube.com/watch?v=ro262oyhZAI,6,controversial product criticism
the look on the dad's face at 0:47 is just heartbreaking... he knows there's nothing he could do,sadness,5,negative,sadness_psa,https://www.youtube.com/watch?v=B2rFTbvwteo,6,road-safety sadness cue
"I don’t care if she’s the boss, ceo, President of McDonald’s if no one calls her out and holds her accountable to her actions that were present with her on that day and saw, then they are all guilty of hurting the public, on top of it already being artery clogging food. 😩",disgust,1,negative,brand_crisis_negative,https://www.youtube.com/watch?v=JVxCp22WatU,43,brand-crisis hygiene or safety concern
I LOVE THIS MOVIE!!!!!!,joy,3,positive,movie_trailer_joy,https://www.youtube.com/watch?v=LEjhY15eCx0,80,positive appreciation or humor cue
I miss when Google was this good.,joy,3,positive,tech_brand_story,https://www.youtube.com/watch?v=nnsSUqgkDwU,56,positive nostalgia or emotional appreciation
"I watched this for 4 years straight in high school. 4 years straight till our last state meet. We had the goal and we had the talent to win senior year. We came up short. We got 6th. As a kid you can only feel like that was life biggest failure. To all you young kids out there, sport is just a smaller version of the game of life. You’re going to through things and are going to have to dig deep farther then you’ve ever had to. I’ve come so far as a human since high school and that was built off of never yelling uncle no matter how tired, pissed, or sad I’ve been. Finding it within yourself to keep going. You know what? You’re going to surprise yourself how far you can truly go",sadness,5,negative,brand_campaign_positive,https://www.youtube.com/watch?v=ijTwZNUBhcI,25,sadness cue
Saved this video 15 years ago. Still top 3 greatest ads ever. Brilliant!,joy,3,positive,tech_brand_story,https://www.youtube.com/watch?v=nnsSUqgkDwU,44,positive appreciation or humor cue
Watching this movie on its release day without ANY SPOILERS was one of the best experiences I had in my life.,joy,3,positive,entertainment_fandom,https://www.youtube.com/watch?v=TcMBFSGVi1c,34,positive appreciation or humor cue
Comes as doctor Leaves as patient,anger,0,negative,anger_brand_crisis,https://www.youtube.com/watch?v=VrDWY6C1178,10,airline brand-crisis criticism
Marketing Monday brought me here,neutral,4,neutral,tech_brand_story,https://www.youtube.com/watch?v=nnsSUqgkDwU,2,no dominant affective cue
"great review, can't decide between this and Pixel 9 Pro",joy,3,positive,tech_review_mixed,https://www.youtube.com/watch?v=XkXbkxtBlwY,86,positive appreciation or humor cue
i literally get chills from this video,joy,3,positive,brand_campaign_positive,https://www.youtube.com/watch?v=ijTwZNUBhcI,98,positive appreciation or humor cue
"I was driving behind a Cyber truck yesterday and thought the same thing,that is looks like a garbage can.",anger,0,negative,automotive_controversy,https://www.youtube.com/watch?v=ro262oyhZAI,27,controversial product criticism
I gotta Note 20 and it still works amazingly,joy,3,positive,tech_review_mixed,https://www.youtube.com/watch?v=XkXbkxtBlwY,10,positive appreciation or humor cue
0:28 この一瞬で堕とされてる人たくさんいる,neutral,4,neutral,sadness_brand_story,https://www.youtube.com/watch?v=YvYGO4o334I,38,no dominant affective cue
"911,What's your emergency My phone is “BOOM”",surprise,6,negative,surprise_product_fail,https://www.youtube.com/watch?v=8H6jz30Im_Y,85,product-failure surprise cue
Taste doesnt matter in the afterlife its the full feeling thats why i just scorph everything down. But if i was thinking taste…. Hmmm… nachos and beer kind of hit me right. So wherever that is. Um. Carne asada fries and nachos with rum. That hit me right too. So its in the middle of that,sadness,5,negative,fast_food_brand,https://www.youtube.com/watch?v=79phlhutGLg,64,sadness cue
"Yup, now we need Inside Out 3",neutral,4,neutral,movie_trailer_joy,https://www.youtube.com/watch?v=LEjhY15eCx0,72,no dominant affective cue
Texting and driving is my right,neutral,4,neutral,fear_public_safety,https://www.youtube.com/watch?v=O8MQV40pOtk,92,no dominant affective cue
I worked at a Quiznos and the owners never wanted to fix anything. Our coolers broke down so the food kept going bad. There were bugs. It’s disgusting. You never know what kind of stuff goes on behind closed doors in restaurants,disgust,1,negative,disgust_food_safety,https://www.youtube.com/watch?v=--OnclX8yac,85,food-safety disgust cue
“Device may explode” -Gets help- Takes out phone to record,surprise,6,negative,surprise_product_fail,https://www.youtube.com/watch?v=8H6jz30Im_Y,52,product-failure surprise cue
Hello McDonald people,neutral,4,neutral,fast_food_brand,https://www.youtube.com/watch?v=79phlhutGLg,48,no dominant affective cue
"“Refused to leave voluntarily” ah yes, obviously the reaction to a doctor needing to get home is to knock him out and drag him off a plane",anger,0,negative,anger_brand_crisis,https://www.youtube.com/watch?v=VrDWY6C1178,72,airline brand-crisis criticism
She provided a great service with these ads. RIP terrie.,sadness,5,negative,fear_health_warning,https://www.youtube.com/watch?v=5zWB4dLYChM,65,health-warning sadness cue
"THAT RIGHT THERE IS A CODE VIOLATION,THAT WOULD SHUT THAT PLACE DOWN,DISGUSTING SHOW OF STUPIDITY",disgust,1,negative,brand_crisis_negative,https://www.youtube.com/watch?v=JVxCp22WatU,38,brand-crisis hygiene or safety concern
Sometimes you get to see how dumb some people really are,anger,0,negative,brand_crisis_negative,https://www.youtube.com/watch?v=JVxCp22WatU,64,brand-crisis criticism
You know you’re done for when the cameraman talks back,neutral,4,neutral,disgust_food_safety,https://www.youtube.com/watch?v=--OnclX8yac,5,no dominant affective cue
I am a 10 year apple Iphone user. I am starting transition to samsung products. Like the S25ULTRA and I love it,joy,3,positive,tech_review_mixed,https://www.youtube.com/watch?v=XkXbkxtBlwY,5,positive appreciation or humor cue
"as a 13year old boy using s25ultra 1tb option myself , the phone is insane",surprise,6,neutral,tech_review_mixed,https://www.youtube.com/watch?v=XkXbkxtBlwY,71,surprise cue
Holy shit this was 4 years ago??,anger,0,negative,classic_brand_ad,https://www.youtube.com/watch?v=owGykVbfgUE,30,negative criticism cue
"The way you introduced iPhone, it felt like I am watching official promo. Mind blowing",surprise,6,positive,tech_product_launch,https://www.youtube.com/watch?v=n6pqGoXWZzo,13,surprise cue
"Its not commercial, its art",neutral,4,neutral,automotive_brand_ad,https://www.youtube.com/watch?v=M7FIvfx5J10,95,no dominant affective cue
The solution is simple. Don't fucking fly united.,neutral,4,neutral,anger_brand_crisis,https://www.youtube.com/watch?v=VrDWY6C1178,69,no dominant affective cue
I swear ads like this really kept me from smoking,fear,2,negative,fear_health_warning,https://www.youtube.com/watch?v=5zWB4dLYChM,8,health-warning fear cue
so sad,sadness,5,negative,sadness_psa,https://www.youtube.com/watch?v=B2rFTbvwteo,99,sadness cue
Can you please get off the phone while you drive?,neutral,4,neutral,fear_public_safety,https://www.youtube.com/watch?v=O8MQV40pOtk,78,no dominant affective cue
“Lamp under food heat lamps” is crazy,disgust,1,negative,brand_crisis_negative,https://www.youtube.com/watch?v=JVxCp22WatU,92,brand-crisis hygiene or safety concern
"As a black woman, I don’t see my self represented here. Let inclusivity and Diversity Prevail!!!",neutral,4,neutral,beauty_campaign,https://www.youtube.com/watch?v=JNYjRmNCu9o,43,no dominant affective cue
A true hero. RIP Terrie. Hopefully she saved many lives.,sadness,5,negative,fear_health_warning,https://www.youtube.com/watch?v=5zWB4dLYChM,44,health-warning sadness cue
Thats really good since a start with fod service dashs.,joy,3,positive,fast_food_brand,https://www.youtube.com/watch?v=79phlhutGLg,10,positive appreciation or humor cue
"This is haunting, especially right before he gets shocked he cries out “my kids can’t grow up without a father please” and that one hit really hard",surprise,6,neutral,fast_food_brand_launch,https://www.youtube.com/watch?v=chYLHu0w8z0,49,surprise cue
"Why so many people are butt hurt and so sensitive. Wow is just a commercial. Everyone runs on Dunkin, its should of been a DD ad then people would b of been really offended lol. Geez, so stupid .",anger,0,negative,disgust_brand_backlash,https://www.youtube.com/watch?v=zFm9FRxi0ZM,69,brand-backlash criticism
I cannot tell you how excited I am for this cast and to see Christina Ricci in this!!!! Love when an actor hands off the character baton.,joy,3,positive,streaming_trailer_reaction,https://www.youtube.com/watch?v=Di310WS8zLk,49,positive appreciation or humor cue
"I enjoy how the truck nearly plows down the pedestrians at the end but magically slows down, despite the snowy conditions. Great stuff!",joy,3,positive,food_beverage_ad,https://www.youtube.com/watch?v=Yy6fByUmPuE,94,positive appreciation or humor cue
"Fun fact: This isnt a real warning message. However, note 7s were known to explode spontaneously. They exploded so often that they were banned from planes",surprise,6,negative,surprise_product_fail,https://www.youtube.com/watch?v=8H6jz30Im_Y,2,product-failure surprise cue
no black folks?,neutral,4,neutral,beauty_campaign,https://www.youtube.com/watch?v=JNYjRmNCu9o,57,no dominant affective cue
Blessings for the reporting ❤,joy,3,positive,disgust_food_safety,https://www.youtube.com/watch?v=--OnclX8yac,32,positive appreciation or humor cue
We should show this video to every smokers,fear,2,negative,fear_health_warning,https://www.youtube.com/watch?v=5zWB4dLYChM,56,health-warning fear cue
I can’t believe that the PS5 was released almost 6 years ago.,neutral,4,neutral,gaming_product_launch,https://www.youtube.com/watch?v=RkC0l4iekYo,32,no dominant affective cue
Lol ❤😂,joy,3,positive,surprise_launch_reaction,https://www.youtube.com/watch?v=4qGw9WH4Xj8,39,positive appreciation or humor cue
"None of my friends really understand, but I have respect for this self esteem project too! Thanks for making people aware dove 🕊",joy,3,positive,beauty_brand_campaign,https://www.youtube.com/watch?v=z2T-Rh838GA,38,positive appreciation or humor cue
McDonalds is so good I get their happy meal,joy,3,positive,fast_food_brand,https://www.youtube.com/watch?v=79phlhutGLg,45,positive appreciation or humor cue
This is relatable - how many times in life can a split second decision lead you down a track where you'd give anything to hit pause and reverse the situation but you can't.,neutral,4,neutral,sadness_psa,https://www.youtube.com/watch?v=B2rFTbvwteo,23,no dominant affective cue
1:03 so THAT'S where this comes from,neutral,4,neutral,controversial_brand_purpose,https://www.youtube.com/watch?v=UYaY2Kb_PKI,71,no dominant affective cue
"Thank you for sharing your encouraging story with us. We are glad to hear that Terrie’s ad motivated you to quit. Within 20 minutes of smoking that last cigarette your body began a series of healing changes that last for years. If you would like assistance to stay quit, please know that free resources are available by calling 1-800-QUIT-NOW or accessing Smokefree.gov. We know you can be tobacco-free for good and improve your health in the short and long term!",fear,2,negative,fear_health_warning,https://www.youtube.com/watch?v=5zWB4dLYChM,90,health-warning fear cue
"I just love chatting with Grok to get answers on all kinds of things. And if I catch it making a mistake, I tell it. Grok will double check the facts, and apologizes and corrects itself. Over time…it makes less and less mistakes. Grok is simply amazing….thank you Elon Musk. 👏🏼 👍🏼 😃",joy,3,positive,surprise_launch_reaction,https://www.youtube.com/watch?v=4qGw9WH4Xj8,9,positive appreciation or humor cue
No one talking about the f'd up title?? 😂😂😂,joy,3,positive,brand_crisis_negative,https://www.youtube.com/watch?v=JVxCp22WatU,76,positive appreciation or humor cue
"""Wow this commercial made me realize that I'm a misogynist! I'm going to buy more Gillette!"" Said no sane person ever lol",surprise,6,neutral,controversial_brand_purpose,https://www.youtube.com/watch?v=UYaY2Kb_PKI,16,surprise cue
The animation looks absolutely astonishing,neutral,4,neutral,fast_food_brand_launch,https://www.youtube.com/watch?v=chYLHu0w8z0,19,no dominant affective cue
"thank you for this. Im 20 and i wish i never touched social media, its like a drug.",joy,3,positive,beauty_brand_campaign,https://www.youtube.com/watch?v=z2T-Rh838GA,17,positive appreciation or humor cue
Way more we can’t report because service is down 😂,joy,3,positive,anger_customer_service,https://www.youtube.com/watch?v=MUo3n8QSQLE,23,positive appreciation or humor cue
"When I was 13 and I posted a photo on Instagram where I was without makeup, girls and even boys laughed at me because I had acne, thick eyebrows and a big nose. After that, I began to makeup a lot and process photos, and then everyone immediately began to write that I had become so prettier and, in general, I had a model face. But my face was absolutely the same. Now I am 20 and I, despite the fact that I still sometimes makeup for different looks, I fell in love with myself for who I am and now I calmly go out into the street without makeup without being ashamed of it. Girls, we know we are beautiful! 💕 And if someone tells you that you are ugly, then most likely they themselves are hiding behind thousands of filters and layers of makeup, or just toxic people.",joy,3,positive,beauty_brand_campaign,https://www.youtube.com/watch?v=z2T-Rh838GA,52,positive appreciation or humor cue
"One year ago this trailer is out... I remember how i was excited for the sequel to come out and well... Thank you Pixar for this absolute classic. This is another movie since original that made my cry, and i could talk for hours about why I love this universe. I cannot wait for third part and once again. Thank you Pixar for gave us a masterful of sequel",joy,3,positive,movie_trailer_joy,https://www.youtube.com/watch?v=LEjhY15eCx0,32,positive nostalgia or emotional appreciation
Central Florida is out 3:52 PM,neutral,4,neutral,anger_customer_service,https://www.youtube.com/watch?v=MUo3n8QSQLE,42,no dominant affective cue
"No one is going to a buffet expecting cleanliness. As long as it taste good, I'm in and all for it",disgust,1,negative,disgust_food_safety,https://www.youtube.com/watch?v=--OnclX8yac,36,food-safety disgust cue
Imagine the moment when the person found out about this just after eating at that place 💀,neutral,4,neutral,disgust_food_safety,https://www.youtube.com/watch?v=--OnclX8yac,76,no dominant affective cue
UNITED AIRLINES BATTLE ROYALE. Last man standing wins,anger,0,negative,anger_brand_crisis,https://www.youtube.com/watch?v=VrDWY6C1178,53,airline brand-crisis criticism
Duolingo is more advanced than my language teacher💀,neutral,4,neutral,app_brand_campaign,https://www.youtube.com/watch?v=Ew4kM1FmM8o,24,no dominant affective cue
My mom: What did it cost you? Me: *Everything*,neutral,4,neutral,gaming_product_launch,https://www.youtube.com/watch?v=RkC0l4iekYo,61,no dominant affective cue
"I can’t tell if this Grimace got shaved or melted into its own drink. Either way, perfect fit for the McDonald’s monitor! Seriously dude you’re a crazy talent.",joy,3,positive,fast_food_brand_launch,https://www.youtube.com/watch?v=chYLHu0w8z0,6,positive appreciation or humor cue
"Fun fact: This ad was filmed on a road that led to my childhood home. It was the road where the first car pulled out. That road, if you followed it, would lead to where i lived until i was 13 and had to leave.",joy,3,positive,sadness_psa,https://www.youtube.com/watch?v=B2rFTbvwteo,37,positive appreciation or humor cue
6 years old Can't believe it,surprise,6,neutral,gaming_product_launch,https://www.youtube.com/watch?v=RkC0l4iekYo,52,surprise cue
"I love how Riley's mom doesn't have those extra emotions, meaning she grew out of them and she's comfortable showing her basic emotions without overthinking stuff.",joy,3,positive,movie_trailer_joy,https://www.youtube.com/watch?v=LEjhY15eCx0,9,positive appreciation or humor cue
"This disgusted me to the core, and let us make more people know how disgusting this airline is.",disgust,1,negative,anger_brand_crisis,https://www.youtube.com/watch?v=VrDWY6C1178,48,brand-crisis disgust cue
"Im an adult who struggles with anxiety and even tho i consider myself quite emotionally intelligent and aware of my emotions, this movie was quite thought provoking, very eye-opening and so very well put and represented!! And funny at the same time, but also deep, wish i had seen this movie younger.... i cried so much watching this and this younger generation of kids are blessed to grow up with movies about emotions ❤🙏",joy,3,positive,movie_trailer_joy,https://www.youtube.com/watch?v=LEjhY15eCx0,28,movie character reference with positive trailer context
i hate social media! yall are unique in every way! god make you that way dont forget!,anger,0,negative,beauty_brand_campaign,https://www.youtube.com/watch?v=z2T-Rh838GA,62,negative criticism cue
As a retired waitress this absolutely disgusted me. In this day and age those violations are owners trying to buck the system. Anyone knows these violations could shut you down immediately. Shame on the owners. I've quit jobs for fewer violations than this restaurant has.,disgust,1,negative,disgust_food_safety,https://www.youtube.com/watch?v=--OnclX8yac,79,food-safety disgust cue
"The worst things are usually the soda machines and tea dispensers, they are rarely cleaned properly and have alot of gunk build up. Also fryers and grills are bot cleaned properly very often, as anyone whose ever had to clean a grease trap before in their life knows, its insanely disgusting and dirty work, and most employees will 100% avoid it until they are forced to clean it.",disgust,1,negative,disgust_food_safety,https://www.youtube.com/watch?v=--OnclX8yac,81,disgust cue
"People are annoying, you're taking this too literally. It's obviously a metaphor for peace and whatnot, paired with the music I felt at ease watching this. But nooooo you have to get triggered at something. I actually had to read an article to wonder how it was bad, if that is the case then you're getting annoyed over nothing. My only wonder is if the cop getting the pepsi is danny from teen wolf.",neutral,4,neutral,disgust_brand_backlash,https://www.youtube.com/watch?v=zFm9FRxi0ZM,86,no dominant affective cue
"That Department that allowed this restaurant to continue, is corrupt !!",neutral,4,neutral,disgust_food_safety,https://www.youtube.com/watch?v=--OnclX8yac,97,no dominant affective cue
this is way better than that new gemini ad,joy,3,positive,tech_brand_story,https://www.youtube.com/watch?v=nnsSUqgkDwU,36,positive appreciation or humor cue
Over Booked is different from over-seated. And the guy is on board already. The one who's going to occupy his seat should have been waiting for next flight. I'm not sure if it's the case in American law. But it does not make sense to me that the one who waiting for next have right to take the seat from someone already taken. And the last word I want to ask can I say some dirty words to UA and his shamed CEO?,disgust,1,negative,anger_brand_crisis,https://www.youtube.com/watch?v=VrDWY6C1178,91,disgust cue
You're right YouTube algorithm. Today is a good day to rewatch this video.,joy,3,positive,automotive_brand_ad,https://www.youtube.com/watch?v=M7FIvfx5J10,28,positive appreciation or humor cue
It was lovely seeing Catherine Zeta Jones after a while... She needs to be in more stuff,joy,3,positive,streaming_trailer_reaction,https://www.youtube.com/watch?v=Di310WS8zLk,65,positive appreciation or humor cue
Anxiety suppressing the other emotions is genius. This looks incredible.,joy,3,positive,movie_trailer_joy,https://www.youtube.com/watch?v=LEjhY15eCx0,18,movie character reference with positive trailer context
It's 2026 and yet this still remains THE commercial I'd look up online.,neutral,4,neutral,automotive_brand_ad,https://www.youtube.com/watch?v=M7FIvfx5J10,16,no dominant affective cue
"It'll probably come out a few months from now, just like it did last time, but China or Russia most likely hacked the Verizon system. Those two countries are sweating right now because of trump's action in Venezuela. It was a major blow to them, so maybe this is retaliation.",sadness,5,negative,anger_customer_service,https://www.youtube.com/watch?v=MUo3n8QSQLE,34,sadness cue
JW Jefferson Ward,neutral,4,neutral,surprise_launch_reaction,https://www.youtube.com/watch?v=4qGw9WH4Xj8,89,no dominant affective cue
"I think this is actually the best commercial I've seen in my life and, quite probably, the best commercial ever. Whoever came up with this idea should get an award or something. Jesus!",joy,3,positive,automotive_brand_ad,https://www.youtube.com/watch?v=M7FIvfx5J10,89,positive appreciation or humor cue
“When in doubt beat the passenger out”-United Airlines,anger,0,negative,anger_brand_crisis,https://www.youtube.com/watch?v=VrDWY6C1178,20,airline brand-crisis criticism
Here because of Atrioc the coffee cow,neutral,4,neutral,tech_brand_story,https://www.youtube.com/watch?v=nnsSUqgkDwU,1,no dominant affective cue
Been a chef for over 30 years. I have never seen a kitchen that bad. I've seen some scary things that have made me walk right out. This tops all of them.,disgust,1,negative,disgust_food_safety,https://www.youtube.com/watch?v=--OnclX8yac,26,food-safety disgust cue
Great intro..it was just like an apple production,joy,3,positive,tech_product_launch,https://www.youtube.com/watch?v=n6pqGoXWZzo,20,positive appreciation or humor cue
"Terrie Hall, the woman in this commercial, just passed away from cancer. She was 53 years old. Many of my friends are in their 20s, and they smoke. They say it helps them feel energized, keeps them skinny, gives them something to do. When I watch the suffering Terrie went through, it hurts to know this may be the future for the people I love. Thank you Terrie, for being brave enough to show the tragic reality of smoking.",sadness,5,negative,fear_health_warning,https://www.youtube.com/watch?v=5zWB4dLYChM,98,health-warning sadness cue
For a meme this guy did amazing with the voice😂,joy,3,positive,fast_food_brand_launch,https://www.youtube.com/watch?v=chYLHu0w8z0,32,positive appreciation or humor cue
Oscar winning ad,neutral,4,neutral,automotive_brand_ad,https://www.youtube.com/watch?v=M7FIvfx5J10,71,no dominant affective cue
wonder how much of an upgrade this would feel from my note20ultra5g exynos phone,neutral,4,neutral,tech_review_mixed,https://www.youtube.com/watch?v=XkXbkxtBlwY,35,no dominant affective cue
"I’ve been saying for years, Christina Ricci should reprise this role, in a movie about Wednesday grown up and living in the modern world as a woman... would be brilliant..",joy,3,positive,streaming_trailer_reaction,https://www.youtube.com/watch?v=Di310WS8zLk,73,positive appreciation or humor cue
I have yet to honor the creators of Duolingo by making masterpieces of their characters on some of my project objects to give to them as gifts. What if the characters wore different clothes?,joy,3,positive,app_brand_campaign,https://www.youtube.com/watch?v=Ew4kM1FmM8o,72,positive appreciation or humor cue
"""KABOOM?"" ""yes we're gay, Kaboom"" (KABOOM)",surprise,6,negative,surprise_product_fail,https://www.youtube.com/watch?v=8H6jz30Im_Y,87,product-failure surprise cue
the ending is so unexpected,surprise,6,neutral,sadness_psa,https://www.youtube.com/watch?v=B2rFTbvwteo,83,surprise cue
Ps5 designers: how many curves do you want? Sony: YES,neutral,4,neutral,gaming_product_launch,https://www.youtube.com/watch?v=RkC0l4iekYo,77,no dominant affective cue
0:10 Dinner,neutral,4,neutral,fast_food_brand_launch,https://www.youtube.com/watch?v=chYLHu0w8z0,8,no dominant affective cue
"Apologies, Apologies. That still doesn't help the fact that you FREAKIN DRAGGED AN INNOCENT DOCTOR OFF OF THE PLANE! Guys, fly different, not safe.",anger,0,negative,anger_brand_crisis,https://www.youtube.com/watch?v=VrDWY6C1178,42,airline brand-crisis criticism
#Pepsilivesmatter,neutral,4,neutral,disgust_brand_backlash,https://www.youtube.com/watch?v=zFm9FRxi0ZM,77,no dominant affective cue
People aren’t getting the ad. The point is that OTHER people can make mistakes (dad pulled out too early) but you can react to those mistakes better if you slowed down and weren’t speeding (the business man).,joy,3,positive,sadness_psa,https://www.youtube.com/watch?v=B2rFTbvwteo,17,positive appreciation or humor cue
"Years ago, my mom was in a car crash when another driver slammed into her minivan when making a bad turn, I'm very my mom survived and she wasn't hurt",fear,2,negative,fear_public_safety,https://www.youtube.com/watch?v=O8MQV40pOtk,22,road-safety fear cue
"As someone who has worked in restaurants for 5+ years, when we close the kitchen at 10pm its because we have to do 2 hours of cleaning after the kitchen closes. Please dont beg us to fry up some dinner at 9:55pm. Working in restaurants is long and hard",disgust,1,negative,disgust_food_safety,https://www.youtube.com/watch?v=--OnclX8yac,86,food-safety disgust cue
"Breaking news would be , there's no violations at a Chinese buffet 😂...",disgust,1,negative,disgust_food_safety,https://www.youtube.com/watch?v=--OnclX8yac,28,food-safety disgust cue
McDonald’s is a health risk.,disgust,1,negative,brand_crisis_negative,https://www.youtube.com/watch?v=JVxCp22WatU,46,brand-crisis hygiene or safety concern
"911: ""911, what is your emergency??"" The call: [phone explodes]",surprise,6,negative,surprise_product_fail,https://www.youtube.com/watch?v=8H6jz30Im_Y,80,product-failure surprise cue
Is no one gonna talk about how the barabubapu just sounds lame,anger,0,negative,fast_food_brand,https://www.youtube.com/watch?v=79phlhutGLg,12,negative criticism cue
Came from Atrioc's vid. Just wow.,surprise,6,neutral,tech_brand_story,https://www.youtube.com/watch?v=nnsSUqgkDwU,70,surprise cue
This vid is outdated now,neutral,4,neutral,surprise_launch_reaction,https://www.youtube.com/watch?v=4qGw9WH4Xj8,86,no dominant affective cue
"Wow, this made me cry.",sadness,5,negative,sadness_psa,https://www.youtube.com/watch?v=B2rFTbvwteo,48,road-safety sadness cue
Yayyyyy!!!,neutral,4,neutral,fear_public_safety,https://www.youtube.com/watch?v=O8MQV40pOtk,61,no dominant affective cue
"After 25 yrs of smoking....I quit the very DAY I saw this commercial. I had seen every stop smoking ad, I'd participated in 2 focus groups regarding those ads. This woman....this commercial....stopped me in my tracks. It's been 3.5 yrs, THANK YOU SO MUCH!",fear,2,negative,fear_health_warning,https://www.youtube.com/watch?v=5zWB4dLYChM,29,health-warning fear cue
"Avatar to Titanic: ""We're in the Endgame now""",neutral,4,neutral,entertainment_fandom,https://www.youtube.com/watch?v=TcMBFSGVi1c,75,no dominant affective cue
日本にもこんなCMが必要だと思う。怖さを忘れている人が多すぎる。,neutral,4,neutral,sadness_psa,https://www.youtube.com/watch?v=B2rFTbvwteo,55,no dominant affective cue
pepsi's intent was to make it a 'controversy'...controversy sells...they've done it before...this isn't new...they'll do it again...i'm not buying pepsi solely based on this ad eg: michael jackson and madonna had pepsi 'controversies'...tho' why they used that jenner chick this time around is beyond me...this is the first time i've seen her in action...yuck...i turned off the tv in the 80's and gave it away in the '90's because i no longer wished to see how stupid the powers that be think we are...you can keep your subliminal messages to yourselves,anger,0,negative,disgust_brand_backlash,https://www.youtube.com/watch?v=zFm9FRxi0ZM,72,negative criticism cue
Nike is short for Nichael,neutral,4,neutral,sports_brand_purpose,https://www.youtube.com/watch?v=jBnseji3tBk,48,no dominant affective cue
"""911 what is your emergency?"" ""Oh No Samsung Is Overheating""",surprise,6,negative,surprise_product_fail,https://www.youtube.com/watch?v=8H6jz30Im_Y,20,product-failure surprise cue
Verizon better give their customer an entire month or two of free service because what the heck,anger,0,negative,anger_customer_service,https://www.youtube.com/watch?v=MUo3n8QSQLE,7,customer-service outage criticism
Thank your mom when she says “ We got food at home “,disgust,1,negative,disgust_food_safety,https://www.youtube.com/watch?v=--OnclX8yac,14,food-safety disgust cue
There's an awful lot of them in Southern California.,anger,0,negative,automotive_controversy,https://www.youtube.com/watch?v=ro262oyhZAI,81,negative criticism cue
"The voice acting was absolutely terrifying, amazing job",joy,3,positive,fast_food_brand_launch,https://www.youtube.com/watch?v=chYLHu0w8z0,31,positive appreciation or humor cue
Recommending this 8 years later is crazy work,surprise,6,neutral,disgust_food_safety,https://www.youtube.com/watch?v=--OnclX8yac,84,surprise cue
Finally a show that has a great eerie feel to it. Need more shows like this,joy,3,positive,streaming_trailer_reaction,https://www.youtube.com/watch?v=Di310WS8zLk,15,positive appreciation or humor cue
I’m Bay Area and with SOS since 0830. It’s been over 5 hours,neutral,4,neutral,anger_customer_service,https://www.youtube.com/watch?v=MUo3n8QSQLE,87,no dominant affective cue
"The reason for such situations is that putting the phone in the freezer to cool it down will cause the phone to suddenly cool down and break the layer inside the battery and release gas, and this can cause explosions or acid can pass to the meat in the fridge, and there is also a risk of poisoning and death. If you want to hold on to life, do not buy a Note 7, do not panic if you see a screen like this, the phone will not explode, it will shut down and release battery gas. Do not call 911, hang up the phone, you will get more tired while talking and it will not end well 😅",surprise,6,negative,surprise_product_fail,https://www.youtube.com/watch?v=8H6jz30Im_Y,97,product-failure surprise cue
"Envy, Ennui, and Embarrassment's designs are really interesting. Envy is a child, Ennui as an emo, and Embarrassment is a big guy that shy.",joy,3,positive,movie_trailer_joy,https://www.youtube.com/watch?v=LEjhY15eCx0,25,movie character reference with positive trailer context
"This is a perfect example of how you do a teaser trailer. You’re not getting a synopsis or plot of the the entire series, but it perfectly gives you a setting and a vibe. That’s a teaser!!!",joy,3,positive,streaming_trailer_reaction,https://www.youtube.com/watch?v=Di310WS8zLk,2,positive appreciation or humor cue
"I love how the older emotions are just, not, used to being ""older."" The newer ones react more throughout their choices. ""Riley's life needs more sophisticated emotions then all of you,"" is just perfect",joy,3,positive,movie_trailer_joy,https://www.youtube.com/watch?v=LEjhY15eCx0,7,positive appreciation or humor cue
"This all says something, what is it?",neutral,4,neutral,disgust_brand_backlash,https://www.youtube.com/watch?v=zFm9FRxi0ZM,19,no dominant affective cue
"I'm currently in French , section 2 , unit 22 and shocked to see that i had to do this. Initially i thought this was for some VIPs.",surprise,6,neutral,app_brand_campaign,https://www.youtube.com/watch?v=Ew4kM1FmM8o,77,surprise cue
This commercial is still the best commercial ever made.,joy,3,positive,classic_brand_ad,https://www.youtube.com/watch?v=owGykVbfgUE,9,positive appreciation or humor cue
"If anyone thinks you will be definitely able to count on your cell phone in an emergency, you’re mistaken.",anger,0,negative,anger_customer_service,https://www.youtube.com/watch?v=MUo3n8QSQLE,9,customer-service outage criticism
"For some reason i enjoy grimace’s begging and screaming in pain when gets shocked, i find it amusing.",surprise,6,neutral,fast_food_brand_launch,https://www.youtube.com/watch?v=chYLHu0w8z0,55,surprise cue
Drive safe 😭😭😭. I cried watching this ad about road safety 😭😭😭😭. Please Guy's drive safe remember that there's someone waiting for you at home if you don't have anyone remember there's someone waiting for you in future please drive safe😭😭😭😭,sadness,5,negative,sadness_psa,https://www.youtube.com/watch?v=B2rFTbvwteo,44,road-safety sadness cue
This woman is an inspiration. She may have lost her battle with cancer but not before baring her soul & going naked before the world. I saw this ad only a few times before I saw the light & quit smoking. It has been almost 3 year since I quit & I have this woman to thank for that. I hope she has touched many more people with her message about smoking.,sadness,5,negative,fear_health_warning,https://www.youtube.com/watch?v=5zWB4dLYChM,35,health-warning sadness cue
im watching this for entertainment. what am i doing with my life,neutral,4,neutral,fear_public_safety,https://www.youtube.com/watch?v=O8MQV40pOtk,24,no dominant affective cue
"RIP Terrie, you bravery to share your story helped inspire many smokers to finally quit. Good job.",sadness,5,negative,fear_health_warning,https://www.youtube.com/watch?v=5zWB4dLYChM,50,health-warning sadness cue
"new zealand ads hit different...the tones, the voice. the everything.. you could almost take it for being real. like the guy telling his dead mate to stop looking at him..that add hits hard too",sadness,5,negative,sadness_psa,https://www.youtube.com/watch?v=B2rFTbvwteo,27,sadness cue
Thousands?? You mean millions,anger,0,negative,anger_customer_service,https://www.youtube.com/watch?v=MUo3n8QSQLE,8,customer-service outage criticism
The fact that they didn’t even properly assemble the panels is wild,surprise,6,neutral,automotive_controversy,https://www.youtube.com/watch?v=ro262oyhZAI,7,surprise cue
The regret on that fathers face :(,sadness,5,negative,sadness_psa,https://www.youtube.com/watch?v=B2rFTbvwteo,8,road-safety sadness cue
"It’s crazy to think that if Endgame was released this year, we wouldn’t have been able to see it due to coronavirus.",surprise,6,positive,entertainment_fandom,https://www.youtube.com/watch?v=TcMBFSGVi1c,62,surprise cue
I actually thought this was a parody of SJW's. lol,neutral,4,neutral,disgust_brand_backlash,https://www.youtube.com/watch?v=zFm9FRxi0ZM,9,no dominant affective cue
ChatGPT 🤮 Grok 😃 Gemini 🗣️🔥,disgust,1,negative,surprise_launch_reaction,https://www.youtube.com/watch?v=4qGw9WH4Xj8,76,disgust cue
"So it has to look unintentional, right😜🤑",neutral,4,neutral,sadness_brand_story,https://www.youtube.com/watch?v=YvYGO4o334I,65,no dominant affective cue
Unless this video was sent to the local health board it is useless.,disgust,1,negative,brand_crisis_negative,https://www.youtube.com/watch?v=JVxCp22WatU,89,brand-crisis hygiene or safety concern
The list of violations was longer than their menu,disgust,1,negative,disgust_food_safety,https://www.youtube.com/watch?v=--OnclX8yac,2,food-safety disgust cue
"i dont know how to stop my dad from smoking, please help ;(",fear,2,negative,fear_health_warning,https://www.youtube.com/watch?v=5zWB4dLYChM,100,health-warning fear cue
Bruce.,neutral,4,neutral,surprise_launch_reaction,https://www.youtube.com/watch?v=4qGw9WH4Xj8,28,no dominant affective cue
Thank you duolingo,joy,3,positive,app_brand_campaign,https://www.youtube.com/watch?v=Ew4kM1FmM8o,13,positive appreciation or humor cue
Looks like that manager didn't pass the food safety test... 🤮,disgust,1,negative,brand_crisis_negative,https://www.youtube.com/watch?v=JVxCp22WatU,82,brand-crisis hygiene or safety concern
Everyone: So what's the price? Sony: Yes.,neutral,4,neutral,gaming_product_launch,https://www.youtube.com/watch?v=RkC0l4iekYo,49,no dominant affective cue
""" You cant just bottle us up!"" Well good to know Joy still has her development from the first movie XD.",joy,3,positive,movie_trailer_joy,https://www.youtube.com/watch?v=LEjhY15eCx0,30,positive appreciation or humor cue
That’s a bloody good ad,joy,3,positive,sadness_psa,https://www.youtube.com/watch?v=B2rFTbvwteo,36,positive appreciation or humor cue
real beauty is found within,neutral,4,neutral,beauty_campaign,https://www.youtube.com/watch?v=JNYjRmNCu9o,34,no dominant affective cue
Oh you can afford animators.,neutral,4,neutral,food_beverage_ad,https://www.youtube.com/watch?v=Yy6fByUmPuE,65,no dominant affective cue
I learned a lot from this video,neutral,4,neutral,sadness_psa,https://www.youtube.com/watch?v=B2rFTbvwteo,64,no dominant affective cue
I've never eaten better fries.,joy,3,positive,fast_food_brand,https://www.youtube.com/watch?v=79phlhutGLg,33,positive appreciation or humor cue
"This ad touched my heart in an insanely way , It was well-thought and produced. I wish so badly that all the girls left behind those worries about their bodies and understand that we are not diminished to our physical images , we are beyond that. I wish I could go back and time and tell to my younger inner self not to concern about it . The problem is getting out of hand but is our duty to have the self steem talk.",surprise,6,neutral,beauty_brand_campaign,https://www.youtube.com/watch?v=z2T-Rh838GA,24,surprise cue
Bro is zesty 😂,joy,3,positive,fast_food_brand,https://www.youtube.com/watch?v=79phlhutGLg,6,positive appreciation or humor cue
Why did I feel like almost crying?,sadness,5,negative,fast_food_brand_launch,https://www.youtube.com/watch?v=chYLHu0w8z0,87,sadness cue
"""I find that very offensive because my mother died in a car crash last year and the noise it made was no laughing matter"" - Caddicarus, The Horrible World of Kinect Games",sadness,5,negative,fear_public_safety,https://www.youtube.com/watch?v=O8MQV40pOtk,17,road-safety sadness cue
"Iron Man: ""gosh it seems like a thousand years ago"" Me watching Iron Man 1 day ago",neutral,4,neutral,entertainment_fandom,https://www.youtube.com/watch?v=TcMBFSGVi1c,6,no dominant affective cue
That was super scary tbh,fear,2,negative,sadness_psa,https://www.youtube.com/watch?v=B2rFTbvwteo,78,fear or safety cue
The one person who disliked this video worked for Adidas lol.,neutral,4,neutral,brand_campaign_positive,https://www.youtube.com/watch?v=ijTwZNUBhcI,60,no dominant affective cue
"The stupidest thing, how Pepsi's trying to make believe they'd give brandnew pair of jeans and even shoes with a can",anger,0,negative,disgust_brand_backlash,https://www.youtube.com/watch?v=zFm9FRxi0ZM,68,negative criticism cue
"Duolingo is indeed getting better, thank you.",joy,3,positive,app_brand_campaign,https://www.youtube.com/watch?v=Ew4kM1FmM8o,26,positive appreciation or humor cue
I love that u say “our girls” 🤧,joy,3,positive,beauty_brand_campaign,https://www.youtube.com/watch?v=z2T-Rh838GA,68,positive appreciation or humor cue
I love how the photo of this China Buffet in the strip mall could be almost any town in America lmao,disgust,1,negative,disgust_food_safety,https://www.youtube.com/watch?v=--OnclX8yac,93,food-safety disgust cue
"I worked as a health inspector for 20+ years and the most violations a restaurant had was around 60. 110 violations is legitimately not possible, how could they let their restaurant get that bad?",disgust,1,negative,disgust_food_safety,https://www.youtube.com/watch?v=--OnclX8yac,18,food-safety disgust cue
"Worked in a resteraunt that had an open door policy. Basically, any customer could come by any time of operating hours to pay a visit to the kitchen. They were always fastinated by the giant 50 gallon mixer in front of the door, as well as watching us work. It was the cleanest kitchen ive ever worked for. _aaaand the comments have been nuked.",disgust,1,negative,disgust_food_safety,https://www.youtube.com/watch?v=--OnclX8yac,39,food-safety disgust cue
"My fortune said ""that was not chicken!""",disgust,1,negative,disgust_food_safety,https://www.youtube.com/watch?v=--OnclX8yac,7,food-safety disgust cue
"Thanks Gillette, maybe now I can finally learn to live without raping or bullying everyone I meet. Is robbery still okay though, cause your razor blades are pretty expensive.",joy,3,positive,controversial_brand_purpose,https://www.youtube.com/watch?v=UYaY2Kb_PKI,14,positive appreciation or humor cue
This was almost as good as Using promocode bricky for 10% lootcrate,joy,3,positive,tech_brand_story,https://www.youtube.com/watch?v=nnsSUqgkDwU,95,positive appreciation or humor cue
The iPhone X design is still amazing till this day,joy,3,positive,tech_product_launch,https://www.youtube.com/watch?v=n6pqGoXWZzo,50,positive appreciation or humor cue
"I consider myself a liberal and support BLM to some extent. But honesty this is ridiculous. Why are you upset? Pepsi literally tried to appeal to everyone in that commercial. So what if you see her handing a soft drink to a police officer, is that an inherently bad thing? Are all police bad? If you believe the answer is yes then I can't help you and will argue no further.",neutral,4,neutral,disgust_brand_backlash,https://www.youtube.com/watch?v=zFm9FRxi0ZM,87,no dominant affective cue
POV at the truck: why can’t I see. oh I find someone to help me- *le crash*,fear,2,negative,fear_public_safety,https://www.youtube.com/watch?v=O8MQV40pOtk,95,road-safety fear cue
"It makes me cry... thinking about my daughter, and myself to be honest. Just sad. I do hope things/perspective/influence will change...",sadness,5,negative,beauty_brand_campaign,https://www.youtube.com/watch?v=z2T-Rh838GA,91,sadness cue
Stupid Pepsi Ad,anger,0,negative,disgust_brand_backlash,https://www.youtube.com/watch?v=zFm9FRxi0ZM,30,negative criticism cue
An still you do this Generation of no common sense texting and driving is worst than drinking an driving Mythbusters proved that and people are worst now.,anger,0,negative,fear_public_safety,https://www.youtube.com/watch?v=O8MQV40pOtk,90,negative criticism cue
"McDonald’s see more ways to make money 💵 McDonald’s, Visa, McDonald’s, secure card",neutral,4,neutral,fast_food_brand,https://www.youtube.com/watch?v=79phlhutGLg,78,no dominant affective cue
I'll get coffee next time sorry,neutral,4,neutral,fast_food_brand,https://www.youtube.com/watch?v=79phlhutGLg,61,no dominant affective cue
"""911 My Emergency?"" ""BOOM!""",surprise,6,negative,surprise_product_fail,https://www.youtube.com/watch?v=8H6jz30Im_Y,27,product-failure surprise cue
"I remember seeing this commercial in my 20s and it stuck with me as it would always make me think about my own future wife and child. Fast for more than a decade later, and my son was born this year. Crazy how life takes you through its twists and turns.",surprise,6,neutral,tech_brand_story,https://www.youtube.com/watch?v=nnsSUqgkDwU,9,surprise cue
Video so clean that I realized how dirty my phone screen is,disgust,1,negative,gaming_product_launch,https://www.youtube.com/watch?v=RkC0l4iekYo,45,disgust cue
"This is the perfect representation of a teen going through puberty. the fact that their emotions are all over the place (literally) as well as their emotions being bottled up, causing them to feel more anxiety, and depression, rather than their usual self. puberty sucks, and it's fun seeing it turned into a physical representation. Edit: for people who are saying ""thanks for stating the obvious"" i KNOW i am stating the obvious, i am just pointing out my respect for it. calm down.",joy,3,positive,movie_trailer_joy,https://www.youtube.com/watch?v=LEjhY15eCx0,5,movie character reference with positive trailer context
"The only time when your Mom says, ""It's because of the stupid phone."" Is actually the cause of the problem",anger,0,negative,fear_public_safety,https://www.youtube.com/watch?v=O8MQV40pOtk,2,negative criticism cue
"“Riley’s life requires more sophisticated emotions than all of you,” says Anxiety speaking to Joy. That was a crazy bar if I ever heard one. I feel growing up made it harder to just be joyous/happy with nothing else.",joy,3,positive,movie_trailer_joy,https://www.youtube.com/watch?v=LEjhY15eCx0,20,movie character reference with positive trailer context
i want terry to make an updated morning routine omg!!!!,neutral,4,neutral,fear_health_warning,https://www.youtube.com/watch?v=5zWB4dLYChM,86,no dominant affective cue
HELLO LUKE GARROWAY,neutral,4,neutral,classic_brand_ad,https://www.youtube.com/watch?v=owGykVbfgUE,52,no dominant affective cue
This ad makes me cry,sadness,5,negative,tech_brand_story,https://www.youtube.com/watch?v=nnsSUqgkDwU,72,sadness cue
I didn’t even think there was 110 potential violations you could find😱,disgust,1,negative,disgust_food_safety,https://www.youtube.com/watch?v=--OnclX8yac,4,food-safety disgust cue
I wanna give props to this company for actually making me watch the whole thing and it was worth it lol...,neutral,4,neutral,sadness_brand_story,https://www.youtube.com/watch?v=YvYGO4o334I,24,no dominant affective cue
I can't believe this is even news,surprise,6,neutral,disgust_brand_backlash,https://www.youtube.com/watch?v=zFm9FRxi0ZM,7,surprise cue
I'm so sorry for u hope you can do more stuff😘😭,neutral,4,neutral,fear_health_warning,https://www.youtube.com/watch?v=5zWB4dLYChM,93,no dominant affective cue
"I've worked in several food service positions at fast food places, grocery stores, diners and such and while there is certainly a wide range of cleanliness I found based on management and staff, but what they all had in common is a BIG cleaning shift just prior to inspections. They really should be random sometimes.",disgust,1,negative,disgust_food_safety,https://www.youtube.com/watch?v=--OnclX8yac,74,food-safety disgust cue
"As an insured patriarch, I think this ad is brilliant. I think it successfully achieves the sought-after Addams Family vibe. It even has me wondering about that seemingly throwaway Socrates line and how that plays into the larger narative. Well done, Ladder.",joy,3,positive,sadness_brand_story,https://www.youtube.com/watch?v=YvYGO4o334I,15,positive appreciation or humor cue
This incident was asked as a case study as a part of crisis management in my college exams 😂,joy,3,positive,anger_brand_crisis,https://www.youtube.com/watch?v=VrDWY6C1178,92,positive appreciation or humor cue
Good job Dove,joy,3,positive,beauty_campaign,https://www.youtube.com/watch?v=JNYjRmNCu9o,33,positive appreciation or humor cue
Your voice acting is legit top notch,neutral,4,neutral,fast_food_brand_launch,https://www.youtube.com/watch?v=chYLHu0w8z0,33,no dominant affective cue
The ringtone of the phone is my phones ringtone☠️,neutral,4,neutral,surprise_product_fail,https://www.youtube.com/watch?v=8H6jz30Im_Y,44,no dominant affective cue
Seen this on Hulu ad when I was watching American Horror Story I just couldn’t believe that this was actually a commercial for a life insurance company I just had to Google them and search for this awesome commercial 🤣🤣🤣 epic that they are bluntly saying if you kill somebody for their life insurance then it would be voided 😂😂 I just love this,joy,3,positive,sadness_brand_story,https://www.youtube.com/watch?v=YvYGO4o334I,18,positive appreciation or humor cue
It still gives goosebumps after 7 years...,joy,3,positive,entertainment_fandom,https://www.youtube.com/watch?v=TcMBFSGVi1c,56,positive appreciation or humor cue
Not just any McDonald’s worker… a McDonald’s manager 😂😂😂,joy,3,positive,brand_crisis_negative,https://www.youtube.com/watch?v=JVxCp22WatU,5,positive appreciation or humor cue
She should get fired. No common sense at all.,joy,3,positive,brand_crisis_negative,https://www.youtube.com/watch?v=JVxCp22WatU,15,positive appreciation or humor cue
I cried watching this. God bless her.,sadness,5,negative,fear_health_warning,https://www.youtube.com/watch?v=5zWB4dLYChM,78,sadness cue
May I know what is the title of the song?,neutral,4,neutral,beauty_campaign,https://www.youtube.com/watch?v=JNYjRmNCu9o,55,no dominant affective cue
"1:49 Riley: I'M THE WORSTTTT *sobbing as an emotional mess* Riley's mom: ....WELP. That's a preview of the next 10 years. I gotta love Riley's mom, she _gets_ it.",joy,3,positive,movie_trailer_joy,https://www.youtube.com/watch?v=LEjhY15eCx0,87,positive appreciation or humor cue
A FUCKING BOOM 💥✋💀 Famous last words,surprise,6,negative,surprise_product_fail,https://www.youtube.com/watch?v=8H6jz30Im_Y,57,product-failure surprise cue
"That’s the most genuine fear out of a fictional character I’ve ever seen, and it came from a McDonald’s ad (whether real or not)",fear,2,negative,fast_food_brand_launch,https://www.youtube.com/watch?v=chYLHu0w8z0,44,fear or safety cue
"Awww, this commercial made me smile, and tear up a bit.",sadness,5,negative,tech_brand_story,https://www.youtube.com/watch?v=nnsSUqgkDwU,99,sadness cue
A revival of the colourful polycarbonate shell on the SE would be cool!,joy,3,positive,tech_product_launch,https://www.youtube.com/watch?v=n6pqGoXWZzo,56,positive appreciation or humor cue
In real life just sad,sadness,5,negative,fast_food_brand,https://www.youtube.com/watch?v=79phlhutGLg,100,sadness cue
Employees just walking by like it’s a normal day though 🤢🤮,disgust,1,negative,brand_crisis_negative,https://www.youtube.com/watch?v=JVxCp22WatU,18,brand-crisis hygiene or safety concern
A FUCK BOOM 🤯💥✋💀 Famous last words,surprise,6,negative,surprise_product_fail,https://www.youtube.com/watch?v=8H6jz30Im_Y,33,product-failure surprise cue
Not only is the food killing you SMDH,disgust,1,negative,brand_crisis_negative,https://www.youtube.com/watch?v=JVxCp22WatU,50,brand-crisis hygiene or safety concern
"Just saw this commercial. I applaud her for being a cancer survivor, for overcoming her addiction to smoking, and for especially for making this commercial. It broke my heart to see it. Her eyes are beautiful and so is she. Truly someone to look up to-3.",sadness,5,negative,fear_health_warning,https://www.youtube.com/watch?v=5zWB4dLYChM,28,health-warning sadness cue
"fun fact: this screen is actually made by someone, a phone of the note 7's generation couldn't/wouldn't be able to predict when it would fail/explode",surprise,6,negative,surprise_product_fail,https://www.youtube.com/watch?v=8H6jz30Im_Y,51,product-failure surprise cue
This has that Seth Rogen's Sausage Party animated movie energy and I love it.,joy,3,positive,fast_food_brand_launch,https://www.youtube.com/watch?v=chYLHu0w8z0,98,positive appreciation or humor cue
wowzers,surprise,6,neutral,fast_food_brand,https://www.youtube.com/watch?v=79phlhutGLg,72,surprise cue
This is what happens when You can’t tell the boss the design looks like $hit.,anger,0,negative,automotive_controversy,https://www.youtube.com/watch?v=ro262oyhZAI,3,controversial product criticism
Cool,joy,3,positive,fast_food_brand,https://www.youtube.com/watch?v=79phlhutGLg,79,positive appreciation or humor cue
"I'm older than Terrie and it shocks me to see how much older she looks. She has a tremendous amount of courage to go on TV and let everyone see how smoking has ravaged her body, hoping to help others. It has been over 40 years since cigarette ads were taken off of TV and the surgeon general's warning has been on cigarette packages, but I think young people just think they will quit before it hurts them, or just look at those people who manage to live a long life, in spite of their smoking.",fear,2,negative,fear_health_warning,https://www.youtube.com/watch?v=5zWB4dLYChM,71,health-warning fear cue
"I was expecting an owl when he said ""hoooo"" 😂",joy,3,positive,automotive_controversy,https://www.youtube.com/watch?v=ro262oyhZAI,61,positive appreciation or humor cue
"It's just a commercial. I understand the anger behind the obvious abuse of power some cops show/use, but this is obviously a commercial to show adversity and that peace can be easy if we let it...",anger,0,negative,disgust_brand_backlash,https://www.youtube.com/watch?v=zFm9FRxi0ZM,20,brand-backlash criticism
i'm taking the risk of going to north korean airline than this ...,neutral,4,neutral,anger_brand_crisis,https://www.youtube.com/watch?v=VrDWY6C1178,34,no dominant affective cue
Family and I point and laugh at the WEIRDOS that drive this hideous thing on the roads. 😂,joy,3,positive,automotive_controversy,https://www.youtube.com/watch?v=ro262oyhZAI,64,positive appreciation or humor cue
She is so beautiful… you changed the world Terrie. Rest in peace,sadness,5,negative,fear_health_warning,https://www.youtube.com/watch?v=5zWB4dLYChM,14,health-warning sadness cue
absolutely do not hide her face. expose this person! tampering with a foodsource is a federal offense.,disgust,1,negative,brand_crisis_negative,https://www.youtube.com/watch?v=JVxCp22WatU,16,brand-crisis hygiene or safety concern
"This isn't a Nike ad, it's the voiceover from a Versus ad over Nike footage. And the original creator of this video had it removed a few months back. He's who you should be thanking.",joy,3,positive,brand_campaign_positive,https://www.youtube.com/watch?v=ijTwZNUBhcI,29,positive appreciation or humor cue
And this is why we love Dove. Tears to my eyes and hope in my heart. Thank you for this ad. Hope it helps.,joy,3,positive,beauty_brand_campaign,https://www.youtube.com/watch?v=z2T-Rh838GA,44,positive nostalgia or emotional appreciation
"it's so sad/scary, you can see her facial reaction at the end when she says and now you're ready for the day, you can see the regret in her eyes",fear,2,negative,fear_health_warning,https://www.youtube.com/watch?v=5zWB4dLYChM,1,health-warning fear cue
Beautiful ads.,joy,3,positive,beauty_campaign,https://www.youtube.com/watch?v=JNYjRmNCu9o,41,positive appreciation or humor cue
"Truth is probably watch this thinking ""naw lets use outdated memes to get kids to stop smoking instead""",fear,2,negative,fear_health_warning,https://www.youtube.com/watch?v=5zWB4dLYChM,32,health-warning fear cue
"Thank you so much, Dove, for letting me be a part of your campaign! - Patricia",joy,3,positive,beauty_campaign,https://www.youtube.com/watch?v=JNYjRmNCu9o,7,positive appreciation or humor cue
Dude I swear explosions in the sky have always made songs where they can be played at anytime when you just lost a big game or when your warming up for it and I cried my ass off in Friday night lights,sadness,5,negative,brand_campaign_positive,https://www.youtube.com/watch?v=ijTwZNUBhcI,10,sadness cue
That's how the feed you 😂lol,joy,3,positive,brand_crisis_negative,https://www.youtube.com/watch?v=JVxCp22WatU,75,positive appreciation or humor cue
0:07 😂😂😂😂😂😂😂😂,joy,3,positive,fast_food_brand_launch,https://www.youtube.com/watch?v=chYLHu0w8z0,81,positive appreciation or humor cue
"I “worked” in a family run takeout restaurant when I was 16. They used the same utensils to handle raw meat as they did to plate the food. They also wanted to pay me cash under minimum wage 🙃 when my dad found out he told me to ghost them and find a real job, so I did. Later on found out that he considered calling the health department and the DOL about it",disgust,1,negative,disgust_food_safety,https://www.youtube.com/watch?v=--OnclX8yac,87,food-safety disgust cue
"If Gordon Ramsay was in that buffet, that will be the most insane Kitchen Nightmares episode ever.",disgust,1,negative,disgust_food_safety,https://www.youtube.com/watch?v=--OnclX8yac,3,food-safety disgust cue
KARMA IS GREAT !!,joy,3,positive,fear_public_safety,https://www.youtube.com/watch?v=O8MQV40pOtk,91,positive appreciation or humor cue
"Whoever did this teaser needs a raise, this is a masterpiece",joy,3,positive,streaming_trailer_reaction,https://www.youtube.com/watch?v=Di310WS8zLk,9,positive appreciation or humor cue
Never thought long sleeves suit on Jon very well! love the pace of this episode!,joy,3,positive,tech_product_launch,https://www.youtube.com/watch?v=n6pqGoXWZzo,94,positive appreciation or humor cue
"Night-time camera performance on all smartphones will always be less than ideal, due to the tiny sensor sizes involved. Regardless how much processing is done, it's a fact of math and physics that a tiny sensor will never take ""great"" nighttime photos - there simply isn't enough light gathering capacity, (short of doing LONG static exposures)",joy,3,positive,tech_review_mixed,https://www.youtube.com/watch?v=XkXbkxtBlwY,28,positive appreciation or humor cue
"0:57 ""Real Magic"" is a wild statement",surprise,6,neutral,food_beverage_ad,https://www.youtube.com/watch?v=Yy6fByUmPuE,96,surprise cue
Our teacher showed us this at school. Now I'm showing this to anyone I see smoking.,fear,2,negative,fear_health_warning,https://www.youtube.com/watch?v=5zWB4dLYChM,73,health-warning fear cue
"AND this shit was accurate. Therefore, his iPhone 17 pro video should also be accurate",anger,0,negative,tech_product_launch,https://www.youtube.com/watch?v=n6pqGoXWZzo,78,negative criticism cue
Sadness being drawn to Embarrassment is adorable 🫶,joy,3,positive,movie_trailer_joy,https://www.youtube.com/watch?v=LEjhY15eCx0,10,movie character reference with positive trailer context
Idiots. Y'all should find jobs instead of getting offended on every little thing,anger,0,negative,disgust_brand_backlash,https://www.youtube.com/watch?v=zFm9FRxi0ZM,91,brand-backlash criticism
110 violations yet they weren’t closed down? Sounds like the food inspector should be inspected.,disgust,1,negative,disgust_food_safety,https://www.youtube.com/watch?v=--OnclX8yac,17,food-safety disgust cue
If i were to get this and i see that i would run but in the middle of the road far from my house and then just go back and see the explosion,surprise,6,negative,surprise_product_fail,https://www.youtube.com/watch?v=8H6jz30Im_Y,65,product-failure surprise cue
'real magic' is crazy 😭🙏,surprise,6,neutral,food_beverage_ad,https://www.youtube.com/watch?v=Yy6fByUmPuE,44,surprise cue
"To quote the words of a proud Sayian warrior... “Look at your men, Now back at me, Now look back at your men, Back to me... I’m not your men, I’m flipping you off, Now look at the ground, Back to me, Where’s the Dragon Ball? It’s gone! I threw it! And there is not a dang thing you can do t-“",sadness,5,negative,classic_brand_ad,https://www.youtube.com/watch?v=owGykVbfgUE,49,sadness cue
It’s insane that the inspector didn’t just shut them down and their license revoked forever. That’s disgusting.,disgust,1,negative,disgust_food_safety,https://www.youtube.com/watch?v=--OnclX8yac,6,food-safety disgust cue
"terri i want to thank you from the bottom of my heart all of you that have done these commercials,i am a 54 year old woman who has smoked since i was 13 years old.i smoked a lot and often for 41 years then i saw the commercials and sat down and started crying even my brother dying in 2011 from lung cancer did not scare me for some reason and i was his caregiver to the end..i hope you can feel good knowing you stopped me from smoking 7 months clean thank you to all of you for my life.bless you",sadness,5,negative,fear_health_warning,https://www.youtube.com/watch?v=5zWB4dLYChM,79,health-warning sadness cue
Whoa! This video/car accident was literally brutal! I 💯% agree with the cops statement.,fear,2,negative,fear_public_safety,https://www.youtube.com/watch?v=O8MQV40pOtk,55,road-safety fear cue
IM CRYING WHYD IT JUST CUT OFF,sadness,5,negative,sadness_psa,https://www.youtube.com/watch?v=B2rFTbvwteo,96,road-safety sadness cue
I swear to god people here are extremly ignorant where every other dumbass with a licence would use their phone on useless crap while driving. It drives me crazy here!,anger,0,negative,fear_public_safety,https://www.youtube.com/watch?v=O8MQV40pOtk,79,negative criticism cue
"If she does that where EVERYONE can see, I wonder what she does when no one is looking ( while on the clock)",disgust,1,negative,brand_crisis_negative,https://www.youtube.com/watch?v=JVxCp22WatU,1,brand-crisis hygiene or safety concern
Grimace in 1971:Stole the milkshakes from the customers Grimace in 2023:Give the customers to drink his milkshake and the customers were poisoned by his milkshakes,neutral,4,neutral,fast_food_brand_launch,https://www.youtube.com/watch?v=chYLHu0w8z0,30,no dominant affective cue
😂 man this should’ve been save for the super bowl. It feels like a Super Bowl commercial.,joy,3,positive,sadness_brand_story,https://www.youtube.com/watch?v=YvYGO4o334I,5,positive appreciation or humor cue
5 minutes after the ps5 come out. “21 things you didn’t know about the ps5”,neutral,4,neutral,gaming_product_launch,https://www.youtube.com/watch?v=RkC0l4iekYo,38,no dominant affective cue
0:12 I’d hate to go through THAT!,anger,0,negative,fear_public_safety,https://www.youtube.com/watch?v=O8MQV40pOtk,41,negative criticism cue
Here once again because of Atrioc,neutral,4,neutral,tech_brand_story,https://www.youtube.com/watch?v=nnsSUqgkDwU,69,no dominant affective cue
"I’m gonna buy so much Pepsi, I don’t even drink soda but holy shit the amount of Pepsi I’m gonna buy is inhumane",anger,0,negative,food_beverage_ad,https://www.youtube.com/watch?v=Yy6fByUmPuE,100,negative criticism cue
Goddamit Luke put your shirt back on and go help Clary.,neutral,4,neutral,classic_brand_ad,https://www.youtube.com/watch?v=owGykVbfgUE,72,no dominant affective cue
damn 0:17 he sounds genuinely terrified for his life,fear,2,negative,fast_food_brand_launch,https://www.youtube.com/watch?v=chYLHu0w8z0,48,fear or safety cue
Someone: how can modern ads get beaten by a 7 years old one Me: Van Damme...,sadness,5,negative,automotive_brand_ad,https://www.youtube.com/watch?v=M7FIvfx5J10,38,sadness cue
"I can't believe she died, youd think the temporary slow motion would have softened the hit",sadness,5,negative,fear_public_safety,https://www.youtube.com/watch?v=O8MQV40pOtk,31,road-safety sadness cue
I can't believe the price of this just went up again. I'm taking my cash to BK!,surprise,6,neutral,fast_food_brand,https://www.youtube.com/watch?v=79phlhutGLg,21,surprise cue
All hail the UNDERDOGS!!!,neutral,4,neutral,brand_campaign_positive,https://www.youtube.com/watch?v=ijTwZNUBhcI,89,no dominant affective cue
"i’ve worked in a kitchen environment since i was 15, the health inspectors show up randomly 2 times a year to each store, to pass an inspection and sometime within the next 6 or so months they come back and check again how have you not cleaned your kitchen in that amount of time to have racked up 110 violations look i’m gonna be honest with these industrialized kitchens it’s hard to maintain 100% clean all the time so sometimes things slip but i’ve never even gotten a violation on a health inspection to get 110…. you literally have to be doing NOTHING but making food and leaving at the end of the night, that’s actually disgusting asf man.",disgust,1,negative,disgust_food_safety,https://www.youtube.com/watch?v=--OnclX8yac,69,food-safety disgust cue
"Great job on this! I have never ever looked up a life insurance ad just because it was this hilarious. Takes guts to go there with killing the dad, but its too funny! They chose the right guy/sucker for the dad role.",joy,3,positive,sadness_brand_story,https://www.youtube.com/watch?v=YvYGO4o334I,10,positive appreciation or humor cue
"0:45 The reporter tells the guy there's a bin of steak on the floor and if he could move it. The guy proceeds to pick up the bin that's probably dirty and contaminated on the bottom and places it on a food preparation surface. He also dragged the bottom of the bin on the cutting board. As Gordon Ramsey would say ""SHUT IT DOWN"".",disgust,1,negative,disgust_food_safety,https://www.youtube.com/watch?v=--OnclX8yac,91,food-safety disgust cue
"I like how none of them is really shown as a bad person, it's just saying that mistakes can be made and accidents happen. Always pay attention to side streets you're approaching and slow down if there's a car there looking like it's going to turn out of it (or if there's a car there at all).",fear,2,negative,sadness_psa,https://www.youtube.com/watch?v=B2rFTbvwteo,1,road-safety fear cue
This is the most soulless shit I've ever seen.,anger,0,negative,food_beverage_ad,https://www.youtube.com/watch?v=Yy6fByUmPuE,89,negative criticism cue
"United: Please get off the plane, we are overbooked. Doctor: No. United: So you have chosen death.",anger,0,negative,anger_brand_crisis,https://www.youtube.com/watch?v=VrDWY6C1178,28,airline brand-crisis criticism
The sad thing is _there's a certain amount of nastiness inspectors allow_,sadness,5,negative,disgust_food_safety,https://www.youtube.com/watch?v=--OnclX8yac,71,sadness cue
the guy on nat geo 😂,joy,3,positive,fast_food_brand,https://www.youtube.com/watch?v=79phlhutGLg,9,positive appreciation or humor cue
"Rarely do I ever remember a commercial. But this one is one of the most creative uses of a little bit of brilliant music, some background ambience, and simple search imagery. It conveys a simple message, and tells a cute story all at the same time. I watch this ad one or two times a year just because somehow it speaks to me. I know it's stupid. But I actually get misty when I watch this. Thank you for being so creative with so little. I love this.",joy,3,positive,tech_brand_story,https://www.youtube.com/watch?v=nnsSUqgkDwU,18,positive appreciation or humor cue
My KiDs CaN’t GrAbB wItHoUt A fAtHeR GOT ME😂😂😂,joy,3,positive,fast_food_brand_launch,https://www.youtube.com/watch?v=chYLHu0w8z0,36,positive appreciation or humor cue
14 years later - still makes me cry.,sadness,5,negative,tech_brand_story,https://www.youtube.com/watch?v=nnsSUqgkDwU,16,sadness cue
I love how Volvo still liking the comments ❤,joy,3,positive,automotive_brand_ad,https://www.youtube.com/watch?v=M7FIvfx5J10,99,positive appreciation or humor cue
"They had the audacity to say ""Real"" Magic 💀💀💀🙏",neutral,4,neutral,food_beverage_ad,https://www.youtube.com/watch?v=Yy6fByUmPuE,24,no dominant affective cue
this is scarier than a horror movie i actually got chills,fear,2,negative,surprise_product_fail,https://www.youtube.com/watch?v=8H6jz30Im_Y,79,product-failure fear cue
I thought the lady died on the plane when he searched for the church and the omnious music started playing,sadness,5,negative,tech_brand_story,https://www.youtube.com/watch?v=nnsSUqgkDwU,83,sadness cue
I hope this video was forwarded to the local health department!,disgust,1,negative,brand_crisis_negative,https://www.youtube.com/watch?v=JVxCp22WatU,3,brand-crisis hygiene or safety concern
You can’t beat our customer service but our customer service can beat you,anger,0,negative,anger_brand_crisis,https://www.youtube.com/watch?v=VrDWY6C1178,80,airline brand-crisis criticism
The vibration adds a scary bass effect to the ringtone...,fear,2,negative,surprise_product_fail,https://www.youtube.com/watch?v=8H6jz30Im_Y,9,product-failure fear cue
Grok is maybe Demonic. People say its a modern ouija board,neutral,4,neutral,surprise_launch_reaction,https://www.youtube.com/watch?v=4qGw9WH4Xj8,48,no dominant affective cue
"""Drying lamp"" I don't know what's worse, McDonald employee or the title typo from news media.",disgust,1,negative,brand_crisis_negative,https://www.youtube.com/watch?v=JVxCp22WatU,48,brand-crisis hygiene or safety concern
Why is it so good 0:02 0:02 0:02 0:02 0:02,joy,3,positive,fast_food_brand,https://www.youtube.com/watch?v=79phlhutGLg,75,positive appreciation or humor cue
Everyone- So what’s the price Trailer- *Flying Triangles and Squares as music intensifies*,anger,0,negative,gaming_product_launch,https://www.youtube.com/watch?v=RkC0l4iekYo,17,negative criticism cue
Infinity War Thanos: “No resurrections this time” Endgame Me: “No bathroom breaks this time”,neutral,4,neutral,entertainment_fandom,https://www.youtube.com/watch?v=TcMBFSGVi1c,55,no dominant affective cue
McDonald's needs a new slogan. I'm Lovin' It! has been around for 22 years. McDonalds: Smiles Served Daily,neutral,4,neutral,fast_food_brand,https://www.youtube.com/watch?v=79phlhutGLg,69,no dominant affective cue
"Great commercial, only cost your company $8 billion. Well done, Carolyn Tastad, your shareholders must be so proud!!",joy,3,positive,controversial_brand_purpose,https://www.youtube.com/watch?v=UYaY2Kb_PKI,24,positive appreciation or humor cue
12 years ago then this not AI,neutral,4,neutral,automotive_brand_ad,https://www.youtube.com/watch?v=M7FIvfx5J10,8,no dominant affective cue
"Here for the book ""The Art Of Thinking Clearly.""",neutral,4,neutral,tech_brand_story,https://www.youtube.com/watch?v=nnsSUqgkDwU,84,no dominant affective cue
Rip Note 7 (2016-2024) Rest in peace,sadness,5,negative,surprise_product_fail,https://www.youtube.com/watch?v=8H6jz30Im_Y,63,sadness cue
"Thanks to this commercial, people will finally drink something healthy for Christmas",joy,3,positive,food_beverage_ad,https://www.youtube.com/watch?v=Yy6fByUmPuE,20,positive appreciation or humor cue
"""We apologize that we had to 're-accommodate' one of our passengers.""",anger,0,negative,anger_brand_crisis,https://www.youtube.com/watch?v=VrDWY6C1178,89,airline brand-crisis criticism
Yo grimace screaming cot me off guard 😂😂😂😂😂,joy,3,positive,fast_food_brand_launch,https://www.youtube.com/watch?v=chYLHu0w8z0,79,positive appreciation or humor cue
0:02 COFFE AND TEA MENCIONADO 🗣️🔥💥,joy,3,positive,app_brand_campaign,https://www.youtube.com/watch?v=Ew4kM1FmM8o,64,positive appreciation or humor cue
This Ad always give chills But only if watched once a week😌,joy,3,positive,sports_brand_purpose,https://www.youtube.com/watch?v=jBnseji3tBk,5,positive appreciation or humor cue
This is why I don't even think about smoking.,fear,2,negative,fear_health_warning,https://www.youtube.com/watch?v=5zWB4dLYChM,22,health-warning fear cue
*THIS MOVIE SERIOUSLY HELPED ME WITH MY ANXIETY* 😭😭😭😭😭😭😭😭😭😭😭😭😭😭😭,joy,3,positive,movie_trailer_joy,https://www.youtube.com/watch?v=LEjhY15eCx0,19,movie character reference with positive trailer context
"""Eating there is just asking for food poisoning"" Coronavirus: Enters Chat",disgust,1,negative,disgust_food_safety,https://www.youtube.com/watch?v=--OnclX8yac,67,food-safety disgust cue
And Jesus said to his disciples understand before they hated you they hated me also,anger,0,negative,sports_brand_purpose,https://www.youtube.com/watch?v=jBnseji3tBk,86,negative criticism cue
Dystopian AI slop,neutral,4,neutral,food_beverage_ad,https://www.youtube.com/watch?v=Yy6fByUmPuE,88,no dominant affective cue
It looks like a dumpster on wheels.🤔🤷,neutral,4,neutral,automotive_controversy,https://www.youtube.com/watch?v=ro262oyhZAI,26,no dominant affective cue
"6.42 P. M., still no phone outage.",anger,0,negative,anger_customer_service,https://www.youtube.com/watch?v=MUo3n8QSQLE,33,customer-service outage criticism
So much better than the British ones. they are so unrealistic but this one sends chills up your spine,fear,2,negative,sadness_psa,https://www.youtube.com/watch?v=B2rFTbvwteo,4,road-safety fear cue
Nike couldn’t say that lebron is the goat. They said it for serena williams . But not for lebron because they know who the goat is,neutral,4,neutral,sports_brand_purpose,https://www.youtube.com/watch?v=jBnseji3tBk,91,no dominant affective cue
"The phone really said ""Tick Tock BOOM💥""",surprise,6,negative,surprise_product_fail,https://www.youtube.com/watch?v=8H6jz30Im_Y,69,product-failure surprise cue
"""Sorry passengers but we seem to have overbooked the flight, do we have any volunteers who would like to re-book?......No......ok....execute order 66"".",anger,0,negative,anger_brand_crisis,https://www.youtube.com/watch?v=VrDWY6C1178,12,airline brand-crisis criticism
"Your work is nothing short of extraordinary; much like a book I read that shared these themes. ""Your Body Your Temple"" by Sophia Wintergreen",neutral,4,neutral,beauty_campaign,https://www.youtube.com/watch?v=JNYjRmNCu9o,31,no dominant affective cue
"0:45 - ""And there will be no going back"" - they got that part right. Stock is dropping even further recently hitting all time lows.",neutral,4,neutral,controversial_brand_purpose,https://www.youtube.com/watch?v=UYaY2Kb_PKI,88,no dominant affective cue
"The nation wasn't as sensitive when the ""I'd like to buy the world a coke"" commercial came out. There wasn't as much racial tension and the PC culture wasn't as prevalent. Also there wasn't any social media. Every thing you did wasn't analyzed for racism, sexism, homophobia, and/or transphobia. Also people didn't dig deep into history books to find a way to make someone look like a bigot.",neutral,4,neutral,disgust_brand_backlash,https://www.youtube.com/watch?v=zFm9FRxi0ZM,31,no dominant affective cue
These went from “damn look at that” to “it really does look like our refrigerator”,neutral,4,neutral,automotive_controversy,https://www.youtube.com/watch?v=ro262oyhZAI,30,no dominant affective cue
"Auburn, Al is still not working! Must be millions of people having problems.",anger,0,negative,anger_customer_service,https://www.youtube.com/watch?v=MUo3n8QSQLE,59,customer-service outage criticism
"The hardest things in English are grammar and pronunciation, thanks duo.",joy,3,positive,app_brand_campaign,https://www.youtube.com/watch?v=Ew4kM1FmM8o,85,positive appreciation or humor cue
I was amazed by this commercial,neutral,4,neutral,beauty_campaign,https://www.youtube.com/watch?v=JNYjRmNCu9o,54,no dominant affective cue
"I know this isn't funny at all but whenever she says and now your ready for the da, I can't stop laughing",joy,3,positive,fear_health_warning,https://www.youtube.com/watch?v=5zWB4dLYChM,92,positive appreciation or humor cue
It was Venezuela,neutral,4,neutral,anger_customer_service,https://www.youtube.com/watch?v=MUo3n8QSQLE,57,no dominant affective cue
"They all share Google because google is on top ,, simple logic defame google and promotion their own shit ai grok I have used all ai Chatgpt grok gemini and some other but chat gpt and gemini best",joy,3,positive,surprise_launch_reaction,https://www.youtube.com/watch?v=4qGw9WH4Xj8,60,positive appreciation or humor cue
its is so haunting chilling and sad i felt like im in it,sadness,5,negative,sadness_psa,https://www.youtube.com/watch?v=B2rFTbvwteo,25,sadness cue
"Fascinating how different Wednesday's smile is between actresses. With Christina Ricci's Wednesday, it feels as if the mere motion and the positive emotion behind it is so foreign to Wednesday that doing so feels like an unnatural being trying to mimic humanity. With Jenna Ortega's Wednesday, you get the feeling that smiling and the feeling of happiness that accompanies it comes naturally to her – but only when she's exercising her sadism.",sadness,5,negative,streaming_trailer_reaction,https://www.youtube.com/watch?v=Di310WS8zLk,13,sadness cue
Man! I got chills! ❤❤❤❤❤,joy,3,positive,sports_brand_purpose,https://www.youtube.com/watch?v=jBnseji3tBk,38,positive appreciation or humor cue
What a brave woman. I'm so happy she did this commercial for everyone who has smoked or ever thinks of smoking.,fear,2,negative,fear_health_warning,https://www.youtube.com/watch?v=5zWB4dLYChM,36,health-warning fear cue
This is the best commercial I’ve seen in a long time.,joy,3,positive,sadness_brand_story,https://www.youtube.com/watch?v=YvYGO4o334I,56,positive appreciation or humor cue
"Hello, ladies. I'm a girl. And I use Old Spice body wash, not so that I can smell like a man, but so I can smell like the man your man could smell like. Look down, now back up. That's right, my eyes are now oysters that smell like a newborn unicorn that was kissed by a phoenix. Look back down, now up again. I have poured the flavors of the universe into a vial made from the solidified tears of a Time Lord. How is this possible? I used Old Spice body wash. I'm riding a horse backwards.",sadness,5,negative,classic_brand_ad,https://www.youtube.com/watch?v=owGykVbfgUE,39,sadness cue
A year of AI development later and it still looks terrible,anger,0,negative,food_beverage_ad,https://www.youtube.com/watch?v=Yy6fByUmPuE,58,negative criticism cue
"Ok, holy shit. I did not remember it ending with all that. I only remember it cutting off just before the impact.",anger,0,negative,sadness_psa,https://www.youtube.com/watch?v=B2rFTbvwteo,81,negative criticism cue
“Samsung Galaxy note 7 I might explode. “Me i’ll just watch the fireworks.,surprise,6,negative,surprise_product_fail,https://www.youtube.com/watch?v=8H6jz30Im_Y,72,product-failure surprise cue
"""and then suddenly as the old saying goes....we got ourselves a game"" + Montage of awesome sporting moments = Jizz",joy,3,positive,brand_campaign_positive,https://www.youtube.com/watch?v=ijTwZNUBhcI,36,positive appreciation or humor cue
The QUALITY of this video is outstanding Jon and Brian. Putting sound effects and music with Sam's/AppleTrack's renders gives them a lot of gravity and makes them feel like they are straight out of an Apple event. Job well done!,joy,3,positive,tech_product_launch,https://www.youtube.com/watch?v=n6pqGoXWZzo,90,positive appreciation or humor cue
Duolingo getting so freaky💀💀💀,neutral,4,neutral,app_brand_campaign,https://www.youtube.com/watch?v=Ew4kM1FmM8o,43,no dominant affective cue
It is country wide outage. Something freaking weird is happening and people are reporting phone number changes as well as receiving photos and messages from people that they dont know,anger,0,negative,anger_customer_service,https://www.youtube.com/watch?v=MUo3n8QSQLE,25,customer-service outage criticism
this is super sad to watch because these things actually do happen,sadness,5,negative,sadness_psa,https://www.youtube.com/watch?v=B2rFTbvwteo,91,sadness cue
Still awesome 5 years later,joy,3,positive,automotive_brand_ad,https://www.youtube.com/watch?v=M7FIvfx5J10,81,positive appreciation or humor cue
I saw this ad when I was about 12 long before I could drive but this ad almost 8 years on scared me enough as a kid to not even so much as touch my phone while driving at almost 20. Guess the ad worked 😅,fear,2,negative,fear_public_safety,https://www.youtube.com/watch?v=O8MQV40pOtk,7,fear or safety cue
WTF it’s MILLIONS,anger,0,negative,anger_customer_service,https://www.youtube.com/watch?v=MUo3n8QSQLE,63,customer-service outage criticism
It kind of looks like what Dynamo was driving in “The Running Man”,neutral,4,neutral,automotive_controversy,https://www.youtube.com/watch?v=ro262oyhZAI,68,no dominant affective cue
As a hood cleaner who has been cleaning restaurants for a while I can say you’d be surprised how many restaurants have conditions like this. Simply disgusting and unsanitary.,disgust,1,negative,disgust_food_safety,https://www.youtube.com/watch?v=--OnclX8yac,37,food-safety disgust cue
my co-workers and I have used United for the last 10 years travelling back and forth to the States. Our company as well as our partners have come the the decision that we are no longer using United. Your company literally lost just a little over a 100 customers on an annual basis. Good Job United...The police officer that committed this heinous act needs to be fired as well as anyone involved with the decision of violently removing the gentleman that's almost in his seventies.Shame on you.....,joy,3,positive,anger_brand_crisis,https://www.youtube.com/watch?v=VrDWY6C1178,98,positive appreciation or humor cue
That's a manager too. lol,neutral,4,neutral,brand_crisis_negative,https://www.youtube.com/watch?v=JVxCp22WatU,98,no dominant affective cue
That boom 💥 was personal 💀☠️,surprise,6,negative,surprise_product_fail,https://www.youtube.com/watch?v=8H6jz30Im_Y,53,product-failure surprise cue
"I used to work at a restaurant as a dishwasher, and looking back I'm actually super thankful the chefs were so uptight about cleaning the place at the end of every night. There are so many restaurants people go to that they wouldn't if they knew what the kitchen looked like.",disgust,1,negative,disgust_food_safety,https://www.youtube.com/watch?v=--OnclX8yac,27,food-safety disgust cue
This didn't end well...,neutral,4,neutral,controversial_brand_purpose,https://www.youtube.com/watch?v=UYaY2Kb_PKI,45,no dominant affective cue
"This is a good one , to the point (when you get the 10 sec ad on a YouTube video with no skip), realistic, and will grab the attention of both adults n adolescents. Yay dove",joy,3,positive,beauty_brand_campaign,https://www.youtube.com/watch?v=z2T-Rh838GA,53,positive appreciation or humor cue
60hz going into 2025 is a crime,neutral,4,neutral,tech_product_launch,https://www.youtube.com/watch?v=n6pqGoXWZzo,48,no dominant affective cue
Apparently far worse than what was reported earlier. The outage complaints are coming from many states around the nation.,anger,0,negative,anger_customer_service,https://www.youtube.com/watch?v=MUo3n8QSQLE,86,customer-service outage criticism
"Video nerds are the only ones that’ll appreciate this, but the softer warm lighting is SOOOO GOOD. So good!",joy,3,positive,tech_product_launch,https://www.youtube.com/watch?v=n6pqGoXWZzo,7,positive appreciation or humor cue
My dumb ahh thought the angry birds theme was playing 💀💀,anger,0,negative,surprise_product_fail,https://www.youtube.com/watch?v=8H6jz30Im_Y,68,negative criticism cue
"Your Dove Men + Care deodorants are the best, truly. I may be able to get less expensive deodorant elsewhere, but the way your deodorant makes me feel... absolutely amazing! Never would I switch.",joy,3,positive,beauty_brand_campaign,https://www.youtube.com/watch?v=z2T-Rh838GA,60,positive appreciation or humor cue
"Dont be fooled, this is not the precision of Volvo Dynamic Steering. But simply Van Damme's legs, keeping the trucks in line.",neutral,4,neutral,automotive_brand_ad,https://www.youtube.com/watch?v=M7FIvfx5J10,94,no dominant affective cue
Sierra is already fired lmfao 😂 🤣 💀,joy,3,positive,brand_crisis_negative,https://www.youtube.com/watch?v=JVxCp22WatU,83,positive appreciation or humor cue
Why hide her face??? She didn’t care to dry a mop under the food lamp in front of all our faces 😂😂😂😂,disgust,1,negative,brand_crisis_negative,https://www.youtube.com/watch?v=JVxCp22WatU,88,brand-crisis hygiene or safety concern
"Thanks Guardian, I can dislike twice now",joy,3,positive,controversial_brand_purpose,https://www.youtube.com/watch?v=UYaY2Kb_PKI,64,positive appreciation or humor cue
"""Device may explode"" ""shut down"" ""Nah it's too hot to touch it""",surprise,6,negative,surprise_product_fail,https://www.youtube.com/watch?v=8H6jz30Im_Y,26,product-failure surprise cue
wheres john taffer or gordon ramsey they would have a field day😂,joy,3,positive,disgust_food_safety,https://www.youtube.com/watch?v=--OnclX8yac,56,positive appreciation or humor cue
This is one of the few times when a Karen was needed...,neutral,4,neutral,anger_brand_crisis,https://www.youtube.com/watch?v=VrDWY6C1178,8,no dominant affective cue
How much did this commercial cost to make? 8 billion$ 😂😂😂,joy,3,positive,controversial_brand_purpose,https://www.youtube.com/watch?v=UYaY2Kb_PKI,47,positive appreciation or humor cue
I hope someone contacted the health department. She needs to be fired and sued...unacceptable,disgust,1,negative,brand_crisis_negative,https://www.youtube.com/watch?v=JVxCp22WatU,25,brand-crisis hygiene or safety concern
Your beautiful just the way you are don’t be someone else just be you and remember that,joy,3,positive,beauty_brand_campaign,https://www.youtube.com/watch?v=z2T-Rh838GA,56,positive appreciation or humor cue
I love the fact that Pepsi can do literally nothing and still make a profit on christmas,joy,3,positive,food_beverage_ad,https://www.youtube.com/watch?v=Yy6fByUmPuE,14,positive appreciation or humor cue
I live in Vancouver and see these EVERYWHERE. Says more about people in Vancouver than the vehicle.,neutral,4,neutral,automotive_controversy,https://www.youtube.com/watch?v=ro262oyhZAI,36,no dominant affective cue
It’s crazy I’ve watch this man my whole life,surprise,6,neutral,automotive_controversy,https://www.youtube.com/watch?v=ro262oyhZAI,58,surprise cue
These are the PSA'S that keep me from smoking not the cringy ones,fear,2,negative,fear_health_warning,https://www.youtube.com/watch?v=5zWB4dLYChM,95,health-warning fear cue
He's gonna sue the fuck out of United airlines.,anger,0,negative,anger_brand_crisis,https://www.youtube.com/watch?v=VrDWY6C1178,61,airline brand-crisis criticism
"you know what? there were 3 asians over 4 ""randomly"" picked people to leave the plane. wow.",surprise,6,neutral,anger_brand_crisis,https://www.youtube.com/watch?v=VrDWY6C1178,95,surprise cue
"All Asians, all doctors, all civil people should avoid United Airlines.",anger,0,negative,anger_brand_crisis,https://www.youtube.com/watch?v=VrDWY6C1178,73,airline brand-crisis criticism
These are actually so fun to do! Nice new idea😊👏,joy,3,positive,app_brand_campaign,https://www.youtube.com/watch?v=Ew4kM1FmM8o,93,positive appreciation or humor cue
"110 violations is impressive, I think thats a world record 👀",disgust,1,negative,disgust_food_safety,https://www.youtube.com/watch?v=--OnclX8yac,83,food-safety disgust cue
"Let's be honest, every town's Chinese buffet has probably been shut down due to a health violation at some point.",disgust,1,negative,disgust_food_safety,https://www.youtube.com/watch?v=--OnclX8yac,53,food-safety disgust cue
"i'm 22, i've been smoking for 6 years, and it has already begun to destroy my heart and my lungs- much faster than i thought possible. i saw this commercial and the other CDC commercials and started to cry. i quit right then and there. it really can happen to anyone.",fear,2,negative,fear_health_warning,https://www.youtube.com/watch?v=5zWB4dLYChM,31,health-warning fear cue
It’s 2026 and this is still the most legendary display of poise and strength ever captured on film. JCVD didn't just do a split; he defied physics and set a standard that no CGI can ever touch. A true GOAT. 👑 Sharp as ever! 🦵✨,neutral,4,neutral,automotive_brand_ad,https://www.youtube.com/watch?v=M7FIvfx5J10,47,no dominant affective cue
A Fuck BOom 💥✋💀 Famous last words,surprise,6,negative,surprise_product_fail,https://www.youtube.com/watch?v=8H6jz30Im_Y,84,product-failure surprise cue
"Cigarettes should be illegal! And this is coming from someone who smoked on & off for 7 years but just officially quit on New Years Day, and so far so good.",fear,2,negative,fear_health_warning,https://www.youtube.com/watch?v=5zWB4dLYChM,61,health-warning fear cue
"""We apologize for the overbook situation"" So, not even for how the passenger was handled?",anger,0,negative,anger_brand_crisis,https://www.youtube.com/watch?v=VrDWY6C1178,16,airline brand-crisis criticism
I can Imagine hell being like this... seeing events like this from the outside.. being not able to stop the consequences.,fear,2,negative,sadness_psa,https://www.youtube.com/watch?v=B2rFTbvwteo,3,road-safety fear cue
"United Airlines ""We dont beat our competitors, but we do beat our customers""",anger,0,negative,anger_brand_crisis,https://www.youtube.com/watch?v=VrDWY6C1178,2,airline brand-crisis criticism
Don't know why YouTube just put this in my recommended but... I'm not disappointed.,neutral,4,neutral,automotive_brand_ad,https://www.youtube.com/watch?v=M7FIvfx5J10,85,no dominant affective cue
Millions NOT “thousands”3:45 on LI NY still out,anger,0,negative,anger_customer_service,https://www.youtube.com/watch?v=MUo3n8QSQLE,67,customer-service outage criticism
U CANNOT tell me that not even 1 drop of dirty mop water fell in the fries 🍟,disgust,1,negative,brand_crisis_negative,https://www.youtube.com/watch?v=JVxCp22WatU,49,brand-crisis hygiene or safety concern
"""Stanley. Look at your wife, now back to me, now back at your wife, now back to me. She would be sad if you left us, Stanley. So why not instead of killing yourself, come back to Derry and help fight Pennywise so she won't have to be sad, Stanley. Look down, now back up. Where are you? We are all back together at the spooky house of Pennywise. Losers Club, what's in your hand? Back at me. I have it. It's all the tokens of those memories you had. Look again, the tokens have now vanished. They weren't important. I've just saved two pointless jumpscares out of your lives. Now, let's go find Pennywise! I'm on a hearse.""",sadness,5,negative,classic_brand_ad,https://www.youtube.com/watch?v=owGykVbfgUE,22,sadness cue
"ugghhhh man this trailer still gives me that tingle and buzz it gave me on the reveal, remember me and my mates watching the state of play and seeing the animation pop up and we was just debating ""huh wonder what game they are gonna show next"" then the music just changes and you see shape happening then *BOOM* here's the ps5!! ughhh still love this reveal",joy,3,positive,gaming_product_launch,https://www.youtube.com/watch?v=RkC0l4iekYo,96,positive appreciation or humor cue
"damn jenna's already killing it from the teaser alone! her voice is different, her eyes are hauntingly glazed over, even her posture - can't wait to see her full performance!",neutral,4,neutral,streaming_trailer_reaction,https://www.youtube.com/watch?v=Di310WS8zLk,98,no dominant affective cue
Ang cute talaga ni colored hair ate.,joy,3,positive,beauty_campaign,https://www.youtube.com/watch?v=JNYjRmNCu9o,36,positive appreciation or humor cue
"Is she wearing a manager uniform too? That's beyond stupid, it's intentionally negligent.",anger,0,negative,brand_crisis_negative,https://www.youtube.com/watch?v=JVxCp22WatU,2,brand-crisis criticism
All I got from this ad was that we should all come together... 👀,neutral,4,neutral,disgust_brand_backlash,https://www.youtube.com/watch?v=zFm9FRxi0ZM,44,no dominant affective cue
"I am here because of my UX Leadership teacher and I am so glad I am here. This is brilliant, got goosebumps",joy,3,positive,tech_brand_story,https://www.youtube.com/watch?v=nnsSUqgkDwU,68,positive appreciation or humor cue
"I worked in a restaurant for about 6 weeks (then left because I got a better job). The owner did everything to the book. Cooked and raw meats were on completely different shelves, fish was on a shelf of its own, vegetables and fruits on another set of shelves, and everything else was put in a specific spot on the final set of shelves. When we closed at 9, we wouldn’t leave until 11 or sometimes midnight. We had to clean the remaining dishes, mop and sweep the floors, clean the rubber mats, clean out the kitchen equipment, change the water in the steam table, clean the cutting board and other line equipment, wipe down the inside of each fridge to keep them clean, and then we would clean the dish washer and the sink the dishes went in. It took a long time even with 9 people all working at once. It doesn’t just take 10 minutes to clean an entire kitchen, it can take up to three hours sometimes. So when a restaurant stops making food or stops taking orders, it’s because they have so much cleaning and doing another order will set everything back. But it’s also easier to keep things clean than to let it fester and get out of control… and then have the restaurant shut down and have to clean up all of the gunk and built-up crap from when you hadn’t cleaned it. If you won’t keep your kitchen clean or won’t make sure the job is done, then you shouldn’t own a restaurant.",neutral,4,neutral,disgust_food_safety,https://www.youtube.com/watch?v=--OnclX8yac,55,"metadata, sponsor, or link-heavy comment"
Is Elon 666 because that’s what ai is saying!! They are saying that we will either have something placed in our brain or we won’t be allowed in society!! Gee thanks Elon!!!!!,joy,3,positive,surprise_launch_reaction,https://www.youtube.com/watch?v=4qGw9WH4Xj8,55,positive appreciation or humor cue
"Calling 911 with a phone that will explode in 12 seconds is truly a great idea. Edit : MOM I'M FA- ohh wait u left for the eggs, I forgor",surprise,6,negative,surprise_product_fail,https://www.youtube.com/watch?v=8H6jz30Im_Y,32,product-failure surprise cue
Everyone: So what’s the price? Sony: It looks cool right?,joy,3,positive,gaming_product_launch,https://www.youtube.com/watch?v=RkC0l4iekYo,1,positive appreciation or humor cue
I dont find this offensive at all but thats just me. The only mistake Pepsi did is portraying a political issue through their commercial and they should know better that this is a sensitive matter to be pressing on.,anger,0,negative,disgust_brand_backlash,https://www.youtube.com/watch?v=zFm9FRxi0ZM,49,brand-backlash criticism
When the Ad is so good that people search for it.,joy,3,positive,automotive_brand_ad,https://www.youtube.com/watch?v=M7FIvfx5J10,40,positive appreciation or humor cue
"My grandfather Papoo (Spero) died from COPD, i was only 11 years old when he died.",sadness,5,negative,fear_health_warning,https://www.youtube.com/watch?v=5zWB4dLYChM,81,sadness cue
"Wow, look how different it looks 😂🙄",joy,3,positive,tech_product_launch,https://www.youtube.com/watch?v=n6pqGoXWZzo,59,positive appreciation or humor cue
Idk how many accidents other people have avoided for me,fear,2,negative,sadness_psa,https://www.youtube.com/watch?v=B2rFTbvwteo,74,road-safety fear cue
Bro GROK? i dont want to see It beber again because grok give me malware link,neutral,4,neutral,surprise_launch_reaction,https://www.youtube.com/watch?v=4qGw9WH4Xj8,31,no dominant affective cue
THAT ACTUALLY SCARED ME OML Edit: WTF DID I CAUSE IN THE REPLIES??? WW2.5?😭,fear,2,negative,surprise_product_fail,https://www.youtube.com/watch?v=8H6jz30Im_Y,71,fear or safety cue
oof Verizon wireless,neutral,4,neutral,anger_customer_service,https://www.youtube.com/watch?v=MUo3n8QSQLE,69,no dominant affective cue
Jesus that was cute,joy,3,positive,tech_brand_story,https://www.youtube.com/watch?v=nnsSUqgkDwU,75,positive appreciation or humor cue
Rest in peace Drowzy],neutral,4,neutral,fast_food_brand,https://www.youtube.com/watch?v=79phlhutGLg,59,no dominant affective cue
*At a job interview* Interviewer: How tough are you? Me: I was on a United Airlines plane before. Interviewer: Say no more.,anger,0,negative,anger_brand_crisis,https://www.youtube.com/watch?v=VrDWY6C1178,27,airline brand-crisis criticism
"Dove, Im a 43 year old male from Canada. I was writing a review for a friend. Had Smurfs 2, playing on the TV in the background for some background noise. Out of the blue, something I heard on the TV made me stop typing and watch the Television. It was a cartoon commercial and the cartoon was a young woman talking to herself (seemingly having an epiphany) about how she didnt need thumbs ups or followers, Etc. to be happy. When the commercial ended I literally clapped, with tears in my eyes and I seen that it was a Dove commercial. I have to say, AMAZING the job you guys are doing. Honestly, Ive been using Ivory soap for years, its scent is not too strong and it is affordable. But next time out, just based on your marketing campaign regards helping young woman. Im going to try some Dove soap (promise made) and maybe Ill like it so much Ill stick to it. Just, Bravo to your Marketing/Advertising/Writing people. I know you guys have been doing these type of things for a while now, but today's commercial hit me different. Please dont stop. Please.",joy,3,positive,beauty_brand_campaign,https://www.youtube.com/watch?v=z2T-Rh838GA,11,positive nostalgia or emotional appreciation
"My English was really bad. Thanks to you, my English got better.",joy,3,positive,app_brand_campaign,https://www.youtube.com/watch?v=Ew4kM1FmM8o,16,positive appreciation or humor cue
united airlines flight or fight we decide,anger,0,negative,anger_brand_crisis,https://www.youtube.com/watch?v=VrDWY6C1178,18,airline brand-crisis criticism
259 Walter Flats,neutral,4,neutral,fast_food_brand,https://www.youtube.com/watch?v=79phlhutGLg,53,no dominant affective cue
The music as they zoomed in on the HIGHLIGHTED violations. 😭,disgust,1,negative,disgust_food_safety,https://www.youtube.com/watch?v=--OnclX8yac,12,food-safety disgust cue
I literally think it’s time to change beauty,neutral,4,neutral,beauty_brand_campaign,https://www.youtube.com/watch?v=z2T-Rh838GA,51,no dominant affective cue
"As a mother of a 12 year old, who looks very much like this girl, I cried. The pressure on young girls to look a certain way is so scary and unrealistic. Amazing add, very powerful",fear,2,negative,beauty_brand_campaign,https://www.youtube.com/watch?v=z2T-Rh838GA,2,fear or safety cue
I wish my life was as stable as those Volvo trucks.,neutral,4,neutral,automotive_brand_ad,https://www.youtube.com/watch?v=M7FIvfx5J10,54,no dominant affective cue
“I’ve had my ups and downs. My fair share of bumpy roads and heavy winds. That’s what made me what I am today.” I felt that,neutral,4,neutral,automotive_brand_ad,https://www.youtube.com/watch?v=M7FIvfx5J10,88,no dominant affective cue
Omg I just saw this commercial on Tubi What balls to make this! I love it lol,joy,3,positive,sadness_brand_story,https://www.youtube.com/watch?v=YvYGO4o334I,100,positive appreciation or humor cue
"Thank you Scotty, this was very enjoyable.",joy,3,positive,automotive_controversy,https://www.youtube.com/watch?v=ro262oyhZAI,95,positive appreciation or humor cue
"""Dad, PS5 has no limits!!"" ""But my wallet has"" ......",neutral,4,neutral,gaming_product_launch,https://www.youtube.com/watch?v=RkC0l4iekYo,21,no dominant affective cue
